macro,energy_hartree,relative_error,dE,grad_orb,grad_ci,ddm,max_rot,jk_this_macro,micro_this_macro,total_jk,total_micro,macro_step_wall_s,cumulative_macro_wall_s,cumulative_casscf_wall_s,cumulative_peak_rss_mb
1,-2.90279702770787,0.00031936547889297985,-2.90279702770787,0.003282658867096196,0.010519379041343962,8.697294315320848e-05,,6,1,0,0,656.1900428100489,656.1900428100489,831.004087519017,29216.25
1,-2.90279702770787,0.00031936547889297985,-2.90279702770787,0.003282658867096196,0.007489923823512306,0.00021172883836350002,,11,2,0,0,383.8217976859887,1040.0118404960376,1214.8258852050058,30194.20703125
1,-2.90279702770787,0.00031936547889297985,-2.90279702770787,0.003282658867096196,0.004845078072269251,0.0003109184530003713,,16,3,0,0,383.30109231895767,1423.3129328149953,1598.1269775239634,30194.75390625
1,-2.9031909711916533,0.00018369713278576887,-0.00039394348378340993,0.003282658867096196,0.004845078072269251,0.0007168380134812014,0.3062696388774703,21,4,21,4,400.63665998901706,1823.9495928040124,1998.7636375129805,30195.546875
2,-2.9031909711916533,0.00018369713278576887,-0.00039394348378340993,0.000550307853690867,0.003776143438888431,2.572112954967812e-05,0.3062696388774703,6,1,21,4,549.068211345002,2373.0178041490144,2547.8318488579825,30195.546875
2,-2.9031909711916533,0.00018369713278576887,-0.00039394348378340993,0.000550307853690867,0.0036152576668367817,6.222661765497946e-05,0.3062696388774703,11,2,21,4,380.832812845998,2753.8506169950124,2928.6646617039805,30195.546875
2,-2.9031909711916533,0.00018369713278576887,-0.00039394348378340993,0.000550307853690867,0.002551691519474463,9.755245763810187e-05,0.3062696388774703,16,3,21,4,379.8588298659888,3133.709446861001,3308.5234915699693,30195.546875
2,-2.903314876561946,0.00014102594426911307,-0.00012390537029283166,0.000550307853690867,0.002551691519474463,0.00023408226105222607,0.27789532586492793,21,4,42,8,420.0100925170118,3553.719539378013,3728.533584086981,30195.546875
3,-2.903314876561946,0.00014102594426911307,-0.00012390537029283166,0.00010473104354985317,0.003655074079188764,1.4472715865571904e-05,0.27789532586492793,6,1,42,8,552.760664211004,4106.480203589017,4281.294248297985,30195.546875
3,-2.903314876561946,0.00014102594426911307,-0.00012390537029283166,0.00010473104354985317,0.00424430220612497,3.2885342770304966e-05,0.27789532586492793,11,2,42,8,379.71057983400533,4486.190783423022,4661.0048281319905,30195.546875
3,-2.903314876561946,0.00014102594426911307,-0.00012390537029283166,0.00010473104354985317,0.0037450711567162138,5.4458313681191515e-05,0.27789532586492793,16,3,42,8,381.5138167589903,4867.704600182013,5042.518644890981,30195.546875
3,-2.9033677204287645,0.00012282729317250344,-5.284386681836395e-05,0.00010473104354985317,0.0037450711567162138,0.0001427886885785563,0.21117187234494225,16,3,58,11,223.7404983630404,5091.445098545053,5266.259143254021,30195.546875
4,-2.9033677204287645,0.00012282729317250344,-5.284386681836395e-05,8.090793601081725e-05,0.0023986929015200244,4.88499199849225e-06,0.21117187234494225,5,1,58,11,548.9582010129816,5640.403299558035,5815.217344267003,30195.546875
4,-2.903374110078111,0.00012062679184494874,-6.389649346516535e-06,8.090793601081725e-05,0.0023986929015200244,1.907716692360771e-05,0.03451016039519126,5,1,63,12,225.0839657280012,5865.487265286036,6040.301309995004,30195.546875
5,-2.903374110078111,0.00012062679184494874,-6.389649346516535e-06,0.00015888033349417192,0.0030895197911578747,3.627054650708107e-06,0.03451016039519126,6,1,63,12,552.4371000239626,6417.924365309998,6592.7384100189665,30195.546875
5,-2.903374110078111,0.00012062679184494874,-6.389649346516535e-06,0.00015888033349417192,0.002422654156423387,8.871446268754337e-06,0.03451016039519126,11,2,63,12,382.0135816700058,6799.937946980004,6974.751991688972,30195.546875
5,-2.903374110078111,0.00012062679184494874,-6.389649346516535e-06,0.00015888033349417192,0.001276682261782403,1.5800763981987934e-05,0.03451016039519126,14,3,63,12,379.0704167720396,7179.008363752044,7353.822408461012,30195.546875
5,-2.903403605132386,0.00011046912863550516,-2.9495054274963906e-05,0.00015888033349417192,0.001276682261782403,4.335473525265337e-05,0.2629862683141138,19,4,82,16,439.7210214359802,7618.729385188024,7793.543429896992,30195.546875
6,-2.903403605132386,0.00011046912863550516,-2.9495054274963906e-05,0.00011529812976449855,0.0027775883086857108,4.9164797700787295e-06,0.2629862683141138,6,1,82,16,549.6426047220011,8168.371989910025,8343.186034618993,30195.546875
6,-2.903403605132386,0.00011046912863550516,-2.9495054274963906e-05,0.00011529812976449855,0.002408842315975115,1.315509190712335e-05,0.2629862683141138,11,2,82,16,380.7127484729863,8549.084738383011,8723.89878309198,30195.546875
6,-2.903403605132386,0.00011046912863550516,-2.9495054274963906e-05,0.00011529812976449855,0.0019665125246129183,2.1895240324296138e-05,0.2629862683141138,16,3,82,16,379.6387746860273,8928.723513069039,9103.537557778007,30195.546875
6,-2.9034393338614017,9.816467946037428e-05,-3.5728729015804817e-05,0.00011529812976449855,0.0019665125246129183,6.986958462462773e-05,0.2821933810702544,21,4,103,20,459.95418713695835,9388.677700205997,9563.491744914965,30195.546875
7,-2.9034393338614017,9.816467946037428e-05,-3.5728729015804817e-05,2.232484518576757e-05,0.001486971745062972,1.8565301302374659e-06,0.2821933810702544,6,1,103,20,549.0025586130214,9937.680258819018,10112.494303527987,30195.546875
7,-2.9034393338614017,9.816467946037428e-05,-3.5728729015804817e-05,2.232484518576757e-05,0.0015097971993379786,5.0105100575097835e-06,0.2821933810702544,11,2,103,20,379.8808769630268,10317.561135782045,10492.375180491013,30195.546875
7,-2.9034393338614017,9.816467946037428e-05,-3.5728729015804817e-05,2.232484518576757e-05,0.0013059834620592855,9.016053544401107e-06,0.2821933810702544,16,3,103,20,381.65678931196453,10699.21792509401,10874.031969802978,30195.546875
7,-2.903454356016842,9.299126990426028e-05,-1.5022155440469476e-05,2.232484518576757e-05,0.0013059834620592855,2.191799552808157e-05,0.2846432730397376,21,4,124,24,441.1563013760024,11140.374226470012,11315.18827117898,30195.546875
8,-2.903454356016842,9.299126990426028e-05,-1.5022155440469476e-05,1.5198194751518998e-05,0.001780321144113827,1.694254104572151e-06,0.2846432730397376,6,1,124,24,550.9764504330233,11691.350676903035,11866.164721612004,30195.546875
8,-2.903454356016842,9.299126990426028e-05,-1.5022155440469476e-05,1.5198194751518998e-05,0.0018191766360549245,4.084126459949974e-06,0.2846432730397376,11,2,124,24,382.2396797949914,12073.590356698027,12248.404401406995,30195.546875
8,-2.903454356016842,9.299126990426028e-05,-1.5022155440469476e-05,1.5198194751518998e-05,0.0013917485297467477,5.703737983005459e-06,0.2846432730397376,16,3,124,24,380.3346271740156,12453.924983872043,12628.73902858101,30195.546875
8,-2.9034732915198123,8.647016097263604e-05,-1.8935502970052198e-05,1.5198194751518998e-05,0.0013917485297467477,2.6228426413108884e-05,0.3062372708970275,21,4,145,28,440.05688977398677,12893.98187364603,13068.795918354997,30195.546875
9,-2.9034732915198123,8.647016097263604e-05,-1.8935502970052198e-05,1.756468787269395e-05,0.0015653176054625107,9.518309773153598e-07,0.3062372708970275,6,1,145,28,550.8411031169817,13444.822976763011,13619.63702147198,30195.546875
9,-2.9034732915198123,8.647016097263604e-05,-1.8935502970052198e-05,1.756468787269395e-05,0.0017938891232756472,2.8560447079463297e-06,0.3062372708970275,11,2,145,28,380.052589747007,13824.875566510018,13999.689611218986,30195.546875
9,-2.9034732915198123,8.647016097263604e-05,-1.8935502970052198e-05,1.756468787269395e-05,0.0018819002413154647,5.898308026580929e-06,0.3062372708970275,16,3,145,28,383.0824479809962,14207.958014491014,14382.772059199982,30195.546875
9,-2.903493707834226,7.943908234299222e-05,-2.0416314413740366e-05,1.756468787269395e-05,0.0018819002413154647,4.790123862981096e-05,0.30597269927901627,21,4,166,32,460.9233799910289,14668.881394482043,14843.695439191011,30195.546875
10,-2.903493707834226,7.943908234299222e-05,-2.0416314413740366e-05,1.6878612397067844e-05,0.0020600671361815782,1.0352793286660513e-06,0.30597269927901627,6,1,166,32,552.3462090429966,15221.22760352504,15396.041648234008,30195.546875
10,-2.903493707834226,7.943908234299222e-05,-2.0416314413740366e-05,1.6878612397067844e-05,0.002054068038924869,2.861935510802048e-06,0.30597269927901627,11,2,166,32,380.86482318496564,15602.092426710005,15776.906471418974,30195.546875
10,-2.903493707834226,7.943908234299222e-05,-2.0416314413740366e-05,1.6878612397067844e-05,0.0018839068550994072,5.020373504610122e-06,0.30597269927901627,16,3,166,32,383.24495715799276,15985.337383867998,16160.151428576966,30195.546875
10,-2.9035107828329485,7.35587037307701e-05,-1.70749987224994e-05,1.6878612397067844e-05,0.0018839068550994072,3.274299724072893e-05,0.3060173597557757,21,4,187,36,546.4960829820484,16531.833466850047,16706.647511559015,30195.546875
11,-2.9035107828329485,7.35587037307701e-05,-1.70749987224994e-05,1.4120608854989489e-05,0.0022779370489476396,7.980597209460735e-07,0.3060173597557757,6,1,187,36,550.2768465729896,17082.110313423036,17256.924358132004,30195.546875
11,-2.9035107828329485,7.35587037307701e-05,-1.70749987224994e-05,1.4120608854989489e-05,0.0023672460387263844,2.1262307201167247e-06,0.3060173597557757,11,2,187,36,382.01212367397966,17464.122437097016,17638.936481805984,30195.546875
11,-2.9035107828329485,7.35587037307701e-05,-1.70749987224994e-05,1.4120608854989489e-05,0.002180458012803883,3.836573468004748e-06,0.3060173597557757,16,3,187,36,380.30550010700244,17844.42793720402,18019.241981912986,30195.546875
11,-2.903518985754332,7.073373816297722e-05,-8.20292138348222e-06,1.4120608854989489e-05,0.002180458012803883,2.529152947538705e-05,0.2914501757513859,21,4,208,40,579.087325747998,18423.515262952016,18598.329307660984,30195.546875
12,-2.903518985754332,7.073373816297722e-05,-8.20292138348222e-06,1.32895497706896e-05,0.0023286391544470376,6.660584200090742e-07,0.2914501757513859,6,1,208,40,549.6762919520261,18973.191554904042,19148.00559961301,30195.546875
12,-2.903518985754332,7.073373816297722e-05,-8.20292138348222e-06,1.32895497706896e-05,0.0016538867650854228,1.253626678967573e-06,0.2914501757513859,11,2,208,40,380.93479738396127,19354.126352288004,19528.94039699697,30195.546875
12,-2.903518985754332,7.073373816297722e-05,-8.20292138348222e-06,1.32895497706896e-05,0.001485505244437385,1.6653783926095932e-06,0.2914501757513859,16,3,208,40,380.29161527002,19734.417967558024,19909.23201226699,30195.546875
12,-2.9035200232858327,7.037642756252223e-05,-1.0375315007138397e-06,1.32895497706896e-05,0.001485505244437385,5.948043191991419e-06,0.29431706669005775,21,4,229,44,538.6337180890259,20273.05168564705,20447.865730356018,30195.546875
13,-2.9035200232858327,7.037642756252223e-05,-1.0375315007138397e-06,1.2372202781464876e-05,0.0015554723669830546,1.6298165125532742e-07,0.29431706669005775,6,1,229,44,550.2478970139637,20823.299582661013,20998.11362736998,30195.546875
13,-2.9035200232858327,7.037642756252223e-05,-1.0375315007138397e-06,1.2372202781464876e-05,0.0011494460337081879,3.004249389560915e-07,0.29431706669005775,11,2,229,44,381.5369788199896,21204.836561481003,21379.65060618997,30195.546875
13,-2.9035200232858327,7.037642756252223e-05,-1.0375315007138397e-06,1.2372202781464876e-05,0.0009888291078051002,4.440379446440941e-07,0.29431706669005775,16,3,229,44,381.1788182470482,21586.01537972805,21760.82942443702,30195.546875
13,-2.903521020927945,7.003285428112977e-05,-9.97642112476882e-07,1.2372202781464876e-05,0.0009888291078051002,1.2319008177890073e-06,0.26698325916234,21,4,250,48,479.24014354799874,22065.25552327605,22240.069567985018,30195.546875
14,-2.903521020927945,7.003285428112977e-05,-9.97642112476882e-07,1.1384733082867032e-05,0.0012591406566026312,1.4834937452206765e-07,0.26698325916234,6,1,250,48,549.5674460649607,22614.82296934101,22789.63701404998,30195.546875
14,-2.903521020927945,7.003285428112977e-05,-9.97642112476882e-07,1.1384733082867032e-05,0.0010696522403284628,3.5012891434172046e-07,0.26698325916234,11,2,250,48,379.3931206850102,22994.21609002602,23169.03013473499,30195.546875
14,-2.903521020927945,7.003285428112977e-05,-9.97642112476882e-07,1.1384733082867032e-05,0.0007868287415359748,5.704817065208638e-07,0.26698325916234,16,3,250,48,379.8559071680065,23374.071997194027,23548.886041902995,30195.546875
14,-2.9035220759211557,6.966953012443166e-05,-1.0549932105696769e-06,1.1384733082867032e-05,0.0007868287415359748,1.393365956867846e-06,0.2791677600900793,21,4,271,52,460.1672192859696,23834.239216479997,24009.053261188965,30195.546875
15,-2.9035220759211557,6.966953012443166e-05,-1.0549932105696769e-06,6.080224289147243e-06,0.0012902345898410071,1.7313536483629876e-07,0.2791677600900793,6,1,271,52,549.8071817390155,24384.046398219012,24558.86044292798,30195.546875
15,-2.9035220759211557,6.966953012443166e-05,-1.0549932105696769e-06,6.080224289147243e-06,0.0010436137724183297,3.87058346869029e-07,0.2791677600900793,11,2,271,52,381.1073162649991,24765.15371448401,24939.96775919298,30195.546875
15,-2.9035220759211557,6.966953012443166e-05,-1.0549932105696769e-06,6.080224289147243e-06,0.00095166271396122,6.170232405758194e-07,0.2791677600900793,16,3,271,52,381.858681799029,25147.01239628304,25321.82644099201,30195.546875
15,-2.9035229317662896,6.937478963850862e-05,-8.558451338736006e-07,6.080224289147243e-06,0.00095166271396122,2.6846554459226657e-06,0.3054679743883338,21,4,292,56,481.15340099000605,25628.165797273046,25802.979841982014,30195.546875
16,-2.9035229317662896,6.937478963850862e-05,-8.558451338736006e-07,3.644853331967522e-06,0.0010463506185798247,1.29529231323384e-07,0.3054679743883338,6,1,292,56,552.2493178579607,26180.415115131007,26355.229159839975,30195.546875
16,-2.9035229317662896,6.937478963850862e-05,-8.558451338736006e-07,3.644853331967522e-06,0.0013288525680176307,3.114074387822727e-07,0.3054679743883338,11,2,292,56,379.9635522070457,26560.378667338053,26735.19271204702,30195.546875
16,-2.9035229317662896,6.937478963850862e-05,-8.558451338736006e-07,3.644853331967522e-06,0.0013335603217518777,5.033029527462032e-07,0.3054679743883338,16,3,292,56,379.92800922796596,26940.30667656602,27115.120721274987,30195.546875
16,-2.9035235734391875,6.915380692299935e-05,-6.416728979274922e-07,3.644853331967522e-06,0.0013335603217518777,1.7277711980906276e-06,0.2328320164708213,21,4,313,60,479.52759533701465,27419.834271903033,27594.648316612,30195.546875
17,-2.9035235734391875,6.915380692299935e-05,-6.416728979274922e-07,5.105044242423109e-06,0.0013088074638350857,1.2439700563229637e-07,0.2328320164708213,6,1,313,60,550.4553539810004,27970.289625884034,28145.103670593002,30195.546875
17,-2.9035235734391875,6.915380692299935e-05,-6.416728979274922e-07,5.105044242423109e-06,0.0013869525379570076,3.2345946389937463e-07,0.2328320164708213,11,2,313,60,381.47803016897524,28351.76765605301,28526.581700761977,30195.546875
17,-2.9035235734391875,6.915380692299935e-05,-6.416728979274922e-07,5.105044242423109e-06,0.001274029975765764,5.940724446421851e-07,0.2328320164708213,16,3,313,60,380.4465949430014,28732.21425099601,28907.02829570498,30195.546875
17,-2.9035243807388436,6.887578478618815e-05,-8.072996560137824e-07,5.105044242423109e-06,0.001274029975765764,3.492888355052269e-06,0.3047729989000492,21,4,334,64,539.941416872025,29272.155667868035,29446.969712577004,30195.546875
18,-2.9035243807388436,6.887578478618815e-05,-8.072996560137824e-07,6.048171369113841e-06,0.0016522145737133869,2.785481295886578e-07,0.3047729989000492,6,1,334,64,550.5299033469637,29822.685571215,29997.499615923967,30195.546875
18,-2.9035243807388436,6.887578478618815e-05,-8.072996560137824e-07,6.048171369113841e-06,0.0015265852352266988,7.346539302735704e-07,0.3047729989000492,11,2,334,64,381.60111003700877,30204.286681252008,30379.100725960976,30195.546875
18,-2.9035243807388436,6.887578478618815e-05,-8.072996560137824e-07,6.048171369113841e-06,0.0013271099157597123,1.3104329587820798e-06,0.3047729989000492,16,3,334,64,380.90595317300176,30585.19263442501,30760.006679133978,30195.546875
18,-2.903525534828801,6.847833316629409e-05,-1.1540899573780905e-06,6.048171369113841e-06,0.0013271099157597123,8.691340351645759e-06,0.30328677335934645,21,4,355,68,579.1576806799858,31164.350315104995,31339.164359813964,30195.546875
19,-2.903525534828801,6.847833316629409e-05,-1.1540899573780905e-06,6.140146994465856e-06,0.0010651105897576028,2.3032418412552822e-07,0.30328677335934645,6,1,355,68,551.6100812990335,31715.96039640403,31890.774441112997,30195.546875
19,-2.903525534828801,6.847833316629409e-05,-1.1540899573780905e-06,6.140146994465856e-06,0.0010125032981911249,6.117938749037758e-07,0.30328677335934645,11,2,355,68,379.5780754889711,32095.538471893,32270.352516601968,30195.546875
19,-2.903525534828801,6.847833316629409e-05,-1.1540899573780905e-06,6.140146994465856e-06,0.000808729687254282,1.117050771933084e-06,0.30328677335934645,16,3,355,68,380.5750329309958,32476.113504823996,32650.927549532964,30195.546875
19,-2.903526231980187,6.823824447486485e-05,-6.971513859532763e-07,6.140146994465856e-06,0.000808729687254282,6.613939642261211e-06,0.2664399532967153,21,4,376,72,538.4449722990394,33014.558477123035,33189.372521832,30195.546875
20,-2.903526231980187,6.823824447486485e-05,-6.971513859532763e-07,4.460967013204908e-06,0.0005759735729737661,1.2931975417719244e-07,0.2664399532967153,6,1,376,72,550.0975135189947,33564.65599064203,33739.470035351,30195.546875
20,-2.903526231980187,6.823824447486485e-05,-6.971513859532763e-07,4.460967013204908e-06,0.00044607793718824435,3.007315670590265e-07,0.2664399532967153,11,2,376,72,380.5713909440092,33945.22738158604,34120.04142629501,30195.546875
20,-2.903526231980187,6.823824447486485e-05,-6.971513859532763e-07,4.460967013204908e-06,0.00035019393422061623,4.7331983086572434e-07,0.2664399532967153,16,3,376,72,382.68935923901154,34327.91674082505,34502.73078553402,30195.546875
20,-2.9035264475819815,6.816399438544694e-05,-2.156017946397526e-07,4.460967013204908e-06,0.00035019393422061623,2.1992337852217288e-06,0.2994758359201259,21,4,397,76,479.89331295294687,34807.810053778,34982.624098486966,30195.546875
21,-2.9035264475819815,6.816399438544694e-05,-2.156017946397526e-07,4.0259332486938904e-06,0.00015168456512161662,6.747480728788076e-08,0.2994758359201259,6,1,397,76,549.2609445429989,35357.070998320996,35531.885043029964,30195.546875
21,-2.9035264475819815,6.816399438544694e-05,-2.156017946397526e-07,4.0259332486938904e-06,0.00011513408939335237,1.4443598095004387e-07,0.2994758359201259,10,2,397,76,380.92812329204753,35737.999121613044,35912.81316632201,30195.546875
21,-2.903526482597883,6.815193542366442e-05,-3.501590128962562e-08,4.0259332486938904e-06,0.00011513408939335237,5.037055604060879e-07,0.11892784113188236,10,2,407,78,222.3149279219797,35960.31404953502,36135.12809424399,30195.546875
22,-2.903526482597883,6.815193542366442e-05,-3.501590128962562e-08,5.695141670708253e-06,0.00019189636545351846,1.195385208715922e-07,0.11892784113188236,6,1,407,78,549.2795806080103,36509.593630143034,36684.407674852,30195.546875
22,-2.903526482597883,6.815193542366442e-05,-3.501590128962562e-08,5.695141670708253e-06,0.00012232121473371602,1.448093236511291e-07,0.11892784113188236,11,2,407,78,381.41394782299176,36891.007577966026,37065.821622674994,30195.546875
22,-2.903526482597883,6.815193542366442e-05,-3.501590128962562e-08,5.695141670708253e-06,9.119703840201875e-05,1.5344303240542397e-07,0.11892784113188236,16,3,407,78,379.7020821410115,37270.70966010704,37445.523704816005,30195.546875
22,-2.903526510265155,6.814240722179796e-05,-2.7667272028963907e-08,5.695141670708253e-06,9.119703840201875e-05,3.1795422701387127e-07,0.05780904092524246,21,4,428,82,419.9094766830094,37690.61913679005,37865.433181499015,30195.546875
23,-2.903526510265155,6.814240722179796e-05,-2.7667272028963907e-08,6.130215463991989e-06,0.00010821237068145688,1.2820286242207911e-07,0.05780904092524246,6,1,428,82,560.7084291419596,38251.327565932006,38426.141610640974,30195.546875
23,-2.903526510265155,6.814240722179796e-05,-2.7667272028963907e-08,6.130215463991989e-06,0.0001237864164333877,1.5434107364552184e-07,0.05780904092524246,11,2,428,82,383.3105629060301,38634.638128838036,38809.452173547004,30195.546875
23,-2.903526510265155,6.814240722179796e-05,-2.7667272028963907e-08,6.130215463991989e-06,0.00014691080339646452,1.9873421542949943e-07,0.05780904092524246,16,3,428,82,382.08010362798814,39016.718232466024,39191.53227717499,30195.546875
23,-2.9035265358053652,6.81336115486986e-05,-2.5540210391028495e-08,6.130215463991989e-06,0.00014691080339646452,6.463324443547999e-07,0.04215725927396956,21,4,449,86,420.05031011102255,39436.76854257705,39611.582587286015,30195.546875
24,-2.9035265358053652,6.81336115486986e-05,-2.5540210391028495e-08,5.595124216004374e-06,8.93257607005302e-05,9.132152119084555e-08,0.04215725927396956,6,1,449,86,551.373163598997,39988.141706176044,40162.95575088501,30195.546875
24,-2.9035265358053652,6.81336115486986e-05,-2.5540210391028495e-08,5.595124216004374e-06,8.535318014764547e-05,1.1633602603370727e-07,0.04215725927396956,11,2,449,86,381.96428718895186,40370.105993364996,40544.920038073964,30195.546875
24,-2.9035265358053652,6.81336115486986e-05,-2.5540210391028495e-08,5.595124216004374e-06,0.0001163836972981354,1.3852081945712548e-07,0.04215725927396956,16,3,449,86,379.67002293100813,40749.776016296004,40924.59006100497,30195.546875
24,-2.903526554108358,6.812730826693954e-05,-1.830299289906634e-08,5.595124216004374e-06,0.0001163836972981354,3.483793104604183e-07,0.037194551497307084,21,4,470,90,419.89792168699205,41169.673937982996,41344.487982691964,30195.546875
25,-2.903526554108358,6.812730826693954e-05,-1.830299289906634e-08,8.07187331509882e-06,0.00029506549977103847,1.517890267554017e-07,0.037194551497307084,6,1,470,90,549.9568677200004,41719.630805703,41894.444850411965,30195.546875
25,-2.903526554108358,6.812730826693954e-05,-1.830299289906634e-08,8.07187331509882e-06,0.00026063439286077623,1.7828587660864268e-07,0.037194551497307084,11,2,470,90,379.7304262140533,42099.36123191705,42274.17527662602,30195.546875
25,-2.903526554108358,6.812730826693954e-05,-1.830299289906634e-08,8.07187331509882e-06,0.00026069126950983986,2.161978694421076e-07,0.037194551497307084,16,3,470,90,381.7845506389858,42481.145782556036,42655.959827265004,30195.546875
25,-2.9035266035762164,6.811027226357595e-05,-4.946785825410416e-08,8.07187331509882e-06,0.00026069126950983986,4.966350484750267e-07,0.04257132514893979,21,4,491,94,460.3742435639724,42941.52002612001,43116.334070828976,30195.546875
26,-2.9035266035762164,6.811027226357595e-05,-4.946785825410416e-08,9.603100044353316e-06,0.0002519874362643365,1.4779992410475363e-07,0.04257132514893979,6,1,491,94,552.102353846014,43493.62237996602,43668.43642467499,30195.546875
26,-2.9035266035762164,6.811027226357595e-05,-4.946785825410416e-08,9.603100044353316e-06,0.00024872362479237746,1.8060997569855476e-07,0.04257132514893979,11,2,491,94,382.8325649090111,43876.45494487503,44051.268989584,30195.546875
26,-2.9035266035762164,6.811027226357595e-05,-4.946785825410416e-08,9.603100044353316e-06,0.00031022578860679235,2.5727997884229116e-07,0.04257132514893979,16,3,491,94,380.56664935301524,44257.02159422805,44431.83563893702,30195.546875
26,-2.9035266583298487,6.80914159173167e-05,-5.475363229479058e-08,9.603100044353316e-06,0.00031022578860679235,1.51757825238923e-06,0.05648698791795847,21,4,512,98,462.3408180269762,44719.362412255025,44894.17645696399,30195.546875
27,-2.9035266583298487,6.80914159173167e-05,-5.475363229479058e-08,1.216217256013575e-05,0.00022724037338224458,1.2082514361455098e-07,0.05648698791795847,6,1,512,98,552.5125831339974,45271.87499538902,45446.68904009799,30195.546875
27,-2.9035266583298487,6.80914159173167e-05,-5.475363229479058e-08,1.216217256013575e-05,0.000150758386585277,1.6275411925993428e-07,0.05648698791795847,11,2,512,98,381.2938697140198,45653.16886510304,45827.98290981201,30195.546875
27,-2.9035266583298487,6.80914159173167e-05,-5.475363229479058e-08,1.216217256013575e-05,0.0001351977621742075,2.1742678838127134e-07,0.05648698791795847,16,3,512,98,382.788226790959,46035.957091894,46210.77113660297,30195.546875
27,-2.9035266833452624,6.808280097647097e-05,-2.501541374044791e-08,1.216217256013575e-05,0.0001351977621742075,9.30232924883891e-07,0.034054583015804864,21,4,533,102,420.2856113020098,46456.24270319601,46631.05674790498,30195.546875
28,-2.9035266833452624,6.808280097647097e-05,-2.501541374044791e-08,7.90930953566543e-06,9.692690658526332e-05,8.231194899767888e-08,0.034054583015804864,6,1,533,102,550.0716372500174,47006.31434044603,47181.128385154996,30195.546875
28,-2.9035266833452624,6.808280097647097e-05,-2.501541374044791e-08,7.90930953566543e-06,8.896003132268609e-05,1.0465980941892817e-07,0.034054583015804864,11,2,533,102,379.55325260100653,47385.867593047034,47560.681637756,30195.546875
28,-2.9035266833452624,6.808280097647097e-05,-2.501541374044791e-08,7.90930953566543e-06,0.00010475431582700156,1.1954850300509906e-07,0.034054583015804864,16,3,533,102,381.2082611870137,47767.07585423405,47941.889898943016,30195.546875
28,-2.903526694344478,6.807901300821634e-05,-1.0999215760421066e-08,7.90930953566543e-06,0.00010475431582700156,5.36801691575868e-07,0.023095387967936587,21,4,554,106,399.5817885979777,48166.657642832026,48341.471687540994,30195.546875
29,-2.903526694344478,6.807901300821634e-05,-1.0999215760421066e-08,6.303282237889304e-06,8.669493775627741e-05,6.469757104158261e-08,0.023095387967936587,6,1,554,106,549.7305146820145,48716.38815751404,48891.20220222301,30195.546875
29,-2.903526694344478,6.807901300821634e-05,-1.0999215760421066e-08,6.303282237889304e-06,5.613402072384607e-05,7.83338652505754e-08,0.023095387967936587,11,2,554,106,380.9010270370054,49097.289184551046,49272.103229260014,30195.546875
29,-2.903526694344478,6.807901300821634e-05,-1.0999215760421066e-08,6.303282237889304e-06,5.959653498039232e-05,8.868534382998972e-08,0.023095387967936587,16,3,554,106,381.230343218951,49478.51952777,49653.333572478965,30195.546875
29,-2.9035267003963785,6.807692882269167e-05,-6.051900314218983e-09,6.303282237889304e-06,5.959653498039232e-05,1.8532645452532113e-07,0.01718403720886451,21,4,575,110,402.7442642960232,49881.26379206602,50056.07783677499,30195.546875
30,-2.9035267003963785,6.807692882269167e-05,-6.051900314218983e-09,3.3415381806333656e-06,7.250153151934903e-05,5.864347889645331e-08,0.01718403720886451,6,1,575,110,550.1865803649998,50431.45037243102,50606.26441713999,30195.546875
30,-2.9035267003963785,6.807692882269167e-05,-6.051900314218983e-09,3.3415381806333656e-06,6.167998609457385e-05,7.059338905552814e-08,0.01718403720886451,11,2,575,110,380.8548881559982,50812.30526058702,50987.119305295986,30195.546875
30,-2.9035267003963785,6.807692882269167e-05,-6.051900314218983e-09,3.3415381806333656e-06,7.471715600426836e-05,7.904710560385056e-08,0.01718403720886451,16,3,575,110,380.52428474801127,51192.82954533503,51367.643590044,30195.546875
30,-2.9035267066544748,6.807477362631253e-05,-6.258096263422885e-09,3.3415381806333656e-06,7.471715600426836e-05,1.6305016960110164e-07,0.020222321661391953,21,4,596,114,399.4867919909884,51592.31633732602,51767.130382034986,30195.546875
31,-2.9035267066544748,6.807477362631253e-05,-6.258096263422885e-09,6.521424106747829e-06,0.00010990246113947576,7.286492198649557e-08,0.020222321661391953,6,1,596,114,549.5333093000227,52141.84964662604,52316.66369133501,30195.546875
31,-2.9035267066544748,6.807477362631253e-05,-6.258096263422885e-09,6.521424106747829e-06,9.894467260360986e-05,7.72948385507451e-08,0.020222321661391953,11,2,596,114,380.4092321830103,52522.25887880905,52697.07292351802,30195.546875
31,-2.9035267066544748,6.807477362631253e-05,-6.258096263422885e-09,6.521424106747829e-06,0.00010356940253801762,9.411210389646449e-08,0.020222321661391953,16,3,596,114,380.7550642839633,52903.013943093014,53077.82798780198,30195.546875
31,-2.903526715313006,6.807179175541121e-05,-8.658531225336219e-09,6.521424106747829e-06,0.00010356940253801762,3.9810806223367227e-07,0.016062058886486777,21,4,617,118,399.5789140200359,53302.59285711305,53477.40690182202,30195.546875
32,-2.903526715313006,6.807179175541121e-05,-8.658531225336219e-09,5.420749642440027e-06,9.332343150105975e-05,5.351586796545494e-08,0.016062058886486777,6,1,617,118,550.2216564099654,53852.814513523015,54027.62855823198,30195.546875
32,-2.903526715313006,6.807179175541121e-05,-8.658531225336219e-09,5.420749642440027e-06,8.04837791215617e-05,6.810673101840706e-08,0.016062058886486777,11,2,617,118,380.02680663601495,54232.84132015903,54407.655364868,30195.546875
32,-2.903526715313006,6.807179175541121e-05,-8.658531225336219e-09,5.420749642440027e-06,9.310755942659365e-05,8.840784519247198e-08,0.016062058886486777,16,3,617,118,382.26564738701563,54615.106967546046,54789.921012255014,30195.546875
32,-2.9035267230141497,6.806913959469525e-05,-7.70114372272701e-09,5.420749642440027e-06,9.310755942659365e-05,4.67214529373078e-07,0.011335768930994522,21,4,638,122,400.7312695339788,55015.838237080025,55190.65228178899,30195.546875
33,-2.9035267230141497,6.806913959469525e-05,-7.70114372272701e-09,5.88192592184024e-06,8.73313499715085e-05,4.6628196418183265e-08,0.011335768930994522,6,1,638,122,553.0709005999961,55568.90913768002,55743.72318238899,30195.546875
33,-2.9035267230141497,6.806913959469525e-05,-7.70114372272701e-09,5.88192592184024e-06,6.480056468287257e-05,6.156122687698278e-08,0.011335768930994522,11,2,638,122,381.1952284590225,55950.10436613904,56124.91841084801,30195.546875
33,-2.9035267230141497,6.806913959469525e-05,-7.70114372272701e-09,5.88192592184024e-06,6.628924095086705e-05,7.472323375966834e-08,0.011335768930994522,16,3,638,122,380.59897351800464,56330.70333965705,56505.517384366016,30195.546875
33,-2.9035267282297377,6.806734342285375e-05,-5.215587961515666e-09,5.88192592184024e-06,6.628924095086705e-05,3.675929077647558e-07,0.011045989487949237,21,4,659,126,380.4486077079782,56711.151947365026,56885.965992073994,30195.546875
34,-2.9035267282297377,6.806734342285375e-05,-5.215587961515666e-09,4.093013583575803e-06,4.7237947531387874e-05,3.017030130579302e-08,0.011045989487949237,6,1,659,126,549.9498519229819,57261.10179928801,57435.915843996976,30195.546875
34,-2.9035267282297377,6.806734342285375e-05,-5.215587961515666e-09,4.093013583575803e-06,3.3810820624038195e-05,3.7046009530663606e-08,0.011045989487949237,11,2,659,126,380.1770024630241,57641.27880175103,57816.09284646,30195.546875
34,-2.9035267282297377,6.806734342285375e-05,-5.215587961515666e-09,4.093013583575803e-06,3.9852485716372244e-05,4.856235997994308e-08,0.011045989487949237,16,3,659,126,380.45615603396436,58021.734957785,58196.549002493965,30195.546875
34,-2.903526730678398,6.806650014020443e-05,-2.4486603855677913e-09,4.093013583575803e-06,3.9852485716372244e-05,1.0589265368755712e-07,0.008253186104176132,21,4,680,130,381.6602321450482,58403.395189930045,58578.20923463901,30195.546875
35,-2.903526730678398,6.806650014020443e-05,-2.4486603855677913e-09,2.7950192710755935e-06,4.254565076237032e-05,2.730242338072337e-08,0.008253186104176132,6,1,680,130,551.1655917500029,58954.56078168005,59129.374826389016,30195.546875
35,-2.903526730678398,6.806650014020443e-05,-2.4486603855677913e-09,2.7950192710755935e-06,2.9375538950780488e-05,3.1409803761608346e-08,0.008253186104176132,11,2,680,130,379.30782857898157,59333.86861025903,59508.682654968,30195.546875
35,-2.903526730678398,6.806650014020443e-05,-2.4486603855677913e-09,2.7950192710755935e-06,2.8536480339378555e-05,3.909274710407904e-08,0.008253186104176132,17,3,680,130,380.8941808869713,59714.762791146,59889.57683585497,30195.546875
35,-2.9035267326222787,6.806583069629046e-05,-1.9438806120319896e-09,2.7950192710755935e-06,2.8536480339378555e-05,7.874670170364923e-08,0.005999314671495345,23,4,703,134,362.28920357103925,60077.05199471704,60251.86603942601,30195.546875
36,-2.9035267326222787,6.806583069629046e-05,-1.9438806120319896e-09,2.3014184660386945e-06,2.9103873330266746e-05,2.607413526952065e-08,0.005999314671495345,6,1,703,134,552.8165870779776,60629.86858179502,60804.682626503985,30195.546875
36,-2.9035267326222787,6.806583069629046e-05,-1.9438806120319896e-09,2.3014184660386945e-06,2.7075338362759595e-05,3.109850621272435e-08,0.005999314671495345,11,2,703,134,381.28650449297857,61011.155086287996,61185.969130996964,30195.546875
36,-2.9035267326222787,6.806583069629046e-05,-1.9438806120319896e-09,2.3014184660386945e-06,3.45281104686807e-05,4.06062593553594e-08,0.005999314671495345,16,3,703,134,380.31404508504784,61391.46913137304,61566.28317608201,30195.546875
36,-2.9035267346001272,6.806514955431733e-05,-1.977848551604211e-09,2.3014184660386945e-06,3.45281104686807e-05,1.9647222782127162e-07,0.00794119221214093,21,4,724,138,381.1245597960078,61772.59369116905,61947.40773587802,30195.546875
37,-2.9035267346001272,6.806514955431733e-05,-1.977848551604211e-09,2.8158308149095503e-06,3.672664941367732e-05,2.9104052147433917e-08,0.00794119221214093,6,1,724,138,550.7465295569855,62323.34022072604,62498.154265435005,30195.546875
37,-2.9035267346001272,6.806514955431733e-05,-1.977848551604211e-09,2.8158308149095503e-06,2.7780789127440146e-05,3.8416928717475244e-08,0.00794119221214093,11,2,724,138,380.2568582429667,62703.597078969,62878.41112367797,30195.546875
37,-2.9035267346001272,6.806514955431733e-05,-1.977848551604211e-09,2.8158308149095503e-06,2.8908477556030736e-05,4.895969480433338e-08,0.00794119221214093,16,3,724,138,383.12621596700046,63086.723294936004,63261.53733964497,30195.546875
37,-2.903526736449704,6.806451258720341e-05,-1.8495769360526992e-09,2.8158308149095503e-06,2.8908477556030736e-05,1.3512300873552203e-07,0.006812685620762698,21,4,745,142,360.2310677730129,63446.95436270902,63621.768407417985,30195.546875
38,-2.903526736449704,6.806451258720341e-05,-1.8495769360526992e-09,2.6505027469729006e-06,3.441851005630867e-05,2.6113881957072175e-08,0.006812685620762698,6,1,745,142,549.3367035550182,63996.291066264035,64171.105110973,30195.546875
38,-2.903526736449704,6.806451258720341e-05,-1.8495769360526992e-09,2.6505027469729006e-06,2.9487514733272638e-05,3.6235215306720866e-08,0.006812685620762698,11,2,745,142,380.0277382179629,64376.318804482,64551.132849190966,30195.546875
38,-2.903526736449704,6.806451258720341e-05,-1.8495769360526992e-09,2.6505027469729006e-06,3.442849080335371e-05,4.133715046850387e-08,0.006812685620762698,16,3,745,142,380.1846930900356,64756.503497572034,64931.317542281,30195.546875
38,-2.903526738594692,6.806377388494918e-05,-2.14498774298022e-09,2.6505027469729006e-06,3.442849080335371e-05,9.231761781411053e-08,0.008087843706568254,21,4,766,146,380.86063176597236,65137.364129338006,65312.178174046974,30195.546875
39,-2.903526738594692,6.806377388494918e-05,-2.14498774298022e-09,3.426699377133617e-06,3.465818334768327e-05,2.5834090708122903e-08,0.008087843706568254,6,1,766,146,548.8871706410428,65686.25129997905,65861.06534468802,30195.546875
39,-2.903526738594692,6.806377388494918e-05,-2.14498774298022e-09,3.426699377133617e-06,2.3633149448018426e-05,3.4333303284209426e-08,0.008087843706568254,11,2,766,146,380.70424359396566,66066.95554357301,66241.76958828198,30195.546875
39,-2.903526738594692,6.806377388494918e-05,-2.14498774298022e-09,3.426699377133617e-06,2.6458948372444398e-05,4.3036441922200544e-08,0.008087843706568254,16,3,766,146,380.7326392630348,66447.68818283605,66622.50222754502,30195.546875
39,-2.9035267402971074,6.806318759805663e-05,-1.7024155418710052e-09,3.426699377133617e-06,2.6458948372444398e-05,8.559322834213324e-08,0.008062917219826472,21,4,787,150,361.0229396899813,66808.71112252603,66983.525167235,30195.546875
40,-2.9035267402971074,6.806318759805663e-05,-1.7024155418710052e-09,2.744925106687372e-06,3.0675340993007e-05,2.765385230626238e-08,0.008062917219826472,6,1,787,150,549.4352904859697,67358.146413012,67532.96045772097,30195.546875
40,-2.9035267402971074,6.806318759805663e-05,-1.7024155418710052e-09,2.744925106687372e-06,2.625669627980545e-05,3.339431028916919e-08,0.008062917219826472,11,2,787,150,381.06117812299635,67739.207591135,67914.02163584396,30195.546875
40,-2.9035267402971074,6.806318759805663e-05,-1.7024155418710052e-09,2.744925106687372e-06,2.9096764871125214e-05,4.1483948531422574e-08,0.008062917219826472,16,3,787,150,380.22301036299905,68119.430601498,68294.24464620696,30195.546875
40,-2.9035267421295186,6.806255654260031e-05,-1.832411111735155e-09,2.744925106687372e-06,2.9096764871125214e-05,7.239884740317952e-08,0.006143598091025185,21,4,808,154,379.877756064001,68499.308357562,68674.12240227096,30195.546875
41,-2.9035267421295186,6.806255654260031e-05,-1.832411111735155e-09,3.3123621088270193e-06,2.889987784779071e-05,2.780644979653269e-08,0.006143598091025185,6,1,808,154,549.8378071670304,69049.14616472903,69223.960209438,30195.546875
41,-2.9035267421295186,6.806255654260031e-05,-1.832411111735155e-09,3.3123621088270193e-06,2.531779528622547e-05,3.9058341496830005e-08,0.006143598091025185,11,2,808,154,380.81357108202064,69429.95973581105,69604.77378052002,30195.546875
41,-2.9035267421295186,6.806255654260031e-05,-1.832411111735155e-09,3.3123621088270193e-06,2.3597271516394737e-05,4.511234258777602e-08,0.006143598091025185,16,3,808,154,399.1793613729533,69829.139097184,70003.95314189297,30195.546875
41,-2.903526743790999,6.806198435320802e-05,-1.6614802866854461e-09,3.3123621088270193e-06,2.3597271516394737e-05,1.0076661186264887e-07,0.010716199909542774,21,4,829,158,383.9488459290005,70213.087943113,70387.90198782197,30195.546875
42,-2.903526743790999,6.806198435320802e-05,-1.6614802866854461e-09,2.9563490499849442e-06,2.755340182256106e-05,3.8449560156306916e-08,0.010716199909542774,6,1,829,158,586.3161898550461,70799.40413296805,70974.21817767702,30195.546875
42,-2.903526743790999,6.806198435320802e-05,-1.6614802866854461e-09,2.9563490499849442e-06,2.9610300040648583e-05,5.681964812302752e-08,0.010716199909542774,11,2,829,158,422.5378741179593,71221.942007086,71396.75605179498,30195.546875
42,-2.903526743790999,6.806198435320802e-05,-1.6614802866854461e-09,2.9563490499849442e-06,3.947743415350306e-05,5.9270369733898227e-08,0.010716199909542774,16,3,829,158,415.8181600650423,71637.76016715105,71812.57421186002,30195.546875
42,-2.9035267467425756,6.806096787355033e-05,-2.951576760779062e-09,2.9563490499849442e-06,3.947743415350306e-05,1.1905609260035658e-07,0.009750034701084941,21,4,850,162,385.8437323139515,72023.603899465,72198.41794417397,30195.546875
43,-2.9035267467425756,6.806096787355033e-05,-2.951576760779062e-09,3.544313311951712e-06,5.4731419083840366e-05,6.596349069410554e-08,0.009750034701084941,6,1,850,162,680.5681257320102,72704.17202519701,72878.98606990598,30195.546875
43,-2.9035267467425756,6.806096787355033e-05,-2.951576760779062e-09,3.544313311951712e-06,5.095069411495846e-05,9.58976811768403e-08,0.009750034701084941,11,2,850,162,410.60726364603033,73114.77928884304,73289.59333355201,30195.546875
43,-2.9035267467425756,6.806096787355033e-05,-2.951576760779062e-09,3.544313311951712e-06,5.91448147385779e-05,1.0439035486635242e-07,0.009750034701084941,16,3,850,162,388.2573999289889,73503.03668877203,73677.850733481,30195.546875
43,-2.9035267524309525,6.805900888015356e-05,-5.688376880641499e-09,3.544313311951712e-06,5.91448147385779e-05,1.7933886531429637e-07,0.014531399080253115,21,4,871,166,408.04728423501365,73911.08397300704,74085.89801771601,30195.546875
44,-2.9035267524309525,6.805900888015356e-05,-5.688376880641499e-09,7.23126704770136e-06,0.00011060891900655167,9.389093172859282e-08,0.014531399080253115,6,1,871,166,554.281458056008,74465.36543106305,74640.17947577202,30195.546875
44,-2.9035267524309525,6.805900888015356e-05,-5.688376880641499e-09,7.23126704770136e-06,0.0001281253289006809,2.2153444198113233e-07,0.014531399080253115,11,2,871,166,401.8064410169609,74867.17187208001,75041.98591678898,30195.546875
44,-2.9035267524309525,6.805900888015356e-05,-5.688376880641499e-09,7.23126704770136e-06,0.00019516052117904528,2.3827484045781253e-07,0.014531399080253115,16,3,871,166,403.644093784038,75270.81596586405,75445.63001057302,30195.546875
44,-2.9035267774054914,6.805040801600857e-05,-2.4974538881394892e-08,7.23126704770136e-06,0.00019516052117904528,5.360509123168515e-07,0.04261569357679759,21,4,892,170,451.2555689360015,75722.07153480005,75896.88557950902,30195.546875
45,-2.9035267774054914,6.805040801600857e-05,-2.4974538881394892e-08,1.8222913969102162e-05,0.00038414258794811795,2.1439029730664956e-07,0.04261569357679759,6,1,892,170,567.6917192409746,76289.76325404103,76464.57729875,30195.546875
45,-2.9035267774054914,6.805040801600857e-05,-2.4974538881394892e-08,1.8222913969102162e-05,0.0005492994320207219,4.16203825310251e-07,0.04261569357679759,11,2,892,170,391.1121979560121,76680.87545199704,76855.689496706,30195.546875
45,-2.9035267774054914,6.805040801600857e-05,-2.4974538881394892e-08,1.8222913969102162e-05,0.0012146708659110867,7.258005212695445e-07,0.04261569357679759,16,3,892,170,432.8532395269722,77113.72869152401,77288.54273623298,30195.546875
45,-2.903527143043252,6.792448774499211e-05,-3.656377605132377e-07,1.8222913969102162e-05,0.0012146708659110867,2.8425203407780036e-06,0.19020879431743662,21,4,913,174,586.8511614560266,77700.57985298004,77875.393897689,30195.546875
46,-2.903527143043252,6.792448774499211e-05,-3.656377605132377e-07,1.1894588604752427e-05,0.0017525275148843075,3.155535208588208e-07,0.19020879431743662,6,1,913,174,608.866834660992,78309.44668764103,78484.26073235,30195.546875
46,-2.903527143043252,6.792448774499211e-05,-3.656377605132377e-07,1.1894588604752427e-05,0.0017967067776186458,6.346043763889239e-07,0.19020879431743662,11,2,913,174,414.95946115796687,78724.406148799,78899.22019350796,30195.546875
46,-2.903527143043252,6.792448774499211e-05,-3.656377605132377e-07,1.1894588604752427e-05,0.001839773084371153,8.887314317320837e-07,0.19020879431743662,16,3,913,174,408.985185853031,79133.39133465203,79308.205379361,30195.546875
46,-2.9035286471937582,6.740648041679418e-05,-1.5041505063706495e-06,1.1894588604752427e-05,0.001839773084371153,4.231363302202384e-06,0.2733657525800231,21,4,934,178,600.9765626419685,79734.367897294,79909.18194200296,30195.546875
47,-2.9035286471937582,6.740648041679418e-05,-1.5041505063706495e-06,1.4496819652179665e-05,0.0016606008705484815,1.4677798263427074e-07,0.2733657525800231,6,1,934,178,615.6584588110563,80350.02635610505,80524.84040081402,30195.546875
47,-2.9035286471937582,6.740648041679418e-05,-1.5041505063706495e-06,1.4496819652179665e-05,0.0014740509728602609,3.552120264352647e-07,0.2733657525800231,11,2,934,178,420.4863462589565,80770.51270236401,80945.32674707298,30195.546875
47,-2.9035286471937582,6.740648041679418e-05,-1.5041505063706495e-06,1.4496819652179665e-05,0.001369841382107764,6.197899156654125e-07,0.2733657525800231,16,3,934,178,408.3508523950004,81178.86355475901,81353.67759946798,30195.546875
47,-2.903530312505085,6.683297167065205e-05,-1.665311326615182e-06,1.4496819652179665e-05,0.001369841382107764,4.151000918344445e-06,0.26787095535763283,21,4,955,182,643.4811004479998,81822.34465520701,81997.15869991598,30195.546875
48,-2.903530312505085,6.683297167065205e-05,-1.665311326615182e-06,1.532596752659219e-05,0.0011490015967882863,2.4300784704511914e-07,0.26787095535763283,6,1,955,182,642.003447124036,82464.34810233105,82639.16214704001,30195.546875
48,-2.903530312505085,6.683297167065205e-05,-1.665311326615182e-06,1.532596752659219e-05,0.0011370067218343179,6.591442338161018e-07,0.26787095535763283,11,2,955,182,391.0770534159965,82855.42515574704,83030.23920045601,30195.546875
48,-2.903530312505085,6.683297167065205e-05,-1.665311326615182e-06,1.532596752659219e-05,0.0007844256944753111,1.2462016714239417e-06,0.26787095535763283,16,3,955,182,402.43269305996364,83257.857848807,83432.67189351597,30195.546875
48,-2.903530922190532,6.662300496312315e-05,-6.096854470172275e-07,1.532596752659219e-05,0.0007844256944753111,5.201583677495789e-06,0.2026137364783231,21,4,976,186,638.6446567350067,83896.50250554201,84071.31655025098,30195.546875
49,-2.903530922190532,6.662300496312315e-05,-6.096854470172275e-07,2.6009105513309567e-05,0.0006510524326167785,6.171878717440324e-07,0.2026137364783231,6,1,976,186,626.2660963539965,84522.76860189601,84697.58264660498,30195.546875
49,-2.903530922190532,6.662300496312315e-05,-6.096854470172275e-07,2.6009105513309567e-05,0.000642593213604875,9.737541682899206e-07,0.2026137364783231,11,2,976,186,392.56489787698956,84915.333499773,85090.14754448197,30195.546875
49,-2.903530922190532,6.662300496312315e-05,-6.096854470172275e-07,2.6009105513309567e-05,0.0006030018067978664,1.1895606684348858e-06,0.2026137364783231,16,3,976,186,398.9832693799981,85314.316769153,85489.13081386196,30195.546875
49,-2.9035312926053836,6.64954395321167e-05,-3.7041485168032295e-07,2.6009105513309567e-05,0.0006030018067978664,3.1816833484077245e-06,0.05387823551442605,21,4,997,190,547.0982106620213,85861.41497981502,86036.22902452399,30195.546875
50,-2.9035312926053836,6.64954395321167e-05,-3.7041485168032295e-07,1.9101642504475505e-05,0.00036834032008648964,4.587283978636321e-07,0.05387823551442605,6,1,997,190,590.2176587730064,86451.63263858802,86626.44668329699,30195.546875
50,-2.9035312926053836,6.64954395321167e-05,-3.7041485168032295e-07,1.9101642504475505e-05,0.0002756791365072095,5.380804429093667e-07,0.05387823551442605,11,2,997,190,393.0597592610284,86844.69239784905,87019.50644255802,30195.546875
50,-2.9035312926053836,6.64954395321167e-05,-3.7041485168032295e-07,1.9101642504475505e-05,0.00024440846798629793,5.994033178910979e-07,0.05387823551442605,16,3,997,190,394.850665869948,87239.543063719,87414.35710842797,30195.546875
50,-2.9035313842991717,6.646386153909396e-05,-9.169378811790807e-08,1.9101642504475505e-05,0.00024440846798629793,1.4200439361805553e-06,0.05702297435512261,21,4,1018,194,472.6532685990096,87712.19633231801,87887.01037702698,30195.546875
51,-2.9035313842991717,6.646386153909396e-05,-9.169378811790807e-08,1.516274987049688e-05,0.00023878990179219175,2.348071159106952e-07,0.05702297435512261,6,1,1018,194,573.7009504610323,88285.89728277904,88460.71132748801,30195.546875
51,-2.9035313842991717,6.646386153909396e-05,-9.169378811790807e-08,1.516274987049688e-05,0.00021341665170789454,3.455526275779864e-07,0.05702297435512261,11,2,1018,194,394.52119550300995,88680.41847828205,88855.23252299102,30195.546875
51,-2.9035313842991717,6.646386153909396e-05,-9.169378811790807e-08,1.516274987049688e-05,0.00021562643087982467,3.644036119109564e-07,0.05702297435512261,16,3,1018,194,406.8100309149595,89087.22850919701,89262.04255390598,30195.546875
51,-2.903531451658736,6.644066389517105e-05,-6.73595641487168e-08,1.516274987049688e-05,0.00021562643087982467,1.5156003774342265e-06,0.03679043272068374,21,4,1039,198,514.3859281280311,89601.61443732504,89776.42848203401,30195.546875
52,-2.903531451658736,6.644066389517105e-05,-6.73595641487168e-08,2.331810337432907e-05,0.0002633815336930505,2.399795869773006e-07,0.03679043272068374,6,1,1039,198,673.3360968279885,90274.95053415303,90449.764578862,30195.546875
52,-2.903531451658736,6.644066389517105e-05,-6.73595641487168e-08,2.331810337432907e-05,0.0002457641580738135,3.730994702474627e-07,0.03679043272068374,11,2,1039,198,408.1238885970088,90683.07442275004,90857.88846745901,30195.546875
52,-2.903531451658736,6.644066389517105e-05,-6.73595641487168e-08,2.331810337432907e-05,0.00022137185741838216,4.146509331299365e-07,0.03679043272068374,16,3,1039,198,409.86256099597085,91092.93698374601,91267.75102845498,30195.546875
52,-2.9035315257926912,6.641513325045655e-05,-7.41339554188869e-08,2.331810337432907e-05,0.00022137185741838216,1.0853579897325679e-06,0.04321446385498259,21,4,1060,202,500.76903824403416,91593.70602199004,91768.52006669901,30195.546875
53,-2.9035315257926912,6.641513325045655e-05,-7.41339554188869e-08,1.6219207390782978e-05,0.0002277855896291018,2.2737455496188324e-07,0.04321446385498259,6,1,1060,202,628.3895608089515,92222.095582799,92396.90962750796,30195.546875
53,-2.9035315257926912,6.641513325045655e-05,-7.41339554188869e-08,1.6219207390782978e-05,0.00022275107566456295,2.836525016591529e-07,0.04321446385498259,11,2,1060,202,414.4655970040476,92636.56117980304,92811.37522451201,30195.546875
53,-2.9035315257926912,6.641513325045655e-05,-7.41339554188869e-08,1.6219207390782978e-05,0.00022846802077425532,2.9756976527840817e-07,0.04321446385498259,16,3,1060,202,430.07840815599775,93066.63958795904,93241.45363266801,30195.546875
53,-2.903531595942994,6.639097451712264e-05,-7.015030289991842e-08,1.6219207390782978e-05,0.00022846802077425532,1.0489295933601498e-06,0.026103557766545216,21,4,1081,206,517.611955233966,93584.25154319301,93759.06558790198,30195.546875
54,-2.903531595942994,6.639097451712264e-05,-7.015030289991842e-08,1.4293098776963573e-05,0.00019698324055528651,2.0846639453768996e-07,0.026103557766545216,6,1,1081,206,739.9417809839942,94324.193324177,94499.00736888597,30195.546875
54,-2.903531595942994,6.639097451712264e-05,-7.015030289991842e-08,1.4293098776963573e-05,0.00015615835396099888,2.5325517143740753e-07,0.026103557766545216,11,2,1081,206,412.74974934302736,94736.94307352003,94911.757118229,30195.546875
54,-2.903531595942994,6.639097451712264e-05,-7.015030289991842e-08,1.4293098776963573e-05,0.00014666822526753534,2.8287076092878983e-07,0.026103557766545216,16,3,1081,206,402.01977272401564,95138.96284624405,95313.77689095301,30195.546875
54,-2.9035316356468797,6.637730108247207e-05,-3.970388551266524e-08,1.4293098776963573e-05,0.00014666822526753534,6.025531740734149e-07,0.04069643106708309,21,4,1102,210,474.46615417295834,95613.429000417,95788.24304512597,30195.546875
55,-2.9035316356468797,6.637730108247207e-05,-3.970388551266524e-08,1.0931545308185662e-05,0.00018300375783694378,2.518865948212258e-07,0.04069643106708309,6,1,1102,210,690.8137093179976,96304.242709735,96479.05675444397,30195.546875
55,-2.9035316356468797,6.637730108247207e-05,-3.970388551266524e-08,1.0931545308185662e-05,0.00018273010093030554,2.1588922281174658e-07,0.04069643106708309,11,2,1102,210,407.00532322301297,96711.24803295801,96886.06207766698,30195.546875
55,-2.9035316356468797,6.637730108247207e-05,-3.970388551266524e-08,1.0931545308185662e-05,0.00018661349440826525,2.7000101383762874e-07,0.04069643106708309,16,3,1102,210,401.58432006801013,97112.83235302602,97287.64639773499,30195.546875
55,-2.903531683069463,6.636096944178029e-05,-4.74225831936792e-08,1.0931545308185662e-05,0.00018661349440826525,6.525021800052337e-07,0.0202943458022387,21,4,1123,214,462.55832627700875,97575.39067930303,97750.204724012,30195.546875
56,-2.903531683069463,6.636096944178029e-05,-4.74225831936792e-08,1.3211943393131815e-05,0.00017010318880204502,2.1935036324741963e-07,0.0202943458022387,6,1,1123,214,684.2306963999872,98259.62137570302,98434.43542041199,30195.546875
56,-2.903531683069463,6.636096944178029e-05,-4.74225831936792e-08,1.3211943393131815e-05,0.0001398014690631756,2.2649112013221705e-07,0.0202943458022387,11,2,1123,214,419.96832492301473,98679.58970062603,98854.403745335,30195.546875
56,-2.903531683069463,6.636096944178029e-05,-4.74225831936792e-08,1.3211943393131815e-05,0.00013248040592286214,2.5323014114372824e-07,0.0202943458022387,16,3,1123,214,422.7681263969862,99102.35782702302,99277.17187173199,30195.546875
56,-2.9035317195327854,6.63484120093766e-05,-3.6463322583557556e-08,1.3211943393131815e-05,0.00013248040592286214,7.072410090627004e-07,0.03203743468078287,21,4,1144,218,486.38603298400994,99588.74386000703,99763.557904716,30195.546875
57,-2.9035317195327854,6.63484120093766e-05,-3.6463322583557556e-08,1.0903875504924785e-05,0.00014498248399552057,1.5021689969058573e-07,0.03203743468078287,6,1,1144,218,690.4417504129815,100279.18561042001,100453.99965512898,30195.546875
57,-2.9035317195327854,6.63484120093766e-05,-3.6463322583557556e-08,1.0903875504924785e-05,0.0001315590251727532,2.1423112259894774e-07,0.03203743468078287,11,2,1144,218,408.0920150760212,100687.27762549603,100862.091670205,30195.546875
57,-2.9035317195327854,6.63484120093766e-05,-3.6463322583557556e-08,1.0903875504924785e-05,0.00011793635620172887,1.922489204042333e-07,0.03203743468078287,16,3,1144,218,412.2650890729856,101099.54271456902,101274.35675927799,30195.546875
57,-2.9035317498660334,6.633796568459682e-05,-3.0333247913461037e-08,1.0903875504924785e-05,0.00011793635620172887,4.5952287511879767e-07,0.024740559727914287,21,4,1165,222,457.48108143900754,101557.02379600803,101731.837840717,30195.546875
58,-2.9035317498660334,6.633796568459682e-05,-3.0333247913461037e-08,1.3067257483785517e-05,0.00012508650509391247,1.61087328880102e-07,0.024740559727914287,6,1,1165,222,627.4603574229986,102184.48415343103,102359.29819814,30195.546875
58,-2.9035317498660334,6.633796568459682e-05,-3.0333247913461037e-08,1.3067257483785517e-05,0.00012025240808247631,2.543090648722558e-07,0.024740559727914287,11,2,1165,222,412.2306491949712,102596.714802626,102771.52884733496,30195.546875
58,-2.9035317498660334,6.633796568459682e-05,-3.0333247913461037e-08,1.3067257483785517e-05,0.00012980969453173,2.2540053715149717e-07,0.024740559727914287,16,3,1165,222,399.90587923303246,102996.62068185903,103171.434726568,30195.546875
58,-2.9035317821170388,6.632685891231607e-05,-3.2251005421812806e-08,1.3067257483785517e-05,0.00012980969453173,7.013219615664411e-07,0.031949914188960093,21,4,1186,226,459.12338284100406,103455.74406470003,103630.558109409,30195.546875
59,-2.9035317821170388,6.632685891231607e-05,-3.2251005421812806e-08,1.5607444718008477e-05,0.0001538459600174586,2.2510094202376708e-07,0.031949914188960093,6,1,1186,226,647.9956536460086,104103.73971834604,104278.55376305501,30195.546875
59,-2.9035317821170388,6.632685891231607e-05,-3.2251005421812806e-08,1.5607444718008477e-05,0.00014563148899699883,2.0949431627055386e-07,0.031949914188960093,11,2,1186,226,411.0558256320073,104514.79554397805,104689.60958868702,30195.546875
59,-2.9035317821170388,6.632685891231607e-05,-3.2251005421812806e-08,1.5607444718008477e-05,0.00017570319363537963,2.5343641245641225e-07,0.031949914188960093,16,3,1186,226,396.5690301139839,104911.36457409203,105086.178618801,30195.546875
59,-2.9035318360785882,6.630827534774711e-05,-5.396154945103149e-08,1.5607444718008477e-05,0.00017570319363537963,5.826383894545311e-07,0.034202674634310405,21,4,1207,230,465.1540078719845,105376.51858196402,105551.33262667299,30195.546875
60,-2.9035318360785882,6.630827534774711e-05,-5.396154945103149e-08,1.8633237492159943e-05,0.0001737052768646744,2.4599942472842137e-07,0.034202674634310405,6,1,1207,230,588.4003952380153,105964.91897720203,106139.733021911,30195.546875
60,-2.9035318360785882,6.630827534774711e-05,-5.396154945103149e-08,1.8633237492159943e-05,0.0001370684165059389,2.2839515270295084e-07,0.034202674634310405,11,2,1207,230,408.3699638909893,106373.28894109302,106548.10298580199,30195.546875
60,-2.9035318360785882,6.630827534774711e-05,-5.396154945103149e-08,1.8633237492159943e-05,0.0001467884907773497,2.5572948273732895e-07,0.034202674634310405,16,3,1207,230,404.81338809698354,106778.10232919,106952.91637389897,30195.546875
60,-2.903531896622512,6.628742491024308e-05,-6.054392365228978e-08,1.8633237492159943e-05,0.0001467884907773497,7.396735370225753e-07,0.04194942219897734,21,4,1228,234,472.3088369850302,107250.41116617504,107425.225210884,30195.546875
61,-2.903531896622512,6.628742491024308e-05,-6.054392365228978e-08,2.3393775654480113e-05,0.00020243787446954536,2.725725634688397e-07,0.04194942219897734,6,1,1228,234,616.7415466039674,107867.152712779,108041.96675748797,30195.546875
61,-2.903531896622512,6.628742491024308e-05,-6.054392365228978e-08,2.3393775654480113e-05,0.00018398205810032958,2.615240521813534e-07,0.04194942219897734,11,2,1228,234,415.17249914002605,108282.32521191903,108457.139256628,30195.546875
61,-2.903531896622512,6.628742491024308e-05,-6.054392365228978e-08,2.3393775654480113e-05,0.0001848337132255772,2.512344850458361e-07,0.04194942219897734,16,3,1228,234,399.86650124401785,108682.19171316305,108857.00575787202,30195.546875
61,-2.9035319754762394,6.626026884537301e-05,-7.885372754756759e-08,2.3393775654480113e-05,0.0001848337132255772,9.793344298535027e-07,0.057395174100484246,21,4,1249,238,506.0940504469909,109188.28576361004,109363.099808319,30195.546875
62,-2.9035319754762394,6.626026884537301e-05,-7.885372754756759e-08,2.2618287709171675e-05,0.00019399398109521044,1.9564073586202664e-07,0.057395174100484246,6,1,1249,238,619.5441356190131,109807.82989922905,109982.64394393802,30195.546875
62,-2.9035319754762394,6.626026884537301e-05,-7.885372754756759e-08,2.2618287709171675e-05,0.0001729461258111431,2.678585080453472e-07,0.057395174100484246,11,2,1249,238,391.5253036689828,110199.35520289803,110374.169247607,30195.546875
62,-2.9035319754762394,6.626026884537301e-05,-7.885372754756759e-08,2.2618287709171675e-05,0.00017145383808746852,2.6303790890692256e-07,0.057395174100484246,16,3,1249,238,396.14501778496196,110595.500220683,110770.31426539196,30195.546875
62,-2.903532051083546,6.62342308001523e-05,-7.560730663769277e-08,2.2618287709171675e-05,0.00017145383808746852,6.797119970144769e-07,0.058074328597546375,21,4,1270,242,502.4659222920309,111097.96614297503,111272.780187684,30195.7265625
63,-2.903532051083546,6.62342308001523e-05,-7.560730663769277e-08,2.3795767562260047e-05,0.00020327944625995022,1.8291762802364852e-07,0.058074328597546375,6,1,1270,242,641.3340428899974,111739.30018586502,111914.11423057399,30195.7265625
63,-2.903532051083546,6.62342308001523e-05,-7.560730663769277e-08,2.3795767562260047e-05,0.00017406604342573928,2.2302003870179538e-07,0.058074328597546375,11,2,1270,242,411.3458606560016,112150.64604652103,112325.46009123,30195.7265625
63,-2.903532051083546,6.62342308001523e-05,-7.560730663769277e-08,2.3795767562260047e-05,0.00016526339401591304,2.9607536944099063e-07,0.058074328597546375,16,3,1270,242,404.4425056250184,112555.08855214604,112729.90259685501,30195.7265625
63,-2.903532123351505,6.620934277727383e-05,-7.22679587283892e-08,2.3795767562260047e-05,0.00016526339401591304,6.675008926771688e-07,0.058261753093325645,21,4,1291,246,492.4260389379924,113047.51459108404,113222.328635793,30195.7265625
64,-2.903532123351505,6.620934277727383e-05,-7.22679587283892e-08,2.1941738340720793e-05,0.00018111431864682219,1.9031648918784514e-07,0.058261753093325645,6,1,1291,246,596.4293910209672,113643.943982105,113818.75802681397,30195.7265625
64,-2.903532123351505,6.620934277727383e-05,-7.22679587283892e-08,2.1941738340720793e-05,0.00018498354858255213,2.1681358745388322e-07,0.058261753093325645,11,2,1291,246,411.2947229340207,114055.23870503902,114230.05274974799,30195.7265625
64,-2.903532123351505,6.620934277727383e-05,-7.22679587283892e-08,2.1941738340720793e-05,0.00018861165774940894,3.144599623803782e-07,0.058261753093325645,16,3,1291,246,425.5311295220163,114480.76983456104,114655.58387927001,30195.7265625
64,-2.903532200597354,6.618274044205099e-05,-7.724584927260025e-08,2.1941738340720793e-05,0.00018861165774940894,8.488782216312765e-07,0.06729448732784528,21,4,1312,250,483.3187460289919,114964.08858059003,115138.902625299,30195.7265625
65,-2.903532200597354,6.618274044205099e-05,-7.724584927260025e-08,2.4846370509503258e-05,0.00021235082564655583,2.4026181705446494e-07,0.06729448732784528,6,1,1312,250,658.9651672589825,115623.05374784902,115797.86779255798,30195.7265625
65,-2.903532200597354,6.618274044205099e-05,-7.724584927260025e-08,2.4846370509503258e-05,0.00019466724111904236,2.8538701410199114e-07,0.06729448732784528,11,2,1312,250,411.0786106340238,116034.13235848304,116208.946403192,30195.7265625
65,-2.903532200597354,6.618274044205099e-05,-7.724584927260025e-08,2.4846370509503258e-05,0.00020503359205552632,4.359313537282969e-07,0.06729448732784528,16,3,1312,250,408.8623689250089,116442.99472740805,116617.80877211702,30195.7265625
65,-2.9035322883675985,6.615251365981919e-05,-8.777024440576042e-08,2.4846370509503258e-05,0.00020503359205552632,1.5389934771728989e-06,0.08066928064995581,21,4,1333,254,525.882163651986,116968.87689106003,117143.690935769,30195.7265625
66,-2.9035322883675985,6.615251365981919e-05,-8.777024440576042e-08,2.5512331263269554e-05,0.0002054161418388045,2.2412372893873305e-07,0.08066928064995581,6,1,1333,254,598.9809749670094,117567.85786602704,117742.67191073601,30195.7265625
66,-2.9035322883675985,6.615251365981919e-05,-8.777024440576042e-08,2.5512331263269554e-05,0.00017594462123687743,2.7327591038886267e-07,0.08066928064995581,11,2,1333,254,406.818839910964,117974.676705938,118149.49075064698,30195.7265625
66,-2.9035322883675985,6.615251365981919e-05,-8.777024440576042e-08,2.5512331263269554e-05,0.0001851492040670083,4.931033055262209e-07,0.08066928064995581,16,3,1333,254,408.4535588659928,118383.130264804,118557.94430951297,30195.7265625
66,-2.9035323662761257,6.612568310806251e-05,-7.79085271851443e-08,2.5512331263269554e-05,0.0001851492040670083,1.3953694264962237e-06,0.07464288369416575,21,4,1354,258,511.21548232104396,118894.34574712504,119069.15979183401,30195.7265625
67,-2.9035323662761257,6.612568310806251e-05,-7.79085271851443e-08,1.8297955171806153e-05,0.00016625639876902763,2.5668485692976724e-07,0.07464288369416575,6,1,1354,258,605.3099594399682,119499.65570656501,119674.46975127398,30195.7265625
67,-2.9035323662761257,6.612568310806251e-05,-7.79085271851443e-08,1.8297955171806153e-05,0.00014089081708463754,2.869623940552406e-07,0.07464288369416575,11,2,1354,258,410.8347772739944,119910.490483839,120085.30452854797,30195.7265625
67,-2.9035323662761257,6.612568310806251e-05,-7.79085271851443e-08,1.8297955171806153e-05,0.0001295574536090759,4.71481828894243e-07,0.07464288369416575,16,3,1354,258,429.1632541550207,120339.65373799403,120514.467782703,30195.7265625
67,-2.9035324211108247,6.610679884362014e-05,-5.483469900369187e-08,1.8297955171806153e-05,0.0001295574536090759,9.96654564449546e-07,0.05613599408007095,21,4,1375,262,496.33864845801145,120835.99238645204,121010.806431161,30195.7265625
68,-2.9035324211108247,6.610679884362014e-05,-5.483469900369187e-08,1.7005874284080957e-05,0.0001186841665779398,2.0081223948804858e-07,0.05613599408007095,6,1,1375,262,715.883771705965,121551.876158158,121726.69020286697,30195.7265625
68,-2.9035324211108247,6.610679884362014e-05,-5.483469900369187e-08,1.7005874284080957e-05,9.249588360625169e-05,2.5224165582012087e-07,0.05613599408007095,11,2,1375,262,457.81855015904875,122009.69470831705,122184.50875302602,30195.7265625
68,-2.9035324211108247,6.610679884362014e-05,-5.483469900369187e-08,1.7005874284080957e-05,9.659408087163169e-05,3.253602923694021e-07,0.05613599408007095,16,3,1375,262,489.2386410909821,122498.93334940803,122673.747394117,30195.7265625
68,-2.903532452653176,6.609593612137041e-05,-3.15423513974622e-08,1.7005874284080957e-05,9.659408087163169e-05,5.764654632505994e-07,0.03400883803304025,21,4,1396,266,485.66223237098893,122984.59558177902,123159.40962648799,30195.7265625
69,-2.903532452653176,6.609593612137041e-05,-3.15423513974622e-08,1.019468091604532e-05,0.00010293562928246409,1.0918913056500962e-07,0.03400883803304025,6,1,1396,266,683.5169666979928,123668.11254847702,123842.92659318598,30195.7265625
69,-2.903532452653176,6.609593612137041e-05,-3.15423513974622e-08,1.019468091604532e-05,9.7150913290258e-05,1.6297903755997594e-07,0.03400883803304025,11,2,1396,266,435.07897615700494,124103.19152463402,124278.00556934299,30195.7265625
69,-2.903532452653176,6.609593612137041e-05,-3.15423513974622e-08,1.019468091604532e-05,0.00010297749510213975,1.935145703685941e-07,0.03400883803304025,16,3,1396,266,467.03765181201743,124570.22917644604,124745.043221155,30195.7265625
69,-2.9035324847724744,6.608487470707566e-05,-3.2119298332133894e-08,1.019468091604532e-05,0.00010297749510213975,3.730698971644269e-07,0.03571545523436289,21,4,1417,270,532.512055972009,125102.74123241805,125277.55527712702,30195.7265625
70,-2.9035324847724744,6.608487470707566e-05,-3.2119298332133894e-08,1.1891516754327161e-05,0.0001163921140641046,1.1734815064307962e-07,0.03571545523436289,6,1,1417,270,650.7844770670054,125753.52570948505,125928.33975419402,30195.7265625
70,-2.9035324847724744,6.608487470707566e-05,-3.2119298332133894e-08,1.1891516754327161e-05,0.00012032050433383771,1.3639629626588689e-07,0.03571545523436289,11,2,1417,270,425.48329581099097,126179.00900529604,126353.82305000501,30195.7265625
70,-2.9035324847724744,6.608487470707566e-05,-3.2119298332133894e-08,1.1891516754327161e-05,0.00011700666580041937,1.7705833329949734e-07,0.03571545523436289,16,3,1417,270,453.6289415759966,126632.63794687204,126807.45199158101,30195.7265625
70,-2.903532523147002,6.607165908376819e-05,-3.837452755561799e-08,1.1891516754327161e-05,0.00011700666580041937,3.8599141989591076e-07,0.0431129573828649,21,4,1438,274,532.0627472019987,127164.70069407404,127339.51473878301,30195.7265625
71,-2.903532523147002,6.607165908376819e-05,-3.837452755561799e-08,1.3625068695647321e-05,0.00015144751259369083,1.3395101604698633e-07,0.0431129573828649,6,1,1438,274,693.6894698649994,127858.39016393904,128033.204208648,30195.7265625
71,-2.903532523147002,6.607165908376819e-05,-3.837452755561799e-08,1.3625068695647321e-05,0.00013335834833079526,1.6284487720685924e-07,0.0431129573828649,11,2,1438,274,466.05041749298107,128324.44058143202,128499.25462614099,30195.7265625
71,-2.903532523147002,6.607165908376819e-05,-3.837452755561799e-08,1.3625068695647321e-05,0.0001296420625809895,1.7923879634602345e-07,0.0431129573828649,16,3,1438,274,417.332695065008,128741.77327649703,128916.587321206,30195.7265625
71,-2.9035325655659534,6.605705062030726e-05,-4.24189514625084e-08,1.3625068695647321e-05,0.0001296420625809895,4.2944176886959115e-07,0.04773243796344289,21,4,1459,278,535.0277218359988,129276.80099833303,129451.615043042,30195.7265625
72,-2.9035325655659534,6.605705062030726e-05,-4.24189514625084e-08,1.2246107133455156e-05,0.0001269726211975832,1.2831493989660037e-07,0.04773243796344289,6,1,1459,278,731.5738849419868,130008.37488327501,130183.18892798398,30195.7265625
72,-2.9035325655659534,6.605705062030726e-05,-4.24189514625084e-08,1.2246107133455156e-05,0.0001194173856040433,1.5307306724929372e-07,0.04773243796344289,11,2,1459,278,462.3248252120102,130470.69970848702,130645.51375319599,30195.7265625
72,-2.9035325655659534,6.605705062030726e-05,-4.24189514625084e-08,1.2246107133455156e-05,0.0001269236294628916,1.837726350681009e-07,0.04773243796344289,16,3,1459,278,477.76651942601893,130948.46622791304,131123.280272622,30195.7265625
72,-2.9035326058740867,6.604316909160764e-05,-4.0308133275601676e-08,1.2246107133455156e-05,0.0001269236294628916,6.700371410319866e-07,0.04582944299648339,21,4,1480,282,572.7416418159846,131521.20786972903,131696.021914438,30195.7265625
73,-2.9035326058740867,6.604316909160764e-05,-4.0308133275601676e-08,1.239212648648982e-05,0.0001228213981510813,1.0942539371728404e-07,0.04582944299648339,6,1,1480,282,704.5168315370101,132225.72470126604,132400.538745975,30195.7265625
73,-2.9035326058740867,6.604316909160764e-05,-4.0308133275601676e-08,1.239212648648982e-05,0.00010213014451725359,1.780023280408865e-07,0.04582944299648339,11,2,1480,282,408.0386355969822,132633.76333686302,132808.577381572,30195.7265625
73,-2.9035326058740867,6.604316909160764e-05,-4.0308133275601676e-08,1.239212648648982e-05,0.00010512578817064181,1.8971036839750497e-07,0.04582944299648339,16,3,1480,282,427.96298684802605,133061.72632371105,133236.54036842,30195.7265625
73,-2.903532637281073,6.603235298709257e-05,-3.140698634496175e-08,1.239212648648982e-05,0.00010512578817064181,7.866457663719196e-07,0.035415149170335704,21,4,1501,286,476.2742096259608,133538.000533337,133712.81457804597,30195.7265625
74,-2.903532637281073,6.603235298709257e-05,-3.140698634496175e-08,1.1793078269911266e-05,0.0001152008609077668,1.0857118090570328e-07,0.035415149170335704,6,1,1501,286,705.0732781839906,134243.073811521,134417.88785622997,30195.7265625
74,-2.903532637281073,6.603235298709257e-05,-3.140698634496175e-08,1.1793078269911266e-05,9.676551162524872e-05,1.6563872707993474e-07,0.035415149170335704,11,2,1501,286,444.7645412130514,134687.83835273405,134862.65239744302,30195.7265625
74,-2.903532637281073,6.603235298709257e-05,-3.140698634496175e-08,1.1793078269911266e-05,8.941936074115088e-05,1.8855079339939742e-07,0.035415149170335704,16,3,1501,286,467.1047345849802,135154.94308731903,135329.757132028,30195.7265625
74,-2.9035326632612284,6.602340580341155e-05,-2.5980155360372237e-08,1.1793078269911266e-05,8.941936074115088e-05,6.064916750336981e-07,0.02804436598084364,21,4,1522,290,487.70666706800694,135642.64975438704,135817.463799096,30195.7265625
75,-2.9035326632612284,6.602340580341155e-05,-2.5980155360372237e-08,1.3835399288310576e-05,9.126539549685207e-05,1.3387787406530666e-07,0.02804436598084364,6,1,1522,290,627.3884275559685,136270.038181943,136444.85222665197,30195.7265625
75,-2.9035326632612284,6.602340580341155e-05,-2.5980155360372237e-08,1.3835399288310576e-05,8.519241930426302e-05,1.5684265693149602e-07,0.02804436598084364,11,2,1522,290,422.01603391504614,136692.05421585805,136866.86826056702,30195.7265625
75,-2.9035326632612284,6.602340580341155e-05,-2.5980155360372237e-08,1.3835399288310576e-05,8.130617159283357e-05,2.2963171214741194e-07,0.02804436598084364,16,3,1522,290,414.73949644196546,137106.79371230002,137281.60775700898,30195.7265625
75,-2.9035326830466452,6.60165919966271e-05,-1.978541686042945e-08,1.3835399288310576e-05,8.130617159283357e-05,6.61449013707602e-07,0.019941396189080213,21,4,1543,294,511.15735078102443,137617.95106308104,137792.76510779,30195.7265625
76,-2.9035326830466452,6.60165919966271e-05,-1.978541686042945e-08,9.708320387034737e-06,8.74616171378214e-05,1.2678816218310329e-07,0.019941396189080213,6,1,1543,294,734.2225066029932,138352.17356968403,138526.987614393,30195.7265625
76,-2.9035326830466452,6.60165919966271e-05,-1.978541686042945e-08,9.708320387034737e-06,8.183840331779206e-05,1.9553633296135891e-07,0.019941396189080213,11,2,1543,294,422.5160243429709,138774.689594027,138949.50363873597,30195.7265625
76,-2.9035326830466452,6.60165919966271e-05,-1.978541686042945e-08,9.708320387034737e-06,8.960070757841499e-05,2.1138324690580293e-07,0.019941396189080213,16,3,1543,294,425.41554444801295,139200.10513847502,139374.91918318399,30195.7265625
76,-2.9035327033497382,6.600959990979365e-05,-2.0303092984619298e-08,9.708320387034737e-06,8.960070757841499e-05,6.290686594972497e-07,0.017203013343075595,21,4,1564,298,510.3605478720274,139710.46568634704,139885.279731056,30195.7265625
77,-2.9035327033497382,6.600959990979365e-05,-2.0303092984619298e-08,1.4736383335875811e-05,9.211916353713052e-05,1.5925404534703825e-07,0.017203013343075595,6,1,1564,298,709.4070180259878,140419.87270437303,140594.686749082,30195.7265625
77,-2.9035327033497382,6.600959990979365e-05,-2.0303092984619298e-08,1.4736383335875811e-05,8.021869780953552e-05,1.3818190787671589e-07,0.017203013343075595,11,2,1564,298,422.62659563700436,140842.49930001004,141017.313344719,30195.7265625
77,-2.9035327033497382,6.600959990979365e-05,-2.0303092984619298e-08,1.4736383335875811e-05,8.056812548118102e-05,1.8394850972066436e-07,0.017203013343075595,16,3,1564,298,466.4189526239643,141308.918252634,141483.73229734297,30195.7265625
77,-2.903532723486574,6.600266507950683e-05,-2.013683575441405e-08,1.4736383335875811e-05,8.056812548118102e-05,6.299343306077826e-07,0.01909368384136518,21,4,1585,302,535.7877633520402,141844.70601598604,142019.520060695,30195.7265625
78,-2.903532723486574,6.600266507950683e-05,-2.013683575441405e-08,9.219938717208657e-06,9.241820529561647e-05,1.1419661653216958e-07,0.01909368384136518,6,1,1585,302,730.4466853800113,142575.15270136605,142749.96674607502,30195.7265625
78,-2.903532723486574,6.600266507950683e-05,-2.013683575441405e-08,9.219938717208657e-06,8.54668875633786e-05,1.6487831013340752e-07,0.01909368384136518,11,2,1585,302,429.81380079494556,143004.966502161,143179.78054686997,30195.7265625
78,-2.903532723486574,6.600266507950683e-05,-2.013683575441405e-08,9.219938717208657e-06,7.763387091918362e-05,1.574248083744554e-07,0.01909368384136518,16,3,1585,302,457.83403207501397,143462.800534236,143637.61457894498,30195.7265625
78,-2.9035327443123413,6.599549299130949e-05,-2.0825767332866008e-08,9.219938717208657e-06,7.763387091918362e-05,6.490374960442415e-07,0.019766874917806192,21,4,1606,306,502.53401415399276,143965.33454839,144140.14859309897,30195.7265625
79,-2.9035327443123413,6.599549299130949e-05,-2.0825767332866008e-08,1.2426942961273424e-05,8.02507291484279e-05,1.3627351860665282e-07,0.019766874917806192,6,1,1606,306,680.9551636060351,144646.28971199604,144821.103756705,30195.7265625
79,-2.9035327443123413,6.599549299130949e-05,-2.0825767332866008e-08,1.2426942961273424e-05,7.213218648281023e-05,1.3933117089611975e-07,0.019766874917806192,11,2,1606,306,418.0020400210051,145064.29175201704,145239.105796726,30195.7265625
79,-2.9035327443123413,6.599549299130949e-05,-2.0825767332866008e-08,1.2426942961273424e-05,7.459306115887351e-05,2.0404948392347e-07,0.019766874917806192,16,3,1606,306,420.5169536389876,145484.80870565603,145659.622750365,30195.7265625
79,-2.903532761039216,6.598973250154523e-05,-1.6726874552119853e-08,1.2426942961273424e-05,7.459306115887351e-05,6.263493342981817e-07,0.020160903555587452,21,4,1627,310,456.34510779898847,145941.15381345502,146115.967858164,30195.7265625
80,-2.903532761039216,6.598973250154523e-05,-1.6726874552119853e-08,8.215955433817164e-06,8.816061502180865e-05,9.786932802267838e-08,0.020160903555587452,6,1,1627,310,730.2900081120315,146671.44382156705,146846.25786627602,30195.7265625
80,-2.903532761039216,6.598973250154523e-05,-1.6726874552119853e-08,8.215955433817164e-06,7.790518961546e-05,1.3686016946569715e-07,0.020160903555587452,11,2,1627,310,446.2549727889709,147117.69879435602,147292.512839065,30195.7265625
80,-2.903532761039216,6.598973250154523e-05,-1.6726874552119853e-08,8.215955433817164e-06,7.958673417633422e-05,1.5425599705321875e-07,0.020160903555587452,16,3,1627,310,422.8929133960046,147540.59170775203,147715.405752461,30195.7265625
80,-2.903532777469806,6.598407404774994e-05,-1.6430590221716557e-08,8.215955433817164e-06,7.958673417633422e-05,3.8048537057382e-07,0.016410868984265855,21,4,1648,314,488.6692516700132,148029.26095942204,148204.075004131,30195.7265625
81,-2.903532777469806,6.598407404774994e-05,-1.6430590221716557e-08,8.519834857175671e-06,7.671145389368592e-05,9.749909952173649e-08,0.016410868984265855,6,1,1648,314,713.2270067639765,148742.48796618602,148917.302010895,30195.7265625
81,-2.903532777469806,6.598407404774994e-05,-1.6430590221716557e-08,8.519834857175671e-06,6.349828222578661e-05,1.1961680789675523e-07,0.016410868984265855,11,2,1648,314,422.3836427659844,149164.871608952,149339.68565366097,30195.7265625
81,-2.903532777469806,6.598407404774994e-05,-1.6430590221716557e-08,8.519834857175671e-06,7.045587143792822e-05,1.4556557868129928e-07,0.016410868984265855,16,3,1648,314,424.24772657599533,149589.119335528,149763.93338023697,30195.7265625
81,-2.903532790315907,6.597965003933737e-05,-1.2846101071772864e-08,8.519834857175671e-06,7.045587143792822e-05,2.810026213483299e-07,0.012989181899932305,21,4,1669,318,449.1292104720487,150038.24854600005,150213.062590709,30195.7265625
82,-2.903532790315907,6.597965003933737e-05,-1.2846101071772864e-08,6.57301909674223e-06,7.680763618734647e-05,8.867275765705972e-08,0.012989181899932305,6,1,1669,318,659.0897299729986,150697.33827597304,150872.152320682,30195.7265625
82,-2.903532790315907,6.597965003933737e-05,-1.2846101071772864e-08,6.57301909674223e-06,6.159702549118181e-05,1.0729549057192002e-07,0.012989181899932305,11,2,1669,318,412.53542212198954,151109.87369809503,151284.687742804,30195.7265625
82,-2.903532790315907,6.597965003933737e-05,-1.2846101071772864e-08,6.57301909674223e-06,5.446893683543543e-05,1.373851200333767e-07,0.012989181899932305,16,3,1669,318,409.66060975397704,151519.534307849,151694.34835255798,30195.7265625
82,-2.9035328002395175,6.597623249376853e-05,-9.923610377882142e-09,6.57301909674223e-06,5.446893683543543e-05,3.42804745181548e-07,0.010018594975710116,21,4,1690,322,483.97623099799966,152003.510538847,152178.32458355598,30195.7265625
83,-2.9035328002395175,6.597623249376853e-05,-9.923610377882142e-09,5.331732665510128e-06,5.688962243052773e-05,6.041912143279156e-08,0.010018594975710116,6,1,1690,322,644.4361709899968,152647.946709837,152822.76075454598,30195.7265625
83,-2.9035328002395175,6.597623249376853e-05,-9.923610377882142e-09,5.331732665510128e-06,4.888049939566378e-05,8.895555302751163e-08,0.010018594975710116,11,2,1690,322,416.4132655040012,153064.359975341,153239.17402004998,30195.7265625
83,-2.9035328002395175,6.597623249376853e-05,-9.923610377882142e-09,5.331732665510128e-06,5.663743044097732e-05,1.0725361055063958e-07,0.010018594975710116,16,3,1690,322,414.23427199199796,153478.594247333,153653.40829204198,30195.7265625
83,-2.9035328090993318,6.597318130396357e-05,-8.85981421561155e-09,5.331732665510128e-06,5.663743044097732e-05,3.093012440180668e-07,0.01330395290579102,21,4,1711,326,467.3148833240266,153945.90913065703,154120.723175366,30195.7265625
84,-2.9035328090993318,6.597318130396357e-05,-8.85981421561155e-09,6.65025577871705e-06,6.717028506096063e-05,6.38264020093564e-08,0.01330395290579102,6,1,1711,326,646.1082937929896,154592.01742445002,154766.831469159,30195.7265625
84,-2.9035328090993318,6.597318130396357e-05,-8.85981421561155e-09,6.65025577871705e-06,5.963894732063036e-05,7.953057609375042e-08,0.01330395290579102,11,2,1711,326,411.3074630610063,155003.32488751103,155178.13893222,30195.7265625
84,-2.9035328090993318,6.597318130396357e-05,-8.85981421561155e-09,6.65025577871705e-06,5.940095277299643e-05,9.783045390493908e-08,0.01330395290579102,16,3,1711,326,420.6615080619813,155423.986395573,155598.80044028198,30195.7265625
84,-2.9035328201772757,6.596936622289625e-05,-1.1077943895543285e-08,6.65025577871705e-06,5.940095277299643e-05,2.620605278155578e-07,0.012387055261153126,21,4,1732,330,462.0095487739891,155885.995944347,156060.80998905597,30195.7265625
85,-2.9035328201772757,6.596936622289625e-05,-1.1077943895543285e-08,7.396554440059947e-06,7.641102982355832e-05,6.752221567700666e-08,0.012387055261153126,6,1,1732,330,660.5080877160071,156546.504032063,156721.31807677198,30195.7265625
85,-2.9035328201772757,6.596936622289625e-05,-1.1077943895543285e-08,7.396554440059947e-06,6.767173622263006e-05,9.303116803649368e-08,0.012387055261153126,11,2,1732,330,424.7727341040154,156971.27676616702,157146.090810876,30195.7265625
85,-2.9035328201772757,6.596936622289625e-05,-1.1077943895543285e-08,7.396554440059947e-06,6.57505294333663e-05,1.1332190223151407e-07,0.012387055261153126,16,3,1732,330,422.5127747019869,157393.789540869,157568.60358557798,30195.7265625
85,-2.9035328332040002,6.596488001039932e-05,-1.302672458791676e-08,7.396554440059947e-06,6.57505294333663e-05,2.278692535584798e-07,0.015764120721006955,21,4,1753,334,493.967874073016,157887.75741494203,158062.571459651,30195.7265625
86,-2.9035328332040002,6.596488001039932e-05,-1.302672458791676e-08,7.368517071662809e-06,7.62076176295822e-05,5.7630756927782e-08,0.015764120721006955,6,1,1753,334,713.0687471189885,158600.826162061,158775.64020676998,30195.7265625
86,-2.9035328332040002,6.596488001039932e-05,-1.302672458791676e-08,7.368517071662809e-06,6.283059600419041e-05,7.287893289390761e-08,0.015764120721006955,11,2,1753,334,434.0732690260047,159034.89943108702,159209.713475796,30195.7265625
86,-2.9035328332040002,6.596488001039932e-05,-1.302672458791676e-08,7.368517071662809e-06,6.28184070138352e-05,9.896491304160888e-08,0.015764120721006955,16,3,1753,334,423.1888276140089,159458.08825870103,159632.90230341,30195.7265625
86,-2.9035328452419407,6.596073432063706e-05,-1.2037940422260363e-08,7.368517071662809e-06,6.28184070138352e-05,2.001324013265038e-07,0.016581761673164046,21,4,1774,338,507.68854429299245,159965.77680299402,160140.590847703,30195.7265625
87,-2.9035328452419407,6.596073432063706e-05,-1.2037940422260363e-08,7.166412365409881e-06,6.867048823451416e-05,6.219262259129271e-08,0.016581761673164046,6,1,1774,338,721.993892672006,160687.77069566603,160862.584740375,30195.7265625
87,-2.9035328452419407,6.596073432063706e-05,-1.2037940422260363e-08,7.166412365409881e-06,6.208862705086451e-05,7.508565816683213e-08,0.016581761673164046,11,2,1774,338,431.81000769202365,161119.58070335805,161294.39474806702,30195.7265625
87,-2.9035328452419407,6.596073432063706e-05,-1.2037940422260363e-08,7.166412365409881e-06,6.354842661873888e-05,1.091741792967944e-07,0.016581761673164046,16,3,1774,338,420.8835155599518,161540.464218918,161715.27826362697,30195.7265625
87,-2.903532857798936,6.595640987595397e-05,-1.2556995443446795e-08,7.166412365409881e-06,6.354842661873888e-05,2.3414848885776238e-07,0.01496850659940593,21,4,1795,342,467.0257978460286,162007.49001676403,162182.304061473,30195.7265625
88,-2.903532857798936,6.595640987595397e-05,-1.2556995443446795e-08,6.87020672503893e-06,7.005997299149811e-05,6.943510036603338e-08,0.01496850659940593,6,1,1795,342,662.6536904170061,162670.14370718104,162844.95775189,30195.7265625
88,-2.903532857798936,6.595640987595397e-05,-1.2556995443446795e-08,6.87020672503893e-06,5.533614430593156e-05,8.148164008099864e-08,0.01496850659940593,11,2,1795,342,428.72496243100613,163098.86866961204,163273.682714321,30195.7265625
88,-2.903532857798936,6.595640987595397e-05,-1.2556995443446795e-08,6.87020672503893e-06,5.17638493474682e-05,9.889627429543084e-08,0.01496850659940593,16,3,1795,342,425.9255459269625,163524.794215539,163699.60826024797,30195.7265625
88,-2.9035328697837883,6.595228246898774e-05,-1.1984852221758047e-08,6.87020672503893e-06,5.17638493474682e-05,1.9865300207033617e-07,0.01587348479317427,21,4,1816,346,461.948496868019,163986.74271240702,164161.556757116,30195.7265625
89,-2.9035328697837883,6.595228246898774e-05,-1.1984852221758047e-08,7.409050743970851e-06,6.98335916478164e-05,6.485204340523965e-08,0.01587348479317427,6,1,1816,346,685.065062417998,164671.80777482502,164846.621819534,30195.7265625
89,-2.9035328697837883,6.595228246898774e-05,-1.1984852221758047e-08,7.409050743970851e-06,6.055376370556885e-05,9.989156791145971e-08,0.01587348479317427,11,2,1816,346,421.236395068001,165093.04416989302,165267.858214602,30195.7265625
89,-2.9035328697837883,6.595228246898774e-05,-1.1984852221758047e-08,7.409050743970851e-06,6.605981609477519e-05,1.0709099233479724e-07,0.01587348479317427,16,3,1816,346,415.7555406669853,165508.79971056,165683.61375526898,30195.7265625
89,-2.9035328847493673,6.594712854352683e-05,-1.4965578998271667e-08,7.409050743970851e-06,6.605981609477519e-05,2.394900844277652e-07,0.021776776535528414,21,4,1837,350,467.95764807699015,165976.757358637,166151.57140334597,30195.7265625
90,-2.9035328847493673,6.594712854352683e-05,-1.4965578998271667e-08,6.891228163244334e-06,7.653980290302099e-05,7.022361449734962e-08,0.021776776535528414,6,1,1837,350,720.9813502010074,166697.738708838,166872.55275354697,30195.7265625
90,-2.9035328847493673,6.594712854352683e-05,-1.4965578998271667e-08,6.891228163244334e-06,6.381023459432178e-05,8.158617921793692e-08,0.021776776535528414,11,2,1837,350,429.18006784800673,167126.918776686,167301.73282139498,30195.7265625
90,-2.9035328847493673,6.594712854352683e-05,-1.4965578998271667e-08,6.891228163244334e-06,6.374300599255056e-05,1.0422884076820262e-07,0.021776776535528414,16,3,1837,350,438.18893212702824,167565.10770881304,167739.921753522,30195.7265625
90,-2.9035329021264573,6.594114412912214e-05,-1.737708998916787e-08,6.891228163244334e-06,6.374300599255056e-05,1.7286528446264024e-07,0.02640640522649212,21,4,1858,354,441.403143825999,168006.51085263904,168181.324897348,30195.7265625
91,-2.9035329021264573,6.594114412912214e-05,-1.737708998916787e-08,7.84796407015105e-06,8.355513547266535e-05,6.543748990835413e-08,0.02640640522649212,6,1,1858,354,663.5807472100132,168670.09159984905,168844.90564455802,30195.7265625
91,-2.9035329021264573,6.594114412912214e-05,-1.737708998916787e-08,7.84796407015105e-06,7.594503566658201e-05,8.62139622775984e-08,0.02640640522649212,11,2,1858,354,425.2281065399875,169095.31970638904,169270.133751098,30195.7265625
91,-2.9035329021264573,6.594114412912214e-05,-1.737708998916787e-08,7.84796407015105e-06,7.177659705934424e-05,9.380780790915735e-08,0.02640640522649212,16,3,1858,354,422.9588173569646,169518.278523746,169693.09256845497,30195.7265625
91,-2.903532920011403,6.593498481673491e-05,-1.7884945524571094e-08,7.84796407015105e-06,7.177659705934424e-05,1.9045637786624883e-07,0.02799255884076938,21,4,1879,358,507.1838359290268,170025.46235967503,170200.276404384,30195.7265625
92,-2.903532920011403,6.593498481673491e-05,-1.7884945524571094e-08,6.973991976881252e-06,5.998576386014117e-05,6.327175518169624e-08,0.02799255884076938,6,1,1879,358,700.3188669210067,170725.78122659604,170900.595271305,30195.7265625
92,-2.903532920011403,6.593498481673491e-05,-1.7884945524571094e-08,6.973991976881252e-06,5.6367616606949044e-05,7.843181223642647e-08,0.02799255884076938,11,2,1879,358,418.1204979419708,171143.901724538,171318.71576924698,30195.7265625
92,-2.903532920011403,6.593498481673491e-05,-1.7884945524571094e-08,6.973991976881252e-06,5.8349697158601485e-05,1.02124042543459e-07,0.02799255884076938,16,3,1879,358,439.75487320299726,171583.656597741,171758.47064244997,30195.7265625
92,-2.903532931870302,6.593090078613966e-05,-1.1858899195971162e-08,6.973991976881252e-06,5.8349697158601485e-05,1.515313228732085e-07,0.01919720372873752,21,4,1900,362,469.3858741649892,172053.042471906,172227.85651661496,30195.7265625
93,-2.903532931870302,6.593090078613966e-05,-1.1858899195971162e-08,5.277615775847146e-06,5.603384093782895e-05,5.2447831329269424e-08,0.01919720372873752,6,1,1900,362,581.1019389840076,172634.14441089,172808.95845559897,30195.7265625
93,-2.903532931870302,6.593090078613966e-05,-1.1858899195971162e-08,5.277615775847146e-06,4.9040596519191225e-05,7.064598339131235e-08,0.01919720372873752,11,2,1900,362,438.4946662519942,173072.639077142,173247.45312185097,30195.7265625
93,-2.903532931870302,6.593090078613966e-05,-1.1858899195971162e-08,5.277615775847146e-06,4.8731504939946516e-05,9.381824827141192e-08,0.01919720372873752,16,3,1900,362,465.2247992019984,173537.863876344,173712.67792105296,30195.7265625
93,-2.903532940992662,6.5927759179509e-05,-9.122359756474907e-09,5.277615775847146e-06,4.8731504939946516e-05,1.795614644439227e-07,0.014503209917279408,21,4,1921,366,454.1004238060559,173991.96430015005,174166.77834485902,30195.7265625
94,-2.903532940992662,6.5927759179509e-05,-9.122359756474907e-09,6.579390086116713e-06,5.051532078548702e-05,4.0013639484761685e-08,0.014503209917279408,6,1,1921,366,645.3124352909508,174637.276735441,174812.09078014997,30195.7265625
94,-2.903532940992662,6.5927759179509e-05,-9.122359756474907e-09,6.579390086116713e-06,4.633982156106383e-05,6.395969908768479e-08,0.014503209917279408,11,2,1921,366,427.807044835994,175065.083780277,175239.89782498596,30195.7265625
94,-2.903532940992662,6.5927759179509e-05,-9.122359756474907e-09,6.579390086116713e-06,4.819250970081441e-05,8.427078943795861e-08,0.014503209917279408,16,3,1921,366,440.5913264340488,175505.67510671105,175680.48915142,30195.7265625
94,-2.9035329487908257,6.592507360647251e-05,-7.798163892402954e-09,6.579390086116713e-06,4.819250970081441e-05,1.9952582030746895e-07,0.013113377780044127,21,4,1942,370,452.8135897729662,175958.488696484,176133.30274119298,30195.7265625
95,-2.9035329487908257,6.592507360647251e-05,-7.798163892402954e-09,5.747672010029366e-06,5.784834150913909e-05,5.237658308548097e-08,0.013113377780044127,6,1,1942,370,638.5278984500328,176597.01659493404,176771.830639643,30195.7265625
95,-2.9035329487908257,6.592507360647251e-05,-7.798163892402954e-09,5.747672010029366e-06,5.576964868780048e-05,8.333520078124237e-08,0.013113377780044127,11,2,1942,370,452.0117419649614,177049.028336899,177223.84238160797,30195.7265625
95,-2.9035329487908257,6.592507360647251e-05,-7.798163892402954e-09,5.747672010029366e-06,5.0287648869132024e-05,9.871612127161846e-08,0.013113377780044127,16,3,1942,370,453.39945547800744,177502.427792377,177677.24183708598,30195.7265625
95,-2.9035329569499027,6.592226374027648e-05,-8.15907696960494e-09,5.747672010029366e-06,5.0287648869132024e-05,2.0708983378913993e-07,0.01384990063759997,21,4,1963,374,525.5521093499847,178027.979901727,178202.79394643597,30195.7265625
96,-2.9035329569499027,6.592226374027648e-05,-8.15907696960494e-09,6.201845143952716e-06,5.014995452670178e-05,4.622611295849894e-08,0.01384990063759997,6,1,1963,374,752.1741558080539,178780.15405753505,178954.96810224402,30195.7265625
96,-2.9035329569499027,6.592226374027648e-05,-8.15907696960494e-09,6.201845143952716e-06,4.2598825109374306e-05,6.473426469964391e-08,0.01384990063759997,11,2,1963,374,432.2903986359597,179212.444456171,179387.25850087998,30195.7265625
96,-2.9035329569499027,6.592226374027648e-05,-8.15907696960494e-09,6.201845143952716e-06,4.34916229098568e-05,9.673513041097812e-08,0.01384990063759997,16,3,1963,374,435.06623017799575,179647.510686349,179822.32473105798,30195.7265625
96,-2.903532963533962,6.591999628694245e-05,-6.584059519809671e-09,6.201845143952716e-06,4.34916229098568e-05,2.6800927080985485e-07,0.0113938935335376,21,4,1984,378,479.2084338440327,180126.71912019304,180301.533164902,30195.7265625
97,-2.903532963533962,6.591999628694245e-05,-6.584059519809671e-09,4.4225302803724964e-06,4.986028130086482e-05,5.9243936711046463e-08,0.0113938935335376,6,1,1984,378,787.9659259459586,180914.685046139,181089.49909084797,30195.7265625
97,-2.903532963533962,6.591999628694245e-05,-6.584059519809671e-09,4.4225302803724964e-06,4.215502389761804e-05,6.474451979761072e-08,0.0113938935335376,11,2,1984,378,430.98365383804776,181345.66869997705,181520.482744686,30195.7265625
97,-2.903532963533962,6.591999628694245e-05,-6.584059519809671e-09,4.4225302803724964e-06,3.990698583682491e-05,9.389268168578166e-08,0.0113938935335376,16,3,1984,378,396.46580467099557,181742.13450464804,181916.948549357,30195.7265625
97,-2.903532969560907,6.59179206957573e-05,-6.026944721071459e-09,4.4225302803724964e-06,3.990698583682491e-05,1.8639991995322883e-07,0.010597692598427584,21,4,2005,382,452.6731868389761,182194.80769148702,182369.621736196,30195.7265625
98,-2.903532969560907,6.59179206957573e-05,-6.026944721071459e-09,4.762958659604194e-06,4.4568377912921853e-05,5.516272386447765e-08,0.010597692598427584,6,1,2005,382,704.9153547580354,182899.72304624505,183074.53709095402,30195.7265625
98,-2.903532969560907,6.59179206957573e-05,-6.026944721071459e-09,4.762958659604194e-06,4.0920563791065646e-05,6.006504013990462e-08,0.010597692598427584,11,2,2005,382,434.6633767259773,183334.38642297103,183509.20046768,30195.7265625
98,-2.903532969560907,6.59179206957573e-05,-6.026944721071459e-09,4.762958659604194e-06,4.306904564337815e-05,9.044852911636734e-08,0.010597692598427584,16,3,2005,382,421.8079495439888,183756.19437251502,183931.008417224,30195.7265625
98,-2.903532975514949,6.591587021114682e-05,-5.954042148204053e-09,4.762958659604194e-06,4.306904564337815e-05,2.2249048263182663e-07,0.0134174887875062,21,4,2026,386,454.2543072309927,184210.448679746,184385.26272445498,30195.7265625
99,-2.903532975514949,6.591587021114682e-05,-5.954042148204053e-09,4.759409075514746e-06,4.878357524780843e-05,6.03008674406824e-08,0.0134174887875062,6,1,2026,386,648.6910303930053,184859.13971013902,185033.953754848,30195.7265625
99,-2.903532975514949,6.591587021114682e-05,-5.954042148204053e-09,4.759409075514746e-06,4.260048799456618e-05,7.019028730048987e-08,0.0134174887875062,11,2,2026,386,452.8207297530025,185311.96043989202,185486.774484601,30195.7265625
99,-2.903532975514949,6.591587021114682e-05,-5.954042148204053e-09,4.759409075514746e-06,4.1427117594370387e-05,9.27344856313784e-08,0.0134174887875062,16,3,2026,386,467.06823870301014,185779.02867859503,185953.842723304,30195.7265625
99,-2.903532981476218,6.591381723777956e-05,-5.961268811915943e-09,4.759409075514746e-06,4.1427117594370387e-05,1.836448527204345e-07,0.01297535527687435,21,4,2047,390,475.77270394796506,186254.801382543,186429.61542725196,30195.7265625
100,-2.903532981476218,6.591381723777956e-05,-5.961268811915943e-09,4.698144548207649e-06,4.508585443993141e-05,4.598798838071971e-08,0.01297535527687435,6,1,2047,390,662.650280404021,186917.45166294702,187092.26570765598,30195.7265625
100,-2.903532981476218,6.591381723777956e-05,-5.961268811915943e-09,4.698144548207649e-06,4.2620458736146775e-05,6.207309240329942e-08,0.01297535527687435,11,2,2047,390,474.612781991018,187392.06444493803,187566.878489647,30195.7265625
100,-2.903532981476218,6.591381723777956e-05,-5.961268811915943e-09,4.698144548207649e-06,4.669318729196849e-05,9.041451847060008e-08,0.01297535527687435,16,3,2047,390,454.5538216109853,187846.61826654902,188021.432311258,30195.7265625
100,-2.9035329877781777,6.591164693542831e-05,-6.301959842858196e-09,4.698144548207649e-06,4.669318729196849e-05,2.3722472458372972e-07,0.012664207341938011,21,4,2068,394,516.2090375830303,188362.82730413205,188537.64134884102,30195.7265625
101,-2.9035329877781777,6.591164693542831e-05,-6.301959842858196e-09,5.1745727253988446e-06,5.781744765698049e-05,4.673723259505464e-08,0.012664207341938011,6,1,2068,394,774.1495266949642,189136.976830827,189311.79087553598,30195.7265625
101,-2.9035329877781777,6.591164693542831e-05,-6.301959842858196e-09,5.1745727253988446e-06,5.31925356346443e-05,7.756699963729281e-08,0.012664207341938011,11,2,2068,394,426.8439253140241,189563.82075614104,189738.63480085,30195.7265625
101,-2.9035329877781777,6.591164693542831e-05,-6.301959842858196e-09,5.1745727253988446e-06,5.803424674929984e-05,1.0361419747263825e-07,0.012664207341938011,16,3,2068,394,422.04000799095957,189985.860764132,190160.67480884097,30195.7265625
101,-2.903532996630622,6.590859828377902e-05,-8.852444111084878e-09,5.1745727253988446e-06,5.803424674929984e-05,2.3674181004453746e-07,0.019967851057882388,21,4,2089,398,514.3258778840536,190500.18664201605,190675.00068672502,30195.7265625
102,-2.903532996630622,6.590859828377902e-05,-8.852444111084878e-09,7.022246776830892e-06,7.539949724356029e-05,6.893697764316428e-08,0.019967851057882388,6,1,2089,398,691.1621010919916,191191.34874310804,191366.162787817,30195.7265625
102,-2.903532996630622,6.590859828377902e-05,-8.852444111084878e-09,7.022246776830892e-06,6.600035029324715e-05,1.0646249594990404e-07,0.019967851057882388,11,2,2089,398,415.62649999797577,191606.97524310602,191781.789287815,30195.7265625
102,-2.903532996630622,6.590859828377902e-05,-8.852444111084878e-09,7.022246776830892e-06,7.304833089909183e-05,1.4508089434370685e-07,0.019967851057882388,16,3,2089,398,437.36815328500234,192044.34339639102,192219.1574411,30195.7265625
102,-2.903533009054123,6.590431981250364e-05,-1.2423501338787446e-08,7.022246776830892e-06,7.304833089909183e-05,2.7829898114128124e-07,0.02975422849854906,21,4,2110,402,440.7401943259756,192485.083590717,192659.89763542596,30195.7265625
103,-2.903533009054123,6.590431981250364e-05,-1.2423501338787446e-08,6.159186205625935e-06,7.704258243180595e-05,7.82259770335674e-08,0.02975422849854906,6,1,2110,402,788.0840453040437,193273.16763602104,193447.98168073,30195.7265625
103,-2.903533009054123,6.590431981250364e-05,-1.2423501338787446e-08,6.159186205625935e-06,6.414942630086951e-05,1.1750823176540671e-07,0.02975422849854906,11,2,2110,402,439.31002835999243,193712.47766438103,193887.29170909,30195.7265625
103,-2.903533009054123,6.590431981250364e-05,-1.2423501338787446e-08,6.159186205625935e-06,6.52602935836901e-05,1.4674287691734346e-07,0.02975422849854906,16,3,2110,402,398.3508555699955,194110.82851995103,194285.64256466,30195.7265625
103,-2.9035330212096784,6.59001336179305e-05,-1.2155555229043102e-08,6.159186205625935e-06,6.52602935836901e-05,2.712370813555742e-07,0.03087672491652196,21,4,2131,406,521.3884568139911,194632.21697676502,194807.031021474,30195.7265625
104,-2.9035330212096784,6.59001336179305e-05,-1.2155555229043102e-08,7.227988233994191e-06,7.172653398464288e-05,8.349769536495381e-08,0.03087672491652196,6,1,2131,406,720.2095877900138,195352.42656455503,195527.240609264,30195.7265625
104,-2.9035330212096784,6.59001336179305e-05,-1.2155555229043102e-08,7.227988233994191e-06,6.238830226131648e-05,1.0334800759630667e-07,0.03087672491652196,11,2,2131,406,453.2422986449674,195805.6688632,195980.48290790897,30195.7265625
104,-2.9035330212096784,6.59001336179305e-05,-1.2155555229043102e-08,7.227988233994191e-06,7.023160219285851e-05,1.3796450541185022e-07,0.03087672491652196,16,3,2131,406,464.08535872702487,196269.75422192703,196444.568266636,30195.7265625
104,-2.9035330337024536,6.589583128973519e-05,-1.2492775258721167e-08,7.227988233994191e-06,7.023160219285851e-05,2.655943113516793e-07,0.03380771640781989,21,4,2152,410,499.3571791020222,196769.11140102905,196943.92544573802,30195.7265625
105,-2.9035330337024536,6.589583128973519e-05,-1.2492775258721167e-08,6.727798914866917e-06,7.30391049501462e-05,8.784608358767493e-08,0.03380771640781989,6,1,2152,410,756.3037042779615,197525.415105307,197700.22915001598,30195.7265625
105,-2.9035330337024536,6.589583128973519e-05,-1.2492775258721167e-08,6.727798914866917e-06,6.452052266946592e-05,1.0250998402378948e-07,0.03380771640781989,11,2,2152,410,427.0407055290416,197952.45581083605,198127.26985554502,30195.7265625
105,-2.9035330337024536,6.589583128973519e-05,-1.2492775258721167e-08,6.727798914866917e-06,6.855688489861132e-05,1.267915715354844e-07,0.03380771640781989,16,3,2152,410,417.46246240398614,198369.91827324004,198544.732317949,30195.7265625
105,-2.903533046108446,6.589155884833833e-05,-1.2405992233510688e-08,6.727798914866917e-06,6.855688489861132e-05,2.2352217670431524e-07,0.03532469946331604,21,4,2173,414,479.6685715150088,198849.58684475505,199024.400889464,30195.7265625
106,-2.903533046108446,6.589155884833833e-05,-1.2405992233510688e-08,6.598026066160006e-06,6.732251010686882e-05,7.823879440621459e-08,0.03532469946331604,6,1,2173,414,642.4315246039769,199492.01836935902,199666.832414068,30195.7265625
106,-2.903533046108446,6.589155884833833e-05,-1.2405992233510688e-08,6.598026066160006e-06,5.6770676299028986e-05,1.1777665830670665e-07,0.03532469946331604,11,2,2173,414,448.2593519890215,199940.27772134804,200115.091766057,30195.7265625
106,-2.903533046108446,6.589155884833833e-05,-1.2405992233510688e-08,6.598026066160006e-06,5.718177066694343e-05,1.3410113810356716e-07,0.03532469946331604,16,3,2173,414,480.1398728189524,200420.417594167,200595.23163887596,30195.7265625
106,-2.9035330564453545,6.588799896891447e-05,-1.033690866236725e-08,6.598026066160006e-06,5.718177066694343e-05,2.3749845200341492e-07,0.03172010274978007,21,4,2194,418,550.8118674900034,200971.229461657,201146.04350636597,30195.7265625
107,-2.9035330564453545,6.588799896891447e-05,-1.033690866236725e-08,5.78245164590423e-06,6.0642730063044706e-05,5.6491224052506895e-08,0.03172010274978007,6,1,2194,418,875.0784645750537,201846.30792623205,202021.12197094102,30195.7265625
107,-2.9035330564453545,6.588799896891447e-05,-1.033690866236725e-08,5.78245164590423e-06,5.125221220592849e-05,7.96523612662375e-08,0.03172010274978007,11,2,2194,418,501.8193666289444,202348.127292861,202522.94133756997,30195.7265625
107,-2.9035330564453545,6.588799896891447e-05,-1.033690866236725e-08,5.78245164590423e-06,5.121812128857007e-05,9.502777253104356e-08,0.03172010274978007,16,3,2194,418,487.582513158035,202835.70980601903,203010.523850728,30195.7265625
107,-2.903533066087803,6.588467825132378e-05,-9.64244861734187e-09,5.78245164590423e-06,5.121812128857007e-05,2.1390702491362098e-07,0.03138387921894856,21,4,2215,422,515.4609398070024,203351.17074582604,203525.984790535,30195.7265625
108,-2.903533066087803,6.588467825132378e-05,-9.64244861734187e-09,5.743471754318542e-06,6.493209729596114e-05,7.522996912832369e-08,0.03138387921894856,6,1,2215,422,636.9150568969781,203988.085802723,204162.89984743198,30195.7265625
108,-2.903533066087803,6.588467825132378e-05,-9.64244861734187e-09,5.743471754318542e-06,5.158176528385709e-05,9.240642761462752e-08,0.03138387921894856,11,2,2215,422,404.6242271300289,204392.71002985304,204567.524074562,30195.7265625
108,-2.903533066087803,6.588467825132378e-05,-9.64244861734187e-09,5.743471754318542e-06,5.4562020953872755e-05,1.0754353383765701e-07,0.03138387921894856,16,3,2215,422,437.7088404679671,204830.418870321,205005.23291502998,30195.7265625
108,-2.9035330764627076,6.588110528669492e-05,-1.0374904491072812e-08,5.743471754318542e-06,5.4562020953872755e-05,3.4149131903077714e-07,0.035556278538814,21,4,2236,426,481.23514277802315,205311.65401309903,205486.468057808,30195.7265625
109,-2.9035330764627076,6.588110528669492e-05,-1.0374904491072812e-08,6.18359684134603e-06,6.481693581522307e-05,7.28653148951786e-08,0.035556278538814,6,1,2236,426,565.431693179009,205877.08570627804,206051.899750987,30195.7265625
109,-2.9035330764627076,6.588110528669492e-05,-1.0374904491072812e-08,6.18359684134603e-06,5.51096836871191e-05,9.62310477084132e-08,0.035556278538814,11,2,2236,426,408.3716645480017,206285.45737082604,206460.271415535,30195.7265625
109,-2.9035330764627076,6.588110528669492e-05,-1.0374904491072812e-08,6.18359684134603e-06,5.601269871175599e-05,1.1735426832763981e-07,0.035556278538814,16,3,2236,426,451.3879830639926,206736.84535389004,206911.659398599,30195.7265625
109,-2.9035330875008043,6.587730392843027e-05,-1.1038096658921859e-08,6.18359684134603e-06,5.601269871175599e-05,2.2970099014898395e-07,0.03893885898986968,21,4,2257,430,469.2056136360043,207206.05096752604,207380.865012235,30195.7265625
110,-2.9035330875008043,6.587730392843027e-05,-1.1038096658921859e-08,6.209782297122905e-06,6.07207129881862e-05,7.161698533708797e-08,0.03893885898986968,6,1,2257,430,772.323074342974,207978.374041869,208153.18808657798,30195.7265625
110,-2.9035330875008043,6.587730392843027e-05,-1.1038096658921859e-08,6.209782297122905e-06,5.325573974825146e-05,7.927816894773514e-08,0.03893885898986968,11,2,2257,430,466.2326798409922,208444.60672171,208619.42076641897,30195.7265625
110,-2.9035330875008043,6.587730392843027e-05,-1.1038096658921859e-08,6.209782297122905e-06,5.201571324996596e-05,8.220145811797511e-08,0.03893885898986968,16,3,2257,430,472.29900611104676,208916.90572782105,209091.71977253002,30195.7265625
110,-2.9035330979088627,6.587371954607723e-05,-1.0408058415123378e-08,6.209782297122905e-06,5.201571324996596e-05,2.587557191715894e-07,0.03677640057449523,21,4,2278,434,454.6500455229543,209371.555773344,209546.36981805298,30195.7265625
111,-2.9035330979088627,6.587371954607723e-05,-1.0408058415123378e-08,5.684248066663823e-06,5.655932422208547e-05,6.567322401372883e-08,0.03677640057449523,6,1,2278,434,714.3666371530271,210085.92241049703,210260.736455206,30195.7265625
111,-2.9035330979088627,6.587371954607723e-05,-1.0408058415123378e-08,5.684248066663823e-06,4.841405227150082e-05,8.046847134422551e-08,0.03677640057449523,11,2,2278,434,422.5089518239838,210508.43136232102,210683.24540703,30195.7265625
111,-2.9035330979088627,6.587371954607723e-05,-1.0408058415123378e-08,5.684248066663823e-06,4.650694167482599e-05,8.863583637364437e-08,0.03677640057449523,16,3,2278,434,423.9226796969888,210932.354042018,211107.16808672698,30195.7265625
111,-2.9035331066987737,6.587069242990506e-05,-8.789911021267471e-09,5.684248066663823e-06,4.650694167482599e-05,2.4185369505350884e-07,0.03113250416699898,21,4,2299,438,457.87779100000625,211390.231833018,211565.04587772698,30195.7265625
112,-2.9035331066987737,6.587069242990506e-05,-8.789911021267471e-09,4.805066537411805e-06,5.749228906411735e-05,5.401115287239979e-08,0.03113250416699898,6,1,2299,438,708.824720826,212099.056553844,212273.87059855298,30195.7265625
112,-2.9035331066987737,6.587069242990506e-05,-8.789911021267471e-09,4.805066537411805e-06,4.460371447179885e-05,6.612445781750969e-08,0.03113250416699898,11,2,2299,438,417.6245292859967,212516.68108313,212691.49512783898,30195.7265625
112,-2.9035331066987737,6.587069242990506e-05,-8.789911021267471e-09,4.805066537411805e-06,4.563219258456257e-05,8.509501039094002e-08,0.03113250416699898,16,3,2299,438,438.70962416601833,212955.39070729603,213130.204752005,30195.7265625
112,-2.90353311457973,6.586797834436914e-05,-7.88095633197372e-09,4.805066537411805e-06,4.563219258456257e-05,1.586931703311051e-07,0.027232975001454746,21,4,2320,442,483.3932971449685,213438.784004441,213613.59804914996,30195.7265625
113,-2.90353311457973,6.586797834436914e-05,-7.88095633197372e-09,4.601187823519489e-06,4.8361978461228395e-05,5.0962030208969566e-08,0.027232975001454746,6,1,2320,442,755.7521862090216,214194.53619065002,214369.350235359,30195.7265625
113,-2.90353311457973,6.586797834436914e-05,-7.88095633197372e-09,4.601187823519489e-06,4.423271233643191e-05,6.523334984779345e-08,0.027232975001454746,11,2,2320,442,508.8805672490271,214703.41675789905,214878.230802608,30195.7265625
113,-2.90353311457973,6.586797834436914e-05,-7.88095633197372e-09,4.601187823519489e-06,4.340023559295868e-05,7.10500544685144e-08,0.027232975001454746,16,3,2320,442,442.0496318829828,215145.46638978203,215320.280434491,30195.7265625
113,-2.903533121829069,6.586548177859166e-05,-7.249338906945013e-09,4.601187823519489e-06,4.340023559295868e-05,2.1280540116953063e-07,0.02459855619345075,21,4,2341,446,497.36543183401227,215642.83182161604,215817.645866325,30195.7265625
114,-2.903533121829069,6.586548177859166e-05,-7.249338906945013e-09,4.38882540622978e-06,4.5442960232392484e-05,4.963537102226177e-08,0.02459855619345075,6,1,2341,446,632.8228128249757,216275.65463444102,216450.46867914998,30195.7265625
114,-2.903533121829069,6.586548177859166e-05,-7.249338906945013e-09,4.38882540622978e-06,4.041357593728767e-05,6.765119515812747e-08,0.02459855619345075,11,2,2341,446,431.3063272470026,216706.96096168802,216881.775006397,30195.7265625
114,-2.903533121829069,6.586548177859166e-05,-7.249338906945013e-09,4.38882540622978e-06,3.8216615073794795e-05,8.071629119443623e-08,0.02459855619345075,16,3,2341,446,433.49390967399813,217140.45487136202,217315.26891607099,30195.7265625
114,-2.9035331286315937,6.586313908903768e-05,-6.8025247657033105e-09,4.38882540622978e-06,3.8216615073794795e-05,2.357131342011587e-07,0.022971115938788537,21,4,2362,450,419.01150678802514,217559.46637815004,217734.280422859,30195.7265625
115,-2.9035331286315937,6.586313908903768e-05,-6.8025247657033105e-09,5.77308446736453e-06,5.015745331856414e-05,5.106343528318973e-08,0.022971115938788537,6,1,2362,450,721.3813277299632,218280.84770588,218455.66175058897,30195.7265625
115,-2.9035331286315937,6.586313908903768e-05,-6.8025247657033105e-09,5.77308446736453e-06,4.415182101429729e-05,7.300383944161578e-08,0.022971115938788537,11,2,2362,450,436.04076433501905,218716.88847021502,218891.702514924,30195.7265625
115,-2.9035331286315937,6.586313908903768e-05,-6.8025247657033105e-09,5.77308446736453e-06,4.5281579120888576e-05,8.597927436375427e-08,0.022971115938788537,16,3,2362,450,430.69574065401684,219147.58421086904,219322.398255578,30195.7265625
115,-2.903533136351939,6.586048031559726e-05,-7.720345251982508e-09,5.77308446736453e-06,4.5281579120888576e-05,3.082683218147152e-07,0.025361861687882545,21,4,2383,454,429.4408191239927,219577.02502999303,219751.839074702,30195.7265625
116,-2.903533136351939,6.586048031559726e-05,-7.720345251982508e-09,4.8279088232510406e-06,5.1682344856761316e-05,5.304856472236505e-08,0.025361861687882545,6,1,2383,454,641.8294116199831,220218.85444161302,220393.66848632199,30195.7265625
116,-2.903533136351939,6.586048031559726e-05,-7.720345251982508e-09,4.8279088232510406e-06,4.51006539880933e-05,6.460666726220107e-08,0.025361861687882545,11,2,2383,454,402.8571026860154,220621.71154429903,220796.525589008,30195.7265625
116,-2.903533136351939,6.586048031559726e-05,-7.720345251982508e-09,4.8279088232510406e-06,4.336898402554972e-05,7.781812771145139e-08,0.025361861687882545,16,3,2383,454,408.0931591069675,221029.804703406,221204.61874811497,30195.7265625
116,-2.9035331436630685,6.585796247005468e-05,-7.311129479603551e-09,4.8279088232510406e-06,4.336898402554972e-05,2.6645127807530974e-07,0.023104624374835122,21,4,2404,458,451.6389779060264,221481.44368131203,221656.257726021,30195.7265625
117,-2.9035331436630685,6.585796247005468e-05,-7.311129479603551e-09,4.716520350614105e-06,5.052453862549174e-05,5.3010834862614354e-08,0.023104624374835122,6,1,2404,458,588.420946476981,222069.864627789,222244.67867249798,30195.7265625
117,-2.9035331436630685,6.585796247005468e-05,-7.311129479603551e-09,4.716520350614105e-06,4.3324648046222425e-05,6.659116091193555e-08,0.023104624374835122,11,2,2404,458,414.45182529004524,222484.31645307905,222659.13049778802,30195.7265625
117,-2.9035331436630685,6.585796247005468e-05,-7.311129479603551e-09,4.716520350614105e-06,4.238156221151672e-05,8.879808409383985e-08,0.023104624374835122,16,3,2404,458,424.12207594595384,222908.438529025,223083.25257373397,30195.7265625
117,-2.9035331502310555,6.58557005518454e-05,-6.567987043126777e-09,4.716520350614105e-06,4.238156221151672e-05,2.715526330338164e-07,0.019766269067290055,21,4,2425,462,424.5887913350016,223333.02732036,223507.84136506898,30195.7265625
118,-2.9035331502310555,6.58557005518454e-05,-6.567987043126777e-09,4.156741970316954e-06,4.7250836725641244e-05,5.300662075159492e-08,0.019766269067290055,6,1,2425,462,624.720214853005,223957.747535213,224132.56157992198,30195.7265625
118,-2.9035331502310555,6.58557005518454e-05,-6.567987043126777e-09,4.156741970316954e-06,4.20946662919541e-05,6.623945707203189e-08,0.019766269067290055,11,2,2425,462,431.95816500502406,224389.70570021804,224564.519744927,30195.7265625
118,-2.9035331502310555,6.58557005518454e-05,-6.567987043126777e-09,4.156741970316954e-06,4.244415213289578e-05,8.874901949884363e-08,0.019766269067290055,16,3,2425,462,422.04100246098824,224811.74670267903,224986.560747388,30195.7265625
118,-2.9035331559577,6.585372837964571e-05,-5.726644491943489e-09,4.156741970316954e-06,4.244415213289578e-05,1.9282174598549761e-07,0.016172451424355444,21,4,2446,466,435.86008534999564,225247.60678802902,225422.420832738,30195.7265625
119,-2.9035331559577,6.585372837964571e-05,-5.726644491943489e-09,3.177776953289375e-06,4.660574405445672e-05,4.4703024023988345e-08,0.016172451424355444,6,1,2446,466,679.2579135890119,225926.86470161803,226101.678746327,30195.7265625
119,-2.9035331559577,6.585372837964571e-05,-5.726644491943489e-09,3.177776953289375e-06,4.229142784279861e-05,6.290354500438509e-08,0.016172451424355444,11,2,2446,466,422.3671058610198,226349.23180747905,226524.04585218802,30195.7265625
119,-2.9035331559577,6.585372837964571e-05,-5.726644491943489e-09,3.177776953289375e-06,4.0965066725677573e-05,7.994501223546925e-08,0.016172451424355444,16,3,2446,466,403.63206322095357,226752.8638707,226927.67791540897,30195.7265625
119,-2.903533161081455,6.585196383365836e-05,-5.123755197899982e-09,3.177776953289375e-06,4.0965066725677573e-05,2.7219061563410725e-07,0.013853298924324412,21,4,2467,470,411.45058637904003,227164.31445707905,227339.128501788,30195.7265625
120,-2.903533161081455,6.585196383365836e-05,-5.123755197899982e-09,3.373982186894281e-06,4.263207405386507e-05,4.1042886993473015e-08,0.013853298924324412,6,1,2467,470,555.5129212779575,227719.827378357,227894.64142306597,30195.7265625
120,-2.903533161081455,6.585196383365836e-05,-5.123755197899982e-09,3.373982186894281e-06,3.693333000108042e-05,5.364448910692825e-08,0.013853298924324412,11,2,2467,470,385.81117140100105,228105.638549758,228280.45259446697,30195.7265625
120,-2.903533161081455,6.585196383365836e-05,-5.123755197899982e-09,3.373982186894281e-06,3.849986039067754e-05,6.212172150725885e-08,0.013853298924324412,16,3,2467,470,385.7158930900041,228491.354442848,228666.16848755698,30195.7265625
120,-2.903533165562351,6.585042067904976e-05,-4.48089565452392e-09,3.373982186894281e-06,3.849986039067754e-05,2.2694237502053325e-07,0.01260416809075183,21,4,2488,474,405.2332026180229,228896.58764546603,229071.401690175,30195.7265625
121,-2.903533165562351,6.585042067904976e-05,-4.48089565452392e-09,3.014110857005751e-06,4.679313471035003e-05,3.7337615759678426e-08,0.01260416809075183,6,1,2488,474,554.2890289889765,229450.876674455,229625.69071916398,30195.7265625
121,-2.903533165562351,6.585042067904976e-05,-4.48089565452392e-09,3.014110857005751e-06,3.945881424485268e-05,4.940316868768958e-08,0.01260416809075183,11,2,2488,474,385.26953266200144,229836.146207117,230010.96025182598,30195.7265625
121,-2.903533165562351,6.585042067904976e-05,-4.48089565452392e-09,3.014110857005751e-06,3.679147383991508e-05,6.395048496899055e-08,0.01260416809075183,16,3,2488,474,390.93355983903166,230227.07976695604,230401.893811665,30195.7265625
121,-2.903533169798707,6.584896174025092e-05,-4.2363561547631434e-09,3.014110857005751e-06,3.679147383991508e-05,1.9645782680028253e-07,0.012291106185324982,21,4,2509,478,386.055331971962,230613.135098928,230787.94914363697,30195.7265625
122,-2.903533169798707,6.584896174025092e-05,-4.2363561547631434e-09,3.2226546397721395e-06,4.35524716834762e-05,3.7357368256603615e-08,0.012291106185324982,6,1,2509,478,561.619407301012,231174.75450622902,231349.56855093798,30195.7265625
122,-2.903533169798707,6.584896174025092e-05,-4.2363561547631434e-09,3.2226546397721395e-06,3.383684159115659e-05,4.6800959097375305e-08,0.012291106185324982,11,2,2509,478,384.5284477539826,231559.282953983,231734.09699869197,30195.7265625
122,-2.903533169798707,6.584896174025092e-05,-4.2363561547631434e-09,3.2226546397721395e-06,3.281746023237677e-05,5.851007034627311e-08,0.012291106185324982,16,3,2509,478,387.2906530140317,231946.57360699703,232121.387651706,30195.7265625
122,-2.903533173285188,6.584776104747535e-05,-3.486480881775833e-09,3.2226546397721395e-06,3.281746023237677e-05,2.119999723780858e-07,0.010308504194680863,21,4,2530,482,387.53625712398207,232334.109864121,232508.92390882998,30195.7265625
123,-2.903533173285188,6.584776104747535e-05,-3.486480881775833e-09,3.4736134503040094e-06,3.4825308580109984e-05,3.9066546348045285e-08,0.010308504194680863,6,1,2530,482,555.827836144017,232889.93770026503,233064.751744974,30195.7265625
123,-2.903533173285188,6.584776104747535e-05,-3.486480881775833e-09,3.4736134503040094e-06,2.711886997126123e-05,4.401411272534076e-08,0.010308504194680863,11,2,2530,482,388.13656818901654,233278.07426845405,233452.888313163,30195.7265625
123,-2.903533173285188,6.584776104747535e-05,-3.486480881775833e-09,3.4736134503040094e-06,2.8710425869990824e-05,5.9039482166884746e-08,0.010308504194680863,16,3,2530,482,386.8505568779656,233664.924825332,233839.73887004098,30195.7265625
123,-2.9035331760779,6.584679927840878e-05,-2.7927122836501894e-09,3.4736134503040094e-06,2.8710425869990824e-05,1.3193137538647067e-07,0.008088780190414596,21,4,2551,486,387.6108829510049,234052.53570828302,234227.34975299198,30195.7265625
124,-2.9035331760779,6.584679927840878e-05,-2.7927122836501894e-09,2.937050339107189e-06,3.22994388887714e-05,3.447277292094882e-08,0.008088780190414596,6,1,2551,486,556.7549824850284,234609.29069076804,234784.104735477,30195.7265625
124,-2.9035331760779,6.584679927840878e-05,-2.7927122836501894e-09,2.937050339107189e-06,2.7688333352406188e-05,4.266687510232966e-08,0.008088780190414596,11,2,2551,486,388.3902626899653,234997.680953458,235172.49499816698,30195.7265625
124,-2.9035331760779,6.584679927840878e-05,-2.7927122836501894e-09,2.937050339107189e-06,2.898344255041744e-05,5.063808998335783e-08,0.008088780190414596,16,3,2551,486,387.33490616001654,235385.01585961803,235559.829904327,30195.7265625
124,-2.9035331787326157,6.584588503338626e-05,-2.654715558492171e-09,2.937050339107189e-06,2.898344255041744e-05,1.0073330882863022e-07,0.0076652717216004205,21,4,2572,490,386.0981361559825,235771.113995774,235945.92804048298,30195.7265625
125,-2.9035331787326157,6.584588503338626e-05,-2.654715558492171e-09,3.111250159141759e-06,3.51254948368541e-05,3.494211414794516e-08,0.0076652717216004205,6,1,2572,490,554.1252297899919,236325.239225564,236500.05327027297,30195.7265625
125,-2.9035331787326157,6.584588503338626e-05,-2.654715558492171e-09,3.111250159141759e-06,3.306785473477184e-05,4.06285043890377e-08,0.0076652717216004205,11,2,2572,490,387.8043831170071,236713.043608681,236887.85765338998,30195.7265625
125,-2.9035331787326157,6.584588503338626e-05,-2.654715558492171e-09,3.111250159141759e-06,3.31978908930156e-05,5.8123221733199724e-08,0.0076652717216004205,16,3,2572,490,389.69256674003555,237102.73617542104,237277.55022013,30195.7265625
125,-2.903533181801236,6.584482824559569e-05,-3.068620468837935e-09,3.111250159141759e-06,3.31978908930156e-05,9.194157273445016e-08,0.008589101340029704,21,4,2593,494,384.4523755600094,237487.18855098105,237662.00259569002,30195.7265625
126,-2.903533181801236,6.584482824559569e-05,-3.068620468837935e-09,3.0458234848806265e-06,3.4378478841404924e-05,3.363938377672255e-08,0.008589101340029704,6,1,2593,494,555.4342521409853,238042.62280312204,238217.436847831,30195.7265625
126,-2.903533181801236,6.584482824559569e-05,-3.068620468837935e-09,3.0458234848806265e-06,2.9662043699658775e-05,4.4016904934093825e-08,0.008589101340029704,11,2,2593,494,385.77715859696036,238428.399961719,238603.21400642797,30195.7265625
126,-2.903533181801236,6.584482824559569e-05,-3.068620468837935e-09,3.0458234848806265e-06,3.085332981731068e-05,5.3020934864024336e-08,0.008589101340029704,16,3,2593,494,385.7897501810221,238814.18971190002,238989.003756609,30195.7265625
126,-2.903533184780062,6.58438023818277e-05,-2.978825630606252e-09,3.0458234848806265e-06,3.085332981731068e-05,8.627457285239995e-08,0.008329645343060176,21,4,2614,498,386.37227654102026,239200.56198844104,239375.37603315,30195.7265625
127,-2.903533184780062,6.58438023818277e-05,-2.978825630606252e-09,2.695162912306013e-06,3.70192637465212e-05,3.304227141284655e-08,0.008329645343060176,6,1,2614,498,558.3975966249709,239758.959585066,239933.77362977498,30195.7265625
127,-2.903533184780062,6.58438023818277e-05,-2.978825630606252e-09,2.695162912306013e-06,2.8931318802571176e-05,4.210760209353036e-08,0.008329645343060176,11,2,2614,498,385.18331711698556,240144.142902183,240318.95694689197,30195.7265625
127,-2.903533184780062,6.58438023818277e-05,-2.978825630606252e-09,2.695162912306013e-06,3.0128608230660865e-05,5.3177283937922734e-08,0.008329645343060176,16,3,2614,498,388.6962001780048,240532.839102361,240707.65314706997,30195.7265625
127,-2.90353318755389,6.584284711613509e-05,-2.7738282781797352e-09,2.695162912306013e-06,3.0128608230660865e-05,1.028925432020022e-07,0.007983783420900024,21,4,2635,502,385.3468868890195,240918.18598925002,241093.000033959,30195.7265625
128,-2.90353318755389,6.584284711613509e-05,-2.7738282781797352e-09,2.3343388651515703e-06,3.060189890563478e-05,3.163049920533245e-08,0.007983783420900024,6,1,2635,502,562.6931904570083,241480.87917970703,241655.693224416,30195.7265625
128,-2.90353318755389,6.584284711613509e-05,-2.7738282781797352e-09,2.3343388651515703e-06,3.060640344982691e-05,4.0264233859450206e-08,0.007983783420900024,12,2,2635,502,389.0310954480083,241869.91027515504,242044.724319864,30195.7265625
128,-2.90353318755389,6.584284711613509e-05,-2.7738282781797352e-09,2.3343388651515703e-06,3.253981368601816e-05,5.507293321535922e-08,0.007983783420900024,18,3,2635,502,386.76374441199005,242256.67401956703,242431.488064276,30195.7265625
128,-2.9035331901833983,6.584194155216781e-05,-2.629508166762662e-09,2.3343388651515703e-06,3.253981368601816e-05,1.1115602586832359e-07,0.0074079867959240845,23,4,2658,506,385.9254230890074,242642.59944265604,242817.413487365,30195.7265625
129,-2.9035331901833983,6.584194155216781e-05,-2.629508166762662e-09,3.009580058313563e-06,3.074796423654342e-05,2.9922924557975375e-08,0.0074079867959240845,6,1,2658,506,557.9614830290084,243200.56092568504,243375.374970394,30195.7265625
129,-2.9035331901833983,6.584194155216781e-05,-2.629508166762662e-09,3.009580058313563e-06,2.805963831893152e-05,4.1590291582019625e-08,0.0074079867959240845,11,2,2658,506,384.9722697249381,243585.53319540998,243760.34724011895,30195.7265625
129,-2.9035331901833983,6.584194155216781e-05,-2.629508166762662e-09,3.009580058313563e-06,3.23743284384238e-05,5.712362888302046e-08,0.0074079867959240845,16,3,2658,506,384.406004732009,243969.939200142,244144.75324485096,30195.7265625
129,-2.9035331930263886,6.58409624680956e-05,-2.842990287632574e-09,3.009580058313563e-06,3.23743284384238e-05,1.5443380215001408e-07,0.007242958046755397,21,4,2679,510,383.9092832300812,244353.84848337207,244528.66252808104,30195.7265625
130,-2.9035331930263886,6.58409624680956e-05,-2.842990287632574e-09,2.6368811924164913e-06,3.754390611171993e-05,3.66016177475448e-08,0.007242958046755397,6,1,2679,510,560.212385419989,244914.06086879206,245088.87491350103,30195.7265625
130,-2.9035331930263886,6.58409624680956e-05,-2.842990287632574e-09,2.6368811924164913e-06,2.9802882694184378e-05,5.372106781399576e-08,0.007242958046755397,11,2,2679,510,389.39490123593714,245303.455770028,245478.26981473697,30195.7265625
130,-2.9035331930263886,6.58409624680956e-05,-2.842990287632574e-09,2.6368811924164913e-06,3.151452674171354e-05,6.49387685669914e-08,0.007242958046755397,16,3,2679,510,388.2508291620761,245691.70659919007,245866.52064389904,30195.7265625
130,-2.903533195687074,6.584004616713027e-05,-2.6606854497401855e-09,2.6368811924164913e-06,3.151452674171354e-05,1.315774970030362e-07,0.006454869737822673,21,4,2700,514,386.09440291591454,246077.801002106,246252.61504681496,30195.7265625
131,-2.903533195687074,6.584004616713027e-05,-2.6606854497401855e-09,2.5394861989591e-06,3.220422346976915e-05,3.207478618455738e-08,0.006454869737822673,6,1,2700,514,557.6442544540623,246635.44525656005,246810.25930126902,30195.7265625
131,-2.903533195687074,6.584004616713027e-05,-2.6606854497401855e-09,2.5394861989591e-06,3.1216404644048467e-05,4.7201436769992204e-08,0.006454869737822673,12,2,2700,514,384.6952277260134,247020.14048428606,247194.95452899503,30195.7265625
131,-2.903533195687074,6.584004616713027e-05,-2.6606854497401855e-09,2.5394861989591e-06,2.8786672276105385e-05,5.8656729914236856e-08,0.006454869737822673,17,3,2700,514,391.7565451289993,247411.89702941506,247586.71107412403,30195.7265625
131,-2.9035331981695918,6.583919122450329e-05,-2.48251774692676e-09,2.5394861989591e-06,2.8786672276105385e-05,1.4178736261504038e-07,0.005713713354655213,22,4,2722,518,385.35622274992056,247797.25325216498,247972.06729687395,30195.7265625
132,-2.9035331981695918,6.583919122450329e-05,-2.48251774692676e-09,3.18694723491108e-06,3.0168329453761665e-05,3.009441552715503e-08,0.005713713354655213,6,1,2722,518,564.8871504249983,248362.14040258998,248536.95444729895,30195.7265625
132,-2.9035331981695918,6.583919122450329e-05,-2.48251774692676e-09,3.18694723491108e-06,2.6690695747692427e-05,4.177599259091794e-08,0.005713713354655213,11,2,2722,518,388.10807728604414,248750.24847987603,248925.062524585,30195.7265625
132,-2.9035331981695918,6.583919122450329e-05,-2.48251774692676e-09,3.18694723491108e-06,2.7480391258534463e-05,4.96116937392377e-08,0.005713713354655213,16,3,2722,518,387.63316781295,249137.88164768898,249312.69569239795,30195.7265625
132,-2.903533200614541,6.583834921995513e-05,-2.4449491320410743e-09,3.18694723491108e-06,2.7480391258534463e-05,1.2061138103806254e-07,0.007892760428217868,21,4,2743,522,384.47923587006517,249522.36088355904,249697.174928268,30195.7265625
133,-2.903533200614541,6.583834921995513e-05,-2.4449491320410743e-09,2.495627996157901e-06,3.0144110535102665e-05,2.9307601322970313e-08,0.007892760428217868,6,1,2743,522,557.9488580100005,250080.30974156904,250255.123786278,30195.7265625
133,-2.903533200614541,6.583834921995513e-05,-2.4449491320410743e-09,2.495627996157901e-06,2.622363598999725e-05,4.577331248029137e-08,0.007892760428217868,11,2,2743,522,387.6786477610003,250467.98838933004,250642.802434039,30195.7265625
133,-2.903533200614541,6.583834921995513e-05,-2.4449491320410743e-09,2.495627996157901e-06,2.9324324351099987e-05,5.538654199716762e-08,0.007892760428217868,16,3,2743,522,388.4101101430133,250856.39849947306,251031.21254418202,30195.7265625
133,-2.9035332032633043,6.583743702475791e-05,-2.6487634308125507e-09,2.495627996157901e-06,2.9324324351099987e-05,1.327163776262828e-07,0.007702272442318784,21,4,2764,526,384.02818205801304,251240.42668153107,251415.24072624004,30195.7265625
134,-2.9035332032633043,6.583743702475791e-05,-2.6487634308125507e-09,2.4533663922322905e-06,3.479660223374661e-05,3.5403516299827636e-08,0.007702272442318784,6,1,2764,526,555.9824456869392,251796.409127218,251971.22317192698,30195.7265625
134,-2.9035332032633043,6.583743702475791e-05,-2.6487634308125507e-09,2.4533663922322905e-06,2.8720913212319803e-05,4.69324138172387e-08,0.007702272442318784,11,2,2764,526,388.9900943579851,252185.399221576,252360.21326628496,30195.7265625
134,-2.9035332032633043,6.583743702475791e-05,-2.6487634308125507e-09,2.4533663922322905e-06,2.5902072445907045e-05,5.447497835930359e-08,0.007702272442318784,16,3,2764,526,383.6439467240125,252569.0431683,252743.85721300897,30195.7265625
134,-2.9035332057884315,6.583656740805516e-05,-2.525127218433454e-09,2.4533663922322905e-06,2.5902072445907045e-05,1.282864775145961e-07,0.008159270300793874,21,4,2785,530,383.1603405009955,252952.203508801,253127.01755350997,30195.7265625
135,-2.9035332057884315,6.583656740805516e-05,-2.525127218433454e-09,1.920947914882608e-06,2.749935369230383e-05,3.3226268250997497e-08,0.008159270300793874,6,1,2785,530,557.1824272329686,253509.38593603397,253684.19998074294,30195.7265625
135,-2.9035332057884315,6.583656740805516e-05,-2.525127218433454e-09,1.920947914882608e-06,2.7689906254587604e-05,4.524427054624743e-08,0.008159270300793874,12,2,2785,530,386.380284610088,253895.76622064406,254070.58026535303,30195.7265625
135,-2.9035332057884315,6.583656740805516e-05,-2.525127218433454e-09,1.920947914882608e-06,2.910338219976249e-05,4.884419752417766e-08,0.008159270300793874,17,3,2785,530,386.54327572800685,254282.30949637207,254457.12354108103,30195.7265625
135,-2.903533208392834,6.583567049012037e-05,-2.6044024714622083e-09,1.920947914882608e-06,2.910338219976249e-05,1.069128420461183e-07,0.007479087432317766,22,4,2807,534,384.45058169891126,254666.76007807098,254841.57412277994,30195.7265625
136,-2.903533208392834,6.583567049012037e-05,-2.6044024714622083e-09,3.67283170371254e-06,3.031350586869519e-05,2.907152168158468e-08,0.007479087432317766,6,1,2807,534,558.224260193063,255224.98433826404,255399.798382973,30195.7265625
136,-2.903533208392834,6.583567049012037e-05,-2.6044024714622083e-09,3.67283170371254e-06,2.6087426295639325e-05,3.6852791008780604e-08,0.007479087432317766,12,2,2807,534,388.65696777193807,255613.64130603598,255788.45535074495,30195.7265625
136,-2.903533208392834,6.583567049012037e-05,-2.6044024714622083e-09,3.67283170371254e-06,2.5547503682744643e-05,4.219145184580057e-08,0.007479087432317766,18,3,2807,534,385.7848733071005,255999.42617934308,256174.24022405205,30195.7265625
136,-2.9035332109654766,6.583478450983801e-05,-2.5726425434413613e-09,3.67283170371254e-06,2.5547503682744643e-05,1.042224691140323e-07,0.007617874536598148,24,4,2831,538,385.3548212259775,256384.78100056906,256559.59504527802,30195.7265625
137,-2.9035332109654766,6.583478450983801e-05,-2.5726425434413613e-09,2.963410987527845e-06,2.4880385957081882e-05,2.576641435742244e-08,0.007617874536598148,6,1,2831,538,554.7648346460192,256939.54583521507,257114.35987992404,30195.7265625
137,-2.9035332109654766,6.583478450983801e-05,-2.5726425434413613e-09,2.963410987527845e-06,2.2288609724482875e-05,3.5631718025974464e-08,0.007617874536598148,11,2,2831,538,385.4318752599647,257324.97771047504,257499.791755184,30195.7265625
137,-2.9035332109654766,6.583478450983801e-05,-2.5726425434413613e-09,2.963410987527845e-06,2.1203621855557015e-05,4.635616077099944e-08,0.007617874536598148,16,3,2831,538,386.4484465320129,257711.42615700705,257886.24020171602,30195.7265625
137,-2.9035332132280764,6.583400530369052e-05,-2.2625998852277007e-09,2.963410987527845e-06,2.1203621855557015e-05,8.113482509028395e-08,0.006546657554833276,22,4,2853,542,367.12135186593514,258078.547508873,258253.36155358196,30195.7265625
138,-2.9035332132280764,6.583400530369052e-05,-2.2625998852277007e-09,2.1335627340905287e-06,2.513891626425209e-05,3.477299451087332e-08,0.006546657554833276,6,1,2853,542,553.7857660730369,258632.33327494602,258807.147319655,30195.7265625
138,-2.9035332132280764,6.583400530369052e-05,-2.2625998852277007e-09,2.1335627340905287e-06,2.4914202650610775e-05,4.336736695728489e-08,0.006546657554833276,12,2,2853,542,384.852132424945,259017.18540737097,259191.99945207994,30195.7265625
138,-2.9035332132280764,6.583400530369052e-05,-2.2625998852277007e-09,2.1335627340905287e-06,2.515512659482338e-05,5.162419799564776e-08,0.006546657554833276,17,3,2853,542,385.13982505199965,259402.32523242297,259577.13927713194,30195.7265625
138,-2.9035332157590177,6.583313368472614e-05,-2.530941234368811e-09,2.1335627340905287e-06,2.515512659482338e-05,1.6883944360551443e-07,0.009265823440941864,22,4,2875,546,386.3654433110496,259788.69067573402,259963.504720443,30195.7265625
139,-2.9035332157590177,6.583313368472614e-05,-2.530941234368811e-09,3.235697659765845e-06,2.747413428959178e-05,3.233194883029192e-08,0.009265823440941864,6,1,2875,546,572.6994248649571,260361.39010059898,260536.20414530794,30195.7265625
139,-2.9035332157590177,6.583313368472614e-05,-2.530941234368811e-09,3.235697659765845e-06,2.682320935186415e-05,4.397027324050819e-08,0.009265823440941864,11,2,2875,546,385.48447838507127,260746.87457898405,260921.68862369301,30195.7265625
139,-2.9035332157590177,6.583313368472614e-05,-2.530941234368811e-09,3.235697659765845e-06,2.760871393548811e-05,4.876742316537162e-08,0.009265823440941864,16,3,2875,546,388.09695003798697,261134.97152902203,261309.785573731,30195.7265625
139,-2.903533218741603,6.583210652618676e-05,-2.9825852898568428e-09,3.235697659765845e-06,2.760871393548811e-05,1.3646280076335852e-07,0.009762802450094754,21,4,2896,550,386.3310787610244,261521.30260778306,261696.11665249203,30195.7265625
140,-2.903533218741603,6.583210652618676e-05,-2.9825852898568428e-09,3.415351414614151e-06,3.213002143835621e-05,3.2088798066746116e-08,0.009762802450094754,6,1,2896,550,558.9580301779788,262080.26063796104,262255.07468267,30195.7265625
140,-2.903533218741603,6.583210652618676e-05,-2.9825852898568428e-09,3.415351414614151e-06,2.6098128707259148e-05,5.241022290511378e-08,0.009762802450094754,11,2,2896,550,390.2637460399419,262470.524384001,262645.33842870995,30195.7265625
140,-2.903533218741603,6.583210652618676e-05,-2.9825852898568428e-09,3.415351414614151e-06,2.6856653428139513e-05,5.8398979732429895e-08,0.009762802450094754,16,3,2896,550,383.6753918461036,262854.1997758471,263029.01382055605,30195.7265625
140,-2.9035332218108025,6.58310495389653e-05,-3.0691995611675793e-09,3.415351414614151e-06,2.6856653428139513e-05,1.387711693737656e-07,0.01084065392436375,21,4,2917,554,386.78864871594124,263240.988424563,263415.802469272,30195.7265625
141,-2.9035332218108025,6.58310495389653e-05,-3.0691995611675793e-09,3.109694393096902e-06,3.0003765249791486e-05,3.867145062933767e-08,0.01084065392436375,6,1,2917,554,560.531641092035,263801.52006565506,263976.334110364,30195.7265625
141,-2.9035332218108025,6.58310495389653e-05,-3.0691995611675793e-09,3.109694393096902e-06,2.9691636664697857e-05,5.96786728352168e-08,0.01084065392436375,11,2,2917,554,385.654078825959,264187.174144481,264361.98818919,30195.7265625
141,-2.9035332218108025,6.58310495389653e-05,-3.0691995611675793e-09,3.109694393096902e-06,3.1592438392231335e-05,6.81914652906017e-08,0.01084065392436375,16,3,2917,554,388.1152948050294,264575.28943928605,264750.103483995,30195.7265625
141,-2.9035332252793498,6.582985502227679e-05,-3.468547227214458e-09,3.109694393096902e-06,3.1592438392231335e-05,1.6788457279448684e-07,0.0129142183065606,21,4,2938,558,384.33083370595705,264959.620272992,265134.434317701,30195.7265625
142,-2.9035332252793498,6.582985502227679e-05,-3.468547227214458e-09,2.4638776884853984e-06,3.133759316154324e-05,3.86791421963923e-08,0.0129142183065606,6,1,2938,558,557.7589945310028,265517.379267523,265692.193312232,30195.7265625
142,-2.9035332252793498,6.582985502227679e-05,-3.468547227214458e-09,2.4638776884853984e-06,2.827442550418974e-05,5.154404045577763e-08,0.0129142183065606,11,2,2938,558,383.88722972001415,265901.266497243,266076.080541952,30195.7265625
142,-2.9035332252793498,6.582985502227679e-05,-3.468547227214458e-09,2.4638776884853984e-06,3.093265221127071e-05,6.560949989464861e-08,0.0129142183065606,16,3,2938,558,387.7631247709505,266289.029622014,266463.84366672294,30195.7265625
142,-2.903533229201857,6.582850416844267e-05,-3.922507207931858e-09,2.4638776884853984e-06,3.093265221127071e-05,1.4368943309059628e-07,0.015171770859547535,21,4,2959,562,385.526204362046,266674.555826376,266849.369871085,30195.7265625
143,-2.903533229201857,6.582850416844267e-05,-3.922507207931858e-09,3.391422322242475e-06,4.0442502979801665e-05,4.80129078895654e-08,0.015171770859547535,6,1,2959,562,552.3819433420431,267226.93776971806,267401.751814427,30195.7265625
143,-2.903533229201857,6.582850416844267e-05,-3.922507207931858e-09,3.391422322242475e-06,3.859171764646135e-05,6.173838410735412e-08,0.015171770859547535,11,2,2959,562,385.6443307289155,267612.582100447,267787.39614515594,30195.7265625
143,-2.903533229201857,6.582850416844267e-05,-3.922507207931858e-09,3.391422322242475e-06,3.8213612502484904e-05,8.69961923890526e-08,0.015171770859547535,16,3,2959,562,385.23393983510323,267997.8160402821,268172.63008499105,30195.7265625
143,-2.9035332346501557,6.582662785444255e-05,-5.4482987010828765e-09,3.391422322242475e-06,3.8213612502484904e-05,3.423961209592047e-07,0.021300697823098888,21,4,2980,566,405.80090948799625,268403.6169497701,268578.43099447904,30195.7265625
144,-2.9035332346501557,6.582662785444255e-05,-5.4482987010828765e-09,3.7711238173420125e-06,4.4499021029390444e-05,5.155205802271018e-08,0.021300697823098888,6,1,2980,566,553.3697563459864,268956.98670611606,269131.80075082503,30195.7265625
144,-2.9035332346501557,6.582662785444255e-05,-5.4482987010828765e-09,3.7711238173420125e-06,4.19523051456704e-05,5.99535539288191e-08,0.021300697823098888,11,2,2980,566,386.17131465801504,269343.1580207741,269517.97206548305,30195.7265625
144,-2.9035332346501557,6.582662785444255e-05,-5.4482987010828765e-09,3.7711238173420125e-06,4.384856499066592e-05,9.404164250364193e-08,0.021300697823098888,16,3,2980,566,384.15043129597325,269727.30845207005,269902.122496779,30195.7265625
144,-2.903533241333463,6.582432622165199e-05,-6.683307240962222e-09,3.7711238173420125e-06,4.384856499066592e-05,2.007666705431939e-07,0.02546372443664976,21,4,3001,570,403.65065291000064,270130.95910498005,270305.773149689,30195.7265625
145,-2.903533241333463,6.582432622165199e-05,-6.683307240962222e-09,4.289342161033915e-06,4.934799166381736e-05,5.3983234808542324e-08,0.02546372443664976,6,1,3001,570,554.5788799430011,270685.53798492305,270860.352029632,30195.7265625
145,-2.903533241333463,6.582432622165199e-05,-6.683307240962222e-09,4.289342161033915e-06,4.39981704972373e-05,5.920888983234782e-08,0.02546372443664976,11,2,3001,570,382.5552703719586,271068.093255295,271242.907300004,30195.7265625
145,-2.903533241333463,6.582432622165199e-05,-6.683307240962222e-09,4.289342161033915e-06,4.890440890604194e-05,8.23895352110261e-08,0.02546372443664976,16,3,3001,570,384.3785737430444,271452.47182903806,271627.285873747,30195.7265625
145,-2.903533249205509,6.582161520466005e-05,-7.872046126067289e-09,4.289342161033915e-06,4.890440890604194e-05,2.5883261924799676e-07,0.029729524045647406,21,4,3022,574,402.73174031998497,271855.20356935804,272030.017614067,30195.7265625
146,-2.903533249205509,6.582161520466005e-05,-7.872046126067289e-09,5.268910863770719e-06,6.698933964983612e-05,6.198401777336918e-08,0.029729524045647406,6,1,3022,574,551.9262079029577,272407.129777261,272581.94382196997,30195.7265625
146,-2.903533249205509,6.582161520466005e-05,-7.872046126067289e-09,5.268910863770719e-06,5.63520235512541e-05,8.373079558596292e-08,0.029729524045647406,11,2,3022,574,385.9217881379882,272793.051565399,272967.86561010795,30195.7265625
146,-2.903533249205509,6.582161520466005e-05,-7.872046126067289e-09,5.268910863770719e-06,5.685679665639033e-05,1.0744918117975624e-07,0.029729524045647406,16,3,3022,574,384.2524671010906,273177.3040325001,273352.11807720904,30195.7265625
146,-2.903533258910784,6.58182728506533e-05,-9.705274806037778e-09,5.268910863770719e-06,5.685679665639033e-05,1.5939899330789053e-07,0.03581441924949913,21,4,3043,578,404.9614690179005,273582.265501518,273757.07954622695,30195.7265625
147,-2.903533258910784,6.58182728506533e-05,-9.705274806037778e-09,4.275901901011215e-06,5.640004434010462e-05,6.669640377186013e-08,0.03581441924949913,6,1,3043,578,553.3771417400567,274135.64264325803,274310.456687967,30195.7265625
147,-2.903533258910784,6.58182728506533e-05,-9.705274806037778e-09,4.275901901011215e-06,5.5608888187300014e-05,8.03973074895126e-08,0.03581441924949913,11,2,3043,578,386.06842372904066,274521.7110669871,274696.52511169604,30195.7265625
147,-2.903533258910784,6.58182728506533e-05,-9.705274806037778e-09,4.275901901011215e-06,5.9918885189029076e-05,1.0106175709576765e-07,0.03581441924949913,16,3,3043,578,384.71962085098494,274906.43068783806,275081.244732547,30195.7265625
147,-2.9035332686544355,6.581491728022095e-05,-9.743651663285391e-09,4.275901901011215e-06,5.9918885189029076e-05,1.4197765637374455e-07,0.034379785317572645,21,4,3064,582,406.58819263090845,275313.01888046897,275487.83292517794,30195.7265625
148,-2.9035332686544355,6.581491728022095e-05,-9.743651663285391e-09,4.63213973540345e-06,7.106422318880596e-05,1.0001827808940255e-07,0.034379785317572645,6,1,3064,582,552.8649569710251,275865.88383744,276040.69788214896,30195.7265625
148,-2.9035332686544355,6.581491728022095e-05,-9.743651663285391e-09,4.63213973540345e-06,6.469958292405073e-05,6.928012993768476e-08,0.034379785317572645,11,2,3064,582,382.58766222407576,276248.47149966407,276423.28554437304,30195.7265625
148,-2.9035332686544355,6.581491728022095e-05,-9.743651663285391e-09,4.63213973540345e-06,6.884919045138427e-05,1.0308198485016556e-07,0.034379785317572645,16,3,3064,582,383.60200239589904,276632.07350205997,276806.88754676894,30195.7265625
148,-2.9035332800561706,6.58109906902175e-05,-1.1401735111604694e-08,4.63213973540345e-06,6.884919045138427e-05,1.6065943540474294e-07,0.03844201602158404,21,4,3085,586,402.50627617607825,277034.57977823605,277209.393822945,30195.7265625
149,-2.9035332800561706,6.58109906902175e-05,-1.1401735111604694e-08,6.2863464085344245e-06,9.447240544480814e-05,9.97532352490801e-08,0.03844201602158404,6,1,3085,586,552.3271001300309,277586.9068783661,277761.72092307504,30195.7265625
149,-2.9035332800561706,6.58109906902175e-05,-1.1401735111604694e-08,6.2863464085344245e-06,9.254382131031041e-05,9.901783329203619e-08,0.03844201602158404,11,2,3085,586,382.717986924923,277969.624865291,278144.43890999997,30195.7265625
149,-2.9035332800561706,6.58109906902175e-05,-1.1401735111604694e-08,6.2863464085344245e-06,9.444660374054808e-05,1.1104848116868285e-07,0.03844201602158404,16,3,3085,586,383.08669088606257,278352.71155617706,278527.52560088603,30195.7265625
149,-2.9035332963585936,6.580537637534105e-05,-1.630242296712936e-08,6.2863464085344245e-06,9.444660374054808e-05,2.554041663540564e-07,0.051244810667649826,21,4,3106,590,422.14421338401735,278774.8557695611,278949.66981427005,30195.7265625
150,-2.9035332963585936,6.580537637534105e-05,-1.630242296712936e-08,6.966492095641543e-06,9.482925750868916e-05,9.496990358966519e-08,0.051244810667649826,6,1,3106,590,552.233009879943,279327.088779441,279501.90282415,30195.7265625
150,-2.9035332963585936,6.580537637534105e-05,-1.630242296712936e-08,6.966492095641543e-06,8.913649465518644e-05,1.0805215720192555e-07,0.051244810667649826,11,2,3106,590,383.8876415089471,279710.97642094997,279885.79046565894,30195.7265625
150,-2.9035332963585936,6.580537637534105e-05,-1.630242296712936e-08,6.966492095641543e-06,8.486147605679037e-05,1.2151556703768717e-07,0.051244810667649826,16,3,3106,590,384.30734182707965,280095.28376277705,280270.097807486,30195.7265625
150,-2.903533311534562,6.580014999483403e-05,-1.5175968481884183e-08,6.966492095641543e-06,8.486147605679037e-05,2.3396715406087215e-07,0.04291478316982379,21,4,3127,594,424.0402786289342,280519.324041406,280694.13808611495,30195.7265625
