#INFO: **** input file is /home/sjtu/TNNSOG/Pretrain/PySCF/Li_CASSCF_timed.py ****
#!/usr/bin/env python3
"""
Li(2S) CASCI/CASSCF benchmark with per-macro-iteration wall timing.

This script is intended for controlled comparison with SOG-TNN.

What is optimized?
------------------
CASCI:
    CI/configuration coefficients only; orbitals are fixed at the SCF orbitals.

CASSCF:
    CI/configuration coefficients + non-redundant orbital rotations.
    PySCF parameterizes orbital rotations on the orthonormal MO manifold.
    The orbitals remain inside the finite AO basis span; Gaussian exponents
    and primitive basis functions themselves are NOT optimized.

Timing
------
For each active-space size, the script writes a *_macro.csv file in real time.
The first CASSCF AO->MO transformation + initial CASCI solve is reported as
"initialization".  Each subsequent callback corresponds to one completed
macro iteration.  Thus macro_step_wall_s is the wall time of that macro step
(excluding the initial CASSCF setup), and cumulative_casscf_wall_s includes
the initialization.

Use --max-cycle-macro to choose how many macro iterations are allowed.
For error-vs-time plots, use the per-macro CSV rather than relying only on
PySCF's final ``converged`` flag.
"""

import argparse
import csv
import json
import math
import os
import platform
import resource
import sys
import time
from pathlib import Path

SYSTEM_LABEL = 'Li(2S)'
ATOM_SPEC = 'Li 0 0 0'
ELEMENT = 'Li'
CHARGE = 0
SPIN = 1          # PySCF convention: N_alpha - N_beta = 2S
NELECAS = (2, 1) # all electrons active in the default benchmark
E_REF = -7.4780603259999996
SCF_KIND = 'ROHF'
DEFAULT_BASIS_FILE = str(Path(__file__).resolve().with_name('aug-cc-pCV5Z.gbs'))


def parse_args():
    p = argparse.ArgumentParser(description=f"{SYSTEM_LABEL} CASCI/CASSCF benchmark.")
    p.add_argument("--basis", default='aug-cc-pCV5Z')
    p.add_argument(
        "--basis-source", choices=["auto", "pyscf", "bse", "file"], default="file",
        help=("Basis source. For Li aug-cc-pCV5Z the default is a local "
              "Gaussian94/GBS file because BSE does not provide Li for this basis.")
    )
    p.add_argument("--basis-file", default=DEFAULT_BASIS_FILE,
                   help=("Local Gaussian94/GBS basis file used with --basis-source file "
                         f"(default: {DEFAULT_BASIS_FILE})."))
    p.add_argument("--ncas", type=int, nargs="+", default=[6, 8, 12, 16, 20, 24, 28, 32])
    p.add_argument("--threads", type=int, default=8)
    p.add_argument("--memory-mb", type=int, default=64000)
    p.add_argument("--conv-tol", type=float, default=1e-12)
    p.add_argument("--conv-tol-grad", type=float, default=1e-7)
    p.add_argument("--fci-conv-tol", type=float, default=1e-10)
    p.add_argument("--max-cycle-macro", type=int, default=100)
    p.add_argument("--max-cycle-micro", type=int, default=4)
    p.add_argument("--max-stepsize", type=float, default=0.02)
    p.add_argument("--prefix", default='Li_CASSCF')
    p.add_argument("--eref", type=float, default=E_REF)
    p.add_argument("--log-file", default=None)
    return p.parse_args()


args = parse_args()

# Redirect before importing numerical libraries so all PySCF output is captured.
_log_handle = None
if args.log_file:
    Path(args.log_file).parent.mkdir(parents=True, exist_ok=True)
    _log_handle = open(args.log_file, "a", buffering=1, encoding="utf-8")
    sys.stdout = _log_handle
    sys.stderr = _log_handle

# Limit threaded BLAS/OpenMP before NumPy/PySCF imports.
for key in ("OMP_NUM_THREADS", "MKL_NUM_THREADS", "OPENBLAS_NUM_THREADS", "NUMEXPR_NUM_THREADS"):
    os.environ[key] = str(args.threads)

import numpy as np
import pyscf
from pyscf import gto, scf, mcscf, lib
from pyscf.gto.basis import parse_gaussian


def peak_rss_mb():
    # Linux ru_maxrss is KiB.
    return resource.getrusage(resource.RUSAGE_SELF).ru_maxrss / 1024.0


def rel_error(e):
    return abs(float(e) - args.eref) / abs(args.eref)


def n_det(ncas):
    na, nb = NELECAS
    return math.comb(ncas, na) * math.comb(ncas, nb)


def safe_float(x):
    try:
        if x is None:
            return None
        return float(x)
    except Exception:
        return None


def load_basis():
    src = args.basis_source
    if src == "file":
        if not args.basis_file:
            raise ValueError("--basis-file is required with --basis-source file")
        basis_path = Path(args.basis_file).expanduser().resolve()
        if not basis_path.is_file():
            raise FileNotFoundError(
                f"Gaussian94/GBS basis file not found: {basis_path}\n"
                "Place aug-cc-pCV5Z.gbs next to this Python script, or pass "
                "--basis-file /full/path/to/aug-cc-pCV5Z.gbs"
            )
        return {ELEMENT: parse_gaussian.load(str(basis_path), ELEMENT)}

    if src == "bse":
        try:
            import basis_set_exchange as bse
        except ImportError as exc:
            raise RuntimeError(
                "basis_set_exchange is required. Install once with:\n"
                "  python -m pip install --user basis_set_exchange"
            ) from exc
        nwchem = bse.get_basis(args.basis, elements=[ELEMENT], fmt="nwchem")
        return {ELEMENT: gto.basis.parse(nwchem, symb=ELEMENT)}

    if src == "pyscf":
        return {ELEMENT: gto.basis.load(args.basis, ELEMENT)}

    return args.basis


def make_scf(mol):
    if SCF_KIND == "RHF":
        mf = scf.RHF(mol)
    elif SCF_KIND == "ROHF":
        mf = scf.ROHF(mol)
    else:
        raise ValueError(f"Unknown SCF_KIND={SCF_KIND}")
    mf.max_memory = args.memory_mb
    mf.conv_tol = min(args.conv_tol, 1e-10)
    mf.max_cycle = 100
    return mf


def make_casscf(mf, ncas):
    # One-step is PySCF's standard CASSCF implementation.
    mc = mcscf.CASSCF(mf, ncas, NELECAS)
    mc.max_memory = args.memory_mb
    mc.conv_tol = args.conv_tol
    mc.conv_tol_grad = args.conv_tol_grad
    mc.max_cycle_macro = args.max_cycle_macro
    mc.max_cycle_micro = args.max_cycle_micro
    mc.max_stepsize = args.max_stepsize
    mc.fcisolver.conv_tol = args.fci_conv_tol
    mc.fcisolver.spin = SPIN
    return mc


def exact_nonredundant_rotation_count(mc, nmo):
    # This is the exact Boolean mask used internally by PySCF for unique
    # orbital-rotation variables (core-active/core-virtual/active-virtual;
    # redundant within-subspace rotations excluded by default).
    mask = mc.uniq_var_indices(nmo, mc.ncore, mc.ncas, mc.frozen)
    return int(np.count_nonzero(mask))


def main():
    lib.num_threads(args.threads)
    basis_spec = load_basis()

    mol = gto.M(
        atom=ATOM_SPEC,
        unit="Bohr",
        charge=CHARGE,
        spin=SPIN,
        basis=basis_spec,
        symmetry=False,
        verbose=4,
        max_memory=args.memory_mb,
    )

    print("=" * 92, flush=True)
    print(f"{SYSTEM_LABEL} PySCF CASCI/CASSCF benchmark", flush=True)
    print(f"PySCF version       : {pyscf.__version__}", flush=True)
    print(f"Basis requested     : {args.basis}", flush=True)
    print(f"Basis source        : {args.basis_source}", flush=True)
    if args.basis_source == "file":
        print(f"Basis file          : {Path(args.basis_file).expanduser().resolve()}", flush=True)
    print(f"SCF reference       : {SCF_KIND}", flush=True)
    print(f"System spin (2S)    : {SPIN}", flush=True)
    print(f"Active electrons    : alpha/beta = {NELECAS}", flush=True)
    print(f"Threads             : {args.threads}", flush=True)
    print(f"Memory cap (MB)     : {args.memory_mb}", flush=True)
    print(f"conv_tol            : {args.conv_tol:.3e}", flush=True)
    print(f"conv_tol_grad       : {args.conv_tol_grad:.3e}", flush=True)
    print(f"FCI conv_tol        : {args.fci_conv_tol:.3e}", flush=True)
    print(f"max_cycle_macro     : {args.max_cycle_macro}", flush=True)
    print(f"max_cycle_micro     : {args.max_cycle_micro}", flush=True)
    print(f"max_stepsize        : {args.max_stepsize}", flush=True)
    print(f"Reference energy    : {args.eref:.16f} Ha", flush=True)
    print(f"Host                : {platform.node()}", flush=True)
    print("=" * 92, flush=True)

    mf = make_scf(mol)
    t0 = time.perf_counter()
    e_scf = mf.kernel()
    t_scf = time.perf_counter() - t0
    if not mf.converged:
        raise RuntimeError(f"{SCF_KIND} did not converge.")

    nmo = int(mf.mo_coeff.shape[1])
    nao = int(mol.nao_nr())

    print(f"\n{SCF_KIND} energy         : {e_scf:.16f} Ha", flush=True)
    print(f"{SCF_KIND} relative error : {rel_error(e_scf):.6e}", flush=True)
    print(f"{SCF_KIND} wall time      : {t_scf:.6f} s", flush=True)
    print(f"NAO / NMO                  : {nao} / {nmo}", flush=True)
    print(f"Peak RSS after SCF         : {peak_rss_mb():.2f} MB", flush=True)

    results = {
        "metadata": {
            "system": SYSTEM_LABEL,
            "reference_energy_hartree": args.eref,
            "basis": args.basis,
            "basis_source": args.basis_source,
            "basis_file": (str(Path(args.basis_file).expanduser().resolve())
                           if args.basis_source == "file" else None),
            "threads": args.threads,
            "memory_cap_mb": args.memory_mb,
            "pyscf_version": pyscf.__version__,
            "host": platform.node(),
            "nao": nao,
            "nmo": nmo,
            "spin_2S": SPIN,
            "nelecas": list(NELECAS),
            "scf_kind": SCF_KIND,
            "scf_energy_hartree": float(e_scf),
            "scf_relative_error": rel_error(e_scf),
            "scf_wall_seconds": t_scf,
        },
        "active_space_results": [],
    }

    min_ncas = max(NELECAS)
    valid_ncas = sorted(set(n for n in args.ncas if min_ncas <= n <= nmo))
    skipped = sorted(set(args.ncas) - set(valid_ncas))
    if skipped:
        print(f"Skipping invalid ncas values (allowed {min_ncas}..{nmo}): {skipped}", flush=True)

    safe_basis = args.basis.replace("*", "star").replace("/", "_").replace(" ", "_")

    for ncas in valid_ncas:
        ndet = n_det(ncas)

        print("\n" + "-" * 92, flush=True)
        print(f"Active space: CAS({sum(NELECAS)}e,{ncas}o), alpha/beta={NELECAS}", flush=True)
        print(f"Determinant dimension N_det : {ndet}", flush=True)

        # CASCI with fixed SCF orbitals
        casci = mcscf.CASCI(mf, ncas, NELECAS)
        casci.max_memory = args.memory_mb
        casci.fcisolver.conv_tol = args.fci_conv_tol
        casci.fcisolver.spin = SPIN

        t0 = time.perf_counter()
        casci_out = casci.kernel(mf.mo_coeff)
        t_casci = time.perf_counter() - t0
        e_casci = float(casci_out[0])

        print(f"CASCI energy             : {e_casci:.16f} Ha", flush=True)
        print(f"CASCI relative error     : {rel_error(e_casci):.6e}", flush=True)
        print(f"CASCI wall time          : {t_casci:.6f} s", flush=True)

        # CASSCF with orbital optimization
        mc = make_casscf(mf, ncas)
        nrot = exact_nonredundant_rotation_count(mc, nmo)
        ncore = int(mc.ncore)
        nvir = int(nmo - ncore - ncas)
        full_active = (ncore == 0 and ncas == nmo)

        print(f"ncore / nactive / nvirtual: {ncore} / {ncas} / {nvir}", flush=True)
        print(f"Exact PySCF nonredundant orbital-rotation variables: {nrot}", flush=True)
        if full_active:
            print(
                "NOTE: all MOs are active. CASCI is FCI in this finite AO space and "
                "there are no nonredundant orbital rotations; CASSCF cannot lower "
                "the energy further except for numerical noise.",
                flush=True,
            )

        macro_path = Path(f"{args.prefix}_{safe_basis}_ncas{ncas:03d}_macro.csv")
        macro_file = macro_path.open("w", newline="", encoding="utf-8", buffering=1)
        macro_fields = [
            "macro", "energy_hartree", "relative_error", "dE",
            "grad_orb", "grad_ci", "ddm", "max_rot",
            "jk_this_macro", "micro_this_macro",
            "total_jk", "total_micro",
            "macro_step_wall_s", "cumulative_macro_wall_s",
            "cumulative_casscf_wall_s", "cumulative_peak_rss_mb",
        ]
        writer = csv.DictWriter(macro_file, fieldnames=macro_fields)
        writer.writeheader()
        macro_file.flush()

        tracker = {
            "kernel_start": None,
            "initial_end": None,
            "prev_callback": None,
            "macro_rows": [],
        }

        # Wrap the CASSCF object's CASCI method only to identify the end of
        # CASSCF initialization. The first call is the initial CASCI solve
        # before macro iteration 1. This leaves the numerical algorithm unchanged.
        original_casci = mc.casci

        def timed_casci(*a, **kw):
            out = original_casci(*a, **kw)
            if tracker["initial_end"] is None:
                now = time.perf_counter()
                tracker["initial_end"] = now
                tracker["prev_callback"] = now
                init_s = now - tracker["kernel_start"]
                print(f"[TIMING] CASSCF initialization = {init_s:.6f} s", flush=True)
            return out

        mc.casci = timed_casci

        def callback(envs):
            now = time.perf_counter()
            prev = tracker["prev_callback"]
            if prev is None:
                prev = tracker["kernel_start"]
            macro_step = now - prev
            tracker["prev_callback"] = now

            initial_end = tracker["initial_end"]
            cum_macro = None if initial_end is None else now - initial_end
            cum_casscf = now - tracker["kernel_start"]

            imacro = int(envs.get("imacro", len(tracker["macro_rows"]) + 1))
            e_tot = safe_float(envs.get("e_tot"))
            row = {
                "macro": imacro,
                "energy_hartree": e_tot,
                "relative_error": None if e_tot is None else rel_error(e_tot),
                "dE": safe_float(envs.get("de")),
                "grad_orb": safe_float(envs.get("norm_gorb0", envs.get("norm_gorb"))),
                "grad_ci": safe_float(envs.get("norm_gci")),
                "ddm": safe_float(envs.get("norm_ddm")),
                "max_rot": safe_float(envs.get("max_offdiag_u")),
                "jk_this_macro": int(envs["njk"]) if envs.get("njk") is not None else None,
                "micro_this_macro": int(envs["imicro"]) if envs.get("imicro") is not None else None,
                "total_jk": int(envs["totinner"]) if envs.get("totinner") is not None else None,
                "total_micro": int(envs["totmicro"]) if envs.get("totmicro") is not None else None,
                "macro_step_wall_s": macro_step,
                "cumulative_macro_wall_s": cum_macro,
                "cumulative_casscf_wall_s": cum_casscf,
                "cumulative_peak_rss_mb": peak_rss_mb(),
            }
            writer.writerow(row)
            macro_file.flush()
            tracker["macro_rows"].append(row)

            print(
                "[MACRO_TIMING] "
                f"ncas={ncas:3d} macro={imacro:3d} "
                f"step={macro_step:10.6f} s "
                f"cum_CASSCF={cum_casscf:10.6f} s "
                f"E={e_tot:.15f} "
                f"Er={row['relative_error']:.6e}",
                flush=True,
            )

        mc.callback = callback

        tracker["kernel_start"] = time.perf_counter()
        casscf_out = mc.kernel(mf.mo_coeff)
        t_casscf = time.perf_counter() - tracker["kernel_start"]
        e_casscf = float(casscf_out[0])
        macro_file.flush()
        macro_file.close()

        init_s = None
        if tracker["initial_end"] is not None:
            init_s = tracker["initial_end"] - tracker["kernel_start"]

        print(f"CASSCF energy            : {e_casscf:.16f} Ha", flush=True)
        print(f"CASSCF relative error    : {rel_error(e_casscf):.6e}", flush=True)
        print(f"CASSCF total wall time   : {t_casscf:.6f} s", flush=True)
        print(f"CASSCF initialization    : {init_s} s", flush=True)
        print(f"CASSCF converged flag    : {bool(mc.converged)}", flush=True)
        print(f"CASCI-CASSCF energy gain : {e_casci - e_casscf:.6e} Ha", flush=True)
        print(f"Macro timing CSV         : {macro_path}", flush=True)

        results["active_space_results"].append({
            "ncas": ncas,
            "nelecas_alpha": NELECAS[0],
            "nelecas_beta": NELECAS[1],
            "n_det": ndet,
            "ncore": ncore,
            "nvirtual": nvir,
            "exact_nonredundant_orbital_rotations": nrot,
            "full_active_space": full_active,
            "casci_energy_hartree": e_casci,
            "casci_relative_error": rel_error(e_casci),
            "casci_wall_seconds": t_casci,
            "casscf_energy_hartree": e_casscf,
            "casscf_relative_error": rel_error(e_casscf),
            "casscf_wall_seconds": t_casscf,
            "casscf_initialization_seconds": init_s,
            "casscf_converged": bool(mc.converged),
            "n_macro_recorded": len(tracker["macro_rows"]),
            "macro_timing_csv": str(macro_path),
            "peak_rss_mb": peak_rss_mb(),
            "orbital_relaxation_gain_hartree": e_casci - e_casscf,
        })

    json_path = Path(f"{args.prefix}_{safe_basis}.json")
    csv_path = Path(f"{args.prefix}_{safe_basis}.csv")

    with json_path.open("w", encoding="utf-8") as f:
        json.dump(results, f, indent=2)

    summary_fields = [
        "ncas", "nelecas_alpha", "nelecas_beta", "n_det",
        "ncore", "nvirtual", "exact_nonredundant_orbital_rotations",
        "full_active_space", "casci_energy_hartree", "casci_relative_error",
        "casci_wall_seconds", "casscf_energy_hartree", "casscf_relative_error",
        "casscf_wall_seconds", "casscf_initialization_seconds",
        "casscf_converged", "n_macro_recorded", "macro_timing_csv",
        "peak_rss_mb", "orbital_relaxation_gain_hartree",
    ]
    with csv_path.open("w", newline="", encoding="utf-8") as f:
        w = csv.DictWriter(f, fieldnames=summary_fields)
        w.writeheader()
        w.writerows(results["active_space_results"])

    print("\n" + "=" * 92, flush=True)
    print(f"Saved summary JSON: {json_path}", flush=True)
    print(f"Saved summary CSV : {csv_path}", flush=True)
    print("=" * 92, flush=True)

    if _log_handle is not None:
        _log_handle.flush()


if __name__ == "__main__":
    main()
#INFO: ******************** input file end ********************


System: uname_result(system='Linux', node='inspur-NF5468-M7-A0-R0-00', release='6.11.0-29-generic', version='#29~24.04.1-Ubuntu SMP PREEMPT_DYNAMIC Thu Jun 26 14:16:59 UTC 2', machine='x86_64')  Threads 8
Python 3.11.13 | packaged by conda-forge | (main, Jun  4 2025, 14:48:23) [GCC 13.3.0]
numpy 2.4.4  scipy 1.17.1  h5py 3.16.0
Date: Wed Sep  2 00:50:22 2026
PySCF version 2.10.0
PySCF path  /home/sjtu/.conda/envs/pyscf/lib/python3.11/site-packages/pyscf

[CONFIG] conf_file None
[INPUT] verbose = 4
[INPUT] num. atoms = 1
[INPUT] num. electrons = 3
[INPUT] charge = 0
[INPUT] spin (= nelec alpha-beta = 2S) = 1
[INPUT] symmetry False subgroup None
[INPUT] Mole.unit = Bohr
[INPUT] Symbol           X                Y                Z      unit          X                Y                Z       unit  Magmom
[INPUT]  1 Li     0.000000000000   0.000000000000   0.000000000000 AA    0.000000000000   0.000000000000   0.000000000000 Bohr   0.0

nuclear repulsion = 0
number of shells = 40
number of NR pGTOs = 214
number of NR cGTOs = 181
basis = {'Li': [[0, [29493.0, 1.8e-05, -3e-06], [4417.101, 0.000141, -2.2e-05], [1005.223, 0.000739, -0.000115], [284.7009, 0.003107, -0.000487], [92.86543, 0.011135, -0.001746], [33.51179, 0.03467, -0.00552], [13.0418, 0.092171, -0.014928], [5.357536, 0.199576, -0.034206], [2.279338, 0.328836, -0.062155], [0.99399, 0.345975, -0.095902], [0.433471, 0.142761, -0.103972], [0.095566, 0.005319, 0.307151], [0.044657, -0.002101, 0.579028], [0.020633, 0.000815, 0.223231]], [0, [0.433471, 1.0]], [0, [0.095566, 1.0]], [0, [0.044657, 1.0]], [0, [0.020633, 1.0]], [0, [27.8558, 1.0]], [0, [12.5082, 1.0]], [0, [5.6166, 1.0]], [0, [2.5221, 1.0]], [0, [0.0061, 1.0]], [1, [19.6635, 0.00054], [4.62311, 0.003865], [1.41378, 0.015171], [0.473721, 0.049204], [0.176151, 0.154661], [0.072675, 0.360095], [0.032141, 0.441852], [0.014556, 0.156]], [1, [0.176151, 1.0]], [1, [0.072675, 1.0]], [1, [0.032141, 1.0]], [1, [0.014556, 1.0]], [1, [29.2095, 1.0]], [1, [11.1763, 1.0]], [1, [4.2763, 1.0]], [1, [1.6362, 1.0]], [1, [0.0065, 1.0]], [2, [0.531, 1.0]], [2, [0.2481, 1.0]], [2, [0.1159, 1.0]], [2, [0.0542, 1.0]], [2, [19.8455, 1.0]], [2, [7.1492, 1.0]], [2, [2.5754, 1.0]], [2, [0.0235, 1.0]], [3, [0.292, 1.0]], [3, [0.1641, 1.0]], [3, [0.0922, 1.0]], [3, [13.2502, 1.0]], [3, [4.1991, 1.0]], [3, [0.0448, 1.0]], [4, [0.2971, 1.0]], [4, [0.15, 1.0]], [4, [8.4093, 1.0]], [4, [0.0724, 1.0]], [5, [0.2949, 1.0]], [5, [0.1274, 1.0]]]}
ecp = {}
CPU time:         2.04
============================================================================================
Li(2S) PySCF CASCI/CASSCF benchmark
PySCF version       : 2.10.0
Basis requested     : aug-cc-pCV5Z
Basis source        : file
Basis file          : /home/sjtu/TNNSOG/Pretrain/PySCF/aug-cc-pCV5Z.gbs
SCF reference       : ROHF
System spin (2S)    : 1
Active electrons    : alpha/beta = (2, 1)
Threads             : 8
Memory cap (MB)     : 64000
conv_tol            : 1.000e-12
conv_tol_grad       : 1.000e-07
FCI conv_tol        : 1.000e-10
max_cycle_macro     : 120
max_cycle_micro     : 4
max_stepsize        : 0.02
Reference energy    : -7.4780603259999996 Ha
Host                : inspur-NF5468-M7-A0-R0-00
============================================================================================


******** <class 'pyscf.scf.rohf.ROHF'> ********
method = ROHF
initial guess = minao
damping factor = 0
level_shift factor = 0
DIIS = <class 'pyscf.scf.diis.CDIIS'>
diis_start_cycle = 1
diis_space = 8
diis_damp = 0
SCF conv_tol = 1e-12
SCF conv_tol_grad = None
SCF max_cycles = 100
direct_scf = True
direct_scf_tol = 1e-13
chkfile to save SCF result = /tmp/tmpnzqjuw0z
max_memory 64000 MB (current use 101 MB)
num. doubly occ = 1  num. singly occ = 1

WARN: Singularity detected in overlap matrix (condition number = 8.38e+06). SCF may be inaccurate and hard to converge.

Set gradient conv threshold to 1e-06
init E= -7.37356718425731
  HOMO = -0.0820059704402184  LUMO = 0.0121338131452228
cycle= 1 E= -7.43042830454108  delta_E= -0.0569  |g|= 0.0185  |ddm|= 0.785
  HOMO = -0.0906844132383162  LUMO = 0.0112572477849097
cycle= 2 E= -7.43255383732659  delta_E= -0.00213  |g|= 0.006  |ddm|= 0.298
  HOMO = -0.0798101754500941  LUMO = 0.0121839727100905
cycle= 3 E= -7.432714120068  delta_E= -0.00016  |g|= 0.00133  |ddm|= 0.16
  HOMO = -0.0792966724851874  LUMO = 0.0121194664242308
cycle= 4 E= -7.43272197277  delta_E= -7.85e-06  |g|= 0.000344  |ddm|= 0.0678
  HOMO = -0.0793077243314572  LUMO = 0.0121158833736576
cycle= 5 E= -7.43272268324945  delta_E= -7.1e-07  |g|= 3.62e-05  |ddm|= 0.0165
  HOMO = -0.0793190041079552  LUMO = 0.0121168953137699
cycle= 6 E= -7.43272269220641  delta_E= -8.96e-09  |g|= 6.66e-06  |ddm|= 0.00146
  HOMO = -0.0793177864518519  LUMO = 0.0121166906531609
cycle= 7 E= -7.4327226925506  delta_E= -3.44e-10  |g|= 2.23e-07  |ddm|= 0.000115
  HOMO = -0.0793179123567173  LUMO = 0.0121166940120725
cycle= 8 E= -7.43272269255093  delta_E= -3.3e-13  |g|= 1.49e-08  |ddm|= 5.14e-06
  HOMO = -0.079317898809032  LUMO = 0.0121166942157045
Extra cycle  E= -7.43272269255093  delta_E= -4.44e-15  |g|= 4.62e-09  |ddm|= 4.09e-07
converged SCF energy = -7.43272269255093

ROHF energy         : -7.4327226925509304 Ha
ROHF relative error : 6.062753e-03
ROHF wall time      : 7.449184 s
NAO / NMO                  : 181 / 181
Peak RSS after SCF         : 1358.57 MB

--------------------------------------------------------------------------------------------
Active space: CAS(3e,64o), alpha/beta=(2, 1)
Determinant dimension N_det : 129024

******** <class 'pyscf.mcscf.casci.CASCI'> ********
CAS (2e+1e, 64o), ncore = 0, nvir = 117
natorb = False
canonicalization = True
sorting_mo_energy = False
max_memory 64000 MB (current use 1215 MB)
******** <class 'pyscf.fci.direct_spin1.FCISolver'> ********
max. cycles = 200
conv_tol = 1e-10
davidson only = False
linear dependence = 1e-12
level shift = 0.001
max iter space = 12
max_memory 64000 MB
nroots = 1
pspace_size = 400
spin = 1
Density matrix diagonal elements [1.99969716e+00 9.99845069e-01 1.27447499e-06 1.27447505e-06
 1.27447517e-06 1.11967456e-06 9.88721254e-06 9.88721123e-06
 9.88721316e-06 3.45764414e-09 3.45776905e-09 3.45789600e-09
 3.45780436e-09 3.45783097e-09 9.16399186e-06 2.26244246e-05
 2.26244236e-05 2.26244212e-05 5.69523196e-11 5.69307445e-11
 5.69643985e-11 5.69781958e-11 5.70052357e-11 5.69854744e-11
 5.70311686e-11 4.15054327e-08 4.15082855e-08 4.15068980e-08
 4.15074269e-08 4.15071088e-08 3.76282476e-05 3.76282464e-05
 3.76282491e-05 4.39473958e-05 8.17124770e-12 8.20617276e-12
 8.10757653e-12 8.10486334e-12 7.86517167e-12 7.94037401e-12
 7.94986929e-12 7.90641333e-12 8.21996615e-12 7.96250853e-10
 7.96371783e-10 7.96174105e-10 7.96259308e-10 7.96183977e-10
 7.96653038e-10 7.96100747e-10 1.66479060e-07 1.66480709e-07
 1.66480663e-07 1.66481294e-07 1.66481127e-07 6.27452845e-05
 6.27452718e-05 6.27452767e-05 6.53748060e-12 6.55978216e-12
 6.55771707e-12 6.57037587e-12 6.57178632e-12 6.57715470e-12]
CASCI converged
CASCI E = -7.43354087330331  E(CI) = -7.43354087330331
CASCI energy             : -7.4335408733033121 Ha
CASCI relative error     : 5.953342e-03
CASCI wall time          : 63.745686 s
ncore / nactive / nvirtual: 0 / 64 / 117
Exact PySCF nonredundant orbital-rotation variables: 7488
Overwritten attributes  casci  of <class 'pyscf.mcscf.mc1step.CASSCF'>

******** <class 'pyscf.mcscf.mc1step.CASSCF'> ********
CAS (2e+1e, 64o), ncore = 0, nvir = 117
max_cycle_macro = 120
max_cycle_micro = 4
conv_tol = 1e-12
conv_tol_grad = 1e-07
orbital rotation max_stepsize = 0.02
orbital rotation threshold for CI restart = 0.01
augmented hessian ah_max_cycle = 30
augmented hessian ah_conv_tol = 1e-12
augmented hessian ah_linear dependence = 1e-14
augmented hessian ah_level shift = 1e-08
augmented hessian ah_start_tol = 2.5
augmented hessian ah_start_cycle = 3
augmented hessian ah_grad_trust_region = 3
kf_trust_region = 3
kf_interval = 4
ci_response_space = 4
ci_grad_trust_region = 3
with_dep4 0
natorb = False
canonicalization = True
sorting_mo_energy = False
ao2mo_level = 2
chkfile = /tmp/tmpnzqjuw0z
max_memory 64000 MB (current use 1261 MB)
internal_rotation = False
******** <class 'pyscf.fci.direct_spin1.FCISolver'> ********
max. cycles = 50
conv_tol = 1e-10
davidson only = False
linear dependence = 1e-12
level shift = 0.001
max iter space = 12
max_memory 64000 MB
nroots = 1
pspace_size = 400
spin = 1
CASCI E = -7.43354087330331
[TIMING] CASSCF initialization = 66.346096 s
[MACRO_TIMING] ncas= 64 macro=  1 step=107.715035 s cum_CASSCF=174.061131 s E=-7.433540873303313 Er=5.953342e-03
[MACRO_TIMING] ncas= 64 macro=  1 step= 90.803592 s cum_CASSCF=264.864724 s E=-7.433540873303313 Er=5.953342e-03
[MACRO_TIMING] ncas= 64 macro=  1 step= 90.680894 s cum_CASSCF=355.545618 s E=-7.433540873303313 Er=5.953342e-03
macro iter   1 ( 21 JK    4 micro), CASSCF E = -7.43870827282477  dE = -5.16739952e-03
               |grad[o]|=0.00183  |grad[c]|=0.0417  |ddm|=0.00383  |maxRot[o]|= 0.28
[MACRO_TIMING] ncas= 64 macro=  1 step=134.307530 s cum_CASSCF=489.853148 s E=-7.438708272824774 Er=5.262334e-03
[MACRO_TIMING] ncas= 64 macro=  2 step= 86.642044 s cum_CASSCF=576.495192 s E=-7.438708272824774 Er=5.262334e-03
[MACRO_TIMING] ncas= 64 macro=  2 step= 91.173862 s cum_CASSCF=667.669054 s E=-7.438708272824774 Er=5.262334e-03
[MACRO_TIMING] ncas= 64 macro=  2 step= 90.777851 s cum_CASSCF=758.446905 s E=-7.438708272824774 Er=5.262334e-03
macro iter   2 ( 21 JK    4 micro), CASSCF E = -7.44745598269740  dE = -8.74770987e-03
               |grad[o]|=0.0241  |grad[c]|=0.0244  |ddm|=0.00146  |maxRot[o]|=0.307
[MACRO_TIMING] ncas= 64 macro=  2 step=134.351388 s cum_CASSCF=892.798292 s E=-7.447455982697401 Er=4.092551e-03
[MACRO_TIMING] ncas= 64 macro=  3 step= 86.508490 s cum_CASSCF=979.306783 s E=-7.447455982697401 Er=4.092551e-03
[MACRO_TIMING] ncas= 64 macro=  3 step= 91.635991 s cum_CASSCF=1070.942774 s E=-7.447455982697401 Er=4.092551e-03
[MACRO_TIMING] ncas= 64 macro=  3 step= 90.912783 s cum_CASSCF=1161.855557 s E=-7.447455982697401 Er=4.092551e-03
macro iter   3 ( 21 JK    4 micro), CASSCF E = -7.45919233542243  dE = -1.17363527e-02
               |grad[o]|=0.0165  |grad[c]|=0.0477  |ddm|=0.00224  |maxRot[o]|=0.306
[MACRO_TIMING] ncas= 64 macro=  3 step=144.481662 s cum_CASSCF=1306.337219 s E=-7.459192335422432 Er=2.523113e-03
[MACRO_TIMING] ncas= 64 macro=  4 step= 86.452775 s cum_CASSCF=1392.789993 s E=-7.459192335422432 Er=2.523113e-03
[MACRO_TIMING] ncas= 64 macro=  4 step= 90.808516 s cum_CASSCF=1483.598509 s E=-7.459192335422432 Er=2.523113e-03
[MACRO_TIMING] ncas= 64 macro=  4 step= 90.615794 s cum_CASSCF=1574.214303 s E=-7.459192335422432 Er=2.523113e-03
macro iter   4 ( 21 JK    4 micro), CASSCF E = -7.46863594131378  dE = -9.44360589e-03
               |grad[o]|=0.00918  |grad[c]|=0.0137  |ddm|=0.00149  |maxRot[o]|=0.309
[MACRO_TIMING] ncas= 64 macro=  4 step=113.752827 s cum_CASSCF=1687.967130 s E=-7.468635941313776 Er=1.260271e-03
[MACRO_TIMING] ncas= 64 macro=  5 step= 86.621782 s cum_CASSCF=1774.588912 s E=-7.468635941313776 Er=1.260271e-03
[MACRO_TIMING] ncas= 64 macro=  5 step= 90.823400 s cum_CASSCF=1865.412312 s E=-7.468635941313776 Er=1.260271e-03
[MACRO_TIMING] ncas= 64 macro=  5 step= 91.218763 s cum_CASSCF=1956.631075 s E=-7.468635941313776 Er=1.260271e-03
macro iter   5 ( 21 JK    4 micro), CASSCF E = -7.47009158505252  dE = -1.45564374e-03
               |grad[o]|=0.0044  |grad[c]|=0.0134  |ddm|=0.000868  |maxRot[o]|=0.286
[MACRO_TIMING] ncas= 64 macro=  5 step=154.356792 s cum_CASSCF=2110.987867 s E=-7.470091585052522 Er=1.065616e-03
[MACRO_TIMING] ncas= 64 macro=  6 step= 86.524508 s cum_CASSCF=2197.512375 s E=-7.470091585052522 Er=1.065616e-03
[MACRO_TIMING] ncas= 64 macro=  6 step= 90.763481 s cum_CASSCF=2288.275856 s E=-7.470091585052522 Er=1.065616e-03
[MACRO_TIMING] ncas= 64 macro=  6 step= 91.376676 s cum_CASSCF=2379.652532 s E=-7.470091585052522 Er=1.065616e-03
macro iter   6 ( 21 JK    4 micro), CASSCF E = -7.47130074419294  dE = -1.20915914e-03
               |grad[o]|=0.00258  |grad[c]|=0.0217  |ddm|=0.000897  |maxRot[o]|=0.271
[MACRO_TIMING] ncas= 64 macro=  6 step=216.440653 s cum_CASSCF=2596.093186 s E=-7.471300744192941 Er=9.039218e-04
[MACRO_TIMING] ncas= 64 macro=  7 step= 86.399731 s cum_CASSCF=2682.492917 s E=-7.471300744192941 Er=9.039218e-04
[MACRO_TIMING] ncas= 64 macro=  7 step= 90.785274 s cum_CASSCF=2773.278191 s E=-7.471300744192941 Er=9.039218e-04
[MACRO_TIMING] ncas= 64 macro=  7 step= 91.350058 s cum_CASSCF=2864.628249 s E=-7.471300744192941 Er=9.039218e-04
macro iter   7 ( 21 JK    4 micro), CASSCF E = -7.47214955473614  dE = -8.48810543e-04
               |grad[o]|=0.00226  |grad[c]|=0.00621  |ddm|=0.000582  |maxRot[o]|=0.299
[MACRO_TIMING] ncas= 64 macro=  7 step=215.524481 s cum_CASSCF=3080.152730 s E=-7.472149554736138 Er=7.904150e-04
[MACRO_TIMING] ncas= 64 macro=  8 step= 86.380473 s cum_CASSCF=3166.533203 s E=-7.472149554736138 Er=7.904150e-04
[MACRO_TIMING] ncas= 64 macro=  8 step= 90.742634 s cum_CASSCF=3257.275837 s E=-7.472149554736138 Er=7.904150e-04
[MACRO_TIMING] ncas= 64 macro=  8 step= 90.929366 s cum_CASSCF=3348.205202 s E=-7.472149554736138 Er=7.904150e-04
macro iter   8 ( 21 JK    4 micro), CASSCF E = -7.47250068832788  dE = -3.51133592e-04
               |grad[o]|=0.00155  |grad[c]|=0.011  |ddm|=0.000496  |maxRot[o]|=0.229
[MACRO_TIMING] ncas= 64 macro=  8 step=215.628811 s cum_CASSCF=3563.834014 s E=-7.472500688327880 Er=7.434599e-04
[MACRO_TIMING] ncas= 64 macro=  9 step= 86.443363 s cum_CASSCF=3650.277376 s E=-7.472500688327880 Er=7.434599e-04
[MACRO_TIMING] ncas= 64 macro=  9 step= 90.496226 s cum_CASSCF=3740.773603 s E=-7.472500688327880 Er=7.434599e-04
[MACRO_TIMING] ncas= 64 macro=  9 step= 91.027829 s cum_CASSCF=3831.801432 s E=-7.472500688327880 Er=7.434599e-04
macro iter   9 ( 21 JK    4 micro), CASSCF E = -7.47288877542406  dE = -3.88087096e-04
               |grad[o]|=0.00146  |grad[c]|=0.00694  |ddm|=0.000144  |maxRot[o]|=0.297
[MACRO_TIMING] ncas= 64 macro=  9 step=164.806504 s cum_CASSCF=3996.607936 s E=-7.472888775424056 Er=6.915631e-04
[MACRO_TIMING] ncas= 64 macro= 10 step= 86.693643 s cum_CASSCF=4083.301578 s E=-7.472888775424056 Er=6.915631e-04
[MACRO_TIMING] ncas= 64 macro= 10 step= 91.030799 s cum_CASSCF=4174.332378 s E=-7.472888775424056 Er=6.915631e-04
[MACRO_TIMING] ncas= 64 macro= 10 step= 91.907207 s cum_CASSCF=4266.239585 s E=-7.472888775424056 Er=6.915631e-04
macro iter  10 ( 21 JK    4 micro), CASSCF E = -7.47325059735456  dE = -3.61821931e-04
               |grad[o]|=0.00144  |grad[c]|=0.00327  |ddm|=0.000114  |maxRot[o]|=0.309
[MACRO_TIMING] ncas= 64 macro= 10 step=175.053866 s cum_CASSCF=4441.293450 s E=-7.473250597354561 Er=6.431786e-04
[MACRO_TIMING] ncas= 64 macro= 11 step= 86.689126 s cum_CASSCF=4527.982577 s E=-7.473250597354561 Er=6.431786e-04
[MACRO_TIMING] ncas= 64 macro= 11 step= 90.687274 s cum_CASSCF=4618.669850 s E=-7.473250597354561 Er=6.431786e-04
[MACRO_TIMING] ncas= 64 macro= 11 step= 90.798019 s cum_CASSCF=4709.467869 s E=-7.473250597354561 Er=6.431786e-04
macro iter  11 ( 21 JK    4 micro), CASSCF E = -7.47372723915322  dE = -4.76641799e-04
               |grad[o]|=0.00109  |grad[c]|=0.0147  |ddm|=0.000137  |maxRot[o]|=0.283
[MACRO_TIMING] ncas= 64 macro= 11 step=195.296539 s cum_CASSCF=4904.764408 s E=-7.473727239153221 Er=5.794399e-04
[MACRO_TIMING] ncas= 64 macro= 12 step= 86.438112 s cum_CASSCF=4991.202520 s E=-7.473727239153221 Er=5.794399e-04
[MACRO_TIMING] ncas= 64 macro= 12 step= 90.422486 s cum_CASSCF=5081.625006 s E=-7.473727239153221 Er=5.794399e-04
[MACRO_TIMING] ncas= 64 macro= 12 step= 90.591637 s cum_CASSCF=5172.216643 s E=-7.473727239153221 Er=5.794399e-04
macro iter  12 ( 21 JK    4 micro), CASSCF E = -7.47478208939420  dE = -1.05485024e-03
               |grad[o]|=0.000834  |grad[c]|=0.0091  |ddm|=9.46e-05  |maxRot[o]|=0.309
[MACRO_TIMING] ncas= 64 macro= 12 step=175.978122 s cum_CASSCF=5348.194765 s E=-7.474782089394200 Er=4.383806e-04
[MACRO_TIMING] ncas= 64 macro= 13 step= 86.640688 s cum_CASSCF=5434.835453 s E=-7.474782089394200 Er=4.383806e-04
[MACRO_TIMING] ncas= 64 macro= 13 step= 91.625946 s cum_CASSCF=5526.461399 s E=-7.474782089394200 Er=4.383806e-04
[MACRO_TIMING] ncas= 64 macro= 13 step= 90.716845 s cum_CASSCF=5617.178244 s E=-7.474782089394200 Er=4.383806e-04
macro iter  13 ( 21 JK    4 micro), CASSCF E = -7.47553426171206  dE = -7.52172318e-04
               |grad[o]|=0.00102  |grad[c]|=0.00382  |ddm|=9.55e-05  |maxRot[o]|=0.311
[MACRO_TIMING] ncas= 64 macro= 13 step=175.892509 s cum_CASSCF=5793.070753 s E=-7.475534261712064 Er=3.377967e-04
[MACRO_TIMING] ncas= 64 macro= 14 step= 86.316417 s cum_CASSCF=5879.387170 s E=-7.475534261712064 Er=3.377967e-04
[MACRO_TIMING] ncas= 64 macro= 14 step= 91.345144 s cum_CASSCF=5970.732314 s E=-7.475534261712064 Er=3.377967e-04
[MACRO_TIMING] ncas= 64 macro= 14 step= 90.701727 s cum_CASSCF=6061.434041 s E=-7.475534261712064 Er=3.377967e-04
macro iter  14 ( 21 JK    4 micro), CASSCF E = -7.47571496524444  dE = -1.80703532e-04
               |grad[o]|=0.000955  |grad[c]|=0.0048  |ddm|=8.52e-05  |maxRot[o]|=0.271
[MACRO_TIMING] ncas= 64 macro= 14 step=195.294001 s cum_CASSCF=6256.728042 s E=-7.475714965244444 Er=3.136322e-04
[MACRO_TIMING] ncas= 64 macro= 15 step= 86.376021 s cum_CASSCF=6343.104063 s E=-7.475714965244444 Er=3.136322e-04
[MACRO_TIMING] ncas= 64 macro= 15 step= 90.353737 s cum_CASSCF=6433.457800 s E=-7.475714965244444 Er=3.136322e-04
[MACRO_TIMING] ncas= 64 macro= 15 step= 90.785473 s cum_CASSCF=6524.243274 s E=-7.475714965244444 Er=3.136322e-04
macro iter  15 ( 21 JK    4 micro), CASSCF E = -7.47586338999354  dE = -1.48424749e-04
               |grad[o]|=0.000495  |grad[c]|=0.00761  |ddm|=5.25e-05  |maxRot[o]|=0.296
[MACRO_TIMING] ncas= 64 macro= 15 step=163.742961 s cum_CASSCF=6687.986234 s E=-7.475863389993544 Er=2.937842e-04
[MACRO_TIMING] ncas= 64 macro= 16 step= 86.599779 s cum_CASSCF=6774.586013 s E=-7.475863389993544 Er=2.937842e-04
[MACRO_TIMING] ncas= 64 macro= 16 step= 90.827826 s cum_CASSCF=6865.413839 s E=-7.475863389993544 Er=2.937842e-04
[MACRO_TIMING] ncas= 64 macro= 16 step= 90.528428 s cum_CASSCF=6955.942267 s E=-7.475863389993544 Er=2.937842e-04
macro iter  16 ( 21 JK    4 micro), CASSCF E = -7.47610004221079  dE = -2.36652217e-04
               |grad[o]|=0.000373  |grad[c]|=0.00381  |ddm|=3.07e-05  |maxRot[o]|=0.309
[MACRO_TIMING] ncas= 64 macro= 16 step=175.357566 s cum_CASSCF=7131.299833 s E=-7.476100042210794 Er=2.621380e-04
[MACRO_TIMING] ncas= 64 macro= 17 step= 86.280394 s cum_CASSCF=7217.580227 s E=-7.476100042210794 Er=2.621380e-04
[MACRO_TIMING] ncas= 64 macro= 17 step= 90.655089 s cum_CASSCF=7308.235316 s E=-7.476100042210794 Er=2.621380e-04
[MACRO_TIMING] ncas= 64 macro= 17 step= 90.780944 s cum_CASSCF=7399.016260 s E=-7.476100042210794 Er=2.621380e-04
macro iter  17 ( 21 JK    4 micro), CASSCF E = -7.47625870138885  dE = -1.58659178e-04
               |grad[o]|=0.000357  |grad[c]|=0.00333  |ddm|=4.22e-05  |maxRot[o]|=0.295
[MACRO_TIMING] ncas= 64 macro= 17 step=235.439185 s cum_CASSCF=7634.455445 s E=-7.476258701388851 Er=2.409214e-04
[MACRO_TIMING] ncas= 64 macro= 18 step= 86.192752 s cum_CASSCF=7720.648196 s E=-7.476258701388851 Er=2.409214e-04
[MACRO_TIMING] ncas= 64 macro= 18 step= 90.430403 s cum_CASSCF=7811.078600 s E=-7.476258701388851 Er=2.409214e-04
[MACRO_TIMING] ncas= 64 macro= 18 step= 90.564162 s cum_CASSCF=7901.642762 s E=-7.476258701388851 Er=2.409214e-04
macro iter  18 ( 21 JK    4 micro), CASSCF E = -7.47632545527597  dE = -6.67538871e-05
               |grad[o]|=0.000304  |grad[c]|=0.0031  |ddm|=2.52e-05  |maxRot[o]|=0.288
[MACRO_TIMING] ncas= 64 macro= 18 step=276.936717 s cum_CASSCF=8178.579479 s E=-7.476325455275971 Er=2.319947e-04
[MACRO_TIMING] ncas= 64 macro= 19 step= 86.350396 s cum_CASSCF=8264.929875 s E=-7.476325455275971 Er=2.319947e-04
[MACRO_TIMING] ncas= 64 macro= 19 step= 91.147669 s cum_CASSCF=8356.077544 s E=-7.476325455275971 Er=2.319947e-04
[MACRO_TIMING] ncas= 64 macro= 19 step= 90.258348 s cum_CASSCF=8446.335892 s E=-7.476325455275971 Er=2.319947e-04
macro iter  19 ( 21 JK    4 micro), CASSCF E = -7.47635552234316  dE = -3.00670672e-05
               |grad[o]|=0.000249  |grad[c]|=0.0024  |ddm|=1.45e-05  |maxRot[o]|=0.298
[MACRO_TIMING] ncas= 64 macro= 19 step=318.919266 s cum_CASSCF=8765.255158 s E=-7.476355522343158 Er=2.279740e-04
[MACRO_TIMING] ncas= 64 macro= 20 step= 86.140979 s cum_CASSCF=8851.396137 s E=-7.476355522343158 Er=2.279740e-04
[MACRO_TIMING] ncas= 64 macro= 20 step= 90.857620 s cum_CASSCF=8942.253756 s E=-7.476355522343158 Er=2.279740e-04
[MACRO_TIMING] ncas= 64 macro= 20 step= 90.597564 s cum_CASSCF=9032.851320 s E=-7.476355522343158 Er=2.279740e-04
macro iter  20 ( 21 JK    4 micro), CASSCF E = -7.47640537818385  dE = -4.98558407e-05
               |grad[o]|=0.00012  |grad[c]|=0.00904  |ddm|=6.83e-06  |maxRot[o]|=0.231
[MACRO_TIMING] ncas= 64 macro= 20 step=357.383238 s cum_CASSCF=9390.234558 s E=-7.476405378183848 Er=2.213071e-04
[MACRO_TIMING] ncas= 64 macro= 21 step= 86.446212 s cum_CASSCF=9476.680770 s E=-7.476405378183848 Er=2.213071e-04
[MACRO_TIMING] ncas= 64 macro= 21 step= 90.594068 s cum_CASSCF=9567.274838 s E=-7.476405378183848 Er=2.213071e-04
[MACRO_TIMING] ncas= 64 macro= 21 step= 90.359837 s cum_CASSCF=9657.634675 s E=-7.476405378183848 Er=2.213071e-04
macro iter  21 ( 21 JK    4 micro), CASSCF E = -7.47647071931885  dE = -6.53411350e-05
               |grad[o]|=0.000296  |grad[c]|=0.00852  |ddm|=9.08e-06  |maxRot[o]|=0.282
[MACRO_TIMING] ncas= 64 macro= 21 step=388.716421 s cum_CASSCF=10046.351097 s E=-7.476470719318854 Er=2.125694e-04
[MACRO_TIMING] ncas= 64 macro= 22 step= 86.259689 s cum_CASSCF=10132.610786 s E=-7.476470719318854 Er=2.125694e-04
[MACRO_TIMING] ncas= 64 macro= 22 step= 90.442292 s cum_CASSCF=10223.053077 s E=-7.476470719318854 Er=2.125694e-04
[MACRO_TIMING] ncas= 64 macro= 22 step= 91.094725 s cum_CASSCF=10314.147803 s E=-7.476470719318854 Er=2.125694e-04
macro iter  22 ( 21 JK    4 micro), CASSCF E = -7.47655886609205  dE = -8.81467732e-05
               |grad[o]|=0.000195  |grad[c]|=0.0151  |ddm|=7.11e-06  |maxRot[o]|=0.272
[MACRO_TIMING] ncas= 64 macro= 22 step=389.830484 s cum_CASSCF=10703.978286 s E=-7.476558866092049 Er=2.007820e-04
[MACRO_TIMING] ncas= 64 macro= 23 step= 86.150991 s cum_CASSCF=10790.129278 s E=-7.476558866092049 Er=2.007820e-04
[MACRO_TIMING] ncas= 64 macro= 23 step= 90.605336 s cum_CASSCF=10880.734613 s E=-7.476558866092049 Er=2.007820e-04
[MACRO_TIMING] ncas= 64 macro= 23 step= 90.412568 s cum_CASSCF=10971.147182 s E=-7.476558866092049 Er=2.007820e-04
macro iter  23 ( 21 JK    4 micro), CASSCF E = -7.47663792327282  dE = -7.90571808e-05
               |grad[o]|=0.00017  |grad[c]|=0.0121  |ddm|=5.66e-06  |maxRot[o]|=0.213
[MACRO_TIMING] ncas= 64 macro= 23 step=327.830884 s cum_CASSCF=11298.978066 s E=-7.476637923272817 Er=1.902101e-04
[MACRO_TIMING] ncas= 64 macro= 24 step= 86.314915 s cum_CASSCF=11385.292981 s E=-7.476637923272817 Er=1.902101e-04
[MACRO_TIMING] ncas= 64 macro= 24 step= 90.608353 s cum_CASSCF=11475.901334 s E=-7.476637923272817 Er=1.902101e-04
[MACRO_TIMING] ncas= 64 macro= 24 step= 91.104702 s cum_CASSCF=11567.006036 s E=-7.476637923272817 Er=1.902101e-04
macro iter  24 ( 21 JK    4 micro), CASSCF E = -7.47672810850392  dE = -9.01852311e-05
               |grad[o]|=0.000138  |grad[c]|=0.0118  |ddm|=9.58e-06  |maxRot[o]|=0.285
[MACRO_TIMING] ncas= 64 macro= 24 step=317.052533 s cum_CASSCF=11884.058569 s E=-7.476728108503917 Er=1.781501e-04
[MACRO_TIMING] ncas= 64 macro= 25 step= 86.438456 s cum_CASSCF=11970.497025 s E=-7.476728108503917 Er=1.781501e-04
[MACRO_TIMING] ncas= 64 macro= 25 step= 91.123530 s cum_CASSCF=12061.620555 s E=-7.476728108503917 Er=1.781501e-04
[MACRO_TIMING] ncas= 64 macro= 25 step= 90.559036 s cum_CASSCF=12152.179592 s E=-7.476728108503917 Er=1.781501e-04
macro iter  25 ( 21 JK    4 micro), CASSCF E = -7.47681887621012  dE = -9.07677062e-05
               |grad[o]|=0.00012  |grad[c]|=0.0147  |ddm|=1.21e-05  |maxRot[o]|=0.253
[MACRO_TIMING] ncas= 64 macro= 25 step=327.141794 s cum_CASSCF=12479.321386 s E=-7.476818876210122 Er=1.660123e-04
[MACRO_TIMING] ncas= 64 macro= 26 step= 86.171094 s cum_CASSCF=12565.492480 s E=-7.476818876210122 Er=1.660123e-04
[MACRO_TIMING] ncas= 64 macro= 26 step= 90.424890 s cum_CASSCF=12655.917371 s E=-7.476818876210122 Er=1.660123e-04
[MACRO_TIMING] ncas= 64 macro= 26 step= 90.774156 s cum_CASSCF=12746.691527 s E=-7.476818876210122 Er=1.660123e-04
macro iter  26 ( 21 JK    4 micro), CASSCF E = -7.47686474518025  dE = -4.58689701e-05
               |grad[o]|=0.000118  |grad[c]|=0.00861  |ddm|=7.38e-06  |maxRot[o]|=0.295
[MACRO_TIMING] ncas= 64 macro= 26 step=347.604336 s cum_CASSCF=13094.295863 s E=-7.476864745180251 Er=1.598785e-04
[MACRO_TIMING] ncas= 64 macro= 27 step= 86.353478 s cum_CASSCF=13180.649340 s E=-7.476864745180251 Er=1.598785e-04
[MACRO_TIMING] ncas= 64 macro= 27 step= 90.741410 s cum_CASSCF=13271.390750 s E=-7.476864745180251 Er=1.598785e-04
[MACRO_TIMING] ncas= 64 macro= 27 step= 90.850960 s cum_CASSCF=13362.241710 s E=-7.476864745180251 Er=1.598785e-04
macro iter  27 ( 21 JK    4 micro), CASSCF E = -7.47690962182406  dE = -4.48766438e-05
               |grad[o]|=0.000125  |grad[c]|=0.00607  |ddm|=9.27e-06  |maxRot[o]|=0.272
[MACRO_TIMING] ncas= 64 macro= 27 step=367.754854 s cum_CASSCF=13729.996564 s E=-7.476909621824064 Er=1.538774e-04
[MACRO_TIMING] ncas= 64 macro= 28 step= 86.549225 s cum_CASSCF=13816.545789 s E=-7.476909621824064 Er=1.538774e-04
[MACRO_TIMING] ncas= 64 macro= 28 step= 90.365969 s cum_CASSCF=13906.911759 s E=-7.476909621824064 Er=1.538774e-04
[MACRO_TIMING] ncas= 64 macro= 28 step= 90.689667 s cum_CASSCF=13997.601426 s E=-7.476909621824064 Er=1.538774e-04
macro iter  28 ( 21 JK    4 micro), CASSCF E = -7.47696471398692  dE = -5.50921629e-05
               |grad[o]|=5.27e-05  |grad[c]|=0.00578  |ddm|=6.59e-06  |maxRot[o]|=0.276
[MACRO_TIMING] ncas= 64 macro= 28 step=408.102497 s cum_CASSCF=14405.703923 s E=-7.476964713986918 Er=1.465102e-04
[MACRO_TIMING] ncas= 64 macro= 29 step= 86.209017 s cum_CASSCF=14491.912940 s E=-7.476964713986918 Er=1.465102e-04
[MACRO_TIMING] ncas= 64 macro= 29 step= 90.480670 s cum_CASSCF=14582.393611 s E=-7.476964713986918 Er=1.465102e-04
[MACRO_TIMING] ncas= 64 macro= 29 step= 90.201095 s cum_CASSCF=14672.594706 s E=-7.476964713986918 Er=1.465102e-04
macro iter  29 ( 21 JK    4 micro), CASSCF E = -7.47702145485127  dE = -5.67408644e-05
               |grad[o]|=6.59e-05  |grad[c]|=0.00481  |ddm|=5.81e-06  |maxRot[o]|=0.273
[MACRO_TIMING] ncas= 64 macro= 29 step=388.106389 s cum_CASSCF=15060.701095 s E=-7.477021454851268 Er=1.389225e-04
[MACRO_TIMING] ncas= 64 macro= 30 step= 86.491433 s cum_CASSCF=15147.192528 s E=-7.477021454851268 Er=1.389225e-04
[MACRO_TIMING] ncas= 64 macro= 30 step= 90.605462 s cum_CASSCF=15237.797991 s E=-7.477021454851268 Er=1.389225e-04
[MACRO_TIMING] ncas= 64 macro= 30 step= 90.656880 s cum_CASSCF=15328.454870 s E=-7.477021454851268 Er=1.389225e-04
macro iter  30 ( 21 JK    4 micro), CASSCF E = -7.47705501325982  dE = -3.35584085e-05
               |grad[o]|=5.34e-05  |grad[c]|=0.00534  |ddm|=1.07e-05  |maxRot[o]|= 0.26
[MACRO_TIMING] ncas= 64 macro= 30 step=531.406127 s cum_CASSCF=15859.860997 s E=-7.477055013259818 Er=1.344350e-04
[MACRO_TIMING] ncas= 64 macro= 31 step= 86.043646 s cum_CASSCF=15945.904643 s E=-7.477055013259818 Er=1.344350e-04
[MACRO_TIMING] ncas= 64 macro= 31 step= 90.427147 s cum_CASSCF=16036.331790 s E=-7.477055013259818 Er=1.344350e-04
[MACRO_TIMING] ncas= 64 macro= 31 step= 90.389621 s cum_CASSCF=16126.721411 s E=-7.477055013259818 Er=1.344350e-04
macro iter  31 ( 21 JK    4 micro), CASSCF E = -7.47709536946137  dE = -4.03562015e-05
               |grad[o]|=9.35e-05  |grad[c]|=0.00857  |ddm|=1.95e-05  |maxRot[o]|=0.291
[MACRO_TIMING] ncas= 64 macro= 31 step=560.845695 s cum_CASSCF=16687.567106 s E=-7.477095369461367 Er=1.290383e-04
[MACRO_TIMING] ncas= 64 macro= 32 step= 86.281315 s cum_CASSCF=16773.848421 s E=-7.477095369461367 Er=1.290383e-04
[MACRO_TIMING] ncas= 64 macro= 32 step= 90.481959 s cum_CASSCF=16864.330380 s E=-7.477095369461367 Er=1.290383e-04
[MACRO_TIMING] ncas= 64 macro= 32 step= 91.378194 s cum_CASSCF=16955.708574 s E=-7.477095369461367 Er=1.290383e-04
macro iter  32 ( 21 JK    4 micro), CASSCF E = -7.47712613985881  dE = -3.07703974e-05
               |grad[o]|=9.7e-05  |grad[c]|=0.00609  |ddm|=9.09e-06  |maxRot[o]|=0.222
[MACRO_TIMING] ncas= 64 macro= 32 step=440.240398 s cum_CASSCF=17395.948972 s E=-7.477126139858814 Er=1.249236e-04
[MACRO_TIMING] ncas= 64 macro= 33 step= 86.079302 s cum_CASSCF=17482.028274 s E=-7.477126139858814 Er=1.249236e-04
[MACRO_TIMING] ncas= 64 macro= 33 step= 90.217385 s cum_CASSCF=17572.245660 s E=-7.477126139858814 Er=1.249236e-04
[MACRO_TIMING] ncas= 64 macro= 33 step= 90.348260 s cum_CASSCF=17662.593920 s E=-7.477126139858814 Er=1.249236e-04
macro iter  33 ( 21 JK    4 micro), CASSCF E = -7.47715080567552  dE = -2.46658167e-05
               |grad[o]|=0.000107  |grad[c]|=0.00614  |ddm|=1.4e-05  |maxRot[o]|=0.179
[MACRO_TIMING] ncas= 64 macro= 33 step=439.045816 s cum_CASSCF=18101.639736 s E=-7.477150805675521 Er=1.216252e-04
[MACRO_TIMING] ncas= 64 macro= 34 step= 86.162785 s cum_CASSCF=18187.802521 s E=-7.477150805675521 Er=1.216252e-04
[MACRO_TIMING] ncas= 64 macro= 34 step= 90.441695 s cum_CASSCF=18278.244216 s E=-7.477150805675521 Er=1.216252e-04
[MACRO_TIMING] ncas= 64 macro= 34 step= 90.208897 s cum_CASSCF=18368.453113 s E=-7.477150805675521 Er=1.216252e-04
macro iter  34 ( 21 JK    4 micro), CASSCF E = -7.47716987107940  dE = -1.90654039e-05
               |grad[o]|=6.94e-05  |grad[c]|=0.00422  |ddm|=3.53e-06  |maxRot[o]|=0.265
[MACRO_TIMING] ncas= 64 macro= 34 step=316.448400 s cum_CASSCF=18684.901513 s E=-7.477169871079402 Er=1.190757e-04
[MACRO_TIMING] ncas= 64 macro= 35 step= 85.831758 s cum_CASSCF=18770.733271 s E=-7.477169871079402 Er=1.190757e-04
macro iter  35 (  4 JK    1 micro), CASSCF E = -7.47717088965923  dE = -1.01857983e-06
               |grad[o]|=6.2e-05  |grad[c]|=0.000697  |ddm|=1.8e-06  |maxRot[o]|= 0.02
[MACRO_TIMING] ncas= 64 macro= 35 step=199.020584 s cum_CASSCF=18969.753854 s E=-7.477170889659234 Er=1.189394e-04
[MACRO_TIMING] ncas= 64 macro= 36 step= 86.030899 s cum_CASSCF=19055.784754 s E=-7.477170889659234 Er=1.189394e-04
macro iter  36 (  4 JK    1 micro), CASSCF E = -7.47717188728086  dE = -9.97621626e-07
               |grad[o]|=5.62e-05  |grad[c]|=0.000781  |ddm|=2e-06  |maxRot[o]|= 0.02
[MACRO_TIMING] ncas= 64 macro= 36 step=229.920557 s cum_CASSCF=19285.705311 s E=-7.477171887280861 Er=1.188060e-04
[MACRO_TIMING] ncas= 64 macro= 37 step= 86.118828 s cum_CASSCF=19371.824139 s E=-7.477171887280861 Er=1.188060e-04
macro iter  37 (  4 JK    1 micro), CASSCF E = -7.47717243795626  dE = -5.50675395e-07
               |grad[o]|=5.79e-05  |grad[c]|=0.000793  |ddm|=3.71e-06  |maxRot[o]|= 0.02
[MACRO_TIMING] ncas= 64 macro= 37 step=230.196130 s cum_CASSCF=19602.020270 s E=-7.477172437956256 Er=1.187324e-04
[MACRO_TIMING] ncas= 64 macro= 38 step= 86.196829 s cum_CASSCF=19688.217099 s E=-7.477172437956256 Er=1.187324e-04
[MACRO_TIMING] ncas= 64 macro= 38 step= 90.307287 s cum_CASSCF=19778.524386 s E=-7.477172437956256 Er=1.187324e-04
[MACRO_TIMING] ncas= 64 macro= 38 step= 90.232268 s cum_CASSCF=19868.756653 s E=-7.477172437956256 Er=1.187324e-04
macro iter  38 ( 21 JK    4 micro), CASSCF E = -7.47719334755509  dE = -2.09095988e-05
               |grad[o]|=9.74e-05  |grad[c]|=0.00274  |ddm|=3.41e-06  |maxRot[o]|=0.237
[MACRO_TIMING] ncas= 64 macro= 38 step=316.638817 s cum_CASSCF=20185.395470 s E=-7.477193347555088 Er=1.159363e-04
[MACRO_TIMING] ncas= 64 macro= 39 step= 86.112083 s cum_CASSCF=20271.507553 s E=-7.477193347555088 Er=1.159363e-04
[MACRO_TIMING] ncas= 64 macro= 39 step= 90.549303 s cum_CASSCF=20362.056855 s E=-7.477193347555088 Er=1.159363e-04
[MACRO_TIMING] ncas= 64 macro= 39 step= 92.526277 s cum_CASSCF=20454.583133 s E=-7.477193347555088 Er=1.159363e-04
macro iter  39 ( 21 JK    4 micro), CASSCF E = -7.47720915871881  dE = -1.58111637e-05
               |grad[o]|=8.74e-05  |grad[c]|=0.00392  |ddm|=2.79e-06  |maxRot[o]|=0.274
[MACRO_TIMING] ncas= 64 macro= 39 step=318.734121 s cum_CASSCF=20773.317253 s E=-7.477209158718813 Er=1.138219e-04
[MACRO_TIMING] ncas= 64 macro= 40 step= 85.801601 s cum_CASSCF=20859.118854 s E=-7.477209158718813 Er=1.138219e-04
macro iter  40 (  4 JK    1 micro), CASSCF E = -7.47721042384489  dE = -1.26512608e-06
               |grad[o]|=7.16e-05  |grad[c]|=0.000812  |ddm|=6.07e-06  |maxRot[o]|= 0.02
[MACRO_TIMING] ncas= 64 macro= 40 step=209.358184 s cum_CASSCF=21068.477038 s E=-7.477210423844895 Er=1.136528e-04
[MACRO_TIMING] ncas= 64 macro= 41 step= 86.067184 s cum_CASSCF=21154.544222 s E=-7.477210423844895 Er=1.136528e-04
[MACRO_TIMING] ncas= 64 macro= 41 step= 91.109696 s cum_CASSCF=21245.653918 s E=-7.477210423844895 Er=1.136528e-04
[MACRO_TIMING] ncas= 64 macro= 41 step= 90.444339 s cum_CASSCF=21336.098257 s E=-7.477210423844895 Er=1.136528e-04
macro iter  41 ( 21 JK    4 micro), CASSCF E = -7.47723099433091  dE = -2.05704860e-05
               |grad[o]|=6.07e-05  |grad[c]|=0.00213  |ddm|=2.74e-06  |maxRot[o]|=0.245
[MACRO_TIMING] ncas= 64 macro= 41 step=275.714814 s cum_CASSCF=21611.813071 s E=-7.477230994330910 Er=1.109020e-04
[MACRO_TIMING] ncas= 64 macro= 42 step= 86.072713 s cum_CASSCF=21697.885784 s E=-7.477230994330910 Er=1.109020e-04
macro iter  42 (  4 JK    1 micro), CASSCF E = -7.47723178019439  dE = -7.85863477e-07
               |grad[o]|=4.83e-05  |grad[c]|=0.000681  |ddm|=4.21e-06  |maxRot[o]|= 0.02
[MACRO_TIMING] ncas= 64 macro= 42 step=209.626338 s cum_CASSCF=21907.512122 s E=-7.477231780194387 Er=1.107969e-04
[MACRO_TIMING] ncas= 64 macro= 43 step= 86.297518 s cum_CASSCF=21993.809640 s E=-7.477231780194387 Er=1.107969e-04
[MACRO_TIMING] ncas= 64 macro= 43 step= 90.269773 s cum_CASSCF=22084.079413 s E=-7.477231780194387 Er=1.107969e-04
[MACRO_TIMING] ncas= 64 macro= 43 step= 90.476886 s cum_CASSCF=22174.556298 s E=-7.477231780194387 Er=1.107969e-04
macro iter  43 ( 21 JK    4 micro), CASSCF E = -7.47724040747205  dE = -8.62727766e-06
               |grad[o]|=6.57e-05  |grad[c]|=0.00308  |ddm|=6.41e-06  |maxRot[o]|=0.185
[MACRO_TIMING] ncas= 64 macro= 43 step=337.148074 s cum_CASSCF=22511.704372 s E=-7.477240407472048 Er=1.096432e-04
[MACRO_TIMING] ncas= 64 macro= 44 step= 86.010894 s cum_CASSCF=22597.715266 s E=-7.477240407472048 Er=1.096432e-04
[MACRO_TIMING] ncas= 64 macro= 44 step= 90.336793 s cum_CASSCF=22688.052060 s E=-7.477240407472048 Er=1.096432e-04
[MACRO_TIMING] ncas= 64 macro= 44 step= 90.210155 s cum_CASSCF=22778.262214 s E=-7.477240407472048 Er=1.096432e-04
macro iter  44 ( 21 JK    4 micro), CASSCF E = -7.47725475921411  dE = -1.43517421e-05
               |grad[o]|=4.97e-05  |grad[c]|=0.00375  |ddm|=1.99e-06  |maxRot[o]|=0.288
[MACRO_TIMING] ncas= 64 macro= 44 step=317.112340 s cum_CASSCF=23095.374555 s E=-7.477254759214106 Er=1.077240e-04
[MACRO_TIMING] ncas= 64 macro= 45 step= 85.962643 s cum_CASSCF=23181.337197 s E=-7.477254759214106 Er=1.077240e-04
macro iter  45 (  4 JK    1 micro), CASSCF E = -7.47725533863162  dE = -5.79417510e-07
               |grad[o]|=4.71e-05  |grad[c]|=0.000591  |ddm|=5.08e-06  |maxRot[o]|= 0.02
[MACRO_TIMING] ncas= 64 macro= 45 step=219.867531 s cum_CASSCF=23401.204728 s E=-7.477255338631617 Er=1.076465e-04
[MACRO_TIMING] ncas= 64 macro= 46 step= 86.121425 s cum_CASSCF=23487.326153 s E=-7.477255338631617 Er=1.076465e-04
[MACRO_TIMING] ncas= 64 macro= 46 step= 90.598459 s cum_CASSCF=23577.924612 s E=-7.477255338631617 Er=1.076465e-04
[MACRO_TIMING] ncas= 64 macro= 46 step= 90.548339 s cum_CASSCF=23668.472951 s E=-7.477255338631617 Er=1.076465e-04
macro iter  46 ( 18 JK    4 micro), CASSCF E = -7.47726110360140  dE = -5.76496978e-06
               |grad[o]|=0.000118  |grad[c]|=0.00234  |ddm|=7.21e-06  |maxRot[o]|=0.244
[MACRO_TIMING] ncas= 64 macro= 46 step=316.364881 s cum_CASSCF=23984.837831 s E=-7.477261103601396 Er=1.068756e-04
[MACRO_TIMING] ncas= 64 macro= 47 step= 86.450660 s cum_CASSCF=24071.288492 s E=-7.477261103601396 Er=1.068756e-04
[MACRO_TIMING] ncas= 64 macro= 47 step= 90.877052 s cum_CASSCF=24162.165543 s E=-7.477261103601396 Er=1.068756e-04
macro iter  47 (  9 JK    2 micro), CASSCF E = -7.47726303945001  dE = -1.93584861e-06
               |grad[o]|=5.96e-05  |grad[c]|=0.000909  |ddm|=3.18e-06  |maxRot[o]|=0.0989
[MACRO_TIMING] ncas= 64 macro= 47 step=239.572569 s cum_CASSCF=24401.738112 s E=-7.477263039450008 Er=1.066168e-04
[MACRO_TIMING] ncas= 64 macro= 48 step= 86.092819 s cum_CASSCF=24487.830931 s E=-7.477263039450008 Er=1.066168e-04
[MACRO_TIMING] ncas= 64 macro= 48 step= 90.170257 s cum_CASSCF=24578.001188 s E=-7.477263039450008 Er=1.066168e-04
[MACRO_TIMING] ncas= 64 macro= 48 step= 90.337501 s cum_CASSCF=24668.338690 s E=-7.477263039450008 Er=1.066168e-04
macro iter  48 ( 21 JK    4 micro), CASSCF E = -7.47726684372892  dE = -3.80427891e-06
               |grad[o]|=5.93e-05  |grad[c]|=0.00167  |ddm|=5.27e-06  |maxRot[o]|=0.228
[MACRO_TIMING] ncas= 64 macro= 48 step=316.595153 s cum_CASSCF=24984.933843 s E=-7.477266843728917 Er=1.061080e-04
[MACRO_TIMING] ncas= 64 macro= 49 step= 86.091030 s cum_CASSCF=25071.024873 s E=-7.477266843728917 Er=1.061080e-04
[MACRO_TIMING] ncas= 64 macro= 49 step= 90.578205 s cum_CASSCF=25161.603078 s E=-7.477266843728917 Er=1.061080e-04
[MACRO_TIMING] ncas= 64 macro= 49 step= 90.629885 s cum_CASSCF=25252.232963 s E=-7.477266843728917 Er=1.061080e-04
macro iter  49 ( 21 JK    4 micro), CASSCF E = -7.47727853268304  dE = -1.16889541e-05
               |grad[o]|=0.000136  |grad[c]|=0.00474  |ddm|=1.62e-06  |maxRot[o]|=0.283
[MACRO_TIMING] ncas= 64 macro= 49 step=266.155488 s cum_CASSCF=25518.388451 s E=-7.477278532683044 Er=1.045449e-04
[MACRO_TIMING] ncas= 64 macro= 50 step= 86.001070 s cum_CASSCF=25604.389521 s E=-7.477278532683044 Er=1.045449e-04
[MACRO_TIMING] ncas= 64 macro= 50 step= 90.553189 s cum_CASSCF=25694.942710 s E=-7.477278532683044 Er=1.045449e-04
[MACRO_TIMING] ncas= 64 macro= 50 step= 90.084202 s cum_CASSCF=25785.026912 s E=-7.477278532683044 Er=1.045449e-04
macro iter  50 ( 15 JK    3 micro), CASSCF E = -7.47728158323079  dE = -3.05054774e-06
               |grad[o]|=5.66e-05  |grad[c]|=0.000902  |ddm|=5.71e-06  |maxRot[o]|=0.126
[MACRO_TIMING] ncas= 64 macro= 50 step=229.965693 s cum_CASSCF=26014.992606 s E=-7.477281583230789 Er=1.041370e-04
[MACRO_TIMING] ncas= 64 macro= 51 step= 86.042269 s cum_CASSCF=26101.034874 s E=-7.477281583230789 Er=1.041370e-04
[MACRO_TIMING] ncas= 64 macro= 51 step= 91.129156 s cum_CASSCF=26192.164030 s E=-7.477281583230789 Er=1.041370e-04
[MACRO_TIMING] ncas= 64 macro= 51 step= 91.140377 s cum_CASSCF=26283.304407 s E=-7.477281583230789 Er=1.041370e-04
macro iter  51 ( 18 JK    4 micro), CASSCF E = -7.47728166888169  dE = -8.56509033e-08
               |grad[o]|=8.86e-05  |grad[c]|=0.000266  |ddm|=3.59e-06  |maxRot[o]|=0.0255
[MACRO_TIMING] ncas= 64 macro= 51 step=194.334548 s cum_CASSCF=26477.638954 s E=-7.477281668881692 Er=1.041255e-04
[MACRO_TIMING] ncas= 64 macro= 52 step= 86.293657 s cum_CASSCF=26563.932611 s E=-7.477281668881692 Er=1.041255e-04
[MACRO_TIMING] ncas= 64 macro= 52 step= 90.613083 s cum_CASSCF=26654.545695 s E=-7.477281668881692 Er=1.041255e-04
macro iter  52 ( 10 JK    2 micro), CASSCF E = -7.47728167205721  dE = -3.17552296e-09
               |grad[o]|=3.44e-05  |grad[c]|=6.47e-05  |ddm|=1.26e-06  |maxRot[o]|=0.00344
[MACRO_TIMING] ncas= 64 macro= 52 step= 97.489296 s cum_CASSCF=26752.034991 s E=-7.477281672057215 Er=1.041251e-04
[MACRO_TIMING] ncas= 64 macro= 53 step= 86.225347 s cum_CASSCF=26838.260338 s E=-7.477281672057215 Er=1.041251e-04
[MACRO_TIMING] ncas= 64 macro= 53 step= 90.188779 s cum_CASSCF=26928.449117 s E=-7.477281672057215 Er=1.041251e-04
[MACRO_TIMING] ncas= 64 macro= 53 step= 90.455729 s cum_CASSCF=27018.904845 s E=-7.477281672057215 Er=1.041251e-04
macro iter  53 ( 21 JK    4 micro), CASSCF E = -7.47728167443602  dE = -2.37880560e-09
               |grad[o]|=8.29e-05  |grad[c]|=7.36e-05  |ddm|=2.13e-06  |maxRot[o]|=0.0148
[MACRO_TIMING] ncas= 64 macro= 53 step=164.096709 s cum_CASSCF=27183.001555 s E=-7.477281674436020 Er=1.041248e-04
[MACRO_TIMING] ncas= 64 macro= 54 step= 86.005782 s cum_CASSCF=27269.007337 s E=-7.477281674436020 Er=1.041248e-04
[MACRO_TIMING] ncas= 64 macro= 54 step= 90.251809 s cum_CASSCF=27359.259146 s E=-7.477281674436020 Er=1.041248e-04
[MACRO_TIMING] ncas= 64 macro= 54 step= 90.220959 s cum_CASSCF=27449.480105 s E=-7.477281674436020 Er=1.041248e-04
macro iter  54 ( 21 JK    4 micro), CASSCF E = -7.47728167637875  dE = -1.94272864e-09
               |grad[o]|=3.1e-05  |grad[c]|=5.16e-05  |ddm|=3.03e-06  |maxRot[o]|=0.0314
[MACRO_TIMING] ncas= 64 macro= 54 step=163.791168 s cum_CASSCF=27613.271273 s E=-7.477281676378749 Er=1.041245e-04
[MACRO_TIMING] ncas= 64 macro= 55 step= 86.127007 s cum_CASSCF=27699.398279 s E=-7.477281676378749 Er=1.041245e-04
[MACRO_TIMING] ncas= 64 macro= 55 step= 90.097618 s cum_CASSCF=27789.495897 s E=-7.477281676378749 Er=1.041245e-04
[MACRO_TIMING] ncas= 64 macro= 55 step= 90.084005 s cum_CASSCF=27879.579903 s E=-7.477281676378749 Er=1.041245e-04
macro iter  55 ( 21 JK    4 micro), CASSCF E = -7.47728167743449  dE = -1.05574216e-09
               |grad[o]|=4.24e-05  |grad[c]|=4.04e-05  |ddm|=1.91e-06  |maxRot[o]|=0.0265
[MACRO_TIMING] ncas= 64 macro= 55 step=123.679673 s cum_CASSCF=28003.259576 s E=-7.477281677434491 Er=1.041244e-04
[MACRO_TIMING] ncas= 64 macro= 56 step= 86.139400 s cum_CASSCF=28089.398976 s E=-7.477281677434491 Er=1.041244e-04
[MACRO_TIMING] ncas= 64 macro= 56 step= 90.567664 s cum_CASSCF=28179.966640 s E=-7.477281677434491 Er=1.041244e-04
[MACRO_TIMING] ncas= 64 macro= 56 step= 90.424998 s cum_CASSCF=28270.391637 s E=-7.477281677434491 Er=1.041244e-04
macro iter  56 ( 22 JK    4 micro), CASSCF E = -7.47728167784319  dE = -4.08699741e-10
               |grad[o]|=1.46e-05  |grad[c]|=2.21e-05  |ddm|=8.16e-07  |maxRot[o]|=0.0151
[MACRO_TIMING] ncas= 64 macro= 56 step= 72.116140 s cum_CASSCF=28342.507777 s E=-7.477281677843191 Er=1.041243e-04
[MACRO_TIMING] ncas= 64 macro= 57 step= 85.945054 s cum_CASSCF=28428.452831 s E=-7.477281677843191 Er=1.041243e-04
macro iter  57 (  5 JK    1 micro), CASSCF E = -7.47728167788039  dE = -3.72040176e-11
               |grad[o]|=3.1e-06  |grad[c]|=1.54e-05  |ddm|=3.23e-07  |maxRot[o]|=0.00154
[MACRO_TIMING] ncas= 64 macro= 57 step= 46.538100 s cum_CASSCF=28474.990931 s E=-7.477281677880395 Er=1.041243e-04
[MACRO_TIMING] ncas= 64 macro= 58 step= 86.483975 s cum_CASSCF=28561.474906 s E=-7.477281677880395 Er=1.041243e-04
macro iter  58 (  7 JK    1 micro), CASSCF E = -7.47728167794769  dE = -6.72955025e-11
               |grad[o]|=3.47e-06  |grad[c]|=1.62e-05  |ddm|=2.7e-07  |maxRot[o]|=0.00264
[MACRO_TIMING] ncas= 64 macro= 58 step= 46.604856 s cum_CASSCF=28608.079762 s E=-7.477281677947690 Er=1.041243e-04
[MACRO_TIMING] ncas= 64 macro= 59 step= 86.144236 s cum_CASSCF=28694.223998 s E=-7.477281677947690 Er=1.041243e-04
[MACRO_TIMING] ncas= 64 macro= 59 step= 90.425120 s cum_CASSCF=28784.649118 s E=-7.477281677947690 Er=1.041243e-04
[MACRO_TIMING] ncas= 64 macro= 59 step= 90.398117 s cum_CASSCF=28875.047236 s E=-7.477281677947690 Er=1.041243e-04
macro iter  59 ( 27 JK    4 micro), CASSCF E = -7.47728167810506  dE = -1.57373670e-10
               |grad[o]|=4.69e-06  |grad[c]|=1.14e-05  |ddm|=6.21e-07  |maxRot[o]|=0.00804
[MACRO_TIMING] ncas= 64 macro= 59 step= 72.621724 s cum_CASSCF=28947.668959 s E=-7.477281678105064 Er=1.041243e-04
[MACRO_TIMING] ncas= 64 macro= 60 step= 85.936462 s cum_CASSCF=29033.605421 s E=-7.477281678105064 Er=1.041243e-04
macro iter  60 (  4 JK    1 micro), CASSCF E = -7.47728167811981  dE = -1.47455381e-11
               |grad[o]|=1.82e-06  |grad[c]|=1.13e-05  |ddm|=1.87e-07  |maxRot[o]|=0.000926
[MACRO_TIMING] ncas= 64 macro= 60 step= 46.576844 s cum_CASSCF=29080.182265 s E=-7.477281678119810 Er=1.041243e-04
[MACRO_TIMING] ncas= 64 macro= 61 step= 86.235568 s cum_CASSCF=29166.417833 s E=-7.477281678119810 Er=1.041243e-04
[MACRO_TIMING] ncas= 64 macro= 61 step= 90.578525 s cum_CASSCF=29256.996359 s E=-7.477281678119810 Er=1.041243e-04
[MACRO_TIMING] ncas= 64 macro= 61 step= 90.860262 s cum_CASSCF=29347.856621 s E=-7.477281678119810 Er=1.041243e-04
macro iter  61 ( 25 JK    4 micro), CASSCF E = -7.47728167827701  dE = -1.57198699e-10
               |grad[o]|=9.17e-06  |grad[c]|=1.4e-05  |ddm|=4.31e-07  |maxRot[o]|=0.0156
[MACRO_TIMING] ncas= 64 macro= 61 step= 82.730412 s cum_CASSCF=29430.587033 s E=-7.477281678277008 Er=1.041243e-04
[MACRO_TIMING] ncas= 64 macro= 62 step= 86.005872 s cum_CASSCF=29516.592904 s E=-7.477281678277008 Er=1.041243e-04
macro iter  62 (  5 JK    1 micro), CASSCF E = -7.47728167832567  dE = -4.86650720e-11
               |grad[o]|=5.25e-06  |grad[c]|=2e-05  |ddm|=1.92e-07  |maxRot[o]|=0.00516
[MACRO_TIMING] ncas= 64 macro= 62 step= 46.594302 s cum_CASSCF=29563.187206 s E=-7.477281678325673 Er=1.041243e-04
[MACRO_TIMING] ncas= 64 macro= 63 step= 86.130751 s cum_CASSCF=29649.317957 s E=-7.477281678325673 Er=1.041243e-04
[MACRO_TIMING] ncas= 64 macro= 63 step= 90.262449 s cum_CASSCF=29739.580406 s E=-7.477281678325673 Er=1.041243e-04
[MACRO_TIMING] ncas= 64 macro= 63 step= 90.466420 s cum_CASSCF=29830.046826 s E=-7.477281678325673 Er=1.041243e-04
macro iter  63 ( 13 JK    3 micro), CASSCF E = -7.47728167856579  dE = -2.40116371e-10
               |grad[o]|=1.48e-05  |grad[c]|=3.17e-05  |ddm|=4.64e-07  |maxRot[o]|=0.0238
[MACRO_TIMING] ncas= 64 macro= 63 step= 46.454778 s cum_CASSCF=29876.501604 s E=-7.477281678565790 Er=1.041243e-04
[MACRO_TIMING] ncas= 64 macro= 64 step= 85.950893 s cum_CASSCF=29962.452497 s E=-7.477281678565790 Er=1.041243e-04
macro iter  64 (  4 JK    1 micro), CASSCF E = -7.47728167867649  dE = -1.10702558e-10
               |grad[o]|=5.45e-06  |grad[c]|=4.01e-05  |ddm|=2.1e-07  |maxRot[o]|=0.00901
[MACRO_TIMING] ncas= 64 macro= 64 step= 46.588376 s cum_CASSCF=30009.040873 s E=-7.477281678676492 Er=1.041242e-04
[MACRO_TIMING] ncas= 64 macro= 65 step= 86.113317 s cum_CASSCF=30095.154191 s E=-7.477281678676492 Er=1.041242e-04
macro iter  65 (  5 JK    1 micro), CASSCF E = -7.47728167891948  dE = -2.42986964e-10
               |grad[o]|=1.29e-05  |grad[c]|=7.05e-05  |ddm|=1.66e-07  |maxRot[o]|=0.0155
[MACRO_TIMING] ncas= 64 macro= 65 step= 77.265065 s cum_CASSCF=30172.419256 s E=-7.477281678919479 Er=1.041242e-04
[MACRO_TIMING] ncas= 64 macro= 66 step= 85.917643 s cum_CASSCF=30258.336899 s E=-7.477281678919479 Er=1.041242e-04
macro iter  66 (  4 JK    1 micro), CASSCF E = -7.47728167917827  dE = -2.58792099e-10
               |grad[o]|=6.06e-06  |grad[c]|=8.09e-05  |ddm|=1.59e-07  |maxRot[o]|=0.0145
[MACRO_TIMING] ncas= 64 macro= 66 step= 46.663234 s cum_CASSCF=30305.000133 s E=-7.477281679178271 Er=1.041242e-04
[MACRO_TIMING] ncas= 64 macro= 67 step= 86.534525 s cum_CASSCF=30391.534658 s E=-7.477281679178271 Er=1.041242e-04
[MACRO_TIMING] ncas= 64 macro= 67 step= 90.597828 s cum_CASSCF=30482.132487 s E=-7.477281679178271 Er=1.041242e-04
[MACRO_TIMING] ncas= 64 macro= 67 step= 90.433414 s cum_CASSCF=30572.565900 s E=-7.477281679178271 Er=1.041242e-04
macro iter  67 ( 22 JK    4 micro), CASSCF E = -7.47728168243226  dE = -3.25398730e-09
               |grad[o]|=2.43e-05  |grad[c]|=0.000245  |ddm|=6.92e-07  |maxRot[o]|=0.0815
[MACRO_TIMING] ncas= 64 macro= 67 step=144.025123 s cum_CASSCF=30716.591023 s E=-7.477281682432259 Er=1.041237e-04
[MACRO_TIMING] ncas= 64 macro= 68 step= 86.282656 s cum_CASSCF=30802.873679 s E=-7.477281682432259 Er=1.041237e-04
[MACRO_TIMING] ncas= 64 macro= 68 step= 91.218084 s cum_CASSCF=30894.091763 s E=-7.477281682432259 Er=1.041237e-04
[MACRO_TIMING] ncas= 64 macro= 68 step= 90.294367 s cum_CASSCF=30984.386130 s E=-7.477281682432259 Er=1.041237e-04
macro iter  68 ( 15 JK    3 micro), CASSCF E = -7.47728168888452  dE = -6.45226184e-09
               |grad[o]|=3.94e-05  |grad[c]|=0.000319  |ddm|=6.07e-07  |maxRot[o]|=0.0496
[MACRO_TIMING] ncas= 64 macro= 68 step=127.990257 s cum_CASSCF=31112.376388 s E=-7.477281688884521 Er=1.041229e-04
[MACRO_TIMING] ncas= 64 macro= 69 step= 86.042030 s cum_CASSCF=31198.418417 s E=-7.477281688884521 Er=1.041229e-04
macro iter  69 (  5 JK    1 micro), CASSCF E = -7.47728169772275  dE = -8.83823237e-09
               |grad[o]|=5.63e-05  |grad[c]|=0.000554  |ddm|=7.94e-07  |maxRot[o]|=0.0304
[MACRO_TIMING] ncas= 64 macro= 69 step=138.261769 s cum_CASSCF=31336.680187 s E=-7.477281697722753 Er=1.041217e-04
[MACRO_TIMING] ncas= 64 macro= 70 step= 86.139302 s cum_CASSCF=31422.819489 s E=-7.477281697722753 Er=1.041217e-04
macro iter  70 (  6 JK    1 micro), CASSCF E = -7.47728174031282  dE = -4.25900710e-08
               |grad[o]|=9.72e-05  |grad[c]|=0.00146  |ddm|=1.45e-06  |maxRot[o]|=0.059
[MACRO_TIMING] ncas= 64 macro= 70 step=179.141508 s cum_CASSCF=31601.960997 s E=-7.477281740312824 Er=1.041160e-04
[MACRO_TIMING] ncas= 64 macro= 71 step= 86.573317 s cum_CASSCF=31688.534314 s E=-7.477281740312824 Er=1.041160e-04
[MACRO_TIMING] ncas= 64 macro= 71 step= 90.255883 s cum_CASSCF=31778.790197 s E=-7.477281740312824 Er=1.041160e-04
[MACRO_TIMING] ncas= 64 macro= 71 step= 90.518533 s cum_CASSCF=31869.308730 s E=-7.477281740312824 Er=1.041160e-04
macro iter  71 ( 21 JK    4 micro), CASSCF E = -7.47728470283246  dE = -2.96251964e-06
               |grad[o]|=0.000131  |grad[c]|=0.00558  |ddm|=3.68e-06  |maxRot[o]|= 0.23
[MACRO_TIMING] ncas= 64 macro= 71 step=286.147501 s cum_CASSCF=32155.456231 s E=-7.477284702832463 Er=1.037198e-04
[MACRO_TIMING] ncas= 64 macro= 72 step= 86.158548 s cum_CASSCF=32241.614780 s E=-7.477284702832463 Er=1.037198e-04
macro iter  72 (  6 JK    1 micro), CASSCF E = -7.47728624669558  dE = -1.54386311e-06
               |grad[o]|=0.000143  |grad[c]|=0.0045  |ddm|=9.37e-06  |maxRot[o]|=0.0597
[MACRO_TIMING] ncas= 64 macro= 72 step=240.770581 s cum_CASSCF=32482.385360 s E=-7.477286246695577 Er=1.035134e-04
[MACRO_TIMING] ncas= 64 macro= 73 step= 86.518848 s cum_CASSCF=32568.904208 s E=-7.477286246695577 Er=1.035134e-04
macro iter  73 (  6 JK    1 micro), CASSCF E = -7.47728805805619  dE = -1.81136061e-06
               |grad[o]|=0.000193  |grad[c]|=0.0056  |ddm|=3.9e-06  |maxRot[o]|=0.0562
[MACRO_TIMING] ncas= 64 macro= 73 step=249.265611 s cum_CASSCF=32818.169819 s E=-7.477288058056189 Er=1.032712e-04
[MACRO_TIMING] ncas= 64 macro= 74 step= 86.474506 s cum_CASSCF=32904.644325 s E=-7.477288058056189 Er=1.032712e-04
[MACRO_TIMING] ncas= 64 macro= 74 step= 91.278709 s cum_CASSCF=32995.923034 s E=-7.477288058056189 Er=1.032712e-04
[MACRO_TIMING] ncas= 64 macro= 74 step= 90.427093 s cum_CASSCF=33086.350128 s E=-7.477288058056189 Er=1.032712e-04
macro iter  74 ( 16 JK    3 micro), CASSCF E = -7.47729215821800  dE = -4.10016181e-06
               |grad[o]|=0.000272  |grad[c]|=0.00311  |ddm|=5.69e-06  |maxRot[o]|=0.207
[MACRO_TIMING] ncas= 64 macro= 74 step=291.858773 s cum_CASSCF=33378.208901 s E=-7.477292158218003 Er=1.027229e-04
[MACRO_TIMING] ncas= 64 macro= 75 step= 86.888669 s cum_CASSCF=33465.097570 s E=-7.477292158218003 Er=1.027229e-04
[MACRO_TIMING] ncas= 64 macro= 75 step= 90.783582 s cum_CASSCF=33555.881152 s E=-7.477292158218003 Er=1.027229e-04
[MACRO_TIMING] ncas= 64 macro= 75 step= 90.582950 s cum_CASSCF=33646.464102 s E=-7.477292158218003 Er=1.027229e-04
macro iter  75 ( 21 JK    4 micro), CASSCF E = -7.47729799981390  dE = -5.84159590e-06
               |grad[o]|=0.000272  |grad[c]|=0.00332  |ddm|=1.25e-05  |maxRot[o]|=0.156
[MACRO_TIMING] ncas= 64 macro= 75 step=337.958333 s cum_CASSCF=33984.422436 s E=-7.477297999813899 Er=1.019417e-04
[MACRO_TIMING] ncas= 64 macro= 76 step= 86.312037 s cum_CASSCF=34070.734472 s E=-7.477297999813899 Er=1.019417e-04
[MACRO_TIMING] ncas= 64 macro= 76 step= 91.043528 s cum_CASSCF=34161.778000 s E=-7.477297999813899 Er=1.019417e-04
[MACRO_TIMING] ncas= 64 macro= 76 step= 90.526551 s cum_CASSCF=34252.304552 s E=-7.477297999813899 Er=1.019417e-04
macro iter  76 ( 21 JK    4 micro), CASSCF E = -7.47730664160229  dE = -8.64178839e-06
               |grad[o]|=0.00059  |grad[c]|=0.00405  |ddm|=7.15e-06  |maxRot[o]|=0.143
[MACRO_TIMING] ncas= 64 macro= 76 step=266.448566 s cum_CASSCF=34518.753117 s E=-7.477306641602288 Er=1.007861e-04
[MACRO_TIMING] ncas= 64 macro= 77 step= 86.041728 s cum_CASSCF=34604.794846 s E=-7.477306641602288 Er=1.007861e-04
macro iter  77 (  5 JK    1 micro), CASSCF E = -7.47730782364679  dE = -1.18204450e-06
               |grad[o]|=0.000273  |grad[c]|=0.00223  |ddm|=1.61e-06  |maxRot[o]|=0.0398
[MACRO_TIMING] ncas= 64 macro= 77 step=199.998452 s cum_CASSCF=34804.793297 s E=-7.477307823646793 Er=1.006280e-04
[MACRO_TIMING] ncas= 64 macro= 78 step= 86.269230 s cum_CASSCF=34891.062527 s E=-7.477307823646793 Er=1.006280e-04
macro iter  78 (  5 JK    1 micro), CASSCF E = -7.47730845907142  dE = -6.35424627e-07
               |grad[o]|=0.000308  |grad[c]|=0.0021  |ddm|=2.47e-06  |maxRot[o]|=0.0388
[MACRO_TIMING] ncas= 64 macro= 78 step=220.417558 s cum_CASSCF=35111.480085 s E=-7.477308459071420 Er=1.005430e-04
[MACRO_TIMING] ncas= 64 macro= 79 step= 86.267227 s cum_CASSCF=35197.747312 s E=-7.477308459071420 Er=1.005430e-04
macro iter  79 (  4 JK    1 micro), CASSCF E = -7.47730874839320  dE = -2.89321775e-07
               |grad[o]|=0.000248  |grad[c]|=0.0014  |ddm|=4.28e-06  |maxRot[o]|= 0.02
[MACRO_TIMING] ncas= 64 macro= 79 step=220.262890 s cum_CASSCF=35418.010202 s E=-7.477308748393195 Er=1.005044e-04
[MACRO_TIMING] ncas= 64 macro= 80 step= 85.987139 s cum_CASSCF=35503.997340 s E=-7.477308748393195 Er=1.005044e-04
[MACRO_TIMING] ncas= 64 macro= 80 step= 90.228474 s cum_CASSCF=35594.225815 s E=-7.477308748393195 Er=1.005044e-04
macro iter  80 (  7 JK    2 micro), CASSCF E = -7.47730998767421  dE = -1.23928102e-06
               |grad[o]|=0.000821  |grad[c]|=0.0032  |ddm|=5.98e-06  |maxRot[o]|=0.0594
[MACRO_TIMING] ncas= 64 macro= 80 step=250.349374 s cum_CASSCF=35844.575188 s E=-7.477309987674214 Er=1.003386e-04
[MACRO_TIMING] ncas= 64 macro= 81 step= 86.008538 s cum_CASSCF=35930.583726 s E=-7.477309987674214 Er=1.003386e-04
macro iter  81 (  4 JK    1 micro), CASSCF E = -7.47731062042259  dE = -6.32748371e-07
               |grad[o]|=7.21e-05  |grad[c]|=0.00159  |ddm|=2.18e-06  |maxRot[o]|= 0.02
[MACRO_TIMING] ncas= 64 macro= 81 step=209.985597 s cum_CASSCF=36140.569324 s E=-7.477310620422585 Er=1.002540e-04
[MACRO_TIMING] ncas= 64 macro= 82 step= 85.986807 s cum_CASSCF=36226.556131 s E=-7.477310620422585 Er=1.002540e-04
[MACRO_TIMING] ncas= 64 macro= 82 step= 91.012185 s cum_CASSCF=36317.568316 s E=-7.477310620422585 Er=1.002540e-04
[MACRO_TIMING] ncas= 64 macro= 82 step= 90.724997 s cum_CASSCF=36408.293313 s E=-7.477310620422585 Er=1.002540e-04
macro iter  82 ( 18 JK    4 micro), CASSCF E = -7.47731859789036  dE = -7.97746777e-06
               |grad[o]|=0.000351  |grad[c]|=0.00487  |ddm|=3.72e-06  |maxRot[o]|=0.232
[MACRO_TIMING] ncas= 64 macro= 82 step=317.906631 s cum_CASSCF=36726.199944 s E=-7.477318597890356 Er=9.918723e-05
[MACRO_TIMING] ncas= 64 macro= 83 step= 86.233394 s cum_CASSCF=36812.433337 s E=-7.477318597890356 Er=9.918723e-05
macro iter  83 (  5 JK    1 micro), CASSCF E = -7.47731958558764  dE = -9.87697280e-07
               |grad[o]|=5.37e-05  |grad[c]|=0.00268  |ddm|=1.34e-06  |maxRot[o]|=0.0399
[MACRO_TIMING] ncas= 64 macro= 83 step=230.335966 s cum_CASSCF=37042.769303 s E=-7.477319585587637 Er=9.905515e-05
[MACRO_TIMING] ncas= 64 macro= 84 step= 86.435881 s cum_CASSCF=37129.205184 s E=-7.477319585587637 Er=9.905515e-05
[MACRO_TIMING] ncas= 64 macro= 84 step= 90.437368 s cum_CASSCF=37219.642552 s E=-7.477319585587637 Er=9.905515e-05
macro iter  84 ( 10 JK    2 micro), CASSCF E = -7.47732121583765  dE = -1.63025001e-06
               |grad[o]|=9.75e-05  |grad[c]|=0.00155  |ddm|=2.87e-06  |maxRot[o]|=0.118
[MACRO_TIMING] ncas= 64 macro= 84 step=230.083067 s cum_CASSCF=37449.725618 s E=-7.477321215837652 Er=9.883715e-05
[MACRO_TIMING] ncas= 64 macro= 85 step= 86.518924 s cum_CASSCF=37536.244542 s E=-7.477321215837652 Er=9.883715e-05
macro iter  85 (  6 JK    1 micro), CASSCF E = -7.47732161063155  dE = -3.94793897e-07
               |grad[o]|=6.18e-05  |grad[c]|=0.00214  |ddm|=3.75e-06  |maxRot[o]|=0.0433
[MACRO_TIMING] ncas= 64 macro= 85 step=240.643602 s cum_CASSCF=37776.888144 s E=-7.477321610631549 Er=9.878436e-05
[MACRO_TIMING] ncas= 64 macro= 86 step= 86.256949 s cum_CASSCF=37863.145093 s E=-7.477321610631549 Er=9.878436e-05
[MACRO_TIMING] ncas= 64 macro= 86 step= 90.596178 s cum_CASSCF=37953.741272 s E=-7.477321610631549 Er=9.878436e-05
[MACRO_TIMING] ncas= 64 macro= 86 step= 90.288972 s cum_CASSCF=38044.030244 s E=-7.477321610631549 Er=9.878436e-05
macro iter  86 ( 22 JK    4 micro), CASSCF E = -7.47732174275293  dE = -1.32121381e-07
               |grad[o]|=7.55e-05  |grad[c]|=0.000386  |ddm|=2.35e-06  |maxRot[o]|=0.0252
[MACRO_TIMING] ncas= 64 macro= 86 step=215.547300 s cum_CASSCF=38259.577544 s E=-7.477321742752929 Er=9.876669e-05
[MACRO_TIMING] ncas= 64 macro= 87 step= 86.211524 s cum_CASSCF=38345.789068 s E=-7.477321742752929 Er=9.876669e-05
[MACRO_TIMING] ncas= 64 macro= 87 step= 90.684593 s cum_CASSCF=38436.473661 s E=-7.477321742752929 Er=9.876669e-05
[MACRO_TIMING] ncas= 64 macro= 87 step= 90.459842 s cum_CASSCF=38526.933503 s E=-7.477321742752929 Er=9.876669e-05
macro iter  87 ( 17 JK    3 micro), CASSCF E = -7.47732174624021  dE = -3.48728513e-09
               |grad[o]|=2.47e-05  |grad[c]|=8.84e-05  |ddm|=2.71e-06  |maxRot[o]|=0.014
[MACRO_TIMING] ncas= 64 macro= 87 step=118.106629 s cum_CASSCF=38645.040132 s E=-7.477321746240214 Er=9.876622e-05
[MACRO_TIMING] ncas= 64 macro= 88 step= 85.925638 s cum_CASSCF=38730.965770 s E=-7.477321746240214 Er=9.876622e-05
macro iter  88 (  4 JK    1 micro), CASSCF E = -7.47732174757449  dE = -1.33427758e-09
               |grad[o]|=2.34e-05  |grad[c]|=0.000104  |ddm|=1.43e-06  |maxRot[o]|=0.0081
[MACRO_TIMING] ncas= 64 macro= 88 step= 87.401244 s cum_CASSCF=38818.367014 s E=-7.477321747574492 Er=9.876604e-05
[MACRO_TIMING] ncas= 64 macro= 89 step= 86.511378 s cum_CASSCF=38904.878393 s E=-7.477321747574492 Er=9.876604e-05
[MACRO_TIMING] ncas= 64 macro= 89 step= 91.131116 s cum_CASSCF=38996.009508 s E=-7.477321747574492 Er=9.876604e-05
[MACRO_TIMING] ncas= 64 macro= 89 step= 90.984213 s cum_CASSCF=39086.993722 s E=-7.477321747574492 Er=9.876604e-05
macro iter  89 ( 15 JK    3 micro), CASSCF E = -7.47732175612250  dE = -8.54800941e-09
               |grad[o]|=0.000118  |grad[c]|=0.000209  |ddm|=3.34e-06  |maxRot[o]|=0.0507
[MACRO_TIMING] ncas= 64 macro= 89 step=169.337650 s cum_CASSCF=39256.331372 s E=-7.477321756122501 Er=9.876490e-05
[MACRO_TIMING] ncas= 64 macro= 90 step= 86.321829 s cum_CASSCF=39342.653200 s E=-7.477321756122501 Er=9.876490e-05
macro iter  90 (  5 JK    1 micro), CASSCF E = -7.47732176305061  dE = -6.92811053e-09
               |grad[o]|=4.88e-05  |grad[c]|=0.000401  |ddm|=9.38e-07  |maxRot[o]|=0.0268
[MACRO_TIMING] ncas= 64 macro= 90 step=138.423425 s cum_CASSCF=39481.076625 s E=-7.477321763050612 Er=9.876397e-05
[MACRO_TIMING] ncas= 64 macro= 91 step= 86.476275 s cum_CASSCF=39567.552900 s E=-7.477321763050612 Er=9.876397e-05
[MACRO_TIMING] ncas= 64 macro= 91 step= 90.724380 s cum_CASSCF=39658.277280 s E=-7.477321763050612 Er=9.876397e-05
[MACRO_TIMING] ncas= 64 macro= 91 step= 90.671771 s cum_CASSCF=39748.949052 s E=-7.477321763050612 Er=9.876397e-05
macro iter  91 ( 20 JK    4 micro), CASSCF E = -7.47732326329557  dE = -1.50024495e-06
               |grad[o]|=8.52e-05  |grad[c]|=0.00369  |ddm|=3.82e-06  |maxRot[o]|=0.244
[MACRO_TIMING] ncas= 64 macro= 91 step=317.917716 s cum_CASSCF=40066.866767 s E=-7.477323263295567 Er=9.856335e-05
[MACRO_TIMING] ncas= 64 macro= 92 step= 86.745887 s cum_CASSCF=40153.612654 s E=-7.477323263295567 Er=9.856335e-05
[MACRO_TIMING] ncas= 64 macro= 92 step= 90.553048 s cum_CASSCF=40244.165703 s E=-7.477323263295567 Er=9.856335e-05
[MACRO_TIMING] ncas= 64 macro= 92 step= 90.893644 s cum_CASSCF=40335.059347 s E=-7.477323263295567 Er=9.856335e-05
macro iter  92 ( 15 JK    3 micro), CASSCF E = -7.47732886150769  dE = -5.59821212e-06
               |grad[o]|=0.000114  |grad[c]|=0.00422  |ddm|=7.11e-06  |maxRot[o]|=0.178
[MACRO_TIMING] ncas= 64 macro= 92 step=261.423019 s cum_CASSCF=40596.482366 s E=-7.477328861507686 Er=9.781474e-05
[MACRO_TIMING] ncas= 64 macro= 93 step= 86.204136 s cum_CASSCF=40682.686502 s E=-7.477328861507686 Er=9.781474e-05
macro iter  93 (  4 JK    1 micro), CASSCF E = -7.47732955495555  dE = -6.93447866e-07
               |grad[o]|=0.000127  |grad[c]|=0.00191  |ddm|=6.32e-06  |maxRot[o]|= 0.02
[MACRO_TIMING] ncas= 64 macro= 93 step=220.404075 s cum_CASSCF=40903.090577 s E=-7.477329554955553 Er=9.772200e-05
[MACRO_TIMING] ncas= 64 macro= 94 step= 86.335610 s cum_CASSCF=40989.426188 s E=-7.477329554955553 Er=9.772200e-05
[MACRO_TIMING] ncas= 64 macro= 94 step= 90.540203 s cum_CASSCF=41079.966390 s E=-7.477329554955553 Er=9.772200e-05
[MACRO_TIMING] ncas= 64 macro= 94 step= 90.606320 s cum_CASSCF=41170.572710 s E=-7.477329554955553 Er=9.772200e-05
macro iter  94 ( 18 JK    4 micro), CASSCF E = -7.47733423124770  dE = -4.67629215e-06
               |grad[o]|=0.000818  |grad[c]|=0.00313  |ddm|=6.56e-06  |maxRot[o]|=0.159
[MACRO_TIMING] ncas= 64 macro= 94 step=327.971082 s cum_CASSCF=41498.543792 s E=-7.477334231247702 Er=9.709667e-05
[MACRO_TIMING] ncas= 64 macro= 95 step= 86.349728 s cum_CASSCF=41584.893520 s E=-7.477334231247702 Er=9.709667e-05
[MACRO_TIMING] ncas= 64 macro= 95 step= 90.295193 s cum_CASSCF=41675.188713 s E=-7.477334231247702 Er=9.709667e-05
[MACRO_TIMING] ncas= 64 macro= 95 step= 90.652803 s cum_CASSCF=41765.841516 s E=-7.477334231247702 Er=9.709667e-05
macro iter  95 ( 20 JK    4 micro), CASSCF E = -7.47733501999494  dE = -7.88747243e-07
               |grad[o]|=0.000339  |grad[c]|=0.00101  |ddm|=4.34e-06  |maxRot[o]|=0.0673
[MACRO_TIMING] ncas= 64 macro= 95 step=257.111171 s cum_CASSCF=42022.952686 s E=-7.477335019994944 Er=9.699119e-05
[MACRO_TIMING] ncas= 64 macro= 96 step= 86.503140 s cum_CASSCF=42109.455826 s E=-7.477335019994944 Er=9.699119e-05
[MACRO_TIMING] ncas= 64 macro= 96 step= 90.702221 s cum_CASSCF=42200.158048 s E=-7.477335019994944 Er=9.699119e-05
[MACRO_TIMING] ncas= 64 macro= 96 step= 91.069039 s cum_CASSCF=42291.227087 s E=-7.477335019994944 Er=9.699119e-05
macro iter  96 ( 22 JK    4 micro), CASSCF E = -7.47733504884605  dE = -2.88511020e-08
               |grad[o]|=0.000154  |grad[c]|=0.000225  |ddm|=3.42e-06  |maxRot[o]|=0.0222
[MACRO_TIMING] ncas= 64 macro= 96 step=196.053224 s cum_CASSCF=42487.280311 s E=-7.477335048846046 Er=9.698734e-05
[MACRO_TIMING] ncas= 64 macro= 97 step= 86.484214 s cum_CASSCF=42573.764525 s E=-7.477335048846046 Er=9.698734e-05
[MACRO_TIMING] ncas= 64 macro= 97 step= 90.370386 s cum_CASSCF=42664.134911 s E=-7.477335048846046 Er=9.698734e-05
[MACRO_TIMING] ncas= 64 macro= 97 step= 90.484206 s cum_CASSCF=42754.619117 s E=-7.477335048846046 Er=9.698734e-05
macro iter  97 ( 18 JK    4 micro), CASSCF E = -7.47733507257766  dE = -2.37316140e-08
               |grad[o]|=9.65e-05  |grad[c]|=0.000261  |ddm|=1.23e-06  |maxRot[o]|=0.0511
[MACRO_TIMING] ncas= 64 macro= 97 step=194.896537 s cum_CASSCF=42949.515654 s E=-7.477335072577660 Er=9.698416e-05
[MACRO_TIMING] ncas= 64 macro= 98 step= 86.660038 s cum_CASSCF=43036.175691 s E=-7.477335072577660 Er=9.698416e-05
macro iter  98 (  5 JK    1 micro), CASSCF E = -7.47733509057624  dE = -1.79985813e-08
               |grad[o]|=4.78e-05  |grad[c]|=0.000669  |ddm|=1.14e-06  |maxRot[o]|=0.025
[MACRO_TIMING] ncas= 64 macro= 98 step=149.187616 s cum_CASSCF=43185.363308 s E=-7.477335090576242 Er=9.698176e-05
[MACRO_TIMING] ncas= 64 macro= 99 step= 86.355461 s cum_CASSCF=43271.718769 s E=-7.477335090576242 Er=9.698176e-05
[MACRO_TIMING] ncas= 64 macro= 99 step= 90.735069 s cum_CASSCF=43362.453838 s E=-7.477335090576242 Er=9.698176e-05
[MACRO_TIMING] ncas= 64 macro= 99 step= 90.529554 s cum_CASSCF=43452.983392 s E=-7.477335090576242 Er=9.698176e-05
macro iter  99 ( 21 JK    4 micro), CASSCF E = -7.47733774550193  dE = -2.65492569e-06
               |grad[o]|=0.000102  |grad[c]|=0.00572  |ddm|=8.86e-06  |maxRot[o]|=0.252
[MACRO_TIMING] ncas= 64 macro= 99 step=267.019215 s cum_CASSCF=43720.002606 s E=-7.477337745501927 Er=9.662673e-05
[MACRO_TIMING] ncas= 64 macro=100 step= 86.297358 s cum_CASSCF=43806.299965 s E=-7.477337745501927 Er=9.662673e-05
macro iter 100 (  6 JK    1 micro), CASSCF E = -7.47733897702009  dE = -1.23151816e-06
               |grad[o]|=0.000241  |grad[c]|=0.00497  |ddm|=7.24e-06  |maxRot[o]|=0.0596
[MACRO_TIMING] ncas= 64 macro=100 step=210.149867 s cum_CASSCF=44016.449832 s E=-7.477338977020088 Er=9.646204e-05
[MACRO_TIMING] ncas= 64 macro=101 step= 86.406980 s cum_CASSCF=44102.856811 s E=-7.477338977020088 Er=9.646204e-05
[MACRO_TIMING] ncas= 64 macro=101 step= 90.607878 s cum_CASSCF=44193.464689 s E=-7.477338977020088 Er=9.646204e-05
[MACRO_TIMING] ncas= 64 macro=101 step= 90.727654 s cum_CASSCF=44284.192343 s E=-7.477338977020088 Er=9.646204e-05
macro iter 101 ( 14 JK    3 micro), CASSCF E = -7.47734015849586  dE = -1.18147577e-06
               |grad[o]|=0.000517  |grad[c]|=0.00146  |ddm|=8.77e-06  |maxRot[o]|=0.0834
[MACRO_TIMING] ncas= 64 macro=101 step=220.052514 s cum_CASSCF=44504.244857 s E=-7.477340158495861 Er=9.630405e-05
[MACRO_TIMING] ncas= 64 macro=102 step= 86.640610 s cum_CASSCF=44590.885467 s E=-7.477340158495861 Er=9.630405e-05
[MACRO_TIMING] ncas= 64 macro=102 step= 90.544902 s cum_CASSCF=44681.430369 s E=-7.477340158495861 Er=9.630405e-05
[MACRO_TIMING] ncas= 64 macro=102 step= 90.838893 s cum_CASSCF=44772.269262 s E=-7.477340158495861 Er=9.630405e-05
macro iter 102 ( 12 JK    3 micro), CASSCF E = -7.47734034879443  dE = -1.90298574e-07
               |grad[o]|=0.000428  |grad[c]|=0.000772  |ddm|=5.54e-06  |maxRot[o]|=0.0192
[MACRO_TIMING] ncas= 64 macro=102 step=169.139224 s cum_CASSCF=44941.408487 s E=-7.477340348794435 Er=9.627860e-05
[MACRO_TIMING] ncas= 64 macro=103 step= 86.520650 s cum_CASSCF=45027.929136 s E=-7.477340348794435 Er=9.627860e-05
[MACRO_TIMING] ncas= 64 macro=103 step= 91.544786 s cum_CASSCF=45119.473922 s E=-7.477340348794435 Er=9.627860e-05
[MACRO_TIMING] ncas= 64 macro=103 step= 90.860734 s cum_CASSCF=45210.334655 s E=-7.477340348794435 Er=9.627860e-05
macro iter 103 ( 20 JK    4 micro), CASSCF E = -7.47734070341541  dE = -3.54620978e-07
               |grad[o]|=0.000228  |grad[c]|=0.000884  |ddm|=9.36e-06  |maxRot[o]|=0.0351
[MACRO_TIMING] ncas= 64 macro=103 step=235.764419 s cum_CASSCF=45446.099075 s E=-7.477340703415413 Er=9.623118e-05
[MACRO_TIMING] ncas= 64 macro=104 step= 86.326812 s cum_CASSCF=45532.425887 s E=-7.477340703415413 Er=9.623118e-05
macro iter 104 (  6 JK    1 micro), CASSCF E = -7.47734074324491  dE = -3.98294961e-08
               |grad[o]|=9.3e-05  |grad[c]|=0.000573  |ddm|=2.58e-06  |maxRot[o]|=0.00704
[MACRO_TIMING] ncas= 64 macro=104 step=128.655885 s cum_CASSCF=45661.081772 s E=-7.477340743244909 Er=9.622586e-05
[MACRO_TIMING] ncas= 64 macro=105 step= 86.219834 s cum_CASSCF=45747.301606 s E=-7.477340743244909 Er=9.622586e-05
[MACRO_TIMING] ncas= 64 macro=105 step= 90.445974 s cum_CASSCF=45837.747580 s E=-7.477340743244909 Er=9.622586e-05
[MACRO_TIMING] ncas= 64 macro=105 step= 91.225150 s cum_CASSCF=45928.972730 s E=-7.477340743244909 Er=9.622586e-05
macro iter 105 ( 21 JK    4 micro), CASSCF E = -7.47734085083810  dE = -1.07593195e-07
               |grad[o]|=0.000195  |grad[c]|=0.000465  |ddm|=7.48e-06  |maxRot[o]|=0.0135
[MACRO_TIMING] ncas= 64 macro=105 step=246.713245 s cum_CASSCF=46175.685975 s E=-7.477340850838104 Er=9.621147e-05
[MACRO_TIMING] ncas= 64 macro=106 step= 86.434913 s cum_CASSCF=46262.120888 s E=-7.477340850838104 Er=9.621147e-05
macro iter 106 (  6 JK    1 micro), CASSCF E = -7.47734086818676  dE = -1.73486541e-08
               |grad[o]|=8.5e-05  |grad[c]|=0.0004  |ddm|=1.42e-06  |maxRot[o]|=0.00355
[MACRO_TIMING] ncas= 64 macro=106 step=118.268414 s cum_CASSCF=46380.389302 s E=-7.477340868186758 Er=9.620915e-05
[MACRO_TIMING] ncas= 64 macro=107 step= 86.233650 s cum_CASSCF=46466.622952 s E=-7.477340868186758 Er=9.620915e-05
[MACRO_TIMING] ncas= 64 macro=107 step= 91.319903 s cum_CASSCF=46557.942855 s E=-7.477340868186758 Er=9.620915e-05
macro iter 107 (  8 JK    2 micro), CASSCF E = -7.47734088452080  dE = -1.63340470e-08
               |grad[o]|=0.000165  |grad[c]|=0.000146  |ddm|=1.96e-06  |maxRot[o]|=0.00491
[MACRO_TIMING] ncas= 64 macro=107 step=108.283422 s cum_CASSCF=46666.226276 s E=-7.477340884520805 Er=9.620696e-05
[MACRO_TIMING] ncas= 64 macro=108 step= 86.377092 s cum_CASSCF=46752.603368 s E=-7.477340884520805 Er=9.620696e-05
[MACRO_TIMING] ncas= 64 macro=108 step= 90.610655 s cum_CASSCF=46843.214023 s E=-7.477340884520805 Er=9.620696e-05
[MACRO_TIMING] ncas= 64 macro=108 step= 90.465546 s cum_CASSCF=46933.679569 s E=-7.477340884520805 Er=9.620696e-05
macro iter 108 ( 21 JK    4 micro), CASSCF E = -7.47734091464199  dE = -3.01211802e-08
               |grad[o]|=0.000234  |grad[c]|=0.000218  |ddm|=2.03e-06  |maxRot[o]|=0.0123
[MACRO_TIMING] ncas= 64 macro=108 step=154.494622 s cum_CASSCF=47088.174191 s E=-7.477340914641985 Er=9.620294e-05
[MACRO_TIMING] ncas= 64 macro=109 step= 86.639268 s cum_CASSCF=47174.813458 s E=-7.477340914641985 Er=9.620294e-05
[MACRO_TIMING] ncas= 64 macro=109 step= 90.510671 s cum_CASSCF=47265.324130 s E=-7.477340914641985 Er=9.620294e-05
[MACRO_TIMING] ncas= 64 macro=109 step= 90.728894 s cum_CASSCF=47356.053024 s E=-7.477340914641985 Er=9.620294e-05
macro iter 109 ( 25 JK    4 micro), CASSCF E = -7.47734092462983  dE = -9.98783989e-09
               |grad[o]|=8.21e-05  |grad[c]|=9.53e-05  |ddm|=1.42e-06  |maxRot[o]|=0.00879
[MACRO_TIMING] ncas= 64 macro=109 step=144.240064 s cum_CASSCF=47500.293088 s E=-7.477340924629825 Er=9.620160e-05
[MACRO_TIMING] ncas= 64 macro=110 step= 86.639875 s cum_CASSCF=47586.932963 s E=-7.477340924629825 Er=9.620160e-05
macro iter 110 (  7 JK    1 micro), CASSCF E = -7.47734092655835  dE = -1.92852045e-09
               |grad[o]|=3.12e-05  |grad[c]|=0.000117  |ddm|=6.57e-07  |maxRot[o]|=0.00277
[MACRO_TIMING] ncas= 64 macro=110 step= 77.455920 s cum_CASSCF=47664.388882 s E=-7.477340926558345 Er=9.620134e-05
[MACRO_TIMING] ncas= 64 macro=111 step= 86.731793 s cum_CASSCF=47751.120675 s E=-7.477340926558345 Er=9.620134e-05
[MACRO_TIMING] ncas= 64 macro=111 step= 94.349712 s cum_CASSCF=47845.470387 s E=-7.477340926558345 Er=9.620134e-05
[MACRO_TIMING] ncas= 64 macro=111 step= 95.639374 s cum_CASSCF=47941.109761 s E=-7.477340926558345 Er=9.620134e-05
macro iter 111 ( 24 JK    4 micro), CASSCF E = -7.47734093120838  dE = -4.65003325e-09
               |grad[o]|=7.69e-05  |grad[c]|=7.25e-05  |ddm|=8.35e-07  |maxRot[o]|=0.0119
[MACRO_TIMING] ncas= 64 macro=111 step=135.713720 s cum_CASSCF=48076.823481 s E=-7.477340931208379 Er=9.620072e-05
[MACRO_TIMING] ncas= 64 macro=112 step= 90.515484 s cum_CASSCF=48167.338965 s E=-7.477340931208379 Er=9.620072e-05
[MACRO_TIMING] ncas= 64 macro=112 step= 94.365686 s cum_CASSCF=48261.704651 s E=-7.477340931208379 Er=9.620072e-05
macro iter 112 ( 11 JK    2 micro), CASSCF E = -7.47734093193008  dE = -7.21701809e-10
               |grad[o]|=2.93e-05  |grad[c]|=3.1e-05  |ddm|=3.03e-07  |maxRot[o]|=0.00317
[MACRO_TIMING] ncas= 64 macro=112 step= 48.480810 s cum_CASSCF=48310.185462 s E=-7.477340931930081 Er=9.620062e-05
[MACRO_TIMING] ncas= 64 macro=113 step= 89.064526 s cum_CASSCF=48399.249987 s E=-7.477340931930081 Er=9.620062e-05
[MACRO_TIMING] ncas= 64 macro=113 step= 94.414808 s cum_CASSCF=48493.664795 s E=-7.477340931930081 Er=9.620062e-05
macro iter 113 ( 10 JK    2 micro), CASSCF E = -7.47734093241022  dE = -4.80136819e-10
               |grad[o]|=1.89e-05  |grad[c]|=2.35e-05  |ddm|=2.86e-07  |maxRot[o]|=0.0026
[MACRO_TIMING] ncas= 64 macro=113 step= 46.892935 s cum_CASSCF=48540.557730 s E=-7.477340932410217 Er=9.620056e-05
[MACRO_TIMING] ncas= 64 macro=114 step= 89.372230 s cum_CASSCF=48629.929960 s E=-7.477340932410217 Er=9.620056e-05
[MACRO_TIMING] ncas= 64 macro=114 step= 97.202036 s cum_CASSCF=48727.131996 s E=-7.477340932410217 Er=9.620056e-05
[MACRO_TIMING] ncas= 64 macro=114 step= 97.205831 s cum_CASSCF=48824.337827 s E=-7.477340932410217 Er=9.620056e-05
macro iter 114 ( 25 JK    4 micro), CASSCF E = -7.47734093382417  dE = -1.41394985e-09
               |grad[o]|=3.18e-05  |grad[c]|=3.7e-05  |ddm|=4.95e-07  |maxRot[o]|=0.012
[MACRO_TIMING] ncas= 64 macro=114 step=119.928984 s cum_CASSCF=48944.266811 s E=-7.477340933824167 Er=9.620037e-05
[MACRO_TIMING] ncas= 64 macro=115 step= 89.256497 s cum_CASSCF=49033.523308 s E=-7.477340933824167 Er=9.620037e-05
[MACRO_TIMING] ncas= 64 macro=115 step= 91.394844 s cum_CASSCF=49124.918152 s E=-7.477340933824167 Er=9.620037e-05
[MACRO_TIMING] ncas= 64 macro=115 step= 94.835293 s cum_CASSCF=49219.753445 s E=-7.477340933824167 Er=9.620037e-05
macro iter 115 ( 14 JK    3 micro), CASSCF E = -7.47734093449561  dE = -6.71440681e-10
               |grad[o]|=4.1e-05  |grad[c]|=1.85e-05  |ddm|=2.12e-07  |maxRot[o]|=0.0061
[MACRO_TIMING] ncas= 64 macro=115 step= 48.312053 s cum_CASSCF=49268.065498 s E=-7.477340934495608 Er=9.620028e-05
[MACRO_TIMING] ncas= 64 macro=116 step= 89.261944 s cum_CASSCF=49357.327442 s E=-7.477340934495608 Er=9.620028e-05
[MACRO_TIMING] ncas= 64 macro=116 step= 95.620235 s cum_CASSCF=49452.947677 s E=-7.477340934495608 Er=9.620028e-05
macro iter 116 ( 10 JK    2 micro), CASSCF E = -7.47734093481495  dE = -3.19346327e-10
               |grad[o]|=1.46e-05  |grad[c]|=1.79e-05  |ddm|=2.21e-07  |maxRot[o]|=0.0031
[MACRO_TIMING] ncas= 64 macro=116 step= 49.253305 s cum_CASSCF=49502.200982 s E=-7.477340934814954 Er=9.620024e-05
[MACRO_TIMING] ncas= 64 macro=117 step= 88.826556 s cum_CASSCF=49591.027539 s E=-7.477340934814954 Er=9.620024e-05
[MACRO_TIMING] ncas= 64 macro=117 step= 93.047749 s cum_CASSCF=49684.075287 s E=-7.477340934814954 Er=9.620024e-05
[MACRO_TIMING] ncas= 64 macro=117 step= 92.060862 s cum_CASSCF=49776.136149 s E=-7.477340934814954 Er=9.620024e-05
macro iter 117 ( 23 JK    4 micro), CASSCF E = -7.47734093539084  dE = -5.75886894e-10
               |grad[o]|=2.53e-05  |grad[c]|=1.6e-05  |ddm|=2.06e-07  |maxRot[o]|=0.00698
[MACRO_TIMING] ncas= 64 macro=117 step= 77.893216 s cum_CASSCF=49854.029365 s E=-7.477340935390841 Er=9.620016e-05
[MACRO_TIMING] ncas= 64 macro=118 step= 89.512111 s cum_CASSCF=49943.541477 s E=-7.477340935390841 Er=9.620016e-05
[MACRO_TIMING] ncas= 64 macro=118 step= 92.943989 s cum_CASSCF=50036.485465 s E=-7.477340935390841 Er=9.620016e-05
[MACRO_TIMING] ncas= 64 macro=118 step= 97.689447 s cum_CASSCF=50134.174912 s E=-7.477340935390841 Er=9.620016e-05
macro iter 118 ( 23 JK    4 micro), CASSCF E = -7.47734093571985  dE = -3.29009708e-10
               |grad[o]|=8.81e-06  |grad[c]|=1.73e-05  |ddm|=2.66e-07  |maxRot[o]|=0.0055
[MACRO_TIMING] ncas= 64 macro=118 step= 76.797836 s cum_CASSCF=50210.972748 s E=-7.477340935719851 Er=9.620012e-05
[MACRO_TIMING] ncas= 64 macro=119 step= 86.762806 s cum_CASSCF=50297.735554 s E=-7.477340935719851 Er=9.620012e-05
macro iter 119 (  4 JK    1 micro), CASSCF E = -7.47734093573817  dE = -1.83222326e-11
               |grad[o]|=3.79e-06  |grad[c]|=1.12e-05  |ddm|=9.96e-08  |maxRot[o]|=0.000418
[MACRO_TIMING] ncas= 64 macro=119 step= 47.556719 s cum_CASSCF=50345.292273 s E=-7.477340935738173 Er=9.620011e-05
[MACRO_TIMING] ncas= 64 macro=120 step= 90.208478 s cum_CASSCF=50435.500751 s E=-7.477340935738173 Er=9.620011e-05
[MACRO_TIMING] ncas= 64 macro=120 step= 95.064964 s cum_CASSCF=50530.565716 s E=-7.477340935738173 Er=9.620011e-05
[MACRO_TIMING] ncas= 64 macro=120 step= 95.681181 s cum_CASSCF=50626.246896 s E=-7.477340935738173 Er=9.620011e-05
macro iter 120 ( 19 JK    4 micro), CASSCF E = -7.47734093589278  dE = -1.54606106e-10
               |grad[o]|=3.85e-06  |grad[c]|=1.05e-05  |ddm|=2e-07  |maxRot[o]|=0.00467
[MACRO_TIMING] ncas= 64 macro=120 step= 73.359371 s cum_CASSCF=50699.606267 s E=-7.477340935892779 Er=9.620009e-05
1-step CASSCF not converged, 120 macro (1857 JK 358 micro) steps
CASSCF canonicalization
Density matrix diagonal elements [1.99309109e+00 9.99538742e-01 8.58769738e-06 8.65850537e-06
 8.66513439e-06 1.20574023e-04 5.91436937e-05 5.91432321e-05
 5.91303342e-05 3.07216891e-06 2.43768065e-06 2.99023207e-06
 2.93840973e-06 2.49805182e-06 4.31668942e-04 1.52795111e-04
 1.52888462e-04 1.52881296e-04 2.25887933e-06 9.90880253e-07
 1.11460450e-06 1.31155286e-06 6.73739425e-07 1.12373033e-06
 7.97399730e-07 5.83416565e-06 5.95161568e-06 5.80468605e-06
 6.06615830e-06 5.89456447e-06 2.78304421e-04 2.78309742e-04
 2.78298054e-04 2.13102573e-03 1.68294985e-06 8.77413081e-07
 4.92229450e-07 1.15914379e-06 4.63164877e-07 6.31609540e-07
 7.48512293e-07 1.07005070e-06 1.43034427e-06 2.20035914e-06
 1.48413779e-06 2.56933768e-06 1.54489226e-06 1.94794842e-06
 2.67516526e-06 2.36219373e-06 3.28189586e-05 3.28216699e-05
 3.28063252e-05 3.28087147e-05 3.28000301e-05 9.82266744e-04
 9.82224141e-04 9.82185385e-04 4.79529015e-07 4.41808050e-07
 8.98499904e-07 1.26498206e-06 6.36575757e-07 5.46503245e-07]
CASSCF energy = -7.47734093589278
CASCI E = -7.47734093589278  E(CI) = -7.47734093589278
CASSCF energy            : -7.4773409358927792 Ha
CASSCF relative error    : 9.620009e-05
CASSCF total wall time   : 50700.141445 s
CASSCF initialization    : 66.34609590299806 s
CASSCF converged flag    : False
CASCI-CASSCF energy gain : 4.380006e-02 Ha
Macro timing CSV         : /home/sjtu/TNNSOG/Pretrain/PySCF/results/20260902_005021/Li_CASSCF_20260902_005021_aug-cc-pCV5Z_ncas064_macro.csv

--------------------------------------------------------------------------------------------
Active space: CAS(3e,72o), alpha/beta=(2, 1)
Determinant dimension N_det : 184032

******** <class 'pyscf.mcscf.casci.CASCI'> ********
CAS (2e+1e, 72o), ncore = 0, nvir = 109
natorb = False
canonicalization = True
sorting_mo_energy = False
max_memory 64000 MB (current use 1310 MB)
******** <class 'pyscf.fci.direct_spin1.FCISolver'> ********
max. cycles = 200
conv_tol = 1e-10
davidson only = False
linear dependence = 1e-12
level shift = 0.001
max iter space = 12
max_memory 64000 MB
nroots = 1
pspace_size = 400
spin = 1
Density matrix diagonal elements [1.99969716e+00 9.99845070e-01 1.27446569e-06 1.27446428e-06
 1.27446529e-06 1.11967517e-06 9.88712546e-06 9.88712505e-06
 9.88713265e-06 3.45422657e-09 3.45532645e-09 3.45485905e-09
 3.45538104e-09 3.45519457e-09 9.16406848e-06 2.26242133e-05
 2.26242332e-05 2.26242363e-05 5.66645966e-11 5.65528857e-11
 5.66193627e-11 5.66670528e-11 5.66660928e-11 5.66121141e-11
 5.66306874e-11 4.14604803e-08 4.14693061e-08 4.14713703e-08
 4.14762245e-08 4.14769526e-08 3.76280257e-05 3.76280333e-05
 3.76280072e-05 4.39473895e-05 8.30738794e-12 1.76684573e-11
 8.24275346e-12 1.80690651e-11 8.23837600e-12 8.20499897e-12
 9.34885156e-12 2.87403065e-11 2.88381783e-11 7.90239073e-10
 7.88861900e-10 7.87021659e-10 7.90058757e-10 7.88499845e-10
 7.88375863e-10 7.88900468e-10 1.66384314e-07 1.66421649e-07
 1.66407449e-07 1.66406821e-07 1.66413784e-07 6.27455058e-05
 6.27455148e-05 6.27455307e-05 6.38794941e-12 6.41649418e-12
 6.41938753e-12 6.35134727e-12 6.41078100e-12 6.41181555e-12
 6.40986831e-12 6.35775814e-12 6.37818058e-12 6.41515374e-12
 6.40125814e-12 1.14662398e-10 1.14384142e-10 1.14608105e-10]
CASCI converged
CASCI E = -7.43354087429888  E(CI) = -7.43354087429888
CASCI energy             : -7.4335408742988838 Ha
CASCI relative error     : 5.953342e-03
CASCI wall time          : 185.904459 s
ncore / nactive / nvirtual: 0 / 72 / 109
Exact PySCF nonredundant orbital-rotation variables: 7848

******** <class 'pyscf.mcscf.mc1step.CASSCF'> ********
CAS (2e+1e, 72o), ncore = 0, nvir = 109
max_cycle_macro = 120
max_cycle_micro = 4
conv_tol = 1e-12
conv_tol_grad = 1e-07
orbital rotation max_stepsize = 0.02
orbital rotation threshold for CI restart = 0.01
augmented hessian ah_max_cycle = 30
augmented hessian ah_conv_tol = 1e-12
augmented hessian ah_linear dependence = 1e-14
augmented hessian ah_level shift = 1e-08
augmented hessian ah_start_tol = 2.5
augmented hessian ah_start_cycle = 3
augmented hessian ah_grad_trust_region = 3
kf_trust_region = 3
kf_interval = 4
ci_response_space = 4
ci_grad_trust_region = 3
with_dep4 0
natorb = False
canonicalization = True
sorting_mo_energy = False
ao2mo_level = 2
chkfile = /tmp/tmpnzqjuw0z
max_memory 64000 MB (current use 1304 MB)
internal_rotation = False
******** <class 'pyscf.fci.direct_spin1.FCISolver'> ********
max. cycles = 50
conv_tol = 1e-10
davidson only = False
linear dependence = 1e-12
level shift = 0.001
max iter space = 12
max_memory 64000 MB
nroots = 1
pspace_size = 400
spin = 1
CASCI E = -7.43354087429888
[TIMING] CASSCF initialization = 210.265547 s
[MACRO_TIMING] ncas= 72 macro=  1 step=322.541015 s cum_CASSCF=532.806562 s E=-7.433540874298884 Er=5.953342e-03
[MACRO_TIMING] ncas= 72 macro=  1 step=283.419573 s cum_CASSCF=816.226135 s E=-7.433540874298884 Er=5.953342e-03
[MACRO_TIMING] ncas= 72 macro=  1 step=276.158967 s cum_CASSCF=1092.385102 s E=-7.433540874298884 Er=5.953342e-03
macro iter   1 ( 21 JK    4 micro), CASSCF E = -7.43870828050871  dE = -5.16740621e-03
               |grad[o]|=0.00183  |grad[c]|=0.0417  |ddm|=0.00383  |maxRot[o]|= 0.28
[MACRO_TIMING] ncas= 72 macro=  1 step=429.830908 s cum_CASSCF=1522.216010 s E=-7.438708280508711 Er=5.262333e-03
[MACRO_TIMING] ncas= 72 macro=  2 step=272.912951 s cum_CASSCF=1795.128961 s E=-7.438708280508711 Er=5.262333e-03
[MACRO_TIMING] ncas= 72 macro=  2 step=226.743367 s cum_CASSCF=2021.872328 s E=-7.438708280508711 Er=5.262333e-03
[MACRO_TIMING] ncas= 72 macro=  2 step=195.162931 s cum_CASSCF=2217.035259 s E=-7.438708280508711 Er=5.262333e-03
macro iter   2 ( 21 JK    4 micro), CASSCF E = -7.44745598497924  dE = -8.74770447e-03
               |grad[o]|=0.0241  |grad[c]|=0.0244  |ddm|=0.00146  |maxRot[o]|=0.307
[MACRO_TIMING] ncas= 72 macro=  2 step=294.783705 s cum_CASSCF=2511.818964 s E=-7.447455984979244 Er=4.092551e-03
[MACRO_TIMING] ncas= 72 macro=  3 step=182.802987 s cum_CASSCF=2694.621951 s E=-7.447455984979244 Er=4.092551e-03
[MACRO_TIMING] ncas= 72 macro=  3 step=195.251933 s cum_CASSCF=2889.873885 s E=-7.447455984979244 Er=4.092551e-03
[MACRO_TIMING] ncas= 72 macro=  3 step=203.279944 s cum_CASSCF=3093.153828 s E=-7.447455984979244 Er=4.092551e-03
macro iter   3 ( 21 JK    4 micro), CASSCF E = -7.45919236640143  dE = -1.17363814e-02
               |grad[o]|=0.0165  |grad[c]|=0.0477  |ddm|=0.00224  |maxRot[o]|=0.306
[MACRO_TIMING] ncas= 72 macro=  3 step=330.557475 s cum_CASSCF=3423.711304 s E=-7.459192366401432 Er=2.523109e-03
[MACRO_TIMING] ncas= 72 macro=  4 step=187.355603 s cum_CASSCF=3611.066906 s E=-7.459192366401432 Er=2.523109e-03
[MACRO_TIMING] ncas= 72 macro=  4 step=220.959596 s cum_CASSCF=3832.026503 s E=-7.459192366401432 Er=2.523109e-03
[MACRO_TIMING] ncas= 72 macro=  4 step=232.624011 s cum_CASSCF=4064.650514 s E=-7.459192366401432 Er=2.523109e-03
macro iter   4 ( 21 JK    4 micro), CASSCF E = -7.46863592053250  dE = -9.44355413e-03
               |grad[o]|=0.00918  |grad[c]|=0.0137  |ddm|=0.00149  |maxRot[o]|=0.309
[MACRO_TIMING] ncas= 72 macro=  4 step=261.897995 s cum_CASSCF=4326.548508 s E=-7.468635920532497 Er=1.260274e-03
[MACRO_TIMING] ncas= 72 macro=  5 step=189.294330 s cum_CASSCF=4515.842839 s E=-7.468635920532497 Er=1.260274e-03
[MACRO_TIMING] ncas= 72 macro=  5 step=219.161037 s cum_CASSCF=4735.003875 s E=-7.468635920532497 Er=1.260274e-03
[MACRO_TIMING] ncas= 72 macro=  5 step=233.353366 s cum_CASSCF=4968.357242 s E=-7.468635920532497 Er=1.260274e-03
macro iter   5 ( 21 JK    4 micro), CASSCF E = -7.47009158015449  dE = -1.45565962e-03
               |grad[o]|=0.0044  |grad[c]|=0.0134  |ddm|=0.000868  |maxRot[o]|=0.286
[MACRO_TIMING] ncas= 72 macro=  5 step=380.678736 s cum_CASSCF=5349.035977 s E=-7.470091580154489 Er=1.065617e-03
[MACRO_TIMING] ncas= 72 macro=  6 step=181.001770 s cum_CASSCF=5530.037747 s E=-7.470091580154489 Er=1.065617e-03
[MACRO_TIMING] ncas= 72 macro=  6 step=209.846533 s cum_CASSCF=5739.884281 s E=-7.470091580154489 Er=1.065617e-03
[MACRO_TIMING] ncas= 72 macro=  6 step=226.842630 s cum_CASSCF=5966.726910 s E=-7.470091580154489 Er=1.065617e-03
macro iter   6 ( 21 JK    4 micro), CASSCF E = -7.47130150040423  dE = -1.20992025e-03
               |grad[o]|=0.00257  |grad[c]|=0.0217  |ddm|=0.000896  |maxRot[o]|=0.271
[MACRO_TIMING] ncas= 72 macro=  6 step=531.840168 s cum_CASSCF=6498.567078 s E=-7.471301500404234 Er=9.038207e-04
[MACRO_TIMING] ncas= 72 macro=  7 step=195.806132 s cum_CASSCF=6694.373211 s E=-7.471301500404234 Er=9.038207e-04
[MACRO_TIMING] ncas= 72 macro=  7 step=220.816639 s cum_CASSCF=6915.189849 s E=-7.471301500404234 Er=9.038207e-04
[MACRO_TIMING] ncas= 72 macro=  7 step=235.679160 s cum_CASSCF=7150.869009 s E=-7.471301500404234 Er=9.038207e-04
macro iter   7 ( 21 JK    4 micro), CASSCF E = -7.47214965260187  dE = -8.48152198e-04
               |grad[o]|=0.00226  |grad[c]|=0.0062  |ddm|=0.000583  |maxRot[o]|=0.299
[MACRO_TIMING] ncas= 72 macro=  7 step=548.804212 s cum_CASSCF=7699.673222 s E=-7.472149652601867 Er=7.904019e-04
[MACRO_TIMING] ncas= 72 macro=  8 step=186.512748 s cum_CASSCF=7886.185970 s E=-7.472149652601867 Er=7.904019e-04
[MACRO_TIMING] ncas= 72 macro=  8 step=200.221083 s cum_CASSCF=8086.407052 s E=-7.472149652601867 Er=7.904019e-04
[MACRO_TIMING] ncas= 72 macro=  8 step=220.562996 s cum_CASSCF=8306.970049 s E=-7.472149652601867 Er=7.904019e-04
macro iter   8 ( 21 JK    4 micro), CASSCF E = -7.47249925334171  dE = -3.49600740e-04
               |grad[o]|=0.00155  |grad[c]|=0.0108  |ddm|=0.000495  |maxRot[o]|=0.227
[MACRO_TIMING] ncas= 72 macro=  8 step=537.444702 s cum_CASSCF=8844.414751 s E=-7.472499253341709 Er=7.436518e-04
[MACRO_TIMING] ncas= 72 macro=  9 step=195.486141 s cum_CASSCF=9039.900892 s E=-7.472499253341709 Er=7.436518e-04
[MACRO_TIMING] ncas= 72 macro=  9 step=198.367310 s cum_CASSCF=9238.268202 s E=-7.472499253341709 Er=7.436518e-04
[MACRO_TIMING] ncas= 72 macro=  9 step=198.253480 s cum_CASSCF=9436.521682 s E=-7.472499253341709 Er=7.436518e-04
macro iter   9 ( 21 JK    4 micro), CASSCF E = -7.47288872447059  dE = -3.89471129e-04
               |grad[o]|=0.00146  |grad[c]|=0.00692  |ddm|=0.000145  |maxRot[o]|=0.298
[MACRO_TIMING] ncas= 72 macro=  9 step=396.673635 s cum_CASSCF=9833.195317 s E=-7.472888724470588 Er=6.915699e-04
[MACRO_TIMING] ncas= 72 macro= 10 step=180.057155 s cum_CASSCF=10013.252473 s E=-7.472888724470588 Er=6.915699e-04
[MACRO_TIMING] ncas= 72 macro= 10 step=210.997356 s cum_CASSCF=10224.249829 s E=-7.472888724470588 Er=6.915699e-04
[MACRO_TIMING] ncas= 72 macro= 10 step=204.833510 s cum_CASSCF=10429.083339 s E=-7.472888724470588 Er=6.915699e-04
macro iter  10 ( 21 JK    4 micro), CASSCF E = -7.47324999909814  dE = -3.61274628e-04
               |grad[o]|=0.00144  |grad[c]|=0.00329  |ddm|=0.000112  |maxRot[o]|=0.309
[MACRO_TIMING] ncas= 72 macro= 10 step=430.591018 s cum_CASSCF=10859.674357 s E=-7.473249999098141 Er=6.432586e-04
[MACRO_TIMING] ncas= 72 macro= 11 step=215.875492 s cum_CASSCF=11075.549850 s E=-7.473249999098141 Er=6.432586e-04
[MACRO_TIMING] ncas= 72 macro= 11 step=207.492855 s cum_CASSCF=11283.042705 s E=-7.473249999098141 Er=6.432586e-04
[MACRO_TIMING] ncas= 72 macro= 11 step=208.606901 s cum_CASSCF=11491.649606 s E=-7.473249999098141 Er=6.432586e-04
macro iter  11 ( 21 JK    4 micro), CASSCF E = -7.47373130561555  dE = -4.81306517e-04
               |grad[o]|=0.00109  |grad[c]|=0.0148  |ddm|=0.000137  |maxRot[o]|=0.285
[MACRO_TIMING] ncas= 72 macro= 11 step=457.775645 s cum_CASSCF=11949.425252 s E=-7.473731305615552 Er=5.788962e-04
[MACRO_TIMING] ncas= 72 macro= 12 step=177.102611 s cum_CASSCF=12126.527862 s E=-7.473731305615552 Er=5.788962e-04
[MACRO_TIMING] ncas= 72 macro= 12 step=208.845059 s cum_CASSCF=12335.372922 s E=-7.473731305615552 Er=5.788962e-04
[MACRO_TIMING] ncas= 72 macro= 12 step=196.729456 s cum_CASSCF=12532.102377 s E=-7.473731305615552 Er=5.788962e-04
macro iter  12 ( 21 JK    4 micro), CASSCF E = -7.47478696325366  dE = -1.05565764e-03
               |grad[o]|=0.000834  |grad[c]|=0.00904  |ddm|=9.44e-05  |maxRot[o]|= 0.31
[MACRO_TIMING] ncas= 72 macro= 12 step=400.550458 s cum_CASSCF=12932.652835 s E=-7.474786963253664 Er=4.377288e-04
[MACRO_TIMING] ncas= 72 macro= 13 step=179.183068 s cum_CASSCF=13111.835904 s E=-7.474786963253664 Er=4.377288e-04
[MACRO_TIMING] ncas= 72 macro= 13 step=195.043728 s cum_CASSCF=13306.879632 s E=-7.474786963253664 Er=4.377288e-04
[MACRO_TIMING] ncas= 72 macro= 13 step=197.227961 s cum_CASSCF=13504.107592 s E=-7.474786963253664 Er=4.377288e-04
macro iter  13 ( 21 JK    4 micro), CASSCF E = -7.47553581903891  dE = -7.48855785e-04
               |grad[o]|=0.00102  |grad[c]|=0.0038  |ddm|=9.5e-05  |maxRot[o]|=0.311
[MACRO_TIMING] ncas= 72 macro= 13 step=436.258199 s cum_CASSCF=13940.365792 s E=-7.475535819038913 Er=3.375885e-04
[MACRO_TIMING] ncas= 72 macro= 14 step=177.018091 s cum_CASSCF=14117.383883 s E=-7.475535819038913 Er=3.375885e-04
[MACRO_TIMING] ncas= 72 macro= 14 step=194.904336 s cum_CASSCF=14312.288219 s E=-7.475535819038913 Er=3.375885e-04
[MACRO_TIMING] ncas= 72 macro= 14 step=205.579291 s cum_CASSCF=14517.867510 s E=-7.475535819038913 Er=3.375885e-04
macro iter  14 ( 21 JK    4 micro), CASSCF E = -7.47571454827077  dE = -1.78729232e-04
               |grad[o]|=0.000955  |grad[c]|=0.00469  |ddm|=8.65e-05  |maxRot[o]|=0.271
[MACRO_TIMING] ncas= 72 macro= 14 step=477.511037 s cum_CASSCF=14995.378547 s E=-7.475714548270773 Er=3.136880e-04
[MACRO_TIMING] ncas= 72 macro= 15 step=193.179669 s cum_CASSCF=15188.558216 s E=-7.475714548270773 Er=3.136880e-04
[MACRO_TIMING] ncas= 72 macro= 15 step=225.016624 s cum_CASSCF=15413.574841 s E=-7.475714548270773 Er=3.136880e-04
[MACRO_TIMING] ncas= 72 macro= 15 step=228.718172 s cum_CASSCF=15642.293013 s E=-7.475714548270773 Er=3.136880e-04
macro iter  15 ( 21 JK    4 micro), CASSCF E = -7.47586486209369  dE = -1.50313823e-04
               |grad[o]|=0.000489  |grad[c]|=0.00757  |ddm|=5.16e-05  |maxRot[o]|=0.298
[MACRO_TIMING] ncas= 72 macro= 15 step=402.836649 s cum_CASSCF=16045.129662 s E=-7.475864862093687 Er=2.935873e-04
[MACRO_TIMING] ncas= 72 macro= 16 step=234.345230 s cum_CASSCF=16279.474892 s E=-7.475864862093687 Er=2.935873e-04
[MACRO_TIMING] ncas= 72 macro= 16 step=252.379556 s cum_CASSCF=16531.854448 s E=-7.475864862093687 Er=2.935873e-04
[MACRO_TIMING] ncas= 72 macro= 16 step=199.176951 s cum_CASSCF=16731.031399 s E=-7.475864862093687 Er=2.935873e-04
macro iter  16 ( 21 JK    4 micro), CASSCF E = -7.47609964407843  dE = -2.34781985e-04
               |grad[o]|=0.000367  |grad[c]|=0.00377  |ddm|=3.01e-05  |maxRot[o]|=0.309
[MACRO_TIMING] ncas= 72 macro= 16 step=389.260023 s cum_CASSCF=17120.291422 s E=-7.476099644078432 Er=2.621912e-04
[MACRO_TIMING] ncas= 72 macro= 17 step=177.202641 s cum_CASSCF=17297.494063 s E=-7.476099644078432 Er=2.621912e-04
[MACRO_TIMING] ncas= 72 macro= 17 step=193.255237 s cum_CASSCF=17490.749300 s E=-7.476099644078432 Er=2.621912e-04
[MACRO_TIMING] ncas= 72 macro= 17 step=193.433229 s cum_CASSCF=17684.182529 s E=-7.476099644078432 Er=2.621912e-04
macro iter  17 ( 21 JK    4 micro), CASSCF E = -7.47626381051191  dE = -1.64166433e-04
               |grad[o]|=0.000359  |grad[c]|=0.0038  |ddm|=4.18e-05  |maxRot[o]|=0.293
[MACRO_TIMING] ncas= 72 macro= 17 step=598.809389 s cum_CASSCF=18282.991918 s E=-7.476263810511909 Er=2.402382e-04
[MACRO_TIMING] ncas= 72 macro= 18 step=178.405585 s cum_CASSCF=18461.397503 s E=-7.476263810511909 Er=2.402382e-04
[MACRO_TIMING] ncas= 72 macro= 18 step=195.703359 s cum_CASSCF=18657.100861 s E=-7.476263810511909 Er=2.402382e-04
[MACRO_TIMING] ncas= 72 macro= 18 step=196.331022 s cum_CASSCF=18853.431883 s E=-7.476263810511909 Er=2.402382e-04
macro iter  18 ( 21 JK    4 micro), CASSCF E = -7.47633447798679  dE = -7.06674749e-05
               |grad[o]|=0.000321  |grad[c]|=0.00349  |ddm|=2.13e-05  |maxRot[o]|=0.292
[MACRO_TIMING] ncas= 72 macro= 18 step=956.353777 s cum_CASSCF=19809.785660 s E=-7.476334477986788 Er=2.307882e-04
[MACRO_TIMING] ncas= 72 macro= 19 step=178.461919 s cum_CASSCF=19988.247579 s E=-7.476334477986788 Er=2.307882e-04
[MACRO_TIMING] ncas= 72 macro= 19 step=203.211562 s cum_CASSCF=20191.459141 s E=-7.476334477986788 Er=2.307882e-04
[MACRO_TIMING] ncas= 72 macro= 19 step=194.513824 s cum_CASSCF=20385.972965 s E=-7.476334477986788 Er=2.307882e-04
macro iter  19 ( 21 JK    4 micro), CASSCF E = -7.47636975704661  dE = -3.52790598e-05
               |grad[o]|=0.000204  |grad[c]|=0.00425  |ddm|=1.79e-05  |maxRot[o]|=0.275
[MACRO_TIMING] ncas= 72 macro= 19 step=1027.619340 s cum_CASSCF=21413.592306 s E=-7.476369757046612 Er=2.260705e-04
[MACRO_TIMING] ncas= 72 macro= 20 step=181.141645 s cum_CASSCF=21594.733951 s E=-7.476369757046612 Er=2.260705e-04
[MACRO_TIMING] ncas= 72 macro= 20 step=199.136968 s cum_CASSCF=21793.870919 s E=-7.476369757046612 Er=2.260705e-04
[MACRO_TIMING] ncas= 72 macro= 20 step=207.306728 s cum_CASSCF=22001.177647 s E=-7.476369757046612 Er=2.260705e-04
macro iter  20 ( 21 JK    4 micro), CASSCF E = -7.47641121895672  dE = -4.14619101e-05
               |grad[o]|=0.000216  |grad[c]|=0.00723  |ddm|=7.93e-06  |maxRot[o]|= 0.22
[MACRO_TIMING] ncas= 72 macro= 20 step=1039.641945 s cum_CASSCF=23040.819593 s E=-7.476411218956719 Er=2.205260e-04
[MACRO_TIMING] ncas= 72 macro= 21 step=177.376516 s cum_CASSCF=23218.196108 s E=-7.476411218956719 Er=2.205260e-04
[MACRO_TIMING] ncas= 72 macro= 21 step=201.128696 s cum_CASSCF=23419.324804 s E=-7.476411218956719 Er=2.205260e-04
[MACRO_TIMING] ncas= 72 macro= 21 step=200.690343 s cum_CASSCF=23620.015147 s E=-7.476411218956719 Er=2.205260e-04
macro iter  21 ( 21 JK    4 micro), CASSCF E = -7.47650450464058  dE = -9.32856839e-05
               |grad[o]|=0.000259  |grad[c]|=0.0115  |ddm|=9.64e-06  |maxRot[o]|=0.281
[MACRO_TIMING] ncas= 72 macro= 21 step=1043.206255 s cum_CASSCF=24663.221402 s E=-7.476504504640578 Er=2.080515e-04
[MACRO_TIMING] ncas= 72 macro= 22 step=177.450628 s cum_CASSCF=24840.672030 s E=-7.476504504640578 Er=2.080515e-04
[MACRO_TIMING] ncas= 72 macro= 22 step=195.930482 s cum_CASSCF=25036.602512 s E=-7.476504504640578 Er=2.080515e-04
[MACRO_TIMING] ncas= 72 macro= 22 step=191.255334 s cum_CASSCF=25227.857846 s E=-7.476504504640578 Er=2.080515e-04
macro iter  22 ( 21 JK    4 micro), CASSCF E = -7.47661825355245  dE = -1.13748912e-04
               |grad[o]|=0.000144  |grad[c]|=0.0145  |ddm|=9.87e-06  |maxRot[o]|=0.288
[MACRO_TIMING] ncas= 72 macro= 22 step=1019.889394 s cum_CASSCF=26247.747240 s E=-7.476618253552453 Er=1.928404e-04
[MACRO_TIMING] ncas= 72 macro= 23 step=175.104537 s cum_CASSCF=26422.851776 s E=-7.476618253552453 Er=1.928404e-04
[MACRO_TIMING] ncas= 72 macro= 23 step=192.719900 s cum_CASSCF=26615.571676 s E=-7.476618253552453 Er=1.928404e-04
[MACRO_TIMING] ncas= 72 macro= 23 step=199.912356 s cum_CASSCF=26815.484032 s E=-7.476618253552453 Er=1.928404e-04
macro iter  23 ( 21 JK    4 micro), CASSCF E = -7.47667062169515  dE = -5.23681427e-05
               |grad[o]|=0.000131  |grad[c]|=0.00375  |ddm|=3.69e-06  |maxRot[o]|=  0.2
[MACRO_TIMING] ncas= 72 macro= 23 step=871.786620 s cum_CASSCF=27687.270652 s E=-7.476670621695149 Er=1.858375e-04
[MACRO_TIMING] ncas= 72 macro= 24 step=173.658441 s cum_CASSCF=27860.929093 s E=-7.476670621695149 Er=1.858375e-04
[MACRO_TIMING] ncas= 72 macro= 24 step=197.916788 s cum_CASSCF=28058.845881 s E=-7.476670621695149 Er=1.858375e-04
[MACRO_TIMING] ncas= 72 macro= 24 step=198.143223 s cum_CASSCF=28256.989104 s E=-7.476670621695149 Er=1.858375e-04
macro iter  24 ( 21 JK    4 micro), CASSCF E = -7.47671927461695  dE = -4.86529218e-05
               |grad[o]|=0.000108  |grad[c]|=0.00807  |ddm|=5.39e-06  |maxRot[o]|=0.288
[MACRO_TIMING] ncas= 72 macro= 24 step=734.063839 s cum_CASSCF=28991.052943 s E=-7.476719274616954 Er=1.793314e-04
[MACRO_TIMING] ncas= 72 macro= 25 step=173.984951 s cum_CASSCF=29165.037894 s E=-7.476719274616954 Er=1.793314e-04
[MACRO_TIMING] ncas= 72 macro= 25 step=198.079287 s cum_CASSCF=29363.117181 s E=-7.476719274616954 Er=1.793314e-04
[MACRO_TIMING] ncas= 72 macro= 25 step=198.768278 s cum_CASSCF=29561.885459 s E=-7.476719274616954 Er=1.793314e-04
macro iter  25 ( 21 JK    4 micro), CASSCF E = -7.47675244014291  dE = -3.31655260e-05
               |grad[o]|=8.63e-05  |grad[c]|=0.00552  |ddm|=3.52e-06  |maxRot[o]|=0.299
[MACRO_TIMING] ncas= 72 macro= 25 step=733.447052 s cum_CASSCF=30295.332511 s E=-7.476752440142906 Er=1.748964e-04
[MACRO_TIMING] ncas= 72 macro= 26 step=174.608825 s cum_CASSCF=30469.941336 s E=-7.476752440142906 Er=1.748964e-04
[MACRO_TIMING] ncas= 72 macro= 26 step=198.236422 s cum_CASSCF=30668.177758 s E=-7.476752440142906 Er=1.748964e-04
[MACRO_TIMING] ncas= 72 macro= 26 step=198.759592 s cum_CASSCF=30866.937349 s E=-7.476752440142906 Er=1.748964e-04
macro iter  26 ( 21 JK    4 micro), CASSCF E = -7.47682207956386  dE = -6.96394210e-05
               |grad[o]|=8.6e-05  |grad[c]|=0.0118  |ddm|=8.61e-06  |maxRot[o]|=0.291
[MACRO_TIMING] ncas= 72 macro= 26 step=741.770930 s cum_CASSCF=31608.708279 s E=-7.476822079563857 Er=1.655839e-04
[MACRO_TIMING] ncas= 72 macro= 27 step=173.343458 s cum_CASSCF=31782.051737 s E=-7.476822079563857 Er=1.655839e-04
[MACRO_TIMING] ncas= 72 macro= 27 step=196.804640 s cum_CASSCF=31978.856377 s E=-7.476822079563857 Er=1.655839e-04
[MACRO_TIMING] ncas= 72 macro= 27 step=198.333125 s cum_CASSCF=32177.189502 s E=-7.476822079563857 Er=1.655839e-04
macro iter  27 ( 21 JK    4 micro), CASSCF E = -7.47689244636105  dE = -7.03667972e-05
               |grad[o]|=0.000119  |grad[c]|=0.0109  |ddm|=1.04e-05  |maxRot[o]|=0.294
[MACRO_TIMING] ncas= 72 macro= 27 step=732.254350 s cum_CASSCF=32909.443852 s E=-7.476892446361045 Er=1.561741e-04
[MACRO_TIMING] ncas= 72 macro= 28 step=174.798222 s cum_CASSCF=33084.242073 s E=-7.476892446361045 Er=1.561741e-04
[MACRO_TIMING] ncas= 72 macro= 28 step=192.866504 s cum_CASSCF=33277.108577 s E=-7.476892446361045 Er=1.561741e-04
[MACRO_TIMING] ncas= 72 macro= 28 step=202.216825 s cum_CASSCF=33479.325402 s E=-7.476892446361045 Er=1.561741e-04
macro iter  28 ( 21 JK    4 micro), CASSCF E = -7.47693323315450  dE = -4.07867935e-05
               |grad[o]|=0.000117  |grad[c]|=0.00602  |ddm|=7.89e-06  |maxRot[o]|=0.247
[MACRO_TIMING] ncas= 72 macro= 28 step=871.752228 s cum_CASSCF=34351.077629 s E=-7.476933233154497 Er=1.507199e-04
[MACRO_TIMING] ncas= 72 macro= 29 step=173.318078 s cum_CASSCF=34524.395707 s E=-7.476933233154497 Er=1.507199e-04
[MACRO_TIMING] ncas= 72 macro= 29 step=197.474784 s cum_CASSCF=34721.870491 s E=-7.476933233154497 Er=1.507199e-04
[MACRO_TIMING] ncas= 72 macro= 29 step=194.714563 s cum_CASSCF=34916.585054 s E=-7.476933233154497 Er=1.507199e-04
macro iter  29 ( 21 JK    4 micro), CASSCF E = -7.47696001603744  dE = -2.67828829e-05
               |grad[o]|=0.000102  |grad[c]|=0.0036  |ddm|=3.91e-06  |maxRot[o]|=0.255
[MACRO_TIMING] ncas= 72 macro= 29 step=940.992666 s cum_CASSCF=35857.577720 s E=-7.476960016037438 Er=1.471384e-04
[MACRO_TIMING] ncas= 72 macro= 30 step=180.393327 s cum_CASSCF=36037.971047 s E=-7.476960016037438 Er=1.471384e-04
[MACRO_TIMING] ncas= 72 macro= 30 step=195.927767 s cum_CASSCF=36233.898814 s E=-7.476960016037438 Er=1.471384e-04
[MACRO_TIMING] ncas= 72 macro= 30 step=199.520764 s cum_CASSCF=36433.419578 s E=-7.476960016037438 Er=1.471384e-04
macro iter  30 ( 21 JK    4 micro), CASSCF E = -7.47699739179075  dE = -3.73757533e-05
               |grad[o]|=6.9e-05  |grad[c]|=0.0037  |ddm|=4.15e-06  |maxRot[o]|=0.304
[MACRO_TIMING] ncas= 72 macro= 30 step=843.551472 s cum_CASSCF=37276.971050 s E=-7.476997391790746 Er=1.421404e-04
[MACRO_TIMING] ncas= 72 macro= 31 step=179.807609 s cum_CASSCF=37456.778659 s E=-7.476997391790746 Er=1.421404e-04
[MACRO_TIMING] ncas= 72 macro= 31 step=198.204599 s cum_CASSCF=37654.983258 s E=-7.476997391790746 Er=1.421404e-04
[MACRO_TIMING] ncas= 72 macro= 31 step=198.799911 s cum_CASSCF=37853.783169 s E=-7.476997391790746 Er=1.421404e-04
macro iter  31 ( 21 JK    4 micro), CASSCF E = -7.47703356435950  dE = -3.61725688e-05
               |grad[o]|=6.57e-05  |grad[c]|=0.00295  |ddm|=4.4e-06  |maxRot[o]|=0.303
[MACRO_TIMING] ncas= 72 macro= 31 step=1013.817284 s cum_CASSCF=38867.600453 s E=-7.477033564359505 Er=1.373032e-04
[MACRO_TIMING] ncas= 72 macro= 32 step=180.389588 s cum_CASSCF=39047.990041 s E=-7.477033564359505 Er=1.373032e-04
[MACRO_TIMING] ncas= 72 macro= 32 step=198.921869 s cum_CASSCF=39246.911911 s E=-7.477033564359505 Er=1.373032e-04
[MACRO_TIMING] ncas= 72 macro= 32 step=200.866779 s cum_CASSCF=39447.778690 s E=-7.477033564359505 Er=1.373032e-04
macro iter  32 ( 21 JK    4 micro), CASSCF E = -7.47707656803395  dE = -4.30036744e-05
               |grad[o]|=4.93e-05  |grad[c]|=0.0102  |ddm|=1.54e-05  |maxRot[o]|=0.271
[MACRO_TIMING] ncas= 72 macro= 32 step=1206.940741 s cum_CASSCF=40654.719430 s E=-7.477076568033951 Er=1.315526e-04
[MACRO_TIMING] ncas= 72 macro= 33 step=178.138269 s cum_CASSCF=40832.857699 s E=-7.477076568033951 Er=1.315526e-04
[MACRO_TIMING] ncas= 72 macro= 33 step=195.354736 s cum_CASSCF=41028.212434 s E=-7.477076568033951 Er=1.315526e-04
[MACRO_TIMING] ncas= 72 macro= 33 step=190.889784 s cum_CASSCF=41219.102218 s E=-7.477076568033951 Er=1.315526e-04
macro iter  33 ( 21 JK    4 micro), CASSCF E = -7.47712776655193  dE = -5.11985180e-05
               |grad[o]|=6.82e-05  |grad[c]|=0.00961  |ddm|=2.06e-05  |maxRot[o]|=0.206
[MACRO_TIMING] ncas= 72 macro= 33 step=1140.283274 s cum_CASSCF=42359.385493 s E=-7.477127766551925 Er=1.247061e-04
[MACRO_TIMING] ncas= 72 macro= 34 step=174.561669 s cum_CASSCF=42533.947162 s E=-7.477127766551925 Er=1.247061e-04
[MACRO_TIMING] ncas= 72 macro= 34 step=198.166151 s cum_CASSCF=42732.113313 s E=-7.477127766551925 Er=1.247061e-04
[MACRO_TIMING] ncas= 72 macro= 34 step=195.733822 s cum_CASSCF=42927.847134 s E=-7.477127766551925 Er=1.247061e-04
macro iter  34 ( 21 JK    4 micro), CASSCF E = -7.47716748203317  dE = -3.97154812e-05
               |grad[o]|=8.4e-05  |grad[c]|=0.00476  |ddm|=8.24e-06  |maxRot[o]|=0.248
[MACRO_TIMING] ncas= 72 macro= 34 step=872.832999 s cum_CASSCF=43800.680133 s E=-7.477167482033167 Er=1.193951e-04
[MACRO_TIMING] ncas= 72 macro= 35 step=180.795901 s cum_CASSCF=43981.476034 s E=-7.477167482033167 Er=1.193951e-04
[MACRO_TIMING] ncas= 72 macro= 35 step=197.036702 s cum_CASSCF=44178.512737 s E=-7.477167482033167 Er=1.193951e-04
[MACRO_TIMING] ncas= 72 macro= 35 step=190.661768 s cum_CASSCF=44369.174505 s E=-7.477167482033167 Er=1.193951e-04
macro iter  35 ( 14 JK    3 micro), CASSCF E = -7.47717749878022  dE = -1.00167471e-05
               |grad[o]|=7.45e-05  |grad[c]|=0.00311  |ddm|=1.35e-05  |maxRot[o]|=0.137
[MACRO_TIMING] ncas= 72 macro= 35 step=774.224990 s cum_CASSCF=45143.399495 s E=-7.477177498780223 Er=1.180556e-04
[MACRO_TIMING] ncas= 72 macro= 36 step=178.900395 s cum_CASSCF=45322.299890 s E=-7.477177498780223 Er=1.180556e-04
[MACRO_TIMING] ncas= 72 macro= 36 step=197.613064 s cum_CASSCF=45519.912954 s E=-7.477177498780223 Er=1.180556e-04
[MACRO_TIMING] ncas= 72 macro= 36 step=191.265714 s cum_CASSCF=45711.178668 s E=-7.477177498780223 Er=1.180556e-04
macro iter  36 ( 21 JK    4 micro), CASSCF E = -7.47721165054843  dE = -3.41517682e-05
               |grad[o]|=6.02e-05  |grad[c]|=0.0036  |ddm|=4.49e-06  |maxRot[o]|=0.256
[MACRO_TIMING] ncas= 72 macro= 36 step=730.011610 s cum_CASSCF=46441.190277 s E=-7.477211650548433 Er=1.134887e-04
[MACRO_TIMING] ncas= 72 macro= 37 step=181.362377 s cum_CASSCF=46622.552654 s E=-7.477211650548433 Er=1.134887e-04
[MACRO_TIMING] ncas= 72 macro= 37 step=197.756394 s cum_CASSCF=46820.309048 s E=-7.477211650548433 Er=1.134887e-04
[MACRO_TIMING] ncas= 72 macro= 37 step=190.740805 s cum_CASSCF=47011.049853 s E=-7.477211650548433 Er=1.134887e-04
macro iter  37 ( 21 JK    4 micro), CASSCF E = -7.47723170652235  dE = -2.00559739e-05
               |grad[o]|=5.5e-05  |grad[c]|=0.00363  |ddm|=3.67e-06  |maxRot[o]|=0.254
[MACRO_TIMING] ncas= 72 macro= 37 step=734.089639 s cum_CASSCF=47745.139493 s E=-7.477231706522346 Er=1.108067e-04
[MACRO_TIMING] ncas= 72 macro= 38 step=177.989007 s cum_CASSCF=47923.128500 s E=-7.477231706522346 Er=1.108067e-04
macro iter  38 (  4 JK    1 micro), CASSCF E = -7.47723294611055  dE = -1.23958820e-06
               |grad[o]|=5.06e-05  |grad[c]|=0.00148  |ddm|=7.96e-07  |maxRot[o]|= 0.02
[MACRO_TIMING] ncas= 72 macro= 38 step=504.165348 s cum_CASSCF=48427.293848 s E=-7.477232946110547 Er=1.106410e-04
[MACRO_TIMING] ncas= 72 macro= 39 step=183.120621 s cum_CASSCF=48610.414469 s E=-7.477232946110547 Er=1.106410e-04
macro iter  39 (  4 JK    1 micro), CASSCF E = -7.47723430595746  dE = -1.35984691e-06
               |grad[o]|=4.95e-05  |grad[c]|=0.00199  |ddm|=1.07e-06  |maxRot[o]|= 0.02
[MACRO_TIMING] ncas= 72 macro= 39 step=507.980516 s cum_CASSCF=49118.394985 s E=-7.477234305957458 Er=1.104591e-04
[MACRO_TIMING] ncas= 72 macro= 40 step=172.896992 s cum_CASSCF=49291.291977 s E=-7.477234305957458 Er=1.104591e-04
macro iter  40 (  4 JK    1 micro), CASSCF E = -7.47723570398739  dE = -1.39802993e-06
               |grad[o]|=4.82e-05  |grad[c]|=0.00208  |ddm|=3.86e-07  |maxRot[o]|= 0.02
[MACRO_TIMING] ncas= 72 macro= 40 step=486.163477 s cum_CASSCF=49777.455454 s E=-7.477235703987390 Er=1.102722e-04
[MACRO_TIMING] ncas= 72 macro= 41 step=178.658989 s cum_CASSCF=49956.114443 s E=-7.477235703987390 Er=1.102722e-04
[MACRO_TIMING] ncas= 72 macro= 41 step=192.239575 s cum_CASSCF=50148.354018 s E=-7.477235703987390 Er=1.102722e-04
[MACRO_TIMING] ncas= 72 macro= 41 step=200.802431 s cum_CASSCF=50349.156449 s E=-7.477235703987390 Er=1.102722e-04
macro iter  41 ( 21 JK    4 micro), CASSCF E = -7.47724981870159  dE = -1.41147142e-05
               |grad[o]|=4.8e-05  |grad[c]|=0.00643  |ddm|=3.18e-06  |maxRot[o]|=0.147
[MACRO_TIMING] ncas= 72 macro= 41 step=636.490256 s cum_CASSCF=50985.646705 s E=-7.477249818701594 Er=1.083847e-04
[MACRO_TIMING] ncas= 72 macro= 42 step=178.163804 s cum_CASSCF=51163.810508 s E=-7.477249818701594 Er=1.083847e-04
macro iter  42 (  4 JK    1 micro), CASSCF E = -7.47725120237888  dE = -1.38367728e-06
               |grad[o]|=4.48e-05  |grad[c]|=0.00144  |ddm|=1.81e-06  |maxRot[o]|= 0.02
[MACRO_TIMING] ncas= 72 macro= 42 step=467.128685 s cum_CASSCF=51630.939193 s E=-7.477251202378878 Er=1.081997e-04
[MACRO_TIMING] ncas= 72 macro= 43 step=180.592708 s cum_CASSCF=51811.531901 s E=-7.477251202378878 Er=1.081997e-04
macro iter  43 (  4 JK    1 micro), CASSCF E = -7.47725223112828  dE = -1.02874941e-06
               |grad[o]|=4.04e-05  |grad[c]|=0.00132  |ddm|=9.2e-06  |maxRot[o]|= 0.02
[MACRO_TIMING] ncas= 72 macro= 43 step=483.131614 s cum_CASSCF=52294.663515 s E=-7.477252231128285 Er=1.080621e-04
[MACRO_TIMING] ncas= 72 macro= 44 step=173.356312 s cum_CASSCF=52468.019828 s E=-7.477252231128285 Er=1.080621e-04
macro iter  44 (  4 JK    1 micro), CASSCF E = -7.47725272030439  dE = -4.89176108e-07
               |grad[o]|=3.9e-05  |grad[c]|=0.000649  |ddm|=5.58e-06  |maxRot[o]|= 0.02
[MACRO_TIMING] ncas= 72 macro= 44 step=509.255157 s cum_CASSCF=52977.274985 s E=-7.477252720304392 Er=1.079967e-04
[MACRO_TIMING] ncas= 72 macro= 45 step=179.284452 s cum_CASSCF=53156.559437 s E=-7.477252720304392 Er=1.079967e-04
macro iter  45 (  4 JK    1 micro), CASSCF E = -7.47725313451700  dE = -4.14212607e-07
               |grad[o]|=3.87e-05  |grad[c]|=0.000525  |ddm|=1.14e-06  |maxRot[o]|= 0.02
[MACRO_TIMING] ncas= 72 macro= 45 step=476.293825 s cum_CASSCF=53632.853262 s E=-7.477253134516999 Er=1.079413e-04
[MACRO_TIMING] ncas= 72 macro= 46 step=173.135160 s cum_CASSCF=53805.988421 s E=-7.477253134516999 Er=1.079413e-04
[MACRO_TIMING] ncas= 72 macro= 46 step=196.050823 s cum_CASSCF=54002.039245 s E=-7.477253134516999 Er=1.079413e-04
[MACRO_TIMING] ncas= 72 macro= 46 step=196.217020 s cum_CASSCF=54198.256265 s E=-7.477253134516999 Er=1.079413e-04
macro iter  46 ( 21 JK    4 micro), CASSCF E = -7.47726257268438  dE = -9.43816738e-06
               |grad[o]|=3.88e-05  |grad[c]|=0.00453  |ddm|=7.4e-06  |maxRot[o]|=0.228
[MACRO_TIMING] ncas= 72 macro= 46 step=1075.858963 s cum_CASSCF=55274.115228 s E=-7.477262572684376 Er=1.066792e-04
[MACRO_TIMING] ncas= 72 macro= 47 step=177.554852 s cum_CASSCF=55451.670079 s E=-7.477262572684376 Er=1.066792e-04
macro iter  47 (  4 JK    1 micro), CASSCF E = -7.47726348529231  dE = -9.12607934e-07
               |grad[o]|=5.36e-05  |grad[c]|=0.00258  |ddm|=1.43e-06  |maxRot[o]|= 0.02
[MACRO_TIMING] ncas= 72 macro= 47 step=591.848491 s cum_CASSCF=56043.518570 s E=-7.477263485292310 Er=1.065571e-04
[MACRO_TIMING] ncas= 72 macro= 48 step=178.058538 s cum_CASSCF=56221.577108 s E=-7.477263485292310 Er=1.065571e-04
[MACRO_TIMING] ncas= 72 macro= 48 step=195.592501 s cum_CASSCF=56417.169609 s E=-7.477263485292310 Er=1.065571e-04
[MACRO_TIMING] ncas= 72 macro= 48 step=193.993833 s cum_CASSCF=56611.163442 s E=-7.477263485292310 Er=1.065571e-04
macro iter  48 ( 21 JK    4 micro), CASSCF E = -7.47727855462082  dE = -1.50693285e-05
               |grad[o]|=0.0001  |grad[c]|=0.0207  |ddm|=5.69e-06  |maxRot[o]|=0.147
[MACRO_TIMING] ncas= 72 macro= 48 step=789.664035 s cum_CASSCF=57400.827477 s E=-7.477278554620824 Er=1.045420e-04
[MACRO_TIMING] ncas= 72 macro= 49 step=180.671107 s cum_CASSCF=57581.498584 s E=-7.477278554620824 Er=1.045420e-04
[MACRO_TIMING] ncas= 72 macro= 49 step=193.011052 s cum_CASSCF=57774.509636 s E=-7.477278554620824 Er=1.045420e-04
[MACRO_TIMING] ncas= 72 macro= 49 step=194.496082 s cum_CASSCF=57969.005718 s E=-7.477278554620824 Er=1.045420e-04
macro iter  49 ( 21 JK    4 micro), CASSCF E = -7.47728662452471  dE = -8.06990388e-06
               |grad[o]|=6.06e-05  |grad[c]|=0.00253  |ddm|=6.59e-06  |maxRot[o]|=0.289
[MACRO_TIMING] ncas= 72 macro= 49 step=790.024642 s cum_CASSCF=58759.030359 s E=-7.477286624524709 Er=1.034629e-04
[MACRO_TIMING] ncas= 72 macro= 50 step=179.729374 s cum_CASSCF=58938.759733 s E=-7.477286624524709 Er=1.034629e-04
macro iter  50 (  4 JK    1 micro), CASSCF E = -7.47728716598690  dE = -5.41462191e-07
               |grad[o]|=3.29e-05  |grad[c]|=0.00102  |ddm|=2.19e-06  |maxRot[o]|= 0.02
[MACRO_TIMING] ncas= 72 macro= 50 step=379.869980 s cum_CASSCF=59318.629713 s E=-7.477287165986899 Er=1.033904e-04
[MACRO_TIMING] ncas= 72 macro= 51 step=177.393351 s cum_CASSCF=59496.023063 s E=-7.477287165986899 Er=1.033904e-04
macro iter  51 (  4 JK    1 micro), CASSCF E = -7.47728764080928  dE = -4.74822380e-07
               |grad[o]|=4.02e-05  |grad[c]|=0.000777  |ddm|=7e-07  |maxRot[o]|= 0.02
[MACRO_TIMING] ncas= 72 macro= 51 step=337.904676 s cum_CASSCF=59833.927739 s E=-7.477287640809279 Er=1.033270e-04
[MACRO_TIMING] ncas= 72 macro= 52 step=172.930033 s cum_CASSCF=60006.857772 s E=-7.477287640809279 Er=1.033270e-04
macro iter  52 (  4 JK    1 micro), CASSCF E = -7.47728805923499  dE = -4.18425714e-07
               |grad[o]|=3.36e-05  |grad[c]|=0.000664  |ddm|=5.7e-07  |maxRot[o]|= 0.02
[MACRO_TIMING] ncas= 72 macro= 52 step=339.401087 s cum_CASSCF=60346.258859 s E=-7.477288059234993 Er=1.032710e-04
[MACRO_TIMING] ncas= 72 macro= 53 step=174.541626 s cum_CASSCF=60520.800485 s E=-7.477288059234993 Er=1.032710e-04
[MACRO_TIMING] ncas= 72 macro= 53 step=200.210476 s cum_CASSCF=60721.010961 s E=-7.477288059234993 Er=1.032710e-04
[MACRO_TIMING] ncas= 72 macro= 53 step=189.576520 s cum_CASSCF=60910.587480 s E=-7.477288059234993 Er=1.032710e-04
macro iter  53 ( 21 JK    4 micro), CASSCF E = -7.47730077616097  dE = -1.27169260e-05
               |grad[o]|=3.91e-05  |grad[c]|=0.0162  |ddm|=2.5e-06  |maxRot[o]|=0.237
[MACRO_TIMING] ncas= 72 macro= 53 step=651.598024 s cum_CASSCF=61562.185504 s E=-7.477300776160973 Er=1.015704e-04
[MACRO_TIMING] ncas= 72 macro= 54 step=174.892608 s cum_CASSCF=61737.078112 s E=-7.477300776160973 Er=1.015704e-04
macro iter  54 (  6 JK    1 micro), CASSCF E = -7.47730195519346  dE = -1.17903249e-06
               |grad[o]|=8.42e-05  |grad[c]|=0.00633  |ddm|=7.41e-07  |maxRot[o]|=0.0217
[MACRO_TIMING] ncas= 72 macro= 54 step=453.820263 s cum_CASSCF=62190.898375 s E=-7.477301955193463 Er=1.014128e-04
[MACRO_TIMING] ncas= 72 macro= 55 step=178.393606 s cum_CASSCF=62369.291982 s E=-7.477301955193463 Er=1.014128e-04
[MACRO_TIMING] ncas= 72 macro= 55 step=195.194777 s cum_CASSCF=62564.486759 s E=-7.477301955193463 Er=1.014128e-04
macro iter  55 (  9 JK    2 micro), CASSCF E = -7.47730277073234  dE = -8.15538874e-07
               |grad[o]|=7.16e-05  |grad[c]|=0.00217  |ddm|=2.36e-06  |maxRot[o]|=0.0567
[MACRO_TIMING] ncas= 72 macro= 55 step=455.128898 s cum_CASSCF=63019.615657 s E=-7.477302770732337 Er=1.013037e-04
[MACRO_TIMING] ncas= 72 macro= 56 step=174.334175 s cum_CASSCF=63193.949831 s E=-7.477302770732337 Er=1.013037e-04
macro iter  56 (  5 JK    1 micro), CASSCF E = -7.47730348926007  dE = -7.18527730e-07
               |grad[o]|=4.34e-05  |grad[c]|=0.00296  |ddm|=1.12e-06  |maxRot[o]|=0.0396
[MACRO_TIMING] ncas= 72 macro= 56 step=455.324124 s cum_CASSCF=63649.273955 s E=-7.477303489260066 Er=1.012076e-04
[MACRO_TIMING] ncas= 72 macro= 57 step=179.921861 s cum_CASSCF=63829.195816 s E=-7.477303489260066 Er=1.012076e-04
[MACRO_TIMING] ncas= 72 macro= 57 step=189.804227 s cum_CASSCF=64019.000043 s E=-7.477303489260066 Er=1.012076e-04
[MACRO_TIMING] ncas= 72 macro= 57 step=197.053006 s cum_CASSCF=64216.053049 s E=-7.477303489260066 Er=1.012076e-04
macro iter  57 ( 19 JK    4 micro), CASSCF E = -7.47730701660848  dE = -3.52734841e-06
               |grad[o]|=4.26e-05  |grad[c]|=0.00481  |ddm|=3.15e-06  |maxRot[o]|=0.215
[MACRO_TIMING] ncas= 72 macro= 57 step=836.342275 s cum_CASSCF=65052.395323 s E=-7.477307016608478 Er=1.007359e-04
[MACRO_TIMING] ncas= 72 macro= 58 step=176.723043 s cum_CASSCF=65229.118366 s E=-7.477307016608478 Er=1.007359e-04
[MACRO_TIMING] ncas= 72 macro= 58 step=191.866397 s cum_CASSCF=65420.984763 s E=-7.477307016608478 Er=1.007359e-04
[MACRO_TIMING] ncas= 72 macro= 58 step=196.305465 s cum_CASSCF=65617.290228 s E=-7.477307016608478 Er=1.007359e-04
macro iter  58 ( 21 JK    4 micro), CASSCF E = -7.47731942230329  dE = -1.24056948e-05
               |grad[o]|=3.55e-05  |grad[c]|=0.0148  |ddm|=2.29e-06  |maxRot[o]|=0.271
[MACRO_TIMING] ncas= 72 macro= 58 step=550.537971 s cum_CASSCF=66167.828199 s E=-7.477319422303289 Er=9.907699e-05
[MACRO_TIMING] ncas= 72 macro= 59 step=176.933949 s cum_CASSCF=66344.762149 s E=-7.477319422303289 Er=9.907699e-05
macro iter  59 (  4 JK    1 micro), CASSCF E = -7.47731978062151  dE = -3.58318222e-07
               |grad[o]|=2.36e-05  |grad[c]|=0.00323  |ddm|=3.12e-06  |maxRot[o]|= 0.02
[MACRO_TIMING] ncas= 72 macro= 59 step=285.897556 s cum_CASSCF=66630.659705 s E=-7.477319780621511 Er=9.902907e-05
[MACRO_TIMING] ncas= 72 macro= 60 step=176.668266 s cum_CASSCF=66807.327971 s E=-7.477319780621511 Er=9.902907e-05
macro iter  60 (  4 JK    1 micro), CASSCF E = -7.47732008969553  dE = -3.09074014e-07
               |grad[o]|=2.73e-05  |grad[c]|=0.00178  |ddm|=3.04e-06  |maxRot[o]|= 0.02
[MACRO_TIMING] ncas= 72 macro= 60 step=309.480499 s cum_CASSCF=67116.808471 s E=-7.477320089695525 Er=9.898774e-05
[MACRO_TIMING] ncas= 72 macro= 61 step=178.604020 s cum_CASSCF=67295.412490 s E=-7.477320089695525 Er=9.898774e-05
macro iter  61 (  5 JK    1 micro), CASSCF E = -7.47732087322070  dE = -7.83525177e-07
               |grad[o]|=3.41e-05  |grad[c]|=0.00244  |ddm|=6.22e-07  |maxRot[o]|=0.0393
[MACRO_TIMING] ncas= 72 macro= 61 step=382.294441 s cum_CASSCF=67677.706931 s E=-7.477320873220703 Er=9.888297e-05
[MACRO_TIMING] ncas= 72 macro= 62 step=178.349833 s cum_CASSCF=67856.056764 s E=-7.477320873220703 Er=9.888297e-05
[MACRO_TIMING] ncas= 72 macro= 62 step=195.766014 s cum_CASSCF=68051.822777 s E=-7.477320873220703 Er=9.888297e-05
macro iter  62 (  9 JK    2 micro), CASSCF E = -7.47732275283951  dE = -1.87961881e-06
               |grad[o]|=2.47e-05  |grad[c]|=0.000794  |ddm|=1.45e-06  |maxRot[o]|=0.0961
[MACRO_TIMING] ncas= 72 macro= 62 step=603.413398 s cum_CASSCF=68655.236176 s E=-7.477322752839513 Er=9.863161e-05
[MACRO_TIMING] ncas= 72 macro= 63 step=176.570670 s cum_CASSCF=68831.806846 s E=-7.477322752839513 Er=9.863161e-05
[MACRO_TIMING] ncas= 72 macro= 63 step=189.820658 s cum_CASSCF=69021.627504 s E=-7.477322752839513 Er=9.863161e-05
[MACRO_TIMING] ncas= 72 macro= 63 step=191.347784 s cum_CASSCF=69212.975288 s E=-7.477322752839513 Er=9.863161e-05
macro iter  63 ( 21 JK    4 micro), CASSCF E = -7.47733423804848  dE = -1.14852090e-05
               |grad[o]|=3.03e-05  |grad[c]|=0.0156  |ddm|=4.31e-06  |maxRot[o]|=0.227
[MACRO_TIMING] ncas= 72 macro= 63 step=655.858534 s cum_CASSCF=69868.833822 s E=-7.477334238048480 Er=9.709576e-05
[MACRO_TIMING] ncas= 72 macro= 64 step=177.355534 s cum_CASSCF=70046.189356 s E=-7.477334238048480 Er=9.709576e-05
macro iter  64 (  4 JK    1 micro), CASSCF E = -7.47733510516545  dE = -8.67116970e-07
               |grad[o]|=7.09e-05  |grad[c]|=0.00415  |ddm|=8.59e-07  |maxRot[o]|= 0.02
[MACRO_TIMING] ncas= 72 macro= 64 step=342.837473 s cum_CASSCF=70389.026829 s E=-7.477335105165451 Er=9.697981e-05
[MACRO_TIMING] ncas= 72 macro= 65 step=176.609755 s cum_CASSCF=70565.636584 s E=-7.477335105165451 Er=9.697981e-05
macro iter  65 (  4 JK    1 micro), CASSCF E = -7.47733578618585  dE = -6.81020403e-07
               |grad[o]|=5.57e-05  |grad[c]|=0.0039  |ddm|=2.95e-06  |maxRot[o]|= 0.02
[MACRO_TIMING] ncas= 72 macro= 65 step=340.593485 s cum_CASSCF=70906.230069 s E=-7.477335786185853 Er=9.688874e-05
[MACRO_TIMING] ncas= 72 macro= 66 step=177.120391 s cum_CASSCF=71083.350460 s E=-7.477335786185853 Er=9.688874e-05
macro iter  66 (  4 JK    1 micro), CASSCF E = -7.47733629880639  dE = -5.12620532e-07
               |grad[o]|=4.43e-05  |grad[c]|=0.00358  |ddm|=1.72e-06  |maxRot[o]|= 0.02
[MACRO_TIMING] ncas= 72 macro= 66 step=384.310099 s cum_CASSCF=71467.660560 s E=-7.477336298806385 Er=9.682019e-05
[MACRO_TIMING] ncas= 72 macro= 67 step=172.465431 s cum_CASSCF=71640.125991 s E=-7.477336298806385 Er=9.682019e-05
macro iter  67 (  4 JK    1 micro), CASSCF E = -7.47733670871611  dE = -4.09909725e-07
               |grad[o]|=4.12e-05  |grad[c]|=0.00213  |ddm|=1.9e-06  |maxRot[o]|= 0.02
[MACRO_TIMING] ncas= 72 macro= 67 step=390.672246 s cum_CASSCF=72030.798236 s E=-7.477336708716110 Er=9.676537e-05
[MACRO_TIMING] ncas= 72 macro= 68 step=180.082350 s cum_CASSCF=72210.880587 s E=-7.477336708716110 Er=9.676537e-05
macro iter  68 (  4 JK    1 micro), CASSCF E = -7.47733713562854  dE = -4.26912431e-07
               |grad[o]|=3.51e-05  |grad[c]|=0.00152  |ddm|=6.84e-07  |maxRot[o]|= 0.02
[MACRO_TIMING] ncas= 72 macro= 68 step=337.395446 s cum_CASSCF=72548.276032 s E=-7.477337135628541 Er=9.670828e-05
[MACRO_TIMING] ncas= 72 macro= 69 step=179.576156 s cum_CASSCF=72727.852189 s E=-7.477337135628541 Er=9.670828e-05
macro iter  69 (  4 JK    1 micro), CASSCF E = -7.47733762013682  dE = -4.84508279e-07
               |grad[o]|=3.75e-05  |grad[c]|=0.00116  |ddm|=4.77e-07  |maxRot[o]|= 0.02
[MACRO_TIMING] ncas= 72 macro= 69 step=341.640694 s cum_CASSCF=73069.492883 s E=-7.477337620136820 Er=9.664349e-05
[MACRO_TIMING] ncas= 72 macro= 70 step=174.852260 s cum_CASSCF=73244.345143 s E=-7.477337620136820 Er=9.664349e-05
macro iter  70 (  4 JK    1 micro), CASSCF E = -7.47733816611679  dE = -5.45979966e-07
               |grad[o]|=3.64e-05  |grad[c]|=0.00111  |ddm|=7.48e-07  |maxRot[o]|= 0.02
[MACRO_TIMING] ncas= 72 macro= 70 step=387.314476 s cum_CASSCF=73631.659619 s E=-7.477338166116786 Er=9.657048e-05
[MACRO_TIMING] ncas= 72 macro= 71 step=179.334829 s cum_CASSCF=73810.994448 s E=-7.477338166116786 Er=9.657048e-05
macro iter  71 (  4 JK    1 micro), CASSCF E = -7.47733875303845  dE = -5.86921666e-07
               |grad[o]|=3.16e-05  |grad[c]|=0.00127  |ddm|=5.39e-07  |maxRot[o]|= 0.02
[MACRO_TIMING] ncas= 72 macro= 71 step=379.164186 s cum_CASSCF=74190.158633 s E=-7.477338753038452 Er=9.649200e-05
[MACRO_TIMING] ncas= 72 macro= 72 step=173.726219 s cum_CASSCF=74363.884852 s E=-7.477338753038452 Er=9.649200e-05
macro iter  72 (  4 JK    1 micro), CASSCF E = -7.47733935322086  dE = -6.00182404e-07
               |grad[o]|=2.67e-05  |grad[c]|=0.00164  |ddm|=6.57e-07  |maxRot[o]|= 0.02
[MACRO_TIMING] ncas= 72 macro= 72 step=458.533746 s cum_CASSCF=74822.418598 s E=-7.477339353220856 Er=9.641174e-05
[MACRO_TIMING] ncas= 72 macro= 73 step=180.698940 s cum_CASSCF=75003.117538 s E=-7.477339353220856 Er=9.641174e-05
macro iter  73 (  4 JK    1 micro), CASSCF E = -7.47733997888216  dE = -6.25661301e-07
               |grad[o]|=2.68e-05  |grad[c]|=0.00213  |ddm|=5.22e-07  |maxRot[o]|= 0.02
[MACRO_TIMING] ncas= 72 macro= 73 step=495.027925 s cum_CASSCF=75498.145463 s E=-7.477339978882156 Er=9.632807e-05
[MACRO_TIMING] ncas= 72 macro= 74 step=178.512457 s cum_CASSCF=75676.657920 s E=-7.477339978882156 Er=9.632807e-05
macro iter  74 (  4 JK    1 micro), CASSCF E = -7.47734065086348  dE = -6.71981326e-07
               |grad[o]|=2.79e-05  |grad[c]|=0.00272  |ddm|=6.31e-07  |maxRot[o]|= 0.02
[MACRO_TIMING] ncas= 72 macro= 74 step=531.268739 s cum_CASSCF=76207.926659 s E=-7.477340650863482 Er=9.623821e-05
[MACRO_TIMING] ncas= 72 macro= 75 step=177.616768 s cum_CASSCF=76385.543427 s E=-7.477340650863482 Er=9.623821e-05
macro iter  75 (  4 JK    1 micro), CASSCF E = -7.47734139487325  dE = -7.44009767e-07
               |grad[o]|=4.26e-05  |grad[c]|=0.00336  |ddm|=5.82e-07  |maxRot[o]|= 0.02
[MACRO_TIMING] ncas= 72 macro= 75 step=556.737291 s cum_CASSCF=76942.280718 s E=-7.477341394873249 Er=9.613872e-05
[MACRO_TIMING] ncas= 72 macro= 76 step=173.054533 s cum_CASSCF=77115.335251 s E=-7.477341394873249 Er=9.613872e-05
macro iter  76 (  4 JK    1 micro), CASSCF E = -7.47734225243505  dE = -8.57561802e-07
               |grad[o]|=4.66e-05  |grad[c]|=0.00407  |ddm|=6.89e-07  |maxRot[o]|= 0.02
[MACRO_TIMING] ncas= 72 macro= 76 step=528.730452 s cum_CASSCF=77644.065703 s E=-7.477342252435051 Er=9.602404e-05
[MACRO_TIMING] ncas= 72 macro= 77 step=180.460187 s cum_CASSCF=77824.525890 s E=-7.477342252435051 Er=9.602404e-05
macro iter  77 (  4 JK    1 micro), CASSCF E = -7.47734327668400  dE = -1.02424895e-06
               |grad[o]|=6.19e-05  |grad[c]|=0.00479  |ddm|=6.41e-07  |maxRot[o]|= 0.02
[MACRO_TIMING] ncas= 72 macro= 77 step=530.117484 s cum_CASSCF=78354.643374 s E=-7.477343276683996 Er=9.588707e-05
[MACRO_TIMING] ncas= 72 macro= 78 step=180.877371 s cum_CASSCF=78535.520745 s E=-7.477343276683996 Er=9.588707e-05
macro iter  78 (  4 JK    1 micro), CASSCF E = -7.47734451804090  dE = -1.24135690e-06
               |grad[o]|=5.73e-05  |grad[c]|=0.00544  |ddm|=7.48e-07  |maxRot[o]|= 0.02
[MACRO_TIMING] ncas= 72 macro= 78 step=455.569390 s cum_CASSCF=78991.090135 s E=-7.477344518040899 Er=9.572107e-05
[MACRO_TIMING] ncas= 72 macro= 79 step=180.409950 s cum_CASSCF=79171.500085 s E=-7.477344518040899 Er=9.572107e-05
macro iter  79 (  4 JK    1 micro), CASSCF E = -7.47734599083342  dE = -1.47279252e-06
               |grad[o]|=6.79e-05  |grad[c]|=0.0059  |ddm|=7.5e-07  |maxRot[o]|= 0.02
[MACRO_TIMING] ncas= 72 macro= 79 step=384.659498 s cum_CASSCF=79556.159583 s E=-7.477345990833422 Er=9.552412e-05
[MACRO_TIMING] ncas= 72 macro= 80 step=179.469985 s cum_CASSCF=79735.629568 s E=-7.477345990833422 Er=9.552412e-05
macro iter  80 (  4 JK    1 micro), CASSCF E = -7.47734765216961  dE = -1.66133619e-06
               |grad[o]|=5.21e-05  |grad[c]|=0.0061  |ddm|=6.99e-07  |maxRot[o]|= 0.02
[MACRO_TIMING] ncas= 72 macro= 80 step=375.827847 s cum_CASSCF=80111.457415 s E=-7.477347652169614 Er=9.530196e-05
[MACRO_TIMING] ncas= 72 macro= 81 step=177.957517 s cum_CASSCF=80289.414932 s E=-7.477347652169614 Er=9.530196e-05
macro iter  81 (  4 JK    1 micro), CASSCF E = -7.47734935314802  dE = -1.70097841e-06
               |grad[o]|=6.03e-05  |grad[c]|=0.00597  |ddm|=9.13e-07  |maxRot[o]|= 0.02
[MACRO_TIMING] ncas= 72 macro= 81 step=342.730822 s cum_CASSCF=80632.145754 s E=-7.477349353148023 Er=9.507450e-05
[MACRO_TIMING] ncas= 72 macro= 82 step=175.058698 s cum_CASSCF=80807.204452 s E=-7.477349353148023 Er=9.507450e-05
macro iter  82 (  4 JK    1 micro), CASSCF E = -7.47735079627664  dE = -1.44312862e-06
               |grad[o]|=4.85e-05  |grad[c]|=0.00513  |ddm|=8.29e-07  |maxRot[o]|= 0.02
[MACRO_TIMING] ncas= 72 macro= 82 step=316.808436 s cum_CASSCF=81124.012888 s E=-7.477350796276639 Er=9.488152e-05
[MACRO_TIMING] ncas= 72 macro= 83 step=180.498856 s cum_CASSCF=81304.511744 s E=-7.477350796276639 Er=9.488152e-05
macro iter  83 (  4 JK    1 micro), CASSCF E = -7.47735183624042  dE = -1.03996378e-06
               |grad[o]|=4.77e-05  |grad[c]|=0.00398  |ddm|=1.15e-06  |maxRot[o]|= 0.02
[MACRO_TIMING] ncas= 72 macro= 83 step=312.253493 s cum_CASSCF=81616.765236 s E=-7.477351836240417 Er=9.474245e-05
[MACRO_TIMING] ncas= 72 macro= 84 step=179.903647 s cum_CASSCF=81796.668884 s E=-7.477351836240417 Er=9.474245e-05
macro iter  84 (  4 JK    1 micro), CASSCF E = -7.47735253364853  dE = -6.97408110e-07
               |grad[o]|=3.85e-05  |grad[c]|=0.00264  |ddm|=1.11e-06  |maxRot[o]|= 0.02
[MACRO_TIMING] ncas= 72 macro= 84 step=318.327030 s cum_CASSCF=82114.995914 s E=-7.477352533648527 Er=9.464919e-05
[MACRO_TIMING] ncas= 72 macro= 85 step=176.380653 s cum_CASSCF=82291.376567 s E=-7.477352533648527 Er=9.464919e-05
macro iter  85 (  4 JK    1 micro), CASSCF E = -7.47735298284277  dE = -4.49194248e-07
               |grad[o]|=3.84e-05  |grad[c]|=0.00143  |ddm|=1.16e-06  |maxRot[o]|= 0.02
[MACRO_TIMING] ncas= 72 macro= 85 step=293.818557 s cum_CASSCF=82585.195124 s E=-7.477352982842775 Er=9.458912e-05
[MACRO_TIMING] ncas= 72 macro= 86 step=173.639757 s cum_CASSCF=82758.834881 s E=-7.477352982842775 Er=9.458912e-05
macro iter  86 (  4 JK    1 micro), CASSCF E = -7.47735335907646  dE = -3.76233687e-07
               |grad[o]|=3.56e-05  |grad[c]|=0.000817  |ddm|=7.77e-07  |maxRot[o]|= 0.02
[MACRO_TIMING] ncas= 72 macro= 86 step=284.314587 s cum_CASSCF=83043.149468 s E=-7.477353359076462 Er=9.453881e-05
[MACRO_TIMING] ncas= 72 macro= 87 step=180.014847 s cum_CASSCF=83223.164316 s E=-7.477353359076462 Er=9.453881e-05
macro iter  87 (  4 JK    1 micro), CASSCF E = -7.47735373201473  dE = -3.72938270e-07
               |grad[o]|=3.54e-05  |grad[c]|=0.000732  |ddm|=5.46e-07  |maxRot[o]|= 0.02
[MACRO_TIMING] ncas= 72 macro= 87 step=295.091268 s cum_CASSCF=83518.255584 s E=-7.477353732014732 Er=9.448894e-05
[MACRO_TIMING] ncas= 72 macro= 88 step=173.671351 s cum_CASSCF=83691.926935 s E=-7.477353732014732 Er=9.448894e-05
macro iter  88 (  4 JK    1 micro), CASSCF E = -7.47735414531122  dE = -4.13296488e-07
               |grad[o]|=3.43e-05  |grad[c]|=0.000806  |ddm|=4.33e-07  |maxRot[o]|= 0.02
[MACRO_TIMING] ncas= 72 macro= 88 step=292.940744 s cum_CASSCF=83984.867679 s E=-7.477354145311220 Er=9.443367e-05
[MACRO_TIMING] ncas= 72 macro= 89 step=181.747278 s cum_CASSCF=84166.614957 s E=-7.477354145311220 Er=9.443367e-05
[MACRO_TIMING] ncas= 72 macro= 89 step=197.545864 s cum_CASSCF=84364.160821 s E=-7.477354145311220 Er=9.443367e-05
[MACRO_TIMING] ncas= 72 macro= 89 step=196.174123 s cum_CASSCF=84560.334944 s E=-7.477354145311220 Er=9.443367e-05
macro iter  89 ( 21 JK    4 micro), CASSCF E = -7.47736794058375  dE = -1.37952725e-05
               |grad[o]|=3.58e-05  |grad[c]|=0.0138  |ddm|=1.97e-06  |maxRot[o]|=0.236
[MACRO_TIMING] ncas= 72 macro= 89 step=656.332663 s cum_CASSCF=85216.667608 s E=-7.477367940583750 Er=9.258890e-05
[MACRO_TIMING] ncas= 72 macro= 90 step=180.937030 s cum_CASSCF=85397.604638 s E=-7.477367940583750 Er=9.258890e-05
macro iter  90 (  4 JK    1 micro), CASSCF E = -7.47736826623100  dE = -3.25647247e-07
               |grad[o]|=3.34e-05  |grad[c]|=0.00293  |ddm|=6.22e-07  |maxRot[o]|=0.0165
[MACRO_TIMING] ncas= 72 macro= 90 step=423.272275 s cum_CASSCF=85820.876913 s E=-7.477368266230997 Er=9.254536e-05
[MACRO_TIMING] ncas= 72 macro= 91 step=178.216529 s cum_CASSCF=85999.093442 s E=-7.477368266230997 Er=9.254536e-05
macro iter  91 (  4 JK    1 micro), CASSCF E = -7.47736842696372  dE = -1.60732724e-07
               |grad[o]|=6.44e-05  |grad[c]|=0.00166  |ddm|=1.51e-06  |maxRot[o]|=0.0119
[MACRO_TIMING] ncas= 72 macro= 91 step=391.813610 s cum_CASSCF=86390.907052 s E=-7.477368426963721 Er=9.252386e-05
[MACRO_TIMING] ncas= 72 macro= 92 step=175.317934 s cum_CASSCF=86566.224986 s E=-7.477368426963721 Er=9.252386e-05
macro iter  92 (  4 JK    1 micro), CASSCF E = -7.47736858504708  dE = -1.58083359e-07
               |grad[o]|=4.83e-05  |grad[c]|=0.00158  |ddm|=2.88e-06  |maxRot[o]|=0.0146
[MACRO_TIMING] ncas= 72 macro= 92 step=389.189329 s cum_CASSCF=86955.414316 s E=-7.477368585047079 Er=9.250272e-05
[MACRO_TIMING] ncas= 72 macro= 93 step=181.655700 s cum_CASSCF=87137.070016 s E=-7.477368585047079 Er=9.250272e-05
macro iter  93 (  6 JK    1 micro), CASSCF E = -7.47736931747456  dE = -7.32427476e-07
               |grad[o]|=6.66e-05  |grad[c]|=0.00458  |ddm|=2.02e-06  |maxRot[o]|=0.0568
[MACRO_TIMING] ncas= 72 macro= 93 step=483.769507 s cum_CASSCF=87620.839523 s E=-7.477369317474555 Er=9.240478e-05
[MACRO_TIMING] ncas= 72 macro= 94 step=180.358783 s cum_CASSCF=87801.198306 s E=-7.477369317474555 Er=9.240478e-05
macro iter  94 (  4 JK    1 micro), CASSCF E = -7.47736972562639  dE = -4.08151836e-07
               |grad[o]|=3.97e-05  |grad[c]|=0.00144  |ddm|=8.87e-07  |maxRot[o]|= 0.02
[MACRO_TIMING] ncas= 72 macro= 94 step=335.434294 s cum_CASSCF=88136.632600 s E=-7.477369725626391 Er=9.235020e-05
[MACRO_TIMING] ncas= 72 macro= 95 step=180.103302 s cum_CASSCF=88316.735902 s E=-7.477369725626391 Er=9.235020e-05
[MACRO_TIMING] ncas= 72 macro= 95 step=189.871801 s cum_CASSCF=88506.607703 s E=-7.477369725626391 Er=9.235020e-05
macro iter  95 (  9 JK    2 micro), CASSCF E = -7.47737184542863  dE = -2.11980224e-06
               |grad[o]|=4.71e-05  |grad[c]|=0.000904  |ddm|=1.7e-06  |maxRot[o]|=0.097
[MACRO_TIMING] ncas= 72 macro= 95 step=502.741673 s cum_CASSCF=89009.349376 s E=-7.477371845428634 Er=9.206673e-05
[MACRO_TIMING] ncas= 72 macro= 96 step=181.175111 s cum_CASSCF=89190.524487 s E=-7.477371845428634 Er=9.206673e-05
[MACRO_TIMING] ncas= 72 macro= 96 step=197.252247 s cum_CASSCF=89387.776734 s E=-7.477371845428634 Er=9.206673e-05
macro iter  96 (  9 JK    2 micro), CASSCF E = -7.47737426429708  dE = -2.41886845e-06
               |grad[o]|=3.78e-05  |grad[c]|=0.00255  |ddm|=6.87e-07  |maxRot[o]|=0.0974
[MACRO_TIMING] ncas= 72 macro= 96 step=554.706582 s cum_CASSCF=89942.483316 s E=-7.477374264297083 Er=9.174327e-05
[MACRO_TIMING] ncas= 72 macro= 97 step=180.967664 s cum_CASSCF=90123.450979 s E=-7.477374264297083 Er=9.174327e-05
[MACRO_TIMING] ncas= 72 macro= 97 step=190.250554 s cum_CASSCF=90313.701533 s E=-7.477374264297083 Er=9.174327e-05
[MACRO_TIMING] ncas= 72 macro= 97 step=189.842329 s cum_CASSCF=90503.543862 s E=-7.477374264297083 Er=9.174327e-05
macro iter  97 ( 21 JK    4 micro), CASSCF E = -7.47738187559931  dE = -7.61130223e-06
               |grad[o]|=3.9e-05  |grad[c]|=0.0151  |ddm|=2.98e-06  |maxRot[o]|= 0.13
[MACRO_TIMING] ncas= 72 macro= 97 step=634.941904 s cum_CASSCF=91138.485766 s E=-7.477381875599313 Er=9.072545e-05
[MACRO_TIMING] ncas= 72 macro= 98 step=177.278142 s cum_CASSCF=91315.763908 s E=-7.477381875599313 Er=9.072545e-05
macro iter  98 (  5 JK    1 micro), CASSCF E = -7.47738475758022  dE = -2.88198091e-06
               |grad[o]|=2.47e-05  |grad[c]|=0.0101  |ddm|=4.42e-07  |maxRot[o]|=0.0398
[MACRO_TIMING] ncas= 72 macro= 98 step=375.379121 s cum_CASSCF=91691.143029 s E=-7.477384757580221 Er=9.034006e-05
[MACRO_TIMING] ncas= 72 macro= 99 step=177.666958 s cum_CASSCF=91868.809987 s E=-7.477384757580221 Er=9.034006e-05
macro iter  99 (  4 JK    1 micro), CASSCF E = -7.47738534952484  dE = -5.91944616e-07
               |grad[o]|=2.04e-05  |grad[c]|=0.0031  |ddm|=4.06e-07  |maxRot[o]|= 0.02
[MACRO_TIMING] ncas= 72 macro= 99 step=315.241526 s cum_CASSCF=92184.051513 s E=-7.477385349524837 Er=9.026090e-05
[MACRO_TIMING] ncas= 72 macro=100 step=180.771980 s cum_CASSCF=92364.823492 s E=-7.477385349524837 Er=9.026090e-05
macro iter 100 (  4 JK    1 micro), CASSCF E = -7.47738563389370  dE = -2.84368864e-07
               |grad[o]|=2.22e-05  |grad[c]|=0.00236  |ddm|=6.38e-07  |maxRot[o]|= 0.02
[MACRO_TIMING] ncas= 72 macro=100 step=306.932538 s cum_CASSCF=92671.756030 s E=-7.477385633893701 Er=9.022288e-05
[MACRO_TIMING] ncas= 72 macro=101 step=175.261253 s cum_CASSCF=92847.017283 s E=-7.477385633893701 Er=9.022288e-05
macro iter 101 (  4 JK    1 micro), CASSCF E = -7.47738583001313  dE = -1.96119434e-07
               |grad[o]|=1.89e-05  |grad[c]|=0.00134  |ddm|=7.2e-07  |maxRot[o]|= 0.02
[MACRO_TIMING] ncas= 72 macro=101 step=293.109261 s cum_CASSCF=93140.126544 s E=-7.477385830013135 Er=9.019665e-05
[MACRO_TIMING] ncas= 72 macro=102 step=180.766603 s cum_CASSCF=93320.893147 s E=-7.477385830013135 Er=9.019665e-05
macro iter 102 (  4 JK    1 micro), CASSCF E = -7.47738602575407  dE = -1.95740936e-07
               |grad[o]|=1.8e-05  |grad[c]|=0.00104  |ddm|=5.59e-07  |maxRot[o]|= 0.02
[MACRO_TIMING] ncas= 72 macro=102 step=261.858533 s cum_CASSCF=93582.751681 s E=-7.477386025754071 Er=9.017047e-05
[MACRO_TIMING] ncas= 72 macro=103 step=179.965669 s cum_CASSCF=93762.717350 s E=-7.477386025754071 Er=9.017047e-05
macro iter 103 (  6 JK    1 micro), CASSCF E = -7.47738680168193  dE = -7.75927858e-07
               |grad[o]|=1.99e-05  |grad[c]|=0.00254  |ddm|=3.31e-07  |maxRot[o]|=0.0596
[MACRO_TIMING] ncas= 72 macro=103 step=317.269830 s cum_CASSCF=94079.987180 s E=-7.477386801681929 Er=9.006671e-05
[MACRO_TIMING] ncas= 72 macro=104 step=176.383824 s cum_CASSCF=94256.371004 s E=-7.477386801681929 Er=9.006671e-05
[MACRO_TIMING] ncas= 72 macro=104 step=197.890734 s cum_CASSCF=94454.261738 s E=-7.477386801681929 Er=9.006671e-05
[MACRO_TIMING] ncas= 72 macro=104 step=201.155971 s cum_CASSCF=94655.417708 s E=-7.477386801681929 Er=9.006671e-05
macro iter 104 ( 21 JK    4 micro), CASSCF E = -7.47739617906694  dE = -9.37738501e-06
               |grad[o]|=4.62e-05  |grad[c]|=0.00689  |ddm|=9e-07  |maxRot[o]|=0.281
[MACRO_TIMING] ncas= 72 macro=104 step=495.113319 s cum_CASSCF=95150.531028 s E=-7.477396179066943 Er=8.881273e-05
[MACRO_TIMING] ncas= 72 macro=105 step=175.891504 s cum_CASSCF=95326.422532 s E=-7.477396179066943 Er=8.881273e-05
[MACRO_TIMING] ncas= 72 macro=105 step=189.821231 s cum_CASSCF=95516.243763 s E=-7.477396179066943 Er=8.881273e-05
macro iter 105 ( 10 JK    2 micro), CASSCF E = -7.47740101727434  dE = -4.83820740e-06
               |grad[o]|=3.06e-05  |grad[c]|=0.00402  |ddm|=1.1e-06  |maxRot[o]|=0.118
[MACRO_TIMING] ncas= 72 macro=105 step=311.836621 s cum_CASSCF=95828.080384 s E=-7.477401017274341 Er=8.816574e-05
[MACRO_TIMING] ncas= 72 macro=106 step=181.395710 s cum_CASSCF=96009.476094 s E=-7.477401017274341 Er=8.816574e-05
macro iter 106 (  5 JK    1 micro), CASSCF E = -7.47740166864295  dE = -6.51368614e-07
               |grad[o]|=3.67e-05  |grad[c]|=0.00397  |ddm|=3.33e-07  |maxRot[o]|=0.0366
[MACRO_TIMING] ncas= 72 macro=106 step=312.618196 s cum_CASSCF=96322.094290 s E=-7.477401668642955 Er=8.807864e-05
[MACRO_TIMING] ncas= 72 macro=107 step=177.897607 s cum_CASSCF=96499.991897 s E=-7.477401668642955 Er=8.807864e-05
[MACRO_TIMING] ncas= 72 macro=107 step=198.780700 s cum_CASSCF=96698.772597 s E=-7.477401668642955 Er=8.807864e-05
macro iter 107 (  9 JK    2 micro), CASSCF E = -7.47740175382691  dE = -8.51839559e-08
               |grad[o]|=7.12e-05  |grad[c]|=0.000352  |ddm|=4.14e-07  |maxRot[o]|=0.0124
[MACRO_TIMING] ncas= 72 macro=107 step=220.942853 s cum_CASSCF=96919.715451 s E=-7.477401753826911 Er=8.806725e-05
[MACRO_TIMING] ncas= 72 macro=108 step=174.554279 s cum_CASSCF=97094.269730 s E=-7.477401753826911 Er=8.806725e-05
macro iter 108 (  4 JK    1 micro), CASSCF E = -7.47740176911609  dE = -1.52891806e-08
               |grad[o]|=3.36e-05  |grad[c]|=0.000369  |ddm|=6.27e-07  |maxRot[o]|=0.00602
[MACRO_TIMING] ncas= 72 macro=108 step=194.927195 s cum_CASSCF=97289.196925 s E=-7.477401769116091 Er=8.806520e-05
[MACRO_TIMING] ncas= 72 macro=109 step=180.929331 s cum_CASSCF=97470.126255 s E=-7.477401769116091 Er=8.806520e-05
[MACRO_TIMING] ncas= 72 macro=109 step=201.033019 s cum_CASSCF=97671.159274 s E=-7.477401769116091 Er=8.806520e-05
macro iter 109 (  8 JK    2 micro), CASSCF E = -7.47740179815064  dE = -2.90345481e-08
               |grad[o]|=0.000128  |grad[c]|=0.000343  |ddm|=3.52e-07  |maxRot[o]|=0.00695
[MACRO_TIMING] ncas= 72 macro=109 step=215.897898 s cum_CASSCF=97887.057172 s E=-7.477401798150639 Er=8.806132e-05
[MACRO_TIMING] ncas= 72 macro=110 step=182.888391 s cum_CASSCF=98069.945563 s E=-7.477401798150639 Er=8.806132e-05
[MACRO_TIMING] ncas= 72 macro=110 step=191.378017 s cum_CASSCF=98261.323580 s E=-7.477401798150639 Er=8.806132e-05
[MACRO_TIMING] ncas= 72 macro=110 step=190.179604 s cum_CASSCF=98451.503184 s E=-7.477401798150639 Er=8.806132e-05
macro iter 110 ( 24 JK    4 micro), CASSCF E = -7.47740184697091  dE = -4.88202696e-08
               |grad[o]|=5.37e-05  |grad[c]|=0.000256  |ddm|=1.01e-06  |maxRot[o]|=0.0119
[MACRO_TIMING] ncas= 72 macro=110 step=320.303620 s cum_CASSCF=98771.806804 s E=-7.477401846970909 Er=8.805479e-05
[MACRO_TIMING] ncas= 72 macro=111 step=178.447200 s cum_CASSCF=98950.254004 s E=-7.477401846970909 Er=8.805479e-05
[MACRO_TIMING] ncas= 72 macro=111 step=201.575685 s cum_CASSCF=99151.829689 s E=-7.477401846970909 Er=8.805479e-05
[MACRO_TIMING] ncas= 72 macro=111 step=191.622805 s cum_CASSCF=99343.452494 s E=-7.477401846970909 Er=8.805479e-05
macro iter 111 ( 23 JK    4 micro), CASSCF E = -7.47740185207937  dE = -5.10845855e-09
               |grad[o]|=2.72e-05  |grad[c]|=6.96e-05  |ddm|=8.16e-07  |maxRot[o]|=0.0086
[MACRO_TIMING] ncas= 72 macro=111 step=241.708926 s cum_CASSCF=99585.161420 s E=-7.477401852079367 Er=8.805411e-05
[MACRO_TIMING] ncas= 72 macro=112 step=195.840344 s cum_CASSCF=99781.001764 s E=-7.477401852079367 Er=8.805411e-05
macro iter 112 (  4 JK    1 micro), CASSCF E = -7.47740185308406  dE = -1.00468966e-09
               |grad[o]|=1.55e-05  |grad[c]|=6.22e-05  |ddm|=1.72e-07  |maxRot[o]|=0.0027
[MACRO_TIMING] ncas= 72 macro=112 step=110.056643 s cum_CASSCF=99891.058407 s E=-7.477401853084057 Er=8.805397e-05
[MACRO_TIMING] ncas= 72 macro=113 step=197.969828 s cum_CASSCF=100089.028235 s E=-7.477401853084057 Er=8.805397e-05
[MACRO_TIMING] ncas= 72 macro=113 step=216.680710 s cum_CASSCF=100305.708945 s E=-7.477401853084057 Er=8.805397e-05
[MACRO_TIMING] ncas= 72 macro=113 step=220.036936 s cum_CASSCF=100525.745881 s E=-7.477401853084057 Er=8.805397e-05
macro iter 113 ( 25 JK    4 micro), CASSCF E = -7.47740185740721  dE = -4.32314895e-09
               |grad[o]|=5.28e-05  |grad[c]|=6.49e-05  |ddm|=9.74e-07  |maxRot[o]|=0.0168
[MACRO_TIMING] ncas= 72 macro=113 step=274.273347 s cum_CASSCF=100800.019228 s E=-7.477401857407206 Er=8.805339e-05
[MACRO_TIMING] ncas= 72 macro=114 step=196.943218 s cum_CASSCF=100996.962447 s E=-7.477401857407206 Er=8.805339e-05
[MACRO_TIMING] ncas= 72 macro=114 step=192.108141 s cum_CASSCF=101189.070588 s E=-7.477401857407206 Er=8.805339e-05
[MACRO_TIMING] ncas= 72 macro=114 step=196.519448 s cum_CASSCF=101385.590036 s E=-7.477401857407206 Er=8.805339e-05
macro iter 114 ( 17 JK    3 micro), CASSCF E = -7.47740185862766  dE = -1.22045218e-09
               |grad[o]|=1.78e-05  |grad[c]|=3.78e-05  |ddm|=5.03e-07  |maxRot[o]|=0.00868
[MACRO_TIMING] ncas= 72 macro=114 step=100.971889 s cum_CASSCF=101486.561925 s E=-7.477401858627658 Er=8.805323e-05
[MACRO_TIMING] ncas= 72 macro=115 step=180.562753 s cum_CASSCF=101667.124678 s E=-7.477401858627658 Er=8.805323e-05
macro iter 115 (  5 JK    1 micro), CASSCF E = -7.47740185902344  dE = -3.95776745e-10
               |grad[o]|=9.29e-06  |grad[c]|=4.12e-05  |ddm|=3.19e-07  |maxRot[o]|=0.00337
[MACRO_TIMING] ncas= 72 macro=115 step=144.898644 s cum_CASSCF=101812.023322 s E=-7.477401859023435 Er=8.805318e-05
[MACRO_TIMING] ncas= 72 macro=116 step=177.935037 s cum_CASSCF=101989.958358 s E=-7.477401859023435 Er=8.805318e-05
macro iter 116 (  4 JK    1 micro), CASSCF E = -7.47740185926697  dE = -2.43538523e-10
               |grad[o]|=7.65e-06  |grad[c]|=3.03e-05  |ddm|=9.04e-08  |maxRot[o]|=0.00232
[MACRO_TIMING] ncas= 72 macro=116 step=100.753116 s cum_CASSCF=102090.711475 s E=-7.477401859266974 Er=8.805315e-05
[MACRO_TIMING] ncas= 72 macro=117 step=179.566705 s cum_CASSCF=102270.278180 s E=-7.477401859266974 Er=8.805315e-05
[MACRO_TIMING] ncas= 72 macro=117 step=191.308878 s cum_CASSCF=102461.587057 s E=-7.477401859266974 Er=8.805315e-05
[MACRO_TIMING] ncas= 72 macro=117 step=192.059080 s cum_CASSCF=102653.646137 s E=-7.477401859266974 Er=8.805315e-05
macro iter 117 ( 16 JK    3 micro), CASSCF E = -7.47740186020527  dE = -9.38297440e-10
               |grad[o]|=1.47e-05  |grad[c]|=2.42e-05  |ddm|=3.66e-07  |maxRot[o]|=0.011
[MACRO_TIMING] ncas= 72 macro=117 step= 99.018558 s cum_CASSCF=102752.664695 s E=-7.477401860205271 Er=8.805302e-05
[MACRO_TIMING] ncas= 72 macro=118 step=183.771140 s cum_CASSCF=102936.435835 s E=-7.477401860205271 Er=8.805302e-05
[MACRO_TIMING] ncas= 72 macro=118 step=227.914215 s cum_CASSCF=103164.350050 s E=-7.477401860205271 Er=8.805302e-05
[MACRO_TIMING] ncas= 72 macro=118 step=218.944252 s cum_CASSCF=103383.294302 s E=-7.477401860205271 Er=8.805302e-05
macro iter 118 ( 25 JK    4 micro), CASSCF E = -7.47740186131746  dE = -1.11218945e-09
               |grad[o]|=2.42e-05  |grad[c]|=2.32e-05  |ddm|=2.34e-07  |maxRot[o]|=0.0185
[MACRO_TIMING] ncas= 72 macro=118 step=164.605954 s cum_CASSCF=103547.900256 s E=-7.477401861317460 Er=8.805287e-05
[MACRO_TIMING] ncas= 72 macro=119 step=195.145074 s cum_CASSCF=103743.045330 s E=-7.477401861317460 Er=8.805287e-05
[MACRO_TIMING] ncas= 72 macro=119 step=216.393721 s cum_CASSCF=103959.439052 s E=-7.477401861317460 Er=8.805287e-05
[MACRO_TIMING] ncas= 72 macro=119 step=218.204535 s cum_CASSCF=104177.643587 s E=-7.477401861317460 Er=8.805287e-05
macro iter 119 ( 25 JK    4 micro), CASSCF E = -7.47740186179132  dE = -4.73859174e-10
               |grad[o]|=9.47e-06  |grad[c]|=1.81e-05  |ddm|=2.88e-07  |maxRot[o]|=0.0152
[MACRO_TIMING] ncas= 72 macro=119 step=191.150833 s cum_CASSCF=104368.794420 s E=-7.477401861791320 Er=8.805281e-05
[MACRO_TIMING] ncas= 72 macro=120 step=184.050042 s cum_CASSCF=104552.844462 s E=-7.477401861791320 Er=8.805281e-05
[MACRO_TIMING] ncas= 72 macro=120 step=197.018833 s cum_CASSCF=104749.863294 s E=-7.477401861791320 Er=8.805281e-05
[MACRO_TIMING] ncas= 72 macro=120 step=200.376958 s cum_CASSCF=104950.240253 s E=-7.477401861791320 Er=8.805281e-05
macro iter 120 ( 27 JK    4 micro), CASSCF E = -7.47740186207304  dE = -2.81723089e-10
               |grad[o]|=6.62e-06  |grad[c]|=1.32e-05  |ddm|=1.27e-07  |maxRot[o]|=0.0121
[MACRO_TIMING] ncas= 72 macro=120 step=160.119480 s cum_CASSCF=105110.359732 s E=-7.477401862073043 Er=8.805277e-05
1-step CASSCF not converged, 120 macro (1483 JK 292 micro) steps
CASSCF canonicalization
Density matrix diagonal elements [1.99308603e+00 9.99531042e-01 8.58884346e-06 8.73547598e-06
 8.67087416e-06 1.21657983e-04 5.90995109e-05 5.90845312e-05
 5.90742803e-05 2.88862132e-06 2.65670704e-06 2.12444715e-06
 2.89726941e-06 1.68749171e-06 4.34759156e-04 1.52573204e-04
 1.52674718e-04 1.52696486e-04 8.02846338e-07 9.70393399e-07
 7.16193505e-07 9.95510164e-07 1.79436486e-06 1.00199253e-06
 1.44877776e-06 6.09877350e-06 6.15013932e-06 6.13911152e-06
 6.86899160e-06 6.03486479e-06 2.78177815e-04 2.78174839e-04
 2.78170271e-04 2.13271546e-03 9.84875861e-07 2.62453805e-06
 6.29816687e-07 1.45058618e-06 1.74307460e-06 1.46993846e-06
 8.28653089e-07 2.21284736e-06 1.16046255e-06 1.70617265e-06
 2.14435413e-06 1.90472673e-06 1.47550107e-06 2.14935931e-06
 2.14924477e-06 1.43620079e-06 3.28554469e-05 3.28283431e-05
 3.28537819e-05 3.28712829e-05 3.28231317e-05 9.81580157e-04
 9.81556155e-04 9.81613552e-04 7.32762032e-07 7.05139339e-07
 6.23685566e-07 8.06068056e-07 6.08046315e-07 1.02759827e-06
 6.84070447e-07 8.77529082e-07 5.09998575e-07 4.71016569e-07
 1.19829356e-06 1.34883723e-06 5.80014266e-07 1.56918965e-06]
CASSCF energy = -7.47740186207304
CASCI E = -7.47740186207304  E(CI) = -7.47740186207304
CASSCF energy            : -7.4774018620730427 Ha
CASSCF relative error    : 8.805277e-05
CASSCF total wall time   : 105111.267683 s
CASSCF initialization    : 210.2655473800114 s
CASSCF converged flag    : False
CASCI-CASSCF energy gain : 4.386099e-02 Ha
Macro timing CSV         : /home/sjtu/TNNSOG/Pretrain/PySCF/results/20260902_005021/Li_CASSCF_20260902_005021_aug-cc-pCV5Z_ncas072_macro.csv

--------------------------------------------------------------------------------------------
Active space: CAS(3e,80o), alpha/beta=(2, 1)
Determinant dimension N_det : 252800

******** <class 'pyscf.mcscf.casci.CASCI'> ********
CAS (2e+1e, 80o), ncore = 0, nvir = 101
natorb = False
canonicalization = True
sorting_mo_energy = False
max_memory 64000 MB (current use 1316 MB)
******** <class 'pyscf.fci.direct_spin1.FCISolver'> ********
max. cycles = 200
conv_tol = 1e-10
davidson only = False
linear dependence = 1e-12
level shift = 0.001
max iter space = 12
max_memory 64000 MB
nroots = 1
pspace_size = 400
spin = 1
Density matrix diagonal elements [1.99969717e+00 9.99845086e-01 1.27426801e-06 1.27424345e-06
 1.27422758e-06 1.11985130e-06 9.88530036e-06 9.88516908e-06
 9.88539024e-06 3.43499670e-09 3.43341220e-09 3.43547967e-09
 3.42482210e-09 3.44068116e-09 9.16561315e-06 2.26197168e-05
 2.26194047e-05 2.26202754e-05 7.02519914e-11 7.99576370e-11
 1.32945261e-10 1.60948766e-10 7.78354755e-11 6.32010762e-11
 7.40133370e-11 4.12079095e-08 4.12038340e-08 4.12292906e-08
 4.12563710e-08 4.10815721e-08 3.76204612e-05 3.76217829e-05
 3.76210459e-05 4.39497097e-05 2.84151013e-11 2.84042550e-11
 2.84332761e-11 2.84081790e-11 2.84199632e-11 2.83959697e-11
 2.84040668e-11 2.83869908e-11 2.84114547e-11 2.21234633e-09
 1.01624364e-09 1.06075403e-09 1.04949968e-09 1.11353344e-09
 2.24170267e-09 7.80463856e-10 1.65330774e-07 1.65181898e-07
 1.65373818e-07 1.65279848e-07 1.65213630e-07 6.27452089e-05
 6.27451421e-05 6.27451824e-05 6.13889225e-12 6.16565332e-12
 6.14305569e-12 6.17235925e-12 6.15511470e-12 6.15845502e-12
 6.14515997e-12 6.15598289e-12 6.14685986e-12 6.12046559e-12
 6.16065746e-12 1.04647922e-10 1.01404180e-10 1.06297363e-10
 1.02249388e-10 1.03522713e-10 1.02933729e-10 1.03117737e-10
 1.01014984e-10 1.04016192e-10 7.65791190e-09 7.66729848e-09]
CASCI converged
CASCI E = -7.43354091588668  E(CI) = -7.43354091588668
CASCI energy             : -7.4335409158866828 Ha
CASCI relative error     : 5.953337e-03
CASCI wall time          : 329.955989 s
ncore / nactive / nvirtual: 0 / 80 / 101
Exact PySCF nonredundant orbital-rotation variables: 8080

******** <class 'pyscf.mcscf.mc1step.CASSCF'> ********
CAS (2e+1e, 80o), ncore = 0, nvir = 101
max_cycle_macro = 120
max_cycle_micro = 4
conv_tol = 1e-12
conv_tol_grad = 1e-07
orbital rotation max_stepsize = 0.02
orbital rotation threshold for CI restart = 0.01
augmented hessian ah_max_cycle = 30
augmented hessian ah_conv_tol = 1e-12
augmented hessian ah_linear dependence = 1e-14
augmented hessian ah_level shift = 1e-08
augmented hessian ah_start_tol = 2.5
augmented hessian ah_start_cycle = 3
augmented hessian ah_grad_trust_region = 3
kf_trust_region = 3
kf_interval = 4
ci_response_space = 4
ci_grad_trust_region = 3
with_dep4 0
natorb = False
canonicalization = True
sorting_mo_energy = False
ao2mo_level = 2
chkfile = /tmp/tmpnzqjuw0z
max_memory 64000 MB (current use 1347 MB)
internal_rotation = False
******** <class 'pyscf.fci.direct_spin1.FCISolver'> ********
max. cycles = 50
conv_tol = 1e-10
davidson only = False
linear dependence = 1e-12
level shift = 0.001
max iter space = 12
max_memory 64000 MB
nroots = 1
pspace_size = 400
spin = 1
CASCI E = -7.43354091588668
[TIMING] CASSCF initialization = 338.329129 s
[MACRO_TIMING] ncas= 80 macro=  1 step=488.295138 s cum_CASSCF=826.624267 s E=-7.433540915886682 Er=5.953337e-03
[MACRO_TIMING] ncas= 80 macro=  1 step=407.223282 s cum_CASSCF=1233.847549 s E=-7.433540915886682 Er=5.953337e-03
[MACRO_TIMING] ncas= 80 macro=  1 step=402.635274 s cum_CASSCF=1636.482823 s E=-7.433540915886682 Er=5.953337e-03
macro iter   1 ( 21 JK    4 micro), CASSCF E = -7.43870841895645  dE = -5.16750307e-03
               |grad[o]|=0.00183  |grad[c]|=0.0417  |ddm|=0.00383  |maxRot[o]|= 0.28
[MACRO_TIMING] ncas= 80 macro=  1 step=603.650274 s cum_CASSCF=2240.133097 s E=-7.438708418956447 Er=5.262315e-03
[MACRO_TIMING] ncas= 80 macro=  2 step=346.822657 s cum_CASSCF=2586.955754 s E=-7.438708418956447 Er=5.262315e-03
[MACRO_TIMING] ncas= 80 macro=  2 step=413.093518 s cum_CASSCF=3000.049272 s E=-7.438708418956447 Er=5.262315e-03
[MACRO_TIMING] ncas= 80 macro=  2 step=398.703676 s cum_CASSCF=3398.752949 s E=-7.438708418956447 Er=5.262315e-03
macro iter   2 ( 21 JK    4 micro), CASSCF E = -7.44745626630354  dE = -8.74784735e-03
               |grad[o]|=0.0241  |grad[c]|=0.0244  |ddm|=0.00146  |maxRot[o]|=0.307
[MACRO_TIMING] ncas= 80 macro=  2 step=598.689444 s cum_CASSCF=3997.442392 s E=-7.447456266303539 Er=4.092513e-03
[MACRO_TIMING] ncas= 80 macro=  3 step=344.584262 s cum_CASSCF=4342.026654 s E=-7.447456266303539 Er=4.092513e-03
[MACRO_TIMING] ncas= 80 macro=  3 step=403.387661 s cum_CASSCF=4745.414316 s E=-7.447456266303539 Er=4.092513e-03
[MACRO_TIMING] ncas= 80 macro=  3 step=395.566596 s cum_CASSCF=5140.980912 s E=-7.447456266303539 Er=4.092513e-03
macro iter   3 ( 21 JK    4 micro), CASSCF E = -7.45919312234170  dE = -1.17368560e-02
               |grad[o]|=0.0165  |grad[c]|=0.0477  |ddm|=0.00224  |maxRot[o]|=0.306
[MACRO_TIMING] ncas= 80 macro=  3 step=651.013087 s cum_CASSCF=5791.993999 s E=-7.459193122341696 Er=2.523008e-03
[MACRO_TIMING] ncas= 80 macro=  4 step=344.439081 s cum_CASSCF=6136.433080 s E=-7.459193122341696 Er=2.523008e-03
[MACRO_TIMING] ncas= 80 macro=  4 step=403.544888 s cum_CASSCF=6539.977968 s E=-7.459193122341696 Er=2.523008e-03
[MACRO_TIMING] ncas= 80 macro=  4 step=394.566005 s cum_CASSCF=6934.543973 s E=-7.459193122341696 Er=2.523008e-03
macro iter   4 ( 21 JK    4 micro), CASSCF E = -7.46863620747628  dE = -9.44308513e-03
               |grad[o]|=0.00918  |grad[c]|=0.0137  |ddm|=0.00149  |maxRot[o]|=0.309
[MACRO_TIMING] ncas= 80 macro=  4 step=503.452956 s cum_CASSCF=7437.996929 s E=-7.468636207476282 Er=1.260236e-03
[MACRO_TIMING] ncas= 80 macro=  5 step=356.725621 s cum_CASSCF=7794.722549 s E=-7.468636207476282 Er=1.260236e-03
[MACRO_TIMING] ncas= 80 macro=  5 step=389.358986 s cum_CASSCF=8184.081535 s E=-7.468636207476282 Er=1.260236e-03
[MACRO_TIMING] ncas= 80 macro=  5 step=403.840096 s cum_CASSCF=8587.921631 s E=-7.468636207476282 Er=1.260236e-03
macro iter   5 ( 21 JK    4 micro), CASSCF E = -7.47009216000919  dE = -1.45595253e-03
               |grad[o]|=0.0044  |grad[c]|=0.0134  |ddm|=0.000869  |maxRot[o]|=0.287
[MACRO_TIMING] ncas= 80 macro=  5 step=705.734797 s cum_CASSCF=9293.656428 s E=-7.470092160009187 Er=1.065539e-03
[MACRO_TIMING] ncas= 80 macro=  6 step=347.590438 s cum_CASSCF=9641.246866 s E=-7.470092160009187 Er=1.065539e-03
[MACRO_TIMING] ncas= 80 macro=  6 step=401.326897 s cum_CASSCF=10042.573763 s E=-7.470092160009187 Er=1.065539e-03
[MACRO_TIMING] ncas= 80 macro=  6 step=398.616036 s cum_CASSCF=10441.189799 s E=-7.470092160009187 Er=1.065539e-03
macro iter   6 ( 21 JK    4 micro), CASSCF E = -7.47130563796111  dE = -1.21347795e-03
               |grad[o]|=0.00256  |grad[c]|=0.0219  |ddm|=0.000885  |maxRot[o]|=0.274
[MACRO_TIMING] ncas= 80 macro=  6 step=1068.680121 s cum_CASSCF=11509.869920 s E=-7.471305637961108 Er=9.032674e-04
[MACRO_TIMING] ncas= 80 macro=  7 step=377.202784 s cum_CASSCF=11887.072704 s E=-7.471305637961108 Er=9.032674e-04
[MACRO_TIMING] ncas= 80 macro=  7 step=401.353727 s cum_CASSCF=12288.426431 s E=-7.471305637961108 Er=9.032674e-04
[MACRO_TIMING] ncas= 80 macro=  7 step=431.536460 s cum_CASSCF=12719.962891 s E=-7.471305637961108 Er=9.032674e-04
macro iter   7 ( 21 JK    4 micro), CASSCF E = -7.47215245561433  dE = -8.46817653e-04
               |grad[o]|=0.00229  |grad[c]|=0.00619  |ddm|=0.000587  |maxRot[o]|=0.299
[MACRO_TIMING] ncas= 80 macro=  7 step=1040.118619 s cum_CASSCF=13760.081510 s E=-7.472152455614325 Er=7.900271e-04
[MACRO_TIMING] ncas= 80 macro=  8 step=376.874873 s cum_CASSCF=14136.956383 s E=-7.472152455614325 Er=7.900271e-04
[MACRO_TIMING] ncas= 80 macro=  8 step=431.127654 s cum_CASSCF=14568.084037 s E=-7.472152455614325 Er=7.900271e-04
[MACRO_TIMING] ncas= 80 macro=  8 step=421.700312 s cum_CASSCF=14989.784349 s E=-7.472152455614325 Er=7.900271e-04
macro iter   8 ( 21 JK    4 micro), CASSCF E = -7.47250278152842  dE = -3.50325914e-04
               |grad[o]|=0.00154  |grad[c]|=0.0109  |ddm|=0.000489  |maxRot[o]|=0.232
[MACRO_TIMING] ncas= 80 macro=  8 step=1002.438997 s cum_CASSCF=15992.223346 s E=-7.472502781528423 Er=7.431799e-04
[MACRO_TIMING] ncas= 80 macro=  9 step=384.657389 s cum_CASSCF=16376.880735 s E=-7.472502781528423 Er=7.431799e-04
[MACRO_TIMING] ncas= 80 macro=  9 step=412.898807 s cum_CASSCF=16789.779542 s E=-7.472502781528423 Er=7.431799e-04
[MACRO_TIMING] ncas= 80 macro=  9 step=398.196076 s cum_CASSCF=17187.975618 s E=-7.472502781528423 Er=7.431799e-04
macro iter   9 ( 21 JK    4 micro), CASSCF E = -7.47289079603646  dE = -3.88014508e-04
               |grad[o]|=0.00145  |grad[c]|=0.00707  |ddm|=0.000142  |maxRot[o]|=0.298
[MACRO_TIMING] ncas= 80 macro=  9 step=694.006283 s cum_CASSCF=17881.981901 s E=-7.472890796036459 Er=6.912929e-04
[MACRO_TIMING] ncas= 80 macro= 10 step=345.383880 s cum_CASSCF=18227.365781 s E=-7.472890796036459 Er=6.912929e-04
[MACRO_TIMING] ncas= 80 macro= 10 step=401.517798 s cum_CASSCF=18628.883579 s E=-7.472890796036459 Er=6.912929e-04
[MACRO_TIMING] ncas= 80 macro= 10 step=400.243649 s cum_CASSCF=19029.127228 s E=-7.472890796036459 Er=6.912929e-04
macro iter  10 ( 21 JK    4 micro), CASSCF E = -7.47325317259625  dE = -3.62376560e-04
               |grad[o]|=0.00144  |grad[c]|=0.00325  |ddm|=0.000117  |maxRot[o]|=0.309
[MACRO_TIMING] ncas= 80 macro= 10 step=792.310408 s cum_CASSCF=19821.437636 s E=-7.473253172596248 Er=6.428343e-04
[MACRO_TIMING] ncas= 80 macro= 11 step=348.994262 s cum_CASSCF=20170.431898 s E=-7.473253172596248 Er=6.428343e-04
[MACRO_TIMING] ncas= 80 macro= 11 step=400.461883 s cum_CASSCF=20570.893782 s E=-7.473253172596248 Er=6.428343e-04
[MACRO_TIMING] ncas= 80 macro= 11 step=400.061742 s cum_CASSCF=20970.955523 s E=-7.473253172596248 Er=6.428343e-04
macro iter  11 ( 21 JK    4 micro), CASSCF E = -7.47373160931027  dE = -4.78436714e-04
               |grad[o]|=0.00109  |grad[c]|=0.0148  |ddm|=0.000137  |maxRot[o]|=0.285
[MACRO_TIMING] ncas= 80 macro= 11 step=902.281173 s cum_CASSCF=21873.236696 s E=-7.473731609310270 Er=5.788555e-04
[MACRO_TIMING] ncas= 80 macro= 12 step=345.525962 s cum_CASSCF=22218.762658 s E=-7.473731609310270 Er=5.788555e-04
[MACRO_TIMING] ncas= 80 macro= 12 step=390.709045 s cum_CASSCF=22609.471703 s E=-7.473731609310270 Er=5.788555e-04
[MACRO_TIMING] ncas= 80 macro= 12 step=399.329856 s cum_CASSCF=23008.801559 s E=-7.473731609310270 Er=5.788555e-04
macro iter  12 ( 21 JK    4 micro), CASSCF E = -7.47478686543689  dE = -1.05525613e-03
               |grad[o]|=0.000833  |grad[c]|=0.00905  |ddm|=9.41e-05  |maxRot[o]|= 0.31
[MACRO_TIMING] ncas= 80 macro= 12 step=799.886556 s cum_CASSCF=23808.688115 s E=-7.474786865436893 Er=4.377419e-04
[MACRO_TIMING] ncas= 80 macro= 13 step=344.942958 s cum_CASSCF=24153.631073 s E=-7.474786865436893 Er=4.377419e-04
[MACRO_TIMING] ncas= 80 macro= 13 step=401.695634 s cum_CASSCF=24555.326707 s E=-7.474786865436893 Er=4.377419e-04
[MACRO_TIMING] ncas= 80 macro= 13 step=398.479342 s cum_CASSCF=24953.806049 s E=-7.474786865436893 Er=4.377419e-04
macro iter  13 ( 21 JK    4 micro), CASSCF E = -7.47553624805003  dE = -7.49382613e-04
               |grad[o]|=0.00102  |grad[c]|=0.00381  |ddm|=9.52e-05  |maxRot[o]|=0.311
[MACRO_TIMING] ncas= 80 macro= 13 step=893.340371 s cum_CASSCF=25847.146420 s E=-7.475536248050029 Er=3.375311e-04
[MACRO_TIMING] ncas= 80 macro= 14 step=347.402883 s cum_CASSCF=26194.549302 s E=-7.475536248050029 Er=3.375311e-04
[MACRO_TIMING] ncas= 80 macro= 14 step=400.129559 s cum_CASSCF=26594.678861 s E=-7.475536248050029 Er=3.375311e-04
[MACRO_TIMING] ncas= 80 macro= 14 step=399.278793 s cum_CASSCF=26993.957654 s E=-7.475536248050029 Er=3.375311e-04
macro iter  14 ( 21 JK    4 micro), CASSCF E = -7.47571500622418  dE = -1.78758174e-04
               |grad[o]|=0.000953  |grad[c]|=0.00465  |ddm|=8.8e-05  |maxRot[o]|=0.274
[MACRO_TIMING] ncas= 80 macro= 14 step=899.520548 s cum_CASSCF=27893.478203 s E=-7.475715006224181 Er=3.136268e-04
[MACRO_TIMING] ncas= 80 macro= 15 step=339.387032 s cum_CASSCF=28232.865235 s E=-7.475715006224181 Er=3.136268e-04
[MACRO_TIMING] ncas= 80 macro= 15 step=394.074608 s cum_CASSCF=28626.939843 s E=-7.475715006224181 Er=3.136268e-04
[MACRO_TIMING] ncas= 80 macro= 15 step=403.326014 s cum_CASSCF=29030.265857 s E=-7.475715006224181 Er=3.136268e-04
macro iter  15 ( 21 JK    4 micro), CASSCF E = -7.47591854513470  dE = -2.03538911e-04
               |grad[o]|=0.000505  |grad[c]|=0.0103  |ddm|=6.41e-05  |maxRot[o]|=0.277
[MACRO_TIMING] ncas= 80 macro= 15 step=1198.391049 s cum_CASSCF=30228.656906 s E=-7.475918545134697 Er=2.864086e-04
[MACRO_TIMING] ncas= 80 macro= 16 step=346.094814 s cum_CASSCF=30574.751719 s E=-7.475918545134697 Er=2.864086e-04
[MACRO_TIMING] ncas= 80 macro= 16 step=396.361461 s cum_CASSCF=30971.113181 s E=-7.475918545134697 Er=2.864086e-04
[MACRO_TIMING] ncas= 80 macro= 16 step=388.732902 s cum_CASSCF=31359.846083 s E=-7.475918545134697 Er=2.864086e-04
macro iter  16 ( 21 JK    4 micro), CASSCF E = -7.47616344003804  dE = -2.44894903e-04
               |grad[o]|=0.000469  |grad[c]|=0.00358  |ddm|=3.21e-05  |maxRot[o]|=0.309
[MACRO_TIMING] ncas= 80 macro= 16 step=1099.727763 s cum_CASSCF=32459.573846 s E=-7.476163440038043 Er=2.536602e-04
[MACRO_TIMING] ncas= 80 macro= 17 step=345.607862 s cum_CASSCF=32805.181708 s E=-7.476163440038043 Er=2.536602e-04
[MACRO_TIMING] ncas= 80 macro= 17 step=400.110130 s cum_CASSCF=33205.291838 s E=-7.476163440038043 Er=2.536602e-04
[MACRO_TIMING] ncas= 80 macro= 17 step=398.612537 s cum_CASSCF=33603.904375 s E=-7.476163440038043 Er=2.536602e-04
macro iter  17 ( 21 JK    4 micro), CASSCF E = -7.47631798932377  dE = -1.54549286e-04
               |grad[o]|=0.000338  |grad[c]|=0.00225  |ddm|=3.42e-05  |maxRot[o]|= 0.31
[MACRO_TIMING] ncas= 80 macro= 17 step=1186.188036 s cum_CASSCF=34790.092411 s E=-7.476317989323766 Er=2.329931e-04
[MACRO_TIMING] ncas= 80 macro= 18 step=349.769627 s cum_CASSCF=35139.862038 s E=-7.476317989323766 Er=2.329931e-04
[MACRO_TIMING] ncas= 80 macro= 18 step=399.907827 s cum_CASSCF=35539.769865 s E=-7.476317989323766 Er=2.329931e-04
[MACRO_TIMING] ncas= 80 macro= 18 step=397.401630 s cum_CASSCF=35937.171495 s E=-7.476317989323766 Er=2.329931e-04
macro iter  18 ( 21 JK    4 micro), CASSCF E = -7.47636019765278  dE = -4.22083290e-05
               |grad[o]|=0.000218  |grad[c]|=0.00438  |ddm|=2.15e-05  |maxRot[o]|=0.298
[MACRO_TIMING] ncas= 80 macro= 18 step=1637.555513 s cum_CASSCF=37574.727008 s E=-7.476360197652776 Er=2.273488e-04
[MACRO_TIMING] ncas= 80 macro= 19 step=345.435896 s cum_CASSCF=37920.162904 s E=-7.476360197652776 Er=2.273488e-04
[MACRO_TIMING] ncas= 80 macro= 19 step=400.635452 s cum_CASSCF=38320.798356 s E=-7.476360197652776 Er=2.273488e-04
[MACRO_TIMING] ncas= 80 macro= 19 step=398.179430 s cum_CASSCF=38718.977786 s E=-7.476360197652776 Er=2.273488e-04
macro iter  19 ( 21 JK    4 micro), CASSCF E = -7.47639271943569  dE = -3.25217829e-05
               |grad[o]|=0.000197  |grad[c]|=0.00735  |ddm|=7.22e-06  |maxRot[o]|=0.294
[MACRO_TIMING] ncas= 80 macro= 19 step=1388.631727 s cum_CASSCF=40107.609513 s E=-7.476392719435688 Er=2.229999e-04
[MACRO_TIMING] ncas= 80 macro= 20 step=348.976975 s cum_CASSCF=40456.586488 s E=-7.476392719435688 Er=2.229999e-04
[MACRO_TIMING] ncas= 80 macro= 20 step=401.005137 s cum_CASSCF=40857.591625 s E=-7.476392719435688 Er=2.229999e-04
[MACRO_TIMING] ncas= 80 macro= 20 step=405.330365 s cum_CASSCF=41262.921990 s E=-7.476392719435688 Er=2.229999e-04
macro iter  20 ( 21 JK    4 micro), CASSCF E = -7.47647508104881  dE = -8.23616131e-05
               |grad[o]|=0.000202  |grad[c]|=0.0124  |ddm|=8.87e-06  |maxRot[o]|=  0.3
[MACRO_TIMING] ncas= 80 macro= 20 step=1579.792775 s cum_CASSCF=42842.714765 s E=-7.476475081048811 Er=2.119861e-04
[MACRO_TIMING] ncas= 80 macro= 21 step=344.896997 s cum_CASSCF=43187.611762 s E=-7.476475081048811 Er=2.119861e-04
[MACRO_TIMING] ncas= 80 macro= 21 step=401.019017 s cum_CASSCF=43588.630779 s E=-7.476475081048811 Er=2.119861e-04
[MACRO_TIMING] ncas= 80 macro= 21 step=398.285268 s cum_CASSCF=43986.916047 s E=-7.476475081048811 Er=2.119861e-04
macro iter  21 ( 21 JK    4 micro), CASSCF E = -7.47652765691358  dE = -5.25758648e-05
               |grad[o]|=0.00017  |grad[c]|=0.00997  |ddm|=6.86e-06  |maxRot[o]|=0.293
[MACRO_TIMING] ncas= 80 macro= 21 step=1389.439957 s cum_CASSCF=45376.356004 s E=-7.476527656913577 Er=2.049554e-04
[MACRO_TIMING] ncas= 80 macro= 22 step=348.482617 s cum_CASSCF=45724.838622 s E=-7.476527656913577 Er=2.049554e-04
[MACRO_TIMING] ncas= 80 macro= 22 step=401.965904 s cum_CASSCF=46126.804525 s E=-7.476527656913577 Er=2.049554e-04
[MACRO_TIMING] ncas= 80 macro= 22 step=397.553725 s cum_CASSCF=46524.358251 s E=-7.476527656913577 Er=2.049554e-04
macro iter  22 ( 21 JK    4 micro), CASSCF E = -7.47659068166369  dE = -6.30247501e-05
               |grad[o]|=0.000161  |grad[c]|=0.00686  |ddm|=1.66e-05  |maxRot[o]|=0.246
[MACRO_TIMING] ncas= 80 macro= 22 step=1487.127545 s cum_CASSCF=48011.485796 s E=-7.476590681663686 Er=1.965275e-04
[MACRO_TIMING] ncas= 80 macro= 23 step=346.810959 s cum_CASSCF=48358.296755 s E=-7.476590681663686 Er=1.965275e-04
[MACRO_TIMING] ncas= 80 macro= 23 step=404.760779 s cum_CASSCF=48763.057534 s E=-7.476590681663686 Er=1.965275e-04
[MACRO_TIMING] ncas= 80 macro= 23 step=402.231009 s cum_CASSCF=49165.288543 s E=-7.476590681663686 Er=1.965275e-04
macro iter  23 ( 21 JK    4 micro), CASSCF E = -7.47665135074166  dE = -6.06690780e-05
               |grad[o]|=0.00012  |grad[c]|=0.00352  |ddm|=9.27e-06  |maxRot[o]|=0.311
[MACRO_TIMING] ncas= 80 macro= 23 step=1542.292775 s cum_CASSCF=50707.581318 s E=-7.476651350741665 Er=1.884145e-04
[MACRO_TIMING] ncas= 80 macro= 24 step=349.710657 s cum_CASSCF=51057.291975 s E=-7.476651350741665 Er=1.884145e-04
[MACRO_TIMING] ncas= 80 macro= 24 step=402.002658 s cum_CASSCF=51459.294633 s E=-7.476651350741665 Er=1.884145e-04
[MACRO_TIMING] ncas= 80 macro= 24 step=388.241384 s cum_CASSCF=51847.536017 s E=-7.476651350741665 Er=1.884145e-04
macro iter  24 ( 21 JK    4 micro), CASSCF E = -7.47669091093334  dE = -3.95601917e-05
               |grad[o]|=9.87e-05  |grad[c]|=0.00516  |ddm|=5.15e-06  |maxRot[o]|= 0.28
[MACRO_TIMING] ncas= 80 macro= 24 step=1697.877374 s cum_CASSCF=53545.413391 s E=-7.476690910933339 Er=1.831244e-04
[MACRO_TIMING] ncas= 80 macro= 25 step=374.542207 s cum_CASSCF=53919.955598 s E=-7.476690910933339 Er=1.831244e-04
[MACRO_TIMING] ncas= 80 macro= 25 step=443.827558 s cum_CASSCF=54363.783156 s E=-7.476690910933339 Er=1.831244e-04
[MACRO_TIMING] ncas= 80 macro= 25 step=407.888679 s cum_CASSCF=54771.671835 s E=-7.476690910933339 Er=1.831244e-04
macro iter  25 ( 21 JK    4 micro), CASSCF E = -7.47674047143170  dE = -4.95604984e-05
               |grad[o]|=9.07e-05  |grad[c]|=0.00701  |ddm|=5.81e-06  |maxRot[o]|=  0.3
[MACRO_TIMING] ncas= 80 macro= 25 step=1530.671795 s cum_CASSCF=56302.343629 s E=-7.476740471431701 Er=1.764969e-04
[MACRO_TIMING] ncas= 80 macro= 26 step=344.729330 s cum_CASSCF=56647.072960 s E=-7.476740471431701 Er=1.764969e-04
[MACRO_TIMING] ncas= 80 macro= 26 step=393.163374 s cum_CASSCF=57040.236334 s E=-7.476740471431701 Er=1.764969e-04
[MACRO_TIMING] ncas= 80 macro= 26 step=399.428958 s cum_CASSCF=57439.665293 s E=-7.476740471431701 Er=1.764969e-04
macro iter  26 ( 21 JK    4 micro), CASSCF E = -7.47681059239193  dE = -7.01209602e-05
               |grad[o]|=9.62e-05  |grad[c]|=0.013  |ddm|=7.5e-06  |maxRot[o]|=0.264
[MACRO_TIMING] ncas= 80 macro= 26 step=1633.242664 s cum_CASSCF=59072.907957 s E=-7.476810592391928 Er=1.671200e-04
[MACRO_TIMING] ncas= 80 macro= 27 step=344.968118 s cum_CASSCF=59417.876075 s E=-7.476810592391928 Er=1.671200e-04
[MACRO_TIMING] ncas= 80 macro= 27 step=395.696603 s cum_CASSCF=59813.572678 s E=-7.476810592391928 Er=1.671200e-04
[MACRO_TIMING] ncas= 80 macro= 27 step=411.989412 s cum_CASSCF=60225.562090 s E=-7.476810592391928 Er=1.671200e-04
macro iter  27 ( 21 JK    4 micro), CASSCF E = -7.47690057570245  dE = -8.99833105e-05
               |grad[o]|=0.000126  |grad[c]|=0.0163  |ddm|=1.08e-05  |maxRot[o]|=0.263
[MACRO_TIMING] ncas= 80 macro= 27 step=1478.886471 s cum_CASSCF=61704.448561 s E=-7.476900575702450 Er=1.550870e-04
[MACRO_TIMING] ncas= 80 macro= 28 step=344.031336 s cum_CASSCF=62048.479898 s E=-7.476900575702450 Er=1.550870e-04
[MACRO_TIMING] ncas= 80 macro= 28 step=391.999767 s cum_CASSCF=62440.479665 s E=-7.476900575702450 Er=1.550870e-04
[MACRO_TIMING] ncas= 80 macro= 28 step=398.688002 s cum_CASSCF=62839.167667 s E=-7.476900575702450 Er=1.550870e-04
macro iter  28 ( 21 JK    4 micro), CASSCF E = -7.47695152864200  dE = -5.09529395e-05
               |grad[o]|=0.00011  |grad[c]|=0.00616  |ddm|=1.27e-05  |maxRot[o]|=0.226
[MACRO_TIMING] ncas= 80 macro= 28 step=1726.490437 s cum_CASSCF=64565.658104 s E=-7.476951528641998 Er=1.482734e-04
[MACRO_TIMING] ncas= 80 macro= 29 step=337.300946 s cum_CASSCF=64902.959050 s E=-7.476951528641998 Er=1.482734e-04
[MACRO_TIMING] ncas= 80 macro= 29 step=398.613581 s cum_CASSCF=65301.572630 s E=-7.476951528641998 Er=1.482734e-04
[MACRO_TIMING] ncas= 80 macro= 29 step=395.284694 s cum_CASSCF=65696.857325 s E=-7.476951528641998 Er=1.482734e-04
macro iter  29 ( 21 JK    4 micro), CASSCF E = -7.47699812712718  dE = -4.65984852e-05
               |grad[o]|=5.9e-05  |grad[c]|=0.00555  |ddm|=6.51e-06  |maxRot[o]|=0.258
[MACRO_TIMING] ncas= 80 macro= 29 step=1584.383378 s cum_CASSCF=67281.240702 s E=-7.476998127127183 Er=1.420420e-04
[MACRO_TIMING] ncas= 80 macro= 30 step=337.740614 s cum_CASSCF=67618.981316 s E=-7.476998127127183 Er=1.420420e-04
[MACRO_TIMING] ncas= 80 macro= 30 step=402.656138 s cum_CASSCF=68021.637454 s E=-7.476998127127183 Er=1.420420e-04
[MACRO_TIMING] ncas= 80 macro= 30 step=395.021375 s cum_CASSCF=68416.658829 s E=-7.476998127127183 Er=1.420420e-04
macro iter  30 ( 21 JK    4 micro), CASSCF E = -7.47704309068654  dE = -4.49635594e-05
               |grad[o]|=4.57e-05  |grad[c]|=0.00601  |ddm|=8.75e-06  |maxRot[o]|=0.214
[MACRO_TIMING] ncas= 80 macro= 30 step=2219.856920 s cum_CASSCF=70636.515749 s E=-7.477043090686537 Er=1.360293e-04
[MACRO_TIMING] ncas= 80 macro= 31 step=343.593747 s cum_CASSCF=70980.109497 s E=-7.477043090686537 Er=1.360293e-04
[MACRO_TIMING] ncas= 80 macro= 31 step=394.569372 s cum_CASSCF=71374.678869 s E=-7.477043090686537 Er=1.360293e-04
[MACRO_TIMING] ncas= 80 macro= 31 step=399.163910 s cum_CASSCF=71773.842779 s E=-7.477043090686537 Er=1.360293e-04
macro iter  31 ( 21 JK    4 micro), CASSCF E = -7.47709518998226  dE = -5.20992957e-05
               |grad[o]|=4.54e-05  |grad[c]|=0.00938  |ddm|=2.29e-05  |maxRot[o]|=0.277
[MACRO_TIMING] ncas= 80 macro= 31 step=2322.792929 s cum_CASSCF=74096.635708 s E=-7.477095189982263 Er=1.290623e-04
[MACRO_TIMING] ncas= 80 macro= 32 step=346.647356 s cum_CASSCF=74443.283064 s E=-7.477095189982263 Er=1.290623e-04
[MACRO_TIMING] ncas= 80 macro= 32 step=396.637691 s cum_CASSCF=74839.920755 s E=-7.477095189982263 Er=1.290623e-04
[MACRO_TIMING] ncas= 80 macro= 32 step=395.691424 s cum_CASSCF=75235.612179 s E=-7.477095189982263 Er=1.290623e-04
macro iter  32 ( 21 JK    4 micro), CASSCF E = -7.47712922667668  dE = -3.40366944e-05
               |grad[o]|=7.71e-05  |grad[c]|=0.00325  |ddm|=8.97e-06  |maxRot[o]|=0.227
[MACRO_TIMING] ncas= 80 macro= 32 step=1875.880160 s cum_CASSCF=77111.492339 s E=-7.477129226676681 Er=1.245108e-04
[MACRO_TIMING] ncas= 80 macro= 33 step=349.647831 s cum_CASSCF=77461.140171 s E=-7.477129226676681 Er=1.245108e-04
[MACRO_TIMING] ncas= 80 macro= 33 step=404.753837 s cum_CASSCF=77865.894008 s E=-7.477129226676681 Er=1.245108e-04
[MACRO_TIMING] ncas= 80 macro= 33 step=393.918757 s cum_CASSCF=78259.812765 s E=-7.477129226676681 Er=1.245108e-04
macro iter  33 ( 21 JK    4 micro), CASSCF E = -7.47714687558653  dE = -1.76489098e-05
               |grad[o]|=6.44e-05  |grad[c]|=0.0019  |ddm|=4.39e-06  |maxRot[o]|=0.287
[MACRO_TIMING] ncas= 80 macro= 33 step=1645.071500 s cum_CASSCF=79904.884264 s E=-7.477146875586527 Er=1.221507e-04
[MACRO_TIMING] ncas= 80 macro= 34 step=350.109074 s cum_CASSCF=80254.993338 s E=-7.477146875586527 Er=1.221507e-04
[MACRO_TIMING] ncas= 80 macro= 34 step=401.844283 s cum_CASSCF=80656.837622 s E=-7.477146875586527 Er=1.221507e-04
[MACRO_TIMING] ncas= 80 macro= 34 step=390.318407 s cum_CASSCF=81047.156029 s E=-7.477146875586527 Er=1.221507e-04
macro iter  34 ( 21 JK    4 micro), CASSCF E = -7.47716837678059  dE = -2.15011941e-05
               |grad[o]|=5.4e-05  |grad[c]|=0.00286  |ddm|=8.69e-06  |maxRot[o]|= 0.25
[MACRO_TIMING] ncas= 80 macro= 34 step=1732.993278 s cum_CASSCF=82780.149307 s E=-7.477168376780589 Er=1.192755e-04
[MACRO_TIMING] ncas= 80 macro= 35 step=345.571881 s cum_CASSCF=83125.721187 s E=-7.477168376780589 Er=1.192755e-04
[MACRO_TIMING] ncas= 80 macro= 35 step=405.073812 s cum_CASSCF=83530.794999 s E=-7.477168376780589 Er=1.192755e-04
[MACRO_TIMING] ncas= 80 macro= 35 step=401.836613 s cum_CASSCF=83932.631612 s E=-7.477168376780589 Er=1.192755e-04
macro iter  35 ( 21 JK    4 micro), CASSCF E = -7.47719501541039  dE = -2.66386298e-05
               |grad[o]|=4.73e-05  |grad[c]|=0.00913  |ddm|=3.47e-06  |maxRot[o]|=0.197
[MACRO_TIMING] ncas= 80 macro= 35 step=1743.284472 s cum_CASSCF=85675.916084 s E=-7.477195015410388 Er=1.157132e-04
[MACRO_TIMING] ncas= 80 macro= 36 step=350.640609 s cum_CASSCF=86026.556693 s E=-7.477195015410388 Er=1.157132e-04
[MACRO_TIMING] ncas= 80 macro= 36 step=389.183075 s cum_CASSCF=86415.739768 s E=-7.477195015410388 Er=1.157132e-04
[MACRO_TIMING] ncas= 80 macro= 36 step=391.945261 s cum_CASSCF=86807.685029 s E=-7.477195015410388 Er=1.157132e-04
macro iter  36 ( 21 JK    4 micro), CASSCF E = -7.47721970360476  dE = -2.46881944e-05
               |grad[o]|=3.96e-05  |grad[c]|=0.00423  |ddm|=2.8e-06  |maxRot[o]|=0.181
[MACRO_TIMING] ncas= 80 macro= 36 step=1595.823809 s cum_CASSCF=88403.508838 s E=-7.477219703604760 Er=1.124118e-04
[MACRO_TIMING] ncas= 80 macro= 37 step=351.362372 s cum_CASSCF=88754.871210 s E=-7.477219703604760 Er=1.124118e-04
[MACRO_TIMING] ncas= 80 macro= 37 step=405.577359 s cum_CASSCF=89160.448569 s E=-7.477219703604760 Er=1.124118e-04
[MACRO_TIMING] ncas= 80 macro= 37 step=393.150975 s cum_CASSCF=89553.599544 s E=-7.477219703604760 Er=1.124118e-04
macro iter  37 ( 21 JK    4 micro), CASSCF E = -7.47724497806232  dE = -2.52744576e-05
               |grad[o]|=3.37e-05  |grad[c]|=0.00788  |ddm|=1.93e-06  |maxRot[o]|=0.171
[MACRO_TIMING] ncas= 80 macro= 37 step=1743.334582 s cum_CASSCF=91296.934126 s E=-7.477244978062316 Er=1.090320e-04
[MACRO_TIMING] ncas= 80 macro= 38 step=337.110996 s cum_CASSCF=91634.045122 s E=-7.477244978062316 Er=1.090320e-04
macro iter  38 (  5 JK    1 micro), CASSCF E = -7.47724952138708  dE = -4.54332476e-06
               |grad[o]|=3.09e-05  |grad[c]|=0.00473  |ddm|=8.11e-07  |maxRot[o]|=0.0396
[MACRO_TIMING] ncas= 80 macro= 38 step=1194.598079 s cum_CASSCF=92828.643201 s E=-7.477249521387080 Er=1.084245e-04
[MACRO_TIMING] ncas= 80 macro= 39 step=345.814383 s cum_CASSCF=93174.457584 s E=-7.477249521387080 Er=1.084245e-04
macro iter  39 (  4 JK    1 micro), CASSCF E = -7.47725098876001  dE = -1.46737294e-06
               |grad[o]|=2.6e-05  |grad[c]|=0.00189  |ddm|=3.15e-06  |maxRot[o]|= 0.02
[MACRO_TIMING] ncas= 80 macro= 39 step=1196.487870 s cum_CASSCF=94370.945454 s E=-7.477250988760015 Er=1.082282e-04
[MACRO_TIMING] ncas= 80 macro= 40 step=343.230898 s cum_CASSCF=94714.176352 s E=-7.477250988760015 Er=1.082282e-04
macro iter  40 (  4 JK    1 micro), CASSCF E = -7.47725159072922  dE = -6.01969204e-07
               |grad[o]|=3.05e-05  |grad[c]|=0.00071  |ddm|=3.41e-06  |maxRot[o]|= 0.02
[MACRO_TIMING] ncas= 80 macro= 40 step=1143.915596 s cum_CASSCF=95858.091948 s E=-7.477251590729219 Er=1.081477e-04
[MACRO_TIMING] ncas= 80 macro= 41 step=348.613754 s cum_CASSCF=96206.705702 s E=-7.477251590729219 Er=1.081477e-04
[MACRO_TIMING] ncas= 80 macro= 41 step=397.484101 s cum_CASSCF=96604.189803 s E=-7.477251590729219 Er=1.081477e-04
[MACRO_TIMING] ncas= 80 macro= 41 step=387.830468 s cum_CASSCF=96992.020271 s E=-7.477251590729219 Er=1.081477e-04
macro iter  41 ( 21 JK    4 micro), CASSCF E = -7.47726021474081  dE = -8.62401159e-06
               |grad[o]|=3.47e-05  |grad[c]|=0.00291  |ddm|=4.39e-06  |maxRot[o]|=0.296
[MACRO_TIMING] ncas= 80 macro= 41 step=2081.385099 s cum_CASSCF=99073.405370 s E=-7.477260214740806 Er=1.069945e-04
[MACRO_TIMING] ncas= 80 macro= 42 step=350.658539 s cum_CASSCF=99424.063909 s E=-7.477260214740806 Er=1.069945e-04
macro iter  42 (  4 JK    1 micro), CASSCF E = -7.47726107261867  dE = -8.57877862e-07
               |grad[o]|=2.34e-05  |grad[c]|=0.000719  |ddm|=1.21e-06  |maxRot[o]|= 0.02
[MACRO_TIMING] ncas= 80 macro= 42 step=1193.504125 s cum_CASSCF=100617.568034 s E=-7.477261072618668 Er=1.068798e-04
[MACRO_TIMING] ncas= 80 macro= 43 step=351.559610 s cum_CASSCF=100969.127645 s E=-7.477261072618668 Er=1.068798e-04
macro iter  43 (  5 JK    1 micro), CASSCF E = -7.47726290828369  dE = -1.83566502e-06
               |grad[o]|=2.35e-05  |grad[c]|=0.00147  |ddm|=8.44e-07  |maxRot[o]|=0.0399
[MACRO_TIMING] ncas= 80 macro= 43 step=1445.903374 s cum_CASSCF=102415.031018 s E=-7.477262908283687 Er=1.066343e-04
[MACRO_TIMING] ncas= 80 macro= 44 step=344.845464 s cum_CASSCF=102759.876482 s E=-7.477262908283687 Er=1.066343e-04
[MACRO_TIMING] ncas= 80 macro= 44 step=401.958013 s cum_CASSCF=103161.834496 s E=-7.477262908283687 Er=1.066343e-04
macro iter  44 ( 10 JK    2 micro), CASSCF E = -7.47726713575906  dE = -4.22747538e-06
               |grad[o]|=2.27e-05  |grad[c]|=0.00198  |ddm|=3.12e-06  |maxRot[o]|=0.118
[MACRO_TIMING] ncas= 80 macro= 44 step=1781.004756 s cum_CASSCF=104942.839252 s E=-7.477267135759064 Er=1.060690e-04
[MACRO_TIMING] ncas= 80 macro= 45 step=344.332735 s cum_CASSCF=105287.171987 s E=-7.477267135759064 Er=1.060690e-04
[MACRO_TIMING] ncas= 80 macro= 45 step=397.116273 s cum_CASSCF=105684.288260 s E=-7.477267135759064 Er=1.060690e-04
[MACRO_TIMING] ncas= 80 macro= 45 step=404.649230 s cum_CASSCF=106088.937490 s E=-7.477267135759064 Er=1.060690e-04
macro iter  45 ( 21 JK    4 micro), CASSCF E = -7.47727868959208  dE = -1.15538330e-05
               |grad[o]|=3.07e-05  |grad[c]|=0.0128  |ddm|=1.15e-06  |maxRot[o]|=0.264
[MACRO_TIMING] ncas= 80 macro= 45 step=1798.304576 s cum_CASSCF=107887.242066 s E=-7.477278689592083 Er=1.045240e-04
[MACRO_TIMING] ncas= 80 macro= 46 step=348.230460 s cum_CASSCF=108235.472526 s E=-7.477278689592083 Er=1.045240e-04
macro iter  46 (  4 JK    1 micro), CASSCF E = -7.47728006518749  dE = -1.37559541e-06
               |grad[o]|=5.11e-05  |grad[c]|=0.00428  |ddm|=4.97e-06  |maxRot[o]|= 0.02
[MACRO_TIMING] ncas= 80 macro= 46 step=1080.463792 s cum_CASSCF=109315.936318 s E=-7.477280065187490 Er=1.043400e-04
[MACRO_TIMING] ncas= 80 macro= 47 step=349.788069 s cum_CASSCF=109665.724387 s E=-7.477280065187490 Er=1.043400e-04
macro iter  47 (  4 JK    1 micro), CASSCF E = -7.47728153970211  dE = -1.47451462e-06
               |grad[o]|=4.58e-05  |grad[c]|=0.00421  |ddm|=3.31e-06  |maxRot[o]|= 0.02
[MACRO_TIMING] ncas= 80 macro= 47 step=1044.449225 s cum_CASSCF=110710.173612 s E=-7.477281539702111 Er=1.041428e-04
[MACRO_TIMING] ncas= 80 macro= 48 step=349.337979 s cum_CASSCF=111059.511590 s E=-7.477281539702111 Er=1.041428e-04
macro iter  48 (  4 JK    1 micro), CASSCF E = -7.47728271058341  dE = -1.17088130e-06
               |grad[o]|=5.13e-05  |grad[c]|=0.00324  |ddm|=1.7e-06  |maxRot[o]|= 0.02
[MACRO_TIMING] ncas= 80 macro= 48 step=997.075027 s cum_CASSCF=112056.586617 s E=-7.477282710583415 Er=1.039862e-04
[MACRO_TIMING] ncas= 80 macro= 49 step=350.924068 s cum_CASSCF=112407.510685 s E=-7.477282710583415 Er=1.039862e-04
macro iter  49 (  6 JK    1 micro), CASSCF E = -7.47728502134124  dE = -2.31075782e-06
               |grad[o]|=4.56e-05  |grad[c]|=0.00543  |ddm|=1.06e-06  |maxRot[o]|=0.0597
[MACRO_TIMING] ncas= 80 macro= 49 step=1184.131174 s cum_CASSCF=113591.641859 s E=-7.477285021341239 Er=1.036772e-04
[MACRO_TIMING] ncas= 80 macro= 50 step=339.029178 s cum_CASSCF=113930.671037 s E=-7.477285021341239 Er=1.036772e-04
[MACRO_TIMING] ncas= 80 macro= 50 step=404.152367 s cum_CASSCF=114334.823404 s E=-7.477285021341239 Er=1.036772e-04
[MACRO_TIMING] ncas= 80 macro= 50 step=401.270985 s cum_CASSCF=114736.094389 s E=-7.477285021341239 Er=1.036772e-04
macro iter  50 ( 21 JK    4 micro), CASSCF E = -7.47729614256530  dE = -1.11212241e-05
               |grad[o]|=5.99e-05  |grad[c]|=0.00975  |ddm|=1.43e-06  |maxRot[o]|=0.239
[MACRO_TIMING] ncas= 80 macro= 50 step=1490.996036 s cum_CASSCF=116227.090425 s E=-7.477296142565304 Er=1.021901e-04
[MACRO_TIMING] ncas= 80 macro= 51 step=347.678071 s cum_CASSCF=116574.768496 s E=-7.477296142565304 Er=1.021901e-04
macro iter  51 (  5 JK    1 micro), CASSCF E = -7.47729898808264  dE = -2.84551734e-06
               |grad[o]|=3.02e-05  |grad[c]|=0.0102  |ddm|=7.47e-07  |maxRot[o]|=0.0398
[MACRO_TIMING] ncas= 80 macro= 51 step=1085.172465 s cum_CASSCF=117659.940961 s E=-7.477298988082643 Er=1.018095e-04
[MACRO_TIMING] ncas= 80 macro= 52 step=351.066670 s cum_CASSCF=118011.007631 s E=-7.477298988082643 Er=1.018095e-04
macro iter  52 (  4 JK    1 micro), CASSCF E = -7.47730006200331  dE = -1.07392067e-06
               |grad[o]|=3.92e-05  |grad[c]|=0.00434  |ddm|=1.3e-06  |maxRot[o]|= 0.02
[MACRO_TIMING] ncas= 80 macro= 52 step=931.282844 s cum_CASSCF=118942.290475 s E=-7.477300062003309 Er=1.016659e-04
[MACRO_TIMING] ncas= 80 macro= 53 step=347.593006 s cum_CASSCF=119289.883481 s E=-7.477300062003309 Er=1.016659e-04
[MACRO_TIMING] ncas= 80 macro= 53 step=401.443524 s cum_CASSCF=119691.327004 s E=-7.477300062003309 Er=1.016659e-04
macro iter  53 (  9 JK    2 micro), CASSCF E = -7.47730251665135  dE = -2.45464804e-06
               |grad[o]|=5.72e-05  |grad[c]|=0.00196  |ddm|=4e-06  |maxRot[o]|=0.0976
[MACRO_TIMING] ncas= 80 macro= 53 step=1034.551206 s cum_CASSCF=120725.878210 s E=-7.477302516651349 Er=1.013377e-04
[MACRO_TIMING] ncas= 80 macro= 54 step=350.404617 s cum_CASSCF=121076.282827 s E=-7.477302516651349 Er=1.013377e-04
macro iter  54 (  4 JK    1 micro), CASSCF E = -7.47730275217575  dE = -2.35524404e-07
               |grad[o]|=3.28e-05  |grad[c]|=0.00101  |ddm|=5.86e-06  |maxRot[o]|= 0.02
[MACRO_TIMING] ncas= 80 macro= 54 step=584.165219 s cum_CASSCF=121660.448046 s E=-7.477302752175754 Er=1.013062e-04
[MACRO_TIMING] ncas= 80 macro= 55 step=345.906986 s cum_CASSCF=122006.355031 s E=-7.477302752175754 Er=1.013062e-04
[MACRO_TIMING] ncas= 80 macro= 55 step=402.044017 s cum_CASSCF=122408.399049 s E=-7.477302752175754 Er=1.013062e-04
[MACRO_TIMING] ncas= 80 macro= 55 step=402.284426 s cum_CASSCF=122810.683475 s E=-7.477302752175754 Er=1.013062e-04
macro iter  55 ( 21 JK    4 micro), CASSCF E = -7.47730630784516  dE = -3.55566941e-06
               |grad[o]|=4.49e-05  |grad[c]|=0.00289  |ddm|=6.82e-07  |maxRot[o]|=0.296
[MACRO_TIMING] ncas= 80 macro= 55 step=1340.894098 s cum_CASSCF=124151.577572 s E=-7.477306307845164 Er=1.008307e-04
[MACRO_TIMING] ncas= 80 macro= 56 step=343.990910 s cum_CASSCF=124495.568482 s E=-7.477306307845164 Er=1.008307e-04
[MACRO_TIMING] ncas= 80 macro= 56 step=387.534968 s cum_CASSCF=124883.103451 s E=-7.477306307845164 Er=1.008307e-04
[MACRO_TIMING] ncas= 80 macro= 56 step=404.297158 s cum_CASSCF=125287.400609 s E=-7.477306307845164 Er=1.008307e-04
macro iter  56 ( 21 JK    4 micro), CASSCF E = -7.47731538558779  dE = -9.07774262e-06
               |grad[o]|=3.63e-05  |grad[c]|=0.00766  |ddm|=1.08e-06  |maxRot[o]|=0.301
[MACRO_TIMING] ncas= 80 macro= 56 step=1286.662392 s cum_CASSCF=126574.063001 s E=-7.477315385587788 Er=9.961680e-05
[MACRO_TIMING] ncas= 80 macro= 57 step=350.123776 s cum_CASSCF=126924.186777 s E=-7.477315385587788 Er=9.961680e-05
[MACRO_TIMING] ncas= 80 macro= 57 step=403.219217 s cum_CASSCF=127327.405993 s E=-7.477315385587788 Er=9.961680e-05
macro iter  57 ( 11 JK    2 micro), CASSCF E = -7.47731871826326  dE = -3.33267547e-06
               |grad[o]|=4.83e-05  |grad[c]|=0.00342  |ddm|=1.46e-06  |maxRot[o]|=0.138
[MACRO_TIMING] ncas= 80 macro= 57 step=933.409711 s cum_CASSCF=128260.815705 s E=-7.477318718263263 Er=9.917114e-05
[MACRO_TIMING] ncas= 80 macro= 58 step=346.207943 s cum_CASSCF=128607.023648 s E=-7.477318718263263 Er=9.917114e-05
macro iter  58 (  4 JK    1 micro), CASSCF E = -7.47731913586795  dE = -4.17604689e-07
               |grad[o]|=2.55e-05  |grad[c]|=0.0012  |ddm|=4.58e-06  |maxRot[o]|= 0.02
[MACRO_TIMING] ncas= 80 macro= 58 step=690.277964 s cum_CASSCF=129297.301612 s E=-7.477319135867952 Er=9.911529e-05
[MACRO_TIMING] ncas= 80 macro= 59 step=337.441644 s cum_CASSCF=129634.743256 s E=-7.477319135867952 Er=9.911529e-05
macro iter  59 (  4 JK    1 micro), CASSCF E = -7.47731954738188  dE = -4.11513926e-07
               |grad[o]|=3.9e-05  |grad[c]|=0.000985  |ddm|=1.51e-06  |maxRot[o]|= 0.02
[MACRO_TIMING] ncas= 80 macro= 59 step=651.062494 s cum_CASSCF=130285.805750 s E=-7.477319547381878 Er=9.906026e-05
[MACRO_TIMING] ncas= 80 macro= 60 step=345.883094 s cum_CASSCF=130631.688844 s E=-7.477319547381878 Er=9.906026e-05
[MACRO_TIMING] ncas= 80 macro= 60 step=387.272501 s cum_CASSCF=131018.961345 s E=-7.477319547381878 Er=9.906026e-05
[MACRO_TIMING] ncas= 80 macro= 60 step=402.037607 s cum_CASSCF=131420.998952 s E=-7.477319547381878 Er=9.906026e-05
macro iter  60 ( 21 JK    4 micro), CASSCF E = -7.47733383449031  dE = -1.42871084e-05
               |grad[o]|=5.71e-05  |grad[c]|=0.0136  |ddm|=1.21e-06  |maxRot[o]|=0.229
[MACRO_TIMING] ncas= 80 macro= 60 step=1388.032596 s cum_CASSCF=132809.031548 s E=-7.477333834490309 Er=9.714973e-05
[MACRO_TIMING] ncas= 80 macro= 61 step=349.790398 s cum_CASSCF=133158.821947 s E=-7.477333834490309 Er=9.714973e-05
macro iter  61 (  5 JK    1 micro), CASSCF E = -7.47733493915197  dE = -1.10466166e-06
               |grad[o]|=4.39e-05  |grad[c]|=0.00608  |ddm|=5.42e-07  |maxRot[o]|=0.0231
[MACRO_TIMING] ncas= 80 macro= 61 step=1084.899235 s cum_CASSCF=134243.721182 s E=-7.477334939151970 Er=9.700201e-05
[MACRO_TIMING] ncas= 80 macro= 62 step=350.574175 s cum_CASSCF=134594.295357 s E=-7.477334939151970 Er=9.700201e-05
macro iter  62 (  4 JK    1 micro), CASSCF E = -7.47733525393443  dE = -3.14782455e-07
               |grad[o]|=5.36e-05  |grad[c]|=0.00243  |ddm|=5.15e-06  |maxRot[o]|= 0.02
[MACRO_TIMING] ncas= 80 macro= 62 step=986.954530 s cum_CASSCF=135581.249887 s E=-7.477335253934426 Er=9.695991e-05
[MACRO_TIMING] ncas= 80 macro= 63 step=339.816604 s cum_CASSCF=135921.066491 s E=-7.477335253934426 Er=9.695991e-05
macro iter  63 (  4 JK    1 micro), CASSCF E = -7.47733545971059  dE = -2.05776160e-07
               |grad[o]|=6.85e-05  |grad[c]|=0.00197  |ddm|=4.45e-06  |maxRot[o]|= 0.02
[MACRO_TIMING] ncas= 80 macro= 63 step=899.683522 s cum_CASSCF=136820.750013 s E=-7.477335459710585 Er=9.693239e-05
[MACRO_TIMING] ncas= 80 macro= 64 step=337.043338 s cum_CASSCF=137157.793351 s E=-7.477335459710585 Er=9.693239e-05
macro iter  64 (  4 JK    1 micro), CASSCF E = -7.47733567349844  dE = -2.13787857e-07
               |grad[o]|=8.66e-05  |grad[c]|=0.00152  |ddm|=3.87e-06  |maxRot[o]|= 0.02
[MACRO_TIMING] ncas= 80 macro= 64 step=790.733801 s cum_CASSCF=137948.527152 s E=-7.477335673498442 Er=9.690381e-05
[MACRO_TIMING] ncas= 80 macro= 65 step=351.987364 s cum_CASSCF=138300.514516 s E=-7.477335673498442 Er=9.690381e-05
macro iter  65 (  5 JK    1 micro), CASSCF E = -7.47733617406125  dE = -5.00562808e-07
               |grad[o]|=8.63e-05  |grad[c]|=0.00273  |ddm|=2.21e-06  |maxRot[o]|=0.0398
[MACRO_TIMING] ncas= 80 macro= 65 step=883.416810 s cum_CASSCF=139183.931327 s E=-7.477336174061250 Er=9.683687e-05
[MACRO_TIMING] ncas= 80 macro= 66 step=346.437935 s cum_CASSCF=139530.369261 s E=-7.477336174061250 Er=9.683687e-05
[MACRO_TIMING] ncas= 80 macro= 66 step=404.246477 s cum_CASSCF=139934.615739 s E=-7.477336174061250 Er=9.683687e-05
[MACRO_TIMING] ncas= 80 macro= 66 step=388.683521 s cum_CASSCF=140323.299259 s E=-7.477336174061250 Er=9.683687e-05
macro iter  66 ( 21 JK    4 micro), CASSCF E = -7.47734022858521  dE = -4.05452396e-06
               |grad[o]|=6.96e-05  |grad[c]|=0.00196  |ddm|=8.82e-07  |maxRot[o]|=0.269
[MACRO_TIMING] ncas= 80 macro= 66 step=1585.281567 s cum_CASSCF=141908.580826 s E=-7.477340228585206 Er=9.629468e-05
[MACRO_TIMING] ncas= 80 macro= 67 step=343.921339 s cum_CASSCF=142252.502166 s E=-7.477340228585206 Er=9.629468e-05
[MACRO_TIMING] ncas= 80 macro= 67 step=403.367805 s cum_CASSCF=142655.869971 s E=-7.477340228585206 Er=9.629468e-05
[MACRO_TIMING] ncas= 80 macro= 67 step=406.261919 s cum_CASSCF=143062.131890 s E=-7.477340228585206 Er=9.629468e-05
macro iter  67 ( 21 JK    4 micro), CASSCF E = -7.47735072006884  dE = -1.04914836e-05
               |grad[o]|=6.78e-05  |grad[c]|=0.0121  |ddm|=1.84e-06  |maxRot[o]|= 0.27
[MACRO_TIMING] ncas= 80 macro= 67 step=1242.858686 s cum_CASSCF=144304.990575 s E=-7.477350720068840 Er=9.489171e-05
[MACRO_TIMING] ncas= 80 macro= 68 step=347.896713 s cum_CASSCF=144652.887288 s E=-7.477350720068840 Er=9.489171e-05
macro iter  68 (  4 JK    1 micro), CASSCF E = -7.47735144245476  dE = -7.22385922e-07
               |grad[o]|=4.18e-05  |grad[c]|=0.00284  |ddm|=2.51e-06  |maxRot[o]|= 0.02
[MACRO_TIMING] ncas= 80 macro= 68 step=532.114589 s cum_CASSCF=145185.001878 s E=-7.477351442454761 Er=9.479511e-05
[MACRO_TIMING] ncas= 80 macro= 69 step=350.145332 s cum_CASSCF=145535.147210 s E=-7.477351442454761 Er=9.479511e-05
macro iter  69 (  4 JK    1 micro), CASSCF E = -7.47735202839220  dE = -5.85937443e-07
               |grad[o]|=3.08e-05  |grad[c]|=0.0023  |ddm|=1.23e-06  |maxRot[o]|= 0.02
[MACRO_TIMING] ncas= 80 macro= 69 step=668.618919 s cum_CASSCF=146203.766128 s E=-7.477352028392205 Er=9.471676e-05
[MACRO_TIMING] ncas= 80 macro= 70 step=336.816756 s cum_CASSCF=146540.582884 s E=-7.477352028392205 Er=9.471676e-05
macro iter  70 (  4 JK    1 micro), CASSCF E = -7.47735243290328  dE = -4.04511080e-07
               |grad[o]|=2.86e-05  |grad[c]|=0.00141  |ddm|=2.06e-06  |maxRot[o]|= 0.02
[MACRO_TIMING] ncas= 80 macro= 70 step=644.883254 s cum_CASSCF=147185.466138 s E=-7.477352432903285 Er=9.466266e-05
[MACRO_TIMING] ncas= 80 macro= 71 step=348.408401 s cum_CASSCF=147533.874540 s E=-7.477352432903285 Er=9.466266e-05
macro iter  71 (  4 JK    1 micro), CASSCF E = -7.47735274911193  dE = -3.16208643e-07
               |grad[o]|=2.56e-05  |grad[c]|=0.000788  |ddm|=2.51e-07  |maxRot[o]|= 0.02
[MACRO_TIMING] ncas= 80 macro= 71 step=585.741371 s cum_CASSCF=148119.615911 s E=-7.477352749111928 Er=9.462038e-05
[MACRO_TIMING] ncas= 80 macro= 72 step=344.874173 s cum_CASSCF=148464.490084 s E=-7.477352749111928 Er=9.462038e-05
[MACRO_TIMING] ncas= 80 macro= 72 step=400.999559 s cum_CASSCF=148865.489642 s E=-7.477352749111928 Er=9.462038e-05
[MACRO_TIMING] ncas= 80 macro= 72 step=404.330446 s cum_CASSCF=149269.820089 s E=-7.477352749111928 Er=9.462038e-05
macro iter  72 ( 20 JK    4 micro), CASSCF E = -7.47735959169927  dE = -6.84258734e-06
               |grad[o]|=2.33e-05  |grad[c]|=0.00784  |ddm|=7.58e-07  |maxRot[o]|=0.242
[MACRO_TIMING] ncas= 80 macro= 72 step=1387.874469 s cum_CASSCF=150657.694558 s E=-7.477359591699269 Er=9.370536e-05
[MACRO_TIMING] ncas= 80 macro= 73 step=342.055052 s cum_CASSCF=150999.749609 s E=-7.477359591699269 Er=9.370536e-05
macro iter  73 (  4 JK    1 micro), CASSCF E = -7.47736065801051  dE = -1.06631124e-06
               |grad[o]|=3.11e-05  |grad[c]|=0.00389  |ddm|=1.28e-06  |maxRot[o]|= 0.02
[MACRO_TIMING] ncas= 80 macro= 73 step=787.114435 s cum_CASSCF=151786.864044 s E=-7.477360658010513 Er=9.356276e-05
[MACRO_TIMING] ncas= 80 macro= 74 step=346.831602 s cum_CASSCF=152133.695646 s E=-7.477360658010513 Er=9.356276e-05
macro iter  74 (  4 JK    1 micro), CASSCF E = -7.47736178475756  dE = -1.12674705e-06
               |grad[o]|=7.98e-05  |grad[c]|=0.00418  |ddm|=7.66e-07  |maxRot[o]|= 0.02
[MACRO_TIMING] ncas= 80 macro= 74 step=1029.414863 s cum_CASSCF=153163.110509 s E=-7.477361784757562 Er=9.341209e-05
[MACRO_TIMING] ncas= 80 macro= 75 step=347.220514 s cum_CASSCF=153510.331023 s E=-7.477361784757562 Er=9.341209e-05
[MACRO_TIMING] ncas= 80 macro= 75 step=402.908887 s cum_CASSCF=153913.239910 s E=-7.477361784757562 Er=9.341209e-05
[MACRO_TIMING] ncas= 80 macro= 75 step=387.627500 s cum_CASSCF=154300.867410 s E=-7.477361784757562 Er=9.341209e-05
macro iter  75 ( 18 JK    4 micro), CASSCF E = -7.47736861494063  dE = -6.83018307e-06
               |grad[o]|=0.000122  |grad[c]|=0.00948  |ddm|=3.33e-06  |maxRot[o]|=0.105
[MACRO_TIMING] ncas= 80 macro= 75 step=1485.221688 s cum_CASSCF=155786.089097 s E=-7.477368614940633 Er=9.249873e-05
[MACRO_TIMING] ncas= 80 macro= 76 step=341.350148 s cum_CASSCF=156127.439245 s E=-7.477368614940633 Er=9.249873e-05
macro iter  76 (  4 JK    1 micro), CASSCF E = -7.47736909385618  dE = -4.78915545e-07
               |grad[o]|=3.6e-05  |grad[c]|=0.00251  |ddm|=7.42e-06  |maxRot[o]|= 0.02
[MACRO_TIMING] ncas= 80 macro= 76 step=802.078068 s cum_CASSCF=156929.517313 s E=-7.477369093856177 Er=9.243468e-05
[MACRO_TIMING] ncas= 80 macro= 77 step=338.076627 s cum_CASSCF=157267.593940 s E=-7.477369093856177 Er=9.243468e-05
macro iter  77 (  4 JK    1 micro), CASSCF E = -7.47736930794185  dE = -2.14085671e-07
               |grad[o]|=7.05e-05  |grad[c]|=0.00077  |ddm|=9.61e-07  |maxRot[o]|= 0.02
[MACRO_TIMING] ncas= 80 macro= 77 step=694.592276 s cum_CASSCF=157962.186216 s E=-7.477369307941848 Er=9.240606e-05
[MACRO_TIMING] ncas= 80 macro= 78 step=348.496730 s cum_CASSCF=158310.682947 s E=-7.477369307941848 Er=9.240606e-05
[MACRO_TIMING] ncas= 80 macro= 78 step=399.951403 s cum_CASSCF=158710.634349 s E=-7.477369307941848 Er=9.240606e-05
macro iter  78 (  9 JK    2 micro), CASSCF E = -7.47737042614235  dE = -1.11820050e-06
               |grad[o]|=6.7e-05  |grad[c]|=0.000594  |ddm|=5.28e-07  |maxRot[o]|=0.0988
[MACRO_TIMING] ncas= 80 macro= 78 step=986.401906 s cum_CASSCF=159697.036255 s E=-7.477370426142351 Er=9.225652e-05
[MACRO_TIMING] ncas= 80 macro= 79 step=350.937091 s cum_CASSCF=160047.973346 s E=-7.477370426142351 Er=9.225652e-05
[MACRO_TIMING] ncas= 80 macro= 79 step=390.957032 s cum_CASSCF=160438.930378 s E=-7.477370426142351 Er=9.225652e-05
[MACRO_TIMING] ncas= 80 macro= 79 step=392.546498 s cum_CASSCF=160831.476876 s E=-7.477370426142351 Er=9.225652e-05
macro iter  79 ( 21 JK    4 micro), CASSCF E = -7.47737813455759  dE = -7.70841524e-06
               |grad[o]|=5.65e-05  |grad[c]|=0.00715  |ddm|=5.21e-07  |maxRot[o]|=0.284
[MACRO_TIMING] ncas= 80 macro= 79 step=1389.474132 s cum_CASSCF=162220.951008 s E=-7.477378134557586 Er=9.122572e-05
[MACRO_TIMING] ncas= 80 macro= 80 step=349.034356 s cum_CASSCF=162569.985364 s E=-7.477378134557586 Er=9.122572e-05
[MACRO_TIMING] ncas= 80 macro= 80 step=404.663588 s cum_CASSCF=162974.648952 s E=-7.477378134557586 Er=9.122572e-05
[MACRO_TIMING] ncas= 80 macro= 80 step=400.197948 s cum_CASSCF=163374.846900 s E=-7.477378134557586 Er=9.122572e-05
macro iter  80 ( 21 JK    4 micro), CASSCF E = -7.47738532885445  dE = -7.19429687e-06
               |grad[o]|=4.32e-05  |grad[c]|=0.00996  |ddm|=2.34e-06  |maxRot[o]|=0.152
[MACRO_TIMING] ncas= 80 macro= 80 step=1487.922784 s cum_CASSCF=164862.769684 s E=-7.477385328854454 Er=9.026367e-05
[MACRO_TIMING] ncas= 80 macro= 81 step=337.765913 s cum_CASSCF=165200.535597 s E=-7.477385328854454 Er=9.026367e-05
macro iter  81 (  4 JK    1 micro), CASSCF E = -7.47738569938821  dE = -3.70533754e-07
               |grad[o]|=1.75e-05  |grad[c]|=0.00252  |ddm|=6.1e-06  |maxRot[o]|= 0.02
[MACRO_TIMING] ncas= 80 macro= 81 step=944.512399 s cum_CASSCF=166145.047996 s E=-7.477385699388208 Er=9.021412e-05
[MACRO_TIMING] ncas= 80 macro= 82 step=345.198902 s cum_CASSCF=166490.246898 s E=-7.477385699388208 Er=9.021412e-05
macro iter  82 (  4 JK    1 micro), CASSCF E = -7.47738599782460  dE = -2.98436390e-07
               |grad[o]|=9.49e-05  |grad[c]|=0.00131  |ddm|=8.98e-07  |maxRot[o]|= 0.02
[MACRO_TIMING] ncas= 80 macro= 82 step=988.982479 s cum_CASSCF=167479.229377 s E=-7.477385997824598 Er=9.017421e-05
[MACRO_TIMING] ncas= 80 macro= 83 step=351.964392 s cum_CASSCF=167831.193768 s E=-7.477385997824598 Er=9.017421e-05
macro iter  83 (  4 JK    1 micro), CASSCF E = -7.47738639085226  dE = -3.93027658e-07
               |grad[o]|=6.2e-05  |grad[c]|=0.00142  |ddm|=3.91e-06  |maxRot[o]|= 0.02
[MACRO_TIMING] ncas= 80 macro= 83 step=981.117685 s cum_CASSCF=168812.311453 s E=-7.477386390852256 Er=9.012165e-05
[MACRO_TIMING] ncas= 80 macro= 84 step=347.419068 s cum_CASSCF=169159.730521 s E=-7.477386390852256 Er=9.012165e-05
macro iter  84 (  4 JK    1 micro), CASSCF E = -7.47738684771783  dE = -4.56865571e-07
               |grad[o]|=4.47e-05  |grad[c]|=0.00138  |ddm|=1.73e-06  |maxRot[o]|= 0.02
[MACRO_TIMING] ncas= 80 macro= 84 step=981.349088 s cum_CASSCF=170141.079609 s E=-7.477386847717827 Er=9.006056e-05
[MACRO_TIMING] ncas= 80 macro= 85 step=350.703230 s cum_CASSCF=170491.782839 s E=-7.477386847717827 Er=9.006056e-05
macro iter  85 (  4 JK    1 micro), CASSCF E = -7.47738734945054  dE = -5.01732711e-07
               |grad[o]|=3.31e-05  |grad[c]|=0.00124  |ddm|=1.42e-06  |maxRot[o]|= 0.02
[MACRO_TIMING] ncas= 80 macro= 85 step=935.622913 s cum_CASSCF=171427.405752 s E=-7.477387349450538 Er=8.999346e-05
[MACRO_TIMING] ncas= 80 macro= 86 step=341.371805 s cum_CASSCF=171768.777557 s E=-7.477387349450538 Er=8.999346e-05
macro iter  86 (  4 JK    1 micro), CASSCF E = -7.47738785553767  dE = -5.06087133e-07
               |grad[o]|=3.87e-05  |grad[c]|=0.00102  |ddm|=3.6e-07  |maxRot[o]|= 0.02
[MACRO_TIMING] ncas= 80 macro= 86 step=816.889895 s cum_CASSCF=172585.667452 s E=-7.477387855537671 Er=8.992579e-05
[MACRO_TIMING] ncas= 80 macro= 87 step=337.953104 s cum_CASSCF=172923.620556 s E=-7.477387855537671 Er=8.992579e-05
macro iter  87 (  6 JK    1 micro), CASSCF E = -7.47738912519800  dE = -1.26966033e-06
               |grad[o]|=2.42e-05  |grad[c]|=0.00237  |ddm|=5.05e-07  |maxRot[o]|=0.0593
[MACRO_TIMING] ncas= 80 macro= 87 step=1145.636750 s cum_CASSCF=174069.257306 s E=-7.477389125198000 Er=8.975600e-05
[MACRO_TIMING] ncas= 80 macro= 88 step=340.545304 s cum_CASSCF=174409.802610 s E=-7.477389125198000 Er=8.975600e-05
[MACRO_TIMING] ncas= 80 macro= 88 step=390.597063 s cum_CASSCF=174800.399673 s E=-7.477389125198000 Er=8.975600e-05
[MACRO_TIMING] ncas= 80 macro= 88 step=405.682186 s cum_CASSCF=175206.081859 s E=-7.477389125198000 Er=8.975600e-05
macro iter  88 ( 21 JK    4 micro), CASSCF E = -7.47740172098716  dE = -1.25957892e-05
               |grad[o]|=2.57e-05  |grad[c]|=0.0161  |ddm|=1.37e-06  |maxRot[o]|=0.247
[MACRO_TIMING] ncas= 80 macro= 88 step=1487.749156 s cum_CASSCF=176693.831015 s E=-7.477401720987164 Er=8.807164e-05
[MACRO_TIMING] ncas= 80 macro= 89 step=347.637456 s cum_CASSCF=177041.468471 s E=-7.477401720987164 Er=8.807164e-05
macro iter  89 (  4 JK    1 micro), CASSCF E = -7.47740226876910  dE = -5.47781936e-07
               |grad[o]|=4.66e-05  |grad[c]|=0.00404  |ddm|=1.25e-05  |maxRot[o]|=0.0142
[MACRO_TIMING] ncas= 80 macro= 89 step=1184.608806 s cum_CASSCF=178226.077276 s E=-7.477402268769100 Er=8.799838e-05
[MACRO_TIMING] ncas= 80 macro= 90 step=347.644674 s cum_CASSCF=178573.721950 s E=-7.477402268769100 Er=8.799838e-05
macro iter  90 (  5 JK    1 micro), CASSCF E = -7.47740286437440  dE = -5.95605298e-07
               |grad[o]|=0.000209  |grad[c]|=0.00425  |ddm|=3.03e-06  |maxRot[o]|=0.028
[MACRO_TIMING] ncas= 80 macro= 90 step=1131.434559 s cum_CASSCF=179705.156509 s E=-7.477402864374397 Er=8.791874e-05
[MACRO_TIMING] ncas= 80 macro= 91 step=367.130046 s cum_CASSCF=180072.286555 s E=-7.477402864374397 Er=8.791874e-05
macro iter  91 (  4 JK    1 micro), CASSCF E = -7.47740305478594  dE = -1.90411541e-07
               |grad[o]|=0.000142  |grad[c]|=0.00174  |ddm|=5.68e-06  |maxRot[o]|= 0.01
[MACRO_TIMING] ncas= 80 macro= 91 step=967.944611 s cum_CASSCF=181040.231167 s E=-7.477403054785938 Er=8.789328e-05
[MACRO_TIMING] ncas= 80 macro= 92 step=385.527054 s cum_CASSCF=181425.758221 s E=-7.477403054785938 Er=8.789328e-05
macro iter  92 (  4 JK    1 micro), CASSCF E = -7.47740340258420  dE = -3.47798257e-07
               |grad[o]|=0.000123  |grad[c]|=0.00252  |ddm|=3.28e-06  |maxRot[o]|= 0.02
[MACRO_TIMING] ncas= 80 macro= 92 step=935.709722 s cum_CASSCF=182361.467943 s E=-7.477403402584195 Er=8.784677e-05
[MACRO_TIMING] ncas= 80 macro= 93 step=359.737785 s cum_CASSCF=182721.205727 s E=-7.477403402584195 Er=8.784677e-05
macro iter  93 (  4 JK    1 micro), CASSCF E = -7.47740384247950  dE = -4.39895302e-07
               |grad[o]|=0.000105  |grad[c]|=0.00191  |ddm|=4.97e-06  |maxRot[o]|= 0.02
[MACRO_TIMING] ncas= 80 macro= 93 step=1049.443919 s cum_CASSCF=183770.649646 s E=-7.477403842479498 Er=8.778794e-05
[MACRO_TIMING] ncas= 80 macro= 94 step=357.280711 s cum_CASSCF=184127.930358 s E=-7.477403842479498 Er=8.778794e-05
macro iter  94 (  4 JK    1 micro), CASSCF E = -7.47740430454843  dE = -4.62068932e-07
               |grad[o]|=0.000108  |grad[c]|=0.00152  |ddm|=2.32e-06  |maxRot[o]|= 0.02
[MACRO_TIMING] ncas= 80 macro= 94 step=914.974109 s cum_CASSCF=185042.904467 s E=-7.477404304548429 Er=8.772615e-05
[MACRO_TIMING] ncas= 80 macro= 95 step=390.848970 s cum_CASSCF=185433.753437 s E=-7.477404304548429 Er=8.772615e-05
macro iter  95 (  4 JK    1 micro), CASSCF E = -7.47740481851833  dE = -5.13969901e-07
               |grad[o]|=9.65e-05  |grad[c]|=0.00132  |ddm|=2.72e-06  |maxRot[o]|=0.0199
[MACRO_TIMING] ncas= 80 macro= 95 step=837.189745 s cum_CASSCF=186270.943182 s E=-7.477404818518330 Er=8.765742e-05
[MACRO_TIMING] ncas= 80 macro= 96 step=365.627860 s cum_CASSCF=186636.571042 s E=-7.477404818518330 Er=8.765742e-05
macro iter  96 (  4 JK    1 micro), CASSCF E = -7.47740532983340  dE = -5.11315069e-07
               |grad[o]|=7.93e-05  |grad[c]|=0.00104  |ddm|=1.1e-06  |maxRot[o]|=0.0199
[MACRO_TIMING] ncas= 80 macro= 96 step=818.836143 s cum_CASSCF=187455.407185 s E=-7.477405329833399 Er=8.758905e-05
[MACRO_TIMING] ncas= 80 macro= 97 step=396.049499 s cum_CASSCF=187851.456684 s E=-7.477405329833399 Er=8.758905e-05
[MACRO_TIMING] ncas= 80 macro= 97 step=424.023906 s cum_CASSCF=188275.480590 s E=-7.477405329833399 Er=8.758905e-05
macro iter  97 ( 10 JK    2 micro), CASSCF E = -7.47740724238773  dE = -1.91255433e-06
               |grad[o]|=7.93e-05  |grad[c]|=0.00162  |ddm|=1.18e-06  |maxRot[o]|=0.112
[MACRO_TIMING] ncas= 80 macro= 97 step=1944.557809 s cum_CASSCF=190220.038400 s E=-7.477407242387729 Er=8.733329e-05
[MACRO_TIMING] ncas= 80 macro= 98 step=367.133299 s cum_CASSCF=190587.171699 s E=-7.477407242387729 Er=8.733329e-05
[MACRO_TIMING] ncas= 80 macro= 98 step=413.760997 s cum_CASSCF=191000.932696 s E=-7.477407242387729 Er=8.733329e-05
[MACRO_TIMING] ncas= 80 macro= 98 step=448.505901 s cum_CASSCF=191449.438597 s E=-7.477407242387729 Er=8.733329e-05
macro iter  98 ( 21 JK    4 micro), CASSCF E = -7.47741852249334  dE = -1.12801056e-05
               |grad[o]|=3.5e-05  |grad[c]|=0.0194  |ddm|=2.12e-06  |maxRot[o]|=0.258
[MACRO_TIMING] ncas= 80 macro= 98 step=1985.700331 s cum_CASSCF=193435.138929 s E=-7.477418522493338 Er=8.582486e-05
[MACRO_TIMING] ncas= 80 macro= 99 step=412.717416 s cum_CASSCF=193847.856345 s E=-7.477418522493338 Er=8.582486e-05
macro iter  99 (  5 JK    1 micro), CASSCF E = -7.47741953211389  dE = -1.00962055e-06
               |grad[o]|=6.99e-05  |grad[c]|=0.00679  |ddm|=1.38e-06  |maxRot[o]|=0.0275
[MACRO_TIMING] ncas= 80 macro= 99 step=1311.075940 s cum_CASSCF=195158.932285 s E=-7.477419532113887 Er=8.568985e-05
[MACRO_TIMING] ncas= 80 macro=100 step=381.129572 s cum_CASSCF=195540.061858 s E=-7.477419532113887 Er=8.568985e-05
macro iter 100 (  4 JK    1 micro), CASSCF E = -7.47742005889277  dE = -5.26778885e-07
               |grad[o]|=7.72e-05  |grad[c]|=0.00402  |ddm|=3.17e-06  |maxRot[o]|= 0.02
[MACRO_TIMING] ncas= 80 macro=100 step=1279.835412 s cum_CASSCF=196819.897270 s E=-7.477420058892772 Er=8.561941e-05
[MACRO_TIMING] ncas= 80 macro=101 step=420.175213 s cum_CASSCF=197240.072483 s E=-7.477420058892772 Er=8.561941e-05
macro iter 101 (  4 JK    1 micro), CASSCF E = -7.47742051758253  dE = -4.58689758e-07
               |grad[o]|=3.01e-05  |grad[c]|=0.00346  |ddm|=4.71e-06  |maxRot[o]|= 0.02
[MACRO_TIMING] ncas= 80 macro=101 step=1042.835469 s cum_CASSCF=198282.907952 s E=-7.477420517582530 Er=8.555807e-05
[MACRO_TIMING] ncas= 80 macro=102 step=404.273770 s cum_CASSCF=198687.181722 s E=-7.477420517582530 Er=8.555807e-05
macro iter 102 (  4 JK    1 micro), CASSCF E = -7.47742088038700  dE = -3.62804471e-07
               |grad[o]|=4.1e-05  |grad[c]|=0.00249  |ddm|=3.39e-06  |maxRot[o]|= 0.02
[MACRO_TIMING] ncas= 80 macro=102 step=1052.844218 s cum_CASSCF=199740.025940 s E=-7.477420880387001 Er=8.550956e-05
[MACRO_TIMING] ncas= 80 macro=103 step=387.905456 s cum_CASSCF=200127.931395 s E=-7.477420880387001 Er=8.550956e-05
macro iter 103 (  4 JK    1 micro), CASSCF E = -7.47742123193167  dE = -3.51544670e-07
               |grad[o]|=3.75e-05  |grad[c]|=0.00182  |ddm|=2.86e-06  |maxRot[o]|= 0.02
[MACRO_TIMING] ncas= 80 macro=103 step=953.511892 s cum_CASSCF=201081.443287 s E=-7.477421231931671 Er=8.546255e-05
[MACRO_TIMING] ncas= 80 macro=104 step=363.762674 s cum_CASSCF=201445.205961 s E=-7.477421231931671 Er=8.546255e-05
macro iter 104 (  4 JK    1 micro), CASSCF E = -7.47742159483638  dE = -3.62904713e-07
               |grad[o]|=3.54e-05  |grad[c]|=0.00145  |ddm|=1.47e-06  |maxRot[o]|= 0.02
[MACRO_TIMING] ncas= 80 macro=104 step=847.069761 s cum_CASSCF=202292.275723 s E=-7.477421594836384 Er=8.541402e-05
[MACRO_TIMING] ncas= 80 macro=105 step=364.079539 s cum_CASSCF=202656.355261 s E=-7.477421594836384 Er=8.541402e-05
macro iter 105 (  4 JK    1 micro), CASSCF E = -7.47742197636498  dE = -3.81528599e-07
               |grad[o]|=3.05e-05  |grad[c]|=0.00112  |ddm|=8.52e-07  |maxRot[o]|= 0.02
[MACRO_TIMING] ncas= 80 macro=105 step=918.370472 s cum_CASSCF=203574.725734 s E=-7.477421976364983 Er=8.536300e-05
[MACRO_TIMING] ncas= 80 macro=106 step=410.376016 s cum_CASSCF=203985.101750 s E=-7.477421976364983 Er=8.536300e-05
macro iter 106 (  4 JK    1 micro), CASSCF E = -7.47742235986769  dE = -3.83502707e-07
               |grad[o]|=2.91e-05  |grad[c]|=0.000972  |ddm|=5.58e-07  |maxRot[o]|= 0.02
[MACRO_TIMING] ncas= 80 macro=106 step=1070.791380 s cum_CASSCF=205055.893130 s E=-7.477422359867690 Er=8.531171e-05
[MACRO_TIMING] ncas= 80 macro=107 step=354.997821 s cum_CASSCF=205410.890951 s E=-7.477422359867690 Er=8.531171e-05
macro iter 107 (  6 JK    1 micro), CASSCF E = -7.47742341537421  dE = -1.05550652e-06
               |grad[o]|=2.5e-05  |grad[c]|=0.00221  |ddm|=6.34e-07  |maxRot[o]|=0.0593
[MACRO_TIMING] ncas= 80 macro=107 step=1556.672801 s cum_CASSCF=206967.563751 s E=-7.477423415374208 Er=8.517057e-05
[MACRO_TIMING] ncas= 80 macro=108 step=374.211290 s cum_CASSCF=207341.775041 s E=-7.477423415374208 Er=8.517057e-05
[MACRO_TIMING] ncas= 80 macro=108 step=424.698673 s cum_CASSCF=207766.473714 s E=-7.477423415374208 Er=8.517057e-05
macro iter 108 (  9 JK    2 micro), CASSCF E = -7.47742443706003  dE = -1.02168582e-06
               |grad[o]|=2.01e-05  |grad[c]|=0.00079  |ddm|=1.2e-06  |maxRot[o]|=0.0974
[MACRO_TIMING] ncas= 80 macro=108 step=1958.968555 s cum_CASSCF=209725.442269 s E=-7.477424437060028 Er=8.503394e-05
[MACRO_TIMING] ncas= 80 macro=109 step=379.576360 s cum_CASSCF=210105.018628 s E=-7.477424437060028 Er=8.503394e-05
macro iter 109 (  5 JK    1 micro), CASSCF E = -7.47742472362839  dE = -2.86568365e-07
               |grad[o]|=1.49e-05  |grad[c]|=0.00099  |ddm|=1.39e-06  |maxRot[o]|=0.0398
[MACRO_TIMING] ncas= 80 macro=109 step=2184.001147 s cum_CASSCF=212289.019775 s E=-7.477424723628393 Er=8.499562e-05
[MACRO_TIMING] ncas= 80 macro=110 step=438.623741 s cum_CASSCF=212727.643517 s E=-7.477424723628393 Er=8.499562e-05
[MACRO_TIMING] ncas= 80 macro=110 step=459.776733 s cum_CASSCF=213187.420250 s E=-7.477424723628393 Er=8.499562e-05
[MACRO_TIMING] ncas= 80 macro=110 step=436.035124 s cum_CASSCF=213623.455374 s E=-7.477424723628393 Er=8.499562e-05
macro iter 110 ( 21 JK    4 micro), CASSCF E = -7.47742605570500  dE = -1.33207660e-06
               |grad[o]|=1.4e-05  |grad[c]|=0.00189  |ddm|=1.34e-06  |maxRot[o]|=0.282
[MACRO_TIMING] ncas= 80 macro=110 step=2351.965214 s cum_CASSCF=215975.420589 s E=-7.477426055704997 Er=8.481749e-05
[MACRO_TIMING] ncas= 80 macro=111 step=357.514800 s cum_CASSCF=216332.935389 s E=-7.477426055704997 Er=8.481749e-05
[MACRO_TIMING] ncas= 80 macro=111 step=490.972193 s cum_CASSCF=216823.907581 s E=-7.477426055704997 Er=8.481749e-05
[MACRO_TIMING] ncas= 80 macro=111 step=442.362863 s cum_CASSCF=217266.270445 s E=-7.477426055704997 Er=8.481749e-05
macro iter 111 ( 21 JK    4 micro), CASSCF E = -7.47742688109019  dE = -8.25385196e-07
               |grad[o]|=9.57e-06  |grad[c]|=0.00224  |ddm|=1.33e-06  |maxRot[o]|=0.217
[MACRO_TIMING] ncas= 80 macro=111 step=2611.037439 s cum_CASSCF=219877.307883 s E=-7.477426881090193 Er=8.470711e-05
[MACRO_TIMING] ncas= 80 macro=112 step=439.765632 s cum_CASSCF=220317.073515 s E=-7.477426881090193 Er=8.470711e-05
[MACRO_TIMING] ncas= 80 macro=112 step=483.326498 s cum_CASSCF=220800.400013 s E=-7.477426881090193 Er=8.470711e-05
[MACRO_TIMING] ncas= 80 macro=112 step=484.395658 s cum_CASSCF=221284.795671 s E=-7.477426881090193 Er=8.470711e-05
macro iter 112 ( 20 JK    4 micro), CASSCF E = -7.47742696121439  dE = -8.01241997e-08
               |grad[o]|=1e-05  |grad[c]|=0.000316  |ddm|=9.86e-07  |maxRot[o]|=0.0543
[MACRO_TIMING] ncas= 80 macro=112 step=1648.898455 s cum_CASSCF=222933.694126 s E=-7.477426961214393 Er=8.469640e-05
[MACRO_TIMING] ncas= 80 macro=113 step=429.968383 s cum_CASSCF=223363.662509 s E=-7.477426961214393 Er=8.469640e-05
[MACRO_TIMING] ncas= 80 macro=113 step=487.573973 s cum_CASSCF=223851.236482 s E=-7.477426961214393 Er=8.469640e-05
[MACRO_TIMING] ncas= 80 macro=113 step=443.185451 s cum_CASSCF=224294.421933 s E=-7.477426961214393 Er=8.469640e-05
macro iter 113 ( 21 JK    4 micro), CASSCF E = -7.47742703345230  dE = -7.22379054e-08
               |grad[o]|=8.05e-06  |grad[c]|=0.000393  |ddm|=5.57e-07  |maxRot[o]|=0.0758
[MACRO_TIMING] ncas= 80 macro=113 step=2526.603641 s cum_CASSCF=226821.025574 s E=-7.477427033452298 Er=8.468674e-05
[MACRO_TIMING] ncas= 80 macro=114 step=395.235688 s cum_CASSCF=227216.261262 s E=-7.477427033452298 Er=8.468674e-05
[MACRO_TIMING] ncas= 80 macro=114 step=463.620601 s cum_CASSCF=227679.881862 s E=-7.477427033452298 Er=8.468674e-05
[MACRO_TIMING] ncas= 80 macro=114 step=437.035129 s cum_CASSCF=228116.916991 s E=-7.477427033452298 Er=8.468674e-05
macro iter 114 ( 21 JK    4 micro), CASSCF E = -7.47742740358887  dE = -3.70136569e-07
               |grad[o]|=1.86e-05  |grad[c]|=0.00128  |ddm|=1.23e-06  |maxRot[o]|=0.245
[MACRO_TIMING] ncas= 80 macro=114 step=3129.697400 s cum_CASSCF=231246.614391 s E=-7.477427403588867 Er=8.463724e-05
[MACRO_TIMING] ncas= 80 macro=115 step=409.377828 s cum_CASSCF=231655.992219 s E=-7.477427403588867 Er=8.463724e-05
[MACRO_TIMING] ncas= 80 macro=115 step=452.225793 s cum_CASSCF=232108.218012 s E=-7.477427403588867 Er=8.463724e-05
[MACRO_TIMING] ncas= 80 macro=115 step=494.704484 s cum_CASSCF=232602.922496 s E=-7.477427403588867 Er=8.463724e-05
macro iter 115 ( 22 JK    4 micro), CASSCF E = -7.47742741035499  dE = -6.76611833e-09
               |grad[o]|=5.56e-06  |grad[c]|=2.96e-05  |ddm|=3.48e-07  |maxRot[o]|=0.022
[MACRO_TIMING] ncas= 80 macro=115 step=701.142749 s cum_CASSCF=233304.065245 s E=-7.477427410354985 Er=8.463634e-05
[MACRO_TIMING] ncas= 80 macro=116 step=415.955012 s cum_CASSCF=233720.020256 s E=-7.477427410354985 Er=8.463634e-05
macro iter 116 (  5 JK    1 micro), CASSCF E = -7.47742741047238  dE = -1.17399424e-10
               |grad[o]|=1.66e-06  |grad[c]|=1.55e-05  |ddm|=1.49e-07  |maxRot[o]|=0.00222
[MACRO_TIMING] ncas= 80 macro=116 step=308.694265 s cum_CASSCF=234028.714521 s E=-7.477427410472385 Er=8.463632e-05
[MACRO_TIMING] ncas= 80 macro=117 step=449.357486 s cum_CASSCF=234478.072007 s E=-7.477427410472385 Er=8.463632e-05
[MACRO_TIMING] ncas= 80 macro=117 step=495.908593 s cum_CASSCF=234973.980600 s E=-7.477427410472385 Er=8.463632e-05
[MACRO_TIMING] ncas= 80 macro=117 step=468.891067 s cum_CASSCF=235442.871667 s E=-7.477427410472385 Er=8.463632e-05
macro iter 117 ( 21 JK    4 micro), CASSCF E = -7.47742742118088  dE = -1.07084936e-08
               |grad[o]|=3.23e-06  |grad[c]|=0.000133  |ddm|=6.15e-07  |maxRot[o]|=0.0426
[MACRO_TIMING] ncas= 80 macro=117 step=1276.396626 s cum_CASSCF=236719.268292 s E=-7.477427421180878 Er=8.463489e-05
[MACRO_TIMING] ncas= 80 macro=118 step=421.467431 s cum_CASSCF=237140.735723 s E=-7.477427421180878 Er=8.463489e-05
[MACRO_TIMING] ncas= 80 macro=118 step=505.667234 s cum_CASSCF=237646.402957 s E=-7.477427421180878 Er=8.463489e-05
[MACRO_TIMING] ncas= 80 macro=118 step=475.419692 s cum_CASSCF=238121.822650 s E=-7.477427421180878 Er=8.463489e-05
macro iter 118 ( 25 JK    4 micro), CASSCF E = -7.47742742022294  dE =  9.57938617e-10
               |grad[o]|=3.11e-06  |grad[c]|=1.85e-05  |ddm|=2.38e-07  |maxRot[o]|=0.00757
[MACRO_TIMING] ncas= 80 macro=118 step=592.087915 s cum_CASSCF=238713.910565 s E=-7.477427420222940 Er=8.463502e-05
[MACRO_TIMING] ncas= 80 macro=119 step=442.105117 s cum_CASSCF=239156.015681 s E=-7.477427420222940 Er=8.463502e-05
[MACRO_TIMING] ncas= 80 macro=119 step=477.149935 s cum_CASSCF=239633.165617 s E=-7.477427420222940 Er=8.463502e-05
[MACRO_TIMING] ncas= 80 macro=119 step=445.986611 s cum_CASSCF=240079.152228 s E=-7.477427420222940 Er=8.463502e-05
macro iter 119 ( 29 JK    4 micro), CASSCF E = -7.47742742215837  dE = -1.93543492e-09
               |grad[o]|=9.52e-07  |grad[c]|=1.88e-05  |ddm|=2.46e-07  |maxRot[o]|=0.00346
[MACRO_TIMING] ncas= 80 macro=119 step=574.664096 s cum_CASSCF=240653.816324 s E=-7.477427422158375 Er=8.463476e-05
[MACRO_TIMING] ncas= 80 macro=120 step=234.888132 s cum_CASSCF=240888.704457 s E=-7.477427422158375 Er=8.463476e-05
macro iter 120 (  1 JK    1 micro), CASSCF E = -7.47742742215852  dE = -1.44773082e-13
               |grad[o]|=3.93e-07  |grad[c]|=6.71e-06  |ddm|=1.44e-15  |maxRot[o]|=    0
[MACRO_TIMING] ncas= 80 macro=120 step=240.389837 s cum_CASSCF=241129.094294 s E=-7.477427422158519 Er=8.463476e-05
1-step CASSCF not converged, 120 macro (1554 JK 306 micro) steps
CASSCF canonicalization
Density matrix diagonal elements [1.99308614e+00 9.99530543e-01 8.72403704e-06 8.68217394e-06
 8.72135665e-06 1.24001111e-04 5.92992424e-05 5.92974382e-05
 5.93227471e-05 1.88875296e-06 2.71925454e-06 2.13769439e-06
 1.90826726e-06 2.72576137e-06 4.27827120e-04 1.52359673e-04
 1.52319180e-04 1.52291498e-04 6.71539357e-07 9.79493517e-07
 7.74066813e-07 8.85946124e-07 5.77883065e-07 7.22304949e-07
 5.16540115e-07 6.81406091e-06 6.78390713e-06 6.09821144e-06
 6.27207692e-06 6.52845705e-06 2.77764961e-04 2.77772686e-04
 2.77706729e-04 2.13549988e-03 9.72059280e-07 1.39990718e-06
 1.83030727e-06 9.66130266e-07 1.77602777e-06 8.28503530e-07
 8.30650507e-07 1.19789850e-06 1.09811712e-06 1.26950862e-06
 1.12948284e-06 1.50308050e-06 1.61057537e-06 2.00152585e-06
 1.12247566e-06 2.01623812e-06 3.27790560e-05 3.28135674e-05
 3.28339561e-05 3.27616786e-05 3.28363686e-05 9.81470067e-04
 9.81479833e-04 9.81460431e-04 7.04378715e-07 4.75185635e-07
 4.86899297e-07 5.48251775e-07 4.35853609e-07 5.90920921e-07
 5.02725186e-07 5.51096105e-07 6.64503742e-07 4.86168452e-07
 5.72764624e-07 2.61409154e-06 8.97934952e-07 2.10959211e-06
 2.04483786e-06 1.04060961e-06 9.91855442e-07 1.48495408e-06
 1.18325730e-06 9.03039930e-07 1.97676508e-06 1.47404112e-06]
CASSCF energy = -7.47742742215852
CASCI E = -7.47742742215852  E(CI) = -7.47742742215852
CASSCF energy            : -7.4774274221585193 Ha
CASSCF relative error    : 8.463476e-05
CASSCF total wall time   : 241129.804763 s
CASSCF initialization    : 338.3291286510066 s
CASSCF converged flag    : False
CASCI-CASSCF energy gain : 4.388651e-02 Ha
Macro timing CSV         : /home/sjtu/TNNSOG/Pretrain/PySCF/results/20260902_005021/Li_CASSCF_20260902_005021_aug-cc-pCV5Z_ncas080_macro.csv

--------------------------------------------------------------------------------------------
Active space: CAS(3e,88o), alpha/beta=(2, 1)
Determinant dimension N_det : 336864

******** <class 'pyscf.mcscf.casci.CASCI'> ********
CAS (2e+1e, 88o), ncore = 0, nvir = 93
natorb = False
canonicalization = True
sorting_mo_energy = False
max_memory 64000 MB (current use 1367 MB)
******** <class 'pyscf.fci.direct_spin1.FCISolver'> ********
max. cycles = 200
conv_tol = 1e-10
davidson only = False
linear dependence = 1e-12
level shift = 0.001
max iter space = 12
max_memory 64000 MB
nroots = 1
pspace_size = 400
spin = 1
Density matrix diagonal elements [1.99969635e+00 9.99844324e-01 1.26279270e-06 1.26434861e-06
 1.26572313e-06 1.13993331e-06 9.81602190e-06 9.77366168e-06
 9.81460607e-06 1.33598431e-08 1.30061591e-08 6.92506593e-09
 1.00355466e-08 3.57308036e-09 9.26643854e-06 2.24011250e-05
 2.24122122e-05 2.23868433e-05 1.87126044e-10 1.87099661e-10
 1.87064293e-10 1.87320547e-10 1.88107319e-10 1.87842784e-10
 1.87893713e-10 1.60832634e-07 9.50529307e-08 9.28019505e-08
 7.88417053e-08 1.35516974e-07 3.72628743e-05 3.71534246e-05
 3.72196299e-05 4.41573549e-05 3.40248080e-11 3.36380186e-11
 3.32582688e-11 3.29765751e-11 3.30500818e-11 3.26038240e-11
 3.20112090e-11 3.23450538e-11 3.34320073e-11 2.85985100e-09
 2.81908048e-09 2.85523161e-09 2.83958641e-09 2.81730303e-09
 2.83891225e-09 2.83791968e-09 5.61433949e-07 3.81206771e-07
 4.17900765e-07 2.70256597e-07 3.72329678e-07 6.20304352e-05
 6.23431771e-05 6.22086485e-05 1.06509057e-11 1.05139808e-11
 9.66998377e-12 9.54796639e-12 9.89501667e-12 1.00168617e-11
 8.84965181e-12 9.72762842e-12 9.26398457e-12 9.49191684e-12
 9.31863069e-12 1.20255311e-10 1.13165742e-10 1.19028838e-10
 1.20127616e-10 1.22209970e-10 1.20784483e-10 1.22770598e-10
 1.16495546e-10 1.06717709e-10 6.62204924e-09 6.29550043e-09
 6.69033235e-09 6.65778148e-09 6.48706558e-09 6.79137709e-09
 6.54493578e-09 1.15390569e-06 1.15653279e-06 1.15434127e-06]
CASCI converged
CASCI E = -7.43355093591451  E(CI) = -7.43355093591451
CASCI energy             : -7.4335509359145080 Ha
CASCI relative error     : 5.951997e-03
CASCI wall time          : 663.611147 s
ncore / nactive / nvirtual: 0 / 88 / 93
Exact PySCF nonredundant orbital-rotation variables: 8184

******** <class 'pyscf.mcscf.mc1step.CASSCF'> ********
CAS (2e+1e, 88o), ncore = 0, nvir = 93
max_cycle_macro = 120
max_cycle_micro = 4
conv_tol = 1e-12
conv_tol_grad = 1e-07
orbital rotation max_stepsize = 0.02
orbital rotation threshold for CI restart = 0.01
augmented hessian ah_max_cycle = 30
augmented hessian ah_conv_tol = 1e-12
augmented hessian ah_linear dependence = 1e-14
augmented hessian ah_level shift = 1e-08
augmented hessian ah_start_tol = 2.5
augmented hessian ah_start_cycle = 3
augmented hessian ah_grad_trust_region = 3
kf_trust_region = 3
kf_interval = 4
ci_response_space = 4
ci_grad_trust_region = 3
with_dep4 0
natorb = False
canonicalization = True
sorting_mo_energy = False
ao2mo_level = 2
chkfile = /tmp/tmpnzqjuw0z
max_memory 64000 MB (current use 1390 MB)
internal_rotation = False
******** <class 'pyscf.fci.direct_spin1.FCISolver'> ********
max. cycles = 50
conv_tol = 1e-10
davidson only = False
linear dependence = 1e-12
level shift = 0.001
max iter space = 12
max_memory 64000 MB
nroots = 1
pspace_size = 400
spin = 1
CASCI E = -7.43355093591451
[TIMING] CASSCF initialization = 598.771095 s
[MACRO_TIMING] ncas= 88 macro=  1 step=975.663580 s cum_CASSCF=1574.434675 s E=-7.433550935914509 Er=5.951997e-03
[MACRO_TIMING] ncas= 88 macro=  1 step=828.060286 s cum_CASSCF=2402.494961 s E=-7.433550935914509 Er=5.951997e-03
[MACRO_TIMING] ncas= 88 macro=  1 step=918.625143 s cum_CASSCF=3321.120104 s E=-7.433550935914509 Er=5.951997e-03
macro iter   1 ( 21 JK    4 micro), CASSCF E = -7.43859663009540  dE = -5.04569418e-03
               |grad[o]|=0.00184  |grad[c]|=0.0418  |ddm|=0.00375  |maxRot[o]|=0.287
[MACRO_TIMING] ncas= 88 macro=  1 step=1354.948943 s cum_CASSCF=4676.069047 s E=-7.438596630095399 Er=5.277264e-03
[MACRO_TIMING] ncas= 88 macro=  2 step=816.460499 s cum_CASSCF=5492.529547 s E=-7.438596630095399 Er=5.277264e-03
[MACRO_TIMING] ncas= 88 macro=  2 step=897.021579 s cum_CASSCF=6389.551126 s E=-7.438596630095399 Er=5.277264e-03
[MACRO_TIMING] ncas= 88 macro=  2 step=871.318702 s cum_CASSCF=7260.869827 s E=-7.438596630095399 Er=5.277264e-03
macro iter   2 ( 21 JK    4 micro), CASSCF E = -7.44722041763998  dE = -8.62378754e-03
               |grad[o]|=0.024  |grad[c]|=0.0242  |ddm|=0.00145  |maxRot[o]|=0.307
[MACRO_TIMING] ncas= 88 macro=  2 step=1395.400639 s cum_CASSCF=8656.270466 s E=-7.447220417639981 Er=4.124052e-03
[MACRO_TIMING] ncas= 88 macro=  3 step=780.496244 s cum_CASSCF=9436.766710 s E=-7.447220417639981 Er=4.124052e-03
[MACRO_TIMING] ncas= 88 macro=  3 step=977.667302 s cum_CASSCF=10414.434012 s E=-7.447220417639981 Er=4.124052e-03
[MACRO_TIMING] ncas= 88 macro=  3 step=936.505473 s cum_CASSCF=11350.939486 s E=-7.447220417639981 Er=4.124052e-03
macro iter   3 ( 21 JK    4 micro), CASSCF E = -7.45796221692450  dE = -1.07417993e-02
               |grad[o]|=0.0164  |grad[c]|=0.0473  |ddm|=0.0021  |maxRot[o]|=0.306
[MACRO_TIMING] ncas= 88 macro=  3 step=1588.733581 s cum_CASSCF=12939.673067 s E=-7.457962216924503 Er=2.687610e-03
[MACRO_TIMING] ncas= 88 macro=  4 step=767.684998 s cum_CASSCF=13707.358064 s E=-7.457962216924503 Er=2.687610e-03
[MACRO_TIMING] ncas= 88 macro=  4 step=814.591481 s cum_CASSCF=14521.949545 s E=-7.457962216924503 Er=2.687610e-03
[MACRO_TIMING] ncas= 88 macro=  4 step=888.072493 s cum_CASSCF=15410.022038 s E=-7.457962216924503 Er=2.687610e-03
macro iter   4 ( 21 JK    4 micro), CASSCF E = -7.46806699513296  dE = -1.01047782e-02
               |grad[o]|=0.00963  |grad[c]|=0.0158  |ddm|=0.00148  |maxRot[o]|=0.308
[MACRO_TIMING] ncas= 88 macro=  4 step=1159.347333 s cum_CASSCF=16569.369371 s E=-7.468066995132958 Er=1.336353e-03
[MACRO_TIMING] ncas= 88 macro=  5 step=739.409122 s cum_CASSCF=17308.778493 s E=-7.468066995132958 Er=1.336353e-03
[MACRO_TIMING] ncas= 88 macro=  5 step=929.213018 s cum_CASSCF=18237.991511 s E=-7.468066995132958 Er=1.336353e-03
[MACRO_TIMING] ncas= 88 macro=  5 step=829.002078 s cum_CASSCF=19066.993589 s E=-7.468066995132958 Er=1.336353e-03
macro iter   5 ( 21 JK    4 micro), CASSCF E = -7.46999204880059  dE = -1.92505367e-03
               |grad[o]|=0.00508  |grad[c]|=0.0136  |ddm|=0.000915  |maxRot[o]|=0.254
[MACRO_TIMING] ncas= 88 macro=  5 step=1584.141421 s cum_CASSCF=20651.135010 s E=-7.469992048800591 Er=1.078926e-03
[MACRO_TIMING] ncas= 88 macro=  6 step=719.766211 s cum_CASSCF=21370.901221 s E=-7.469992048800591 Er=1.078926e-03
[MACRO_TIMING] ncas= 88 macro=  6 step=844.631728 s cum_CASSCF=22215.532949 s E=-7.469992048800591 Er=1.078926e-03
[MACRO_TIMING] ncas= 88 macro=  6 step=905.509462 s cum_CASSCF=23121.042412 s E=-7.469992048800591 Er=1.078926e-03
macro iter   6 ( 21 JK    4 micro), CASSCF E = -7.47106566756405  dE = -1.07361876e-03
               |grad[o]|=0.00248  |grad[c]|=0.0207  |ddm|=0.00124  |maxRot[o]|=0.275
[MACRO_TIMING] ncas= 88 macro=  6 step=2048.372480 s cum_CASSCF=25169.414892 s E=-7.471065667564048 Er=9.353573e-04
[MACRO_TIMING] ncas= 88 macro=  7 step=726.376227 s cum_CASSCF=25895.791119 s E=-7.471065667564048 Er=9.353573e-04
[MACRO_TIMING] ncas= 88 macro=  7 step=856.769518 s cum_CASSCF=26752.560637 s E=-7.471065667564048 Er=9.353573e-04
[MACRO_TIMING] ncas= 88 macro=  7 step=885.788542 s cum_CASSCF=27638.349179 s E=-7.471065667564048 Er=9.353573e-04
macro iter   7 ( 21 JK    4 micro), CASSCF E = -7.47236107054986  dE = -1.29540299e-03
               |grad[o]|=0.00193  |grad[c]|=0.0125  |ddm|=0.000381  |maxRot[o]|=0.294
[MACRO_TIMING] ncas= 88 macro=  7 step=1878.650840 s cum_CASSCF=29517.000019 s E=-7.472361070549860 Er=7.621302e-04
[MACRO_TIMING] ncas= 88 macro=  8 step=678.404583 s cum_CASSCF=30195.404602 s E=-7.472361070549860 Er=7.621302e-04
[MACRO_TIMING] ncas= 88 macro=  8 step=889.407249 s cum_CASSCF=31084.811851 s E=-7.472361070549860 Er=7.621302e-04
[MACRO_TIMING] ncas= 88 macro=  8 step=859.056863 s cum_CASSCF=31943.868714 s E=-7.472361070549860 Er=7.621302e-04
macro iter   8 ( 21 JK    4 micro), CASSCF E = -7.47292713144967  dE = -5.66060900e-04
               |grad[o]|=0.00166  |grad[c]|=0.00525  |ddm|=0.000198  |maxRot[o]|=0.244
[MACRO_TIMING] ncas= 88 macro=  8 step=1730.597584 s cum_CASSCF=33674.466297 s E=-7.472927131449673 Er=6.864340e-04
[MACRO_TIMING] ncas= 88 macro=  9 step=636.882837 s cum_CASSCF=34311.349134 s E=-7.472927131449673 Er=6.864340e-04
[MACRO_TIMING] ncas= 88 macro=  9 step=749.426508 s cum_CASSCF=35060.775642 s E=-7.472927131449673 Er=6.864340e-04
[MACRO_TIMING] ncas= 88 macro=  9 step=774.933878 s cum_CASSCF=35835.709520 s E=-7.472927131449673 Er=6.864340e-04
macro iter   9 ( 21 JK    4 micro), CASSCF E = -7.47341266693930  dE = -4.85535490e-04
               |grad[o]|=0.00167  |grad[c]|=0.00403  |ddm|=0.000217  |maxRot[o]|=0.306
[MACRO_TIMING] ncas= 88 macro=  9 step=1906.029179 s cum_CASSCF=37741.738699 s E=-7.473412666939304 Er=6.215060e-04
[MACRO_TIMING] ncas= 88 macro= 10 step=837.080247 s cum_CASSCF=38578.818946 s E=-7.473412666939304 Er=6.215060e-04
[MACRO_TIMING] ncas= 88 macro= 10 step=838.567995 s cum_CASSCF=39417.386941 s E=-7.473412666939304 Er=6.215060e-04
[MACRO_TIMING] ncas= 88 macro= 10 step=909.216426 s cum_CASSCF=40326.603366 s E=-7.473412666939304 Er=6.215060e-04
macro iter  10 ( 21 JK    4 micro), CASSCF E = -7.47393202166065  dE = -5.19354721e-04
               |grad[o]|=0.00181  |grad[c]|=0.00488  |ddm|=0.000318  |maxRot[o]|=0.306
[MACRO_TIMING] ncas= 88 macro= 10 step=2340.016378 s cum_CASSCF=42666.619744 s E=-7.473932021660652 Er=5.520555e-04
[MACRO_TIMING] ncas= 88 macro= 11 step=659.495550 s cum_CASSCF=43326.115294 s E=-7.473932021660652 Er=5.520555e-04
[MACRO_TIMING] ncas= 88 macro= 11 step=876.252824 s cum_CASSCF=44202.368118 s E=-7.473932021660652 Er=5.520555e-04
[MACRO_TIMING] ncas= 88 macro= 11 step=850.610420 s cum_CASSCF=45052.978538 s E=-7.473932021660652 Er=5.520555e-04
macro iter  11 ( 21 JK    4 micro), CASSCF E = -7.47426942228813  dE = -3.37400627e-04
               |grad[o]|=0.00162  |grad[c]|=0.00779  |ddm|=0.000184  |maxRot[o]|=0.266
[MACRO_TIMING] ncas= 88 macro= 11 step=2548.213683 s cum_CASSCF=47601.192221 s E=-7.474269422288134 Er=5.069368e-04
[MACRO_TIMING] ncas= 88 macro= 12 step=790.983074 s cum_CASSCF=48392.175295 s E=-7.474269422288134 Er=5.069368e-04
[MACRO_TIMING] ncas= 88 macro= 12 step=859.729532 s cum_CASSCF=49251.904827 s E=-7.474269422288134 Er=5.069368e-04
[MACRO_TIMING] ncas= 88 macro= 12 step=853.678590 s cum_CASSCF=50105.583416 s E=-7.474269422288134 Er=5.069368e-04
macro iter  12 ( 21 JK    4 micro), CASSCF E = -7.47457109813265  dE = -3.01675845e-04
               |grad[o]|=0.00151  |grad[c]|=0.00882  |ddm|=6.45e-05  |maxRot[o]|=0.284
[MACRO_TIMING] ncas= 88 macro= 12 step=2801.298765 s cum_CASSCF=52906.882181 s E=-7.474571098132655 Er=4.665953e-04
[MACRO_TIMING] ncas= 88 macro= 13 step=648.096813 s cum_CASSCF=53554.978994 s E=-7.474571098132655 Er=4.665953e-04
[MACRO_TIMING] ncas= 88 macro= 13 step=755.671214 s cum_CASSCF=54310.650208 s E=-7.474571098132655 Er=4.665953e-04
[MACRO_TIMING] ncas= 88 macro= 13 step=821.142159 s cum_CASSCF=55131.792367 s E=-7.474571098132655 Er=4.665953e-04
macro iter  13 ( 21 JK    4 micro), CASSCF E = -7.47496327121317  dE = -3.92173081e-04
               |grad[o]|=0.00113  |grad[c]|=0.0134  |ddm|=0.000125  |maxRot[o]|=0.244
[MACRO_TIMING] ncas= 88 macro= 13 step=2508.377519 s cum_CASSCF=57640.169886 s E=-7.474963271213167 Er=4.141522e-04
[MACRO_TIMING] ncas= 88 macro= 14 step=654.673949 s cum_CASSCF=58294.843834 s E=-7.474963271213167 Er=4.141522e-04
[MACRO_TIMING] ncas= 88 macro= 14 step=767.958091 s cum_CASSCF=59062.801925 s E=-7.474963271213167 Er=4.141522e-04
[MACRO_TIMING] ncas= 88 macro= 14 step=812.321897 s cum_CASSCF=59875.123823 s E=-7.474963271213167 Er=4.141522e-04
macro iter  14 ( 21 JK    4 micro), CASSCF E = -7.47553747636517  dE = -5.74205152e-04
               |grad[o]|=0.000776  |grad[c]|=0.00574  |ddm|=7.05e-05  |maxRot[o]|=0.302
[MACRO_TIMING] ncas= 88 macro= 14 step=2404.709854 s cum_CASSCF=62279.833676 s E=-7.475537476365169 Er=3.373668e-04
[MACRO_TIMING] ncas= 88 macro= 15 step=746.026225 s cum_CASSCF=63025.859901 s E=-7.475537476365169 Er=3.373668e-04
[MACRO_TIMING] ncas= 88 macro= 15 step=790.347763 s cum_CASSCF=63816.207664 s E=-7.475537476365169 Er=3.373668e-04
[MACRO_TIMING] ncas= 88 macro= 15 step=786.617274 s cum_CASSCF=64602.824937 s E=-7.475537476365169 Er=3.373668e-04
macro iter  15 ( 21 JK    4 micro), CASSCF E = -7.47587570078698  dE = -3.38224422e-04
               |grad[o]|=0.000826  |grad[c]|=0.0054  |ddm|=8.05e-05  |maxRot[o]|=0.266
[MACRO_TIMING] ncas= 88 macro= 15 step=2848.490373 s cum_CASSCF=67451.315310 s E=-7.475875700786975 Er=2.921379e-04
[MACRO_TIMING] ncas= 88 macro= 16 step=805.456413 s cum_CASSCF=68256.771724 s E=-7.475875700786975 Er=2.921379e-04
[MACRO_TIMING] ncas= 88 macro= 16 step=797.814573 s cum_CASSCF=69054.586296 s E=-7.475875700786975 Er=2.921379e-04
[MACRO_TIMING] ncas= 88 macro= 16 step=868.831323 s cum_CASSCF=69923.417619 s E=-7.475875700786975 Er=2.921379e-04
macro iter  16 ( 21 JK    4 micro), CASSCF E = -7.47599465247140  dE = -1.18951684e-04
               |grad[o]|=0.000551  |grad[c]|=0.00355  |ddm|=4.68e-05  |maxRot[o]|=0.297
[MACRO_TIMING] ncas= 88 macro= 16 step=3032.219719 s cum_CASSCF=72955.637338 s E=-7.475994652471401 Er=2.762312e-04
[MACRO_TIMING] ncas= 88 macro= 17 step=720.909409 s cum_CASSCF=73676.546747 s E=-7.475994652471401 Er=2.762312e-04
[MACRO_TIMING] ncas= 88 macro= 17 step=831.929769 s cum_CASSCF=74508.476515 s E=-7.475994652471401 Er=2.762312e-04
[MACRO_TIMING] ncas= 88 macro= 17 step=884.300078 s cum_CASSCF=75392.776593 s E=-7.475994652471401 Er=2.762312e-04
macro iter  17 ( 21 JK    4 micro), CASSCF E = -7.47610238231044  dE = -1.07729839e-04
               |grad[o]|=0.000456  |grad[c]|=0.00346  |ddm|=3.75e-05  |maxRot[o]|=0.289
[MACRO_TIMING] ncas= 88 macro= 17 step=3030.212639 s cum_CASSCF=78422.989233 s E=-7.476102382310445 Er=2.618251e-04
[MACRO_TIMING] ncas= 88 macro= 18 step=726.753404 s cum_CASSCF=79149.742636 s E=-7.476102382310445 Er=2.618251e-04
[MACRO_TIMING] ncas= 88 macro= 18 step=771.211725 s cum_CASSCF=79920.954362 s E=-7.476102382310445 Er=2.618251e-04
[MACRO_TIMING] ncas= 88 macro= 18 step=821.242948 s cum_CASSCF=80742.197310 s E=-7.476102382310445 Er=2.618251e-04
macro iter  18 ( 21 JK    4 micro), CASSCF E = -7.47623045267583  dE = -1.28070365e-04
               |grad[o]|=0.000347  |grad[c]|=0.00567  |ddm|=3.38e-05  |maxRot[o]|=0.292
[MACRO_TIMING] ncas= 88 macro= 18 step=4241.633097 s cum_CASSCF=84983.830407 s E=-7.476230452675834 Er=2.446989e-04
[MACRO_TIMING] ncas= 88 macro= 19 step=629.946924 s cum_CASSCF=85613.777330 s E=-7.476230452675834 Er=2.446989e-04
[MACRO_TIMING] ncas= 88 macro= 19 step=778.669941 s cum_CASSCF=86392.447271 s E=-7.476230452675834 Er=2.446989e-04
[MACRO_TIMING] ncas= 88 macro= 19 step=763.299309 s cum_CASSCF=87155.746580 s E=-7.476230452675834 Er=2.446989e-04
macro iter  19 ( 21 JK    4 micro), CASSCF E = -7.47632812125845  dE = -9.76685826e-05
               |grad[o]|=0.000278  |grad[c]|=0.00212  |ddm|=1.85e-05  |maxRot[o]|=0.297
[MACRO_TIMING] ncas= 88 macro= 19 step=4024.196330 s cum_CASSCF=91179.942910 s E=-7.476328121258451 Er=2.316382e-04
[MACRO_TIMING] ncas= 88 macro= 20 step=675.514816 s cum_CASSCF=91855.457726 s E=-7.476328121258451 Er=2.316382e-04
[MACRO_TIMING] ncas= 88 macro= 20 step=767.323672 s cum_CASSCF=92622.781397 s E=-7.476328121258451 Er=2.316382e-04
[MACRO_TIMING] ncas= 88 macro= 20 step=739.319214 s cum_CASSCF=93362.100612 s E=-7.476328121258451 Er=2.316382e-04
macro iter  20 ( 21 JK    4 micro), CASSCF E = -7.47636832086715  dE = -4.01996087e-05
               |grad[o]|=0.000237  |grad[c]|=0.0029  |ddm|=2.38e-05  |maxRot[o]|=0.256
[MACRO_TIMING] ncas= 88 macro= 20 step=4081.878238 s cum_CASSCF=97443.978850 s E=-7.476368320867152 Er=2.262626e-04
[MACRO_TIMING] ncas= 88 macro= 21 step=647.393633 s cum_CASSCF=98091.372483 s E=-7.476368320867152 Er=2.262626e-04
[MACRO_TIMING] ncas= 88 macro= 21 step=793.935240 s cum_CASSCF=98885.307723 s E=-7.476368320867152 Er=2.262626e-04
[MACRO_TIMING] ncas= 88 macro= 21 step=766.230166 s cum_CASSCF=99651.537889 s E=-7.476368320867152 Er=2.262626e-04
macro iter  21 ( 21 JK    4 micro), CASSCF E = -7.47642940945150  dE = -6.10885843e-05
               |grad[o]|=0.000292  |grad[c]|=0.0101  |ddm|=8.18e-06  |maxRot[o]|=0.287
[MACRO_TIMING] ncas= 88 macro= 21 step=2692.421066 s cum_CASSCF=102343.958955 s E=-7.476429409451496 Er=2.180935e-04
[MACRO_TIMING] ncas= 88 macro= 22 step=644.696676 s cum_CASSCF=102988.655631 s E=-7.476429409451496 Er=2.180935e-04
[MACRO_TIMING] ncas= 88 macro= 22 step=765.988978 s cum_CASSCF=103754.644610 s E=-7.476429409451496 Er=2.180935e-04
[MACRO_TIMING] ncas= 88 macro= 22 step=741.829078 s cum_CASSCF=104496.473688 s E=-7.476429409451496 Er=2.180935e-04
macro iter  22 ( 21 JK    4 micro), CASSCF E = -7.47652985510472  dE = -1.00445653e-04
               |grad[o]|=0.000217  |grad[c]|=0.0122  |ddm|=1.27e-05  |maxRot[o]|=0.277
[MACRO_TIMING] ncas= 88 macro= 22 step=2881.457787 s cum_CASSCF=107377.931475 s E=-7.476529855104716 Er=2.046615e-04
[MACRO_TIMING] ncas= 88 macro= 23 step=647.600096 s cum_CASSCF=108025.531571 s E=-7.476529855104716 Er=2.046615e-04
[MACRO_TIMING] ncas= 88 macro= 23 step=764.274571 s cum_CASSCF=108789.806141 s E=-7.476529855104716 Er=2.046615e-04
[MACRO_TIMING] ncas= 88 macro= 23 step=741.178085 s cum_CASSCF=109530.984226 s E=-7.476529855104716 Er=2.046615e-04
macro iter  23 ( 21 JK    4 micro), CASSCF E = -7.47662518024499  dE = -9.53251403e-05
               |grad[o]|=0.000172  |grad[c]|=0.0081  |ddm|=1.99e-05  |maxRot[o]|=0.259
[MACRO_TIMING] ncas= 88 macro= 23 step=3808.047627 s cum_CASSCF=113339.031854 s E=-7.476625180244985 Er=1.919142e-04
[MACRO_TIMING] ncas= 88 macro= 24 step=688.352370 s cum_CASSCF=114027.384223 s E=-7.476625180244985 Er=1.919142e-04
[MACRO_TIMING] ncas= 88 macro= 24 step=770.970891 s cum_CASSCF=114798.355114 s E=-7.476625180244985 Er=1.919142e-04
[MACRO_TIMING] ncas= 88 macro= 24 step=747.511791 s cum_CASSCF=115545.866905 s E=-7.476625180244985 Er=1.919142e-04
macro iter  24 ( 21 JK    4 micro), CASSCF E = -7.47669933272959  dE = -7.41524846e-05
               |grad[o]|=0.000116  |grad[c]|=0.00414  |ddm|=1.05e-05  |maxRot[o]|=0.298
[MACRO_TIMING] ncas= 88 macro= 24 step=4111.448841 s cum_CASSCF=119657.315746 s E=-7.476699332729589 Er=1.819982e-04
[MACRO_TIMING] ncas= 88 macro= 25 step=638.051793 s cum_CASSCF=120295.367539 s E=-7.476699332729589 Er=1.819982e-04
[MACRO_TIMING] ncas= 88 macro= 25 step=745.360714 s cum_CASSCF=121040.728253 s E=-7.476699332729589 Er=1.819982e-04
[MACRO_TIMING] ncas= 88 macro= 25 step=764.353607 s cum_CASSCF=121805.081859 s E=-7.476699332729589 Er=1.819982e-04
macro iter  25 ( 21 JK    4 micro), CASSCF E = -7.47677109972263  dE = -7.17669930e-05
               |grad[o]|=9.09e-05  |grad[c]|=0.0157  |ddm|=8.56e-06  |maxRot[o]|=0.221
[MACRO_TIMING] ncas= 88 macro= 25 step=4400.185186 s cum_CASSCF=126205.267045 s E=-7.476771099722625 Er=1.724012e-04
[MACRO_TIMING] ncas= 88 macro= 26 step=645.543783 s cum_CASSCF=126850.810828 s E=-7.476771099722625 Er=1.724012e-04
[MACRO_TIMING] ncas= 88 macro= 26 step=759.153225 s cum_CASSCF=127609.964053 s E=-7.476771099722625 Er=1.724012e-04
[MACRO_TIMING] ncas= 88 macro= 26 step=755.004629 s cum_CASSCF=128364.968682 s E=-7.476771099722625 Er=1.724012e-04
macro iter  26 ( 21 JK    4 micro), CASSCF E = -7.47682047383375  dE = -4.93741111e-05
               |grad[o]|=0.000127  |grad[c]|=0.0124  |ddm|=4.91e-06  |maxRot[o]|=0.254
[MACRO_TIMING] ncas= 88 macro= 26 step=4322.425524 s cum_CASSCF=132687.394207 s E=-7.476820473833746 Er=1.657986e-04
[MACRO_TIMING] ncas= 88 macro= 27 step=645.177315 s cum_CASSCF=133332.571522 s E=-7.476820473833746 Er=1.657986e-04
[MACRO_TIMING] ncas= 88 macro= 27 step=742.306778 s cum_CASSCF=134074.878300 s E=-7.476820473833746 Er=1.657986e-04
[MACRO_TIMING] ncas= 88 macro= 27 step=754.113532 s cum_CASSCF=134828.991832 s E=-7.476820473833746 Er=1.657986e-04
macro iter  27 ( 21 JK    4 micro), CASSCF E = -7.47690107711837  dE = -8.06032846e-05
               |grad[o]|=0.000129  |grad[c]|=0.0176  |ddm|=1.05e-05  |maxRot[o]|=0.223
[MACRO_TIMING] ncas= 88 macro= 27 step=4325.423480 s cum_CASSCF=139154.415312 s E=-7.476901077118367 Er=1.550200e-04
[MACRO_TIMING] ncas= 88 macro= 28 step=628.679566 s cum_CASSCF=139783.094879 s E=-7.476901077118367 Er=1.550200e-04
[MACRO_TIMING] ncas= 88 macro= 28 step=763.306752 s cum_CASSCF=140546.401630 s E=-7.476901077118367 Er=1.550200e-04
[MACRO_TIMING] ncas= 88 macro= 28 step=763.215407 s cum_CASSCF=141309.617037 s E=-7.476901077118367 Er=1.550200e-04
macro iter  28 ( 21 JK    4 micro), CASSCF E = -7.47696506557061  dE = -6.39884522e-05
               |grad[o]|=0.000121  |grad[c]|=0.0149  |ddm|=1.01e-05  |maxRot[o]|=0.168
[MACRO_TIMING] ncas= 88 macro= 28 step=3636.688982 s cum_CASSCF=144946.306020 s E=-7.476965065570613 Er=1.464632e-04
[MACRO_TIMING] ncas= 88 macro= 29 step=635.778117 s cum_CASSCF=145582.084136 s E=-7.476965065570613 Er=1.464632e-04
[MACRO_TIMING] ncas= 88 macro= 29 step=761.845727 s cum_CASSCF=146343.929863 s E=-7.476965065570613 Er=1.464632e-04
[MACRO_TIMING] ncas= 88 macro= 29 step=763.953793 s cum_CASSCF=147107.883656 s E=-7.476965065570613 Er=1.464632e-04
macro iter  29 ( 21 JK    4 micro), CASSCF E = -7.47704703463126  dE = -8.19690606e-05
               |grad[o]|=0.000107  |grad[c]|=0.00736  |ddm|=9.24e-06  |maxRot[o]|=0.235
[MACRO_TIMING] ncas= 88 macro= 29 step=4885.989486 s cum_CASSCF=151993.873142 s E=-7.477047034631261 Er=1.355019e-04
[MACRO_TIMING] ncas= 88 macro= 30 step=641.484178 s cum_CASSCF=152635.357320 s E=-7.477047034631261 Er=1.355019e-04
[MACRO_TIMING] ncas= 88 macro= 30 step=739.561418 s cum_CASSCF=153374.918738 s E=-7.477047034631261 Er=1.355019e-04
[MACRO_TIMING] ncas= 88 macro= 30 step=762.670837 s cum_CASSCF=154137.589575 s E=-7.477047034631261 Er=1.355019e-04
macro iter  30 ( 21 JK    4 micro), CASSCF E = -7.47710554688901  dE = -5.85122578e-05
               |grad[o]|=6.56e-05  |grad[c]|=0.00867  |ddm|=2.36e-05  |maxRot[o]|=0.208
[MACRO_TIMING] ncas= 88 macro= 30 step=5187.893335 s cum_CASSCF=159325.482910 s E=-7.477105546889011 Er=1.276774e-04
[MACRO_TIMING] ncas= 88 macro= 31 step=641.019030 s cum_CASSCF=159966.501939 s E=-7.477105546889011 Er=1.276774e-04
[MACRO_TIMING] ncas= 88 macro= 31 step=764.321158 s cum_CASSCF=160730.823097 s E=-7.477105546889011 Er=1.276774e-04
[MACRO_TIMING] ncas= 88 macro= 31 step=737.533874 s cum_CASSCF=161468.356971 s E=-7.477105546889011 Er=1.276774e-04
macro iter  31 ( 21 JK    4 micro), CASSCF E = -7.47716229001983  dE = -5.67431308e-05
               |grad[o]|=5.97e-05  |grad[c]|=0.00477  |ddm|=7.09e-06  |maxRot[o]|=0.208
[MACRO_TIMING] ncas= 88 macro= 31 step=4040.531634 s cum_CASSCF=165508.888604 s E=-7.477162290019830 Er=1.200894e-04
[MACRO_TIMING] ncas= 88 macro= 32 step=644.683274 s cum_CASSCF=166153.571879 s E=-7.477162290019830 Er=1.200894e-04
[MACRO_TIMING] ncas= 88 macro= 32 step=739.342345 s cum_CASSCF=166892.914224 s E=-7.477162290019830 Er=1.200894e-04
[MACRO_TIMING] ncas= 88 macro= 32 step=761.743716 s cum_CASSCF=167654.657940 s E=-7.477162290019830 Er=1.200894e-04
macro iter  32 ( 21 JK    4 micro), CASSCF E = -7.47718681324033  dE = -2.45232205e-05
               |grad[o]|=4.82e-05  |grad[c]|=0.00165  |ddm|=5.86e-06  |maxRot[o]|=0.149
[MACRO_TIMING] ncas= 88 macro= 32 step=3465.546428 s cum_CASSCF=171120.204368 s E=-7.477186813240326 Er=1.168101e-04
[MACRO_TIMING] ncas= 88 macro= 33 step=640.500785 s cum_CASSCF=171760.705153 s E=-7.477186813240326 Er=1.168101e-04
macro iter  33 (  5 JK    1 micro), CASSCF E = -7.47718908451796  dE = -2.27127763e-06
               |grad[o]|=3.43e-05  |grad[c]|=0.00121  |ddm|=2.06e-06  |maxRot[o]|=0.0399
[MACRO_TIMING] ncas= 88 macro= 33 step=2403.990387 s cum_CASSCF=174164.695539 s E=-7.477189084517960 Er=1.165063e-04
[MACRO_TIMING] ncas= 88 macro= 34 step=631.530787 s cum_CASSCF=174796.226327 s E=-7.477189084517960 Er=1.165063e-04
macro iter  34 (  5 JK    1 micro), CASSCF E = -7.47719099581628  dE = -1.91129832e-06
               |grad[o]|=3.39e-05  |grad[c]|=0.00188  |ddm|=1.92e-06  |maxRot[o]|=0.0387
[MACRO_TIMING] ncas= 88 macro= 34 step=3153.765385 s cum_CASSCF=177949.991712 s E=-7.477190995816284 Er=1.162508e-04
[MACRO_TIMING] ncas= 88 macro= 35 step=646.045038 s cum_CASSCF=178596.036751 s E=-7.477190995816284 Er=1.162508e-04
macro iter  35 (  4 JK    1 micro), CASSCF E = -7.47719173944689  dE = -7.43630610e-07
               |grad[o]|=3.2e-05  |grad[c]|=0.00139  |ddm|=3.06e-06  |maxRot[o]|= 0.02
[MACRO_TIMING] ncas= 88 macro= 35 step=2973.711589 s cum_CASSCF=181569.748339 s E=-7.477191739446894 Er=1.161513e-04
[MACRO_TIMING] ncas= 88 macro= 36 step=645.458688 s cum_CASSCF=182215.207028 s E=-7.477191739446894 Er=1.161513e-04
[MACRO_TIMING] ncas= 88 macro= 36 step=744.232823 s cum_CASSCF=182959.439851 s E=-7.477191739446894 Er=1.161513e-04
[MACRO_TIMING] ncas= 88 macro= 36 step=733.384983 s cum_CASSCF=183692.824834 s E=-7.477191739446894 Er=1.161513e-04
macro iter  36 ( 21 JK    4 micro), CASSCF E = -7.47721398524253  dE = -2.22457956e-05
               |grad[o]|=3.21e-05  |grad[c]|=0.0127  |ddm|=2.19e-06  |maxRot[o]|=0.235
[MACRO_TIMING] ncas= 88 macro= 36 step=3550.407178 s cum_CASSCF=187243.232013 s E=-7.477213985242528 Er=1.131765e-04
[MACRO_TIMING] ncas= 88 macro= 37 step=627.402557 s cum_CASSCF=187870.634569 s E=-7.477213985242528 Er=1.131765e-04
[MACRO_TIMING] ncas= 88 macro= 37 step=733.590631 s cum_CASSCF=188604.225200 s E=-7.477213985242528 Er=1.131765e-04
[MACRO_TIMING] ncas= 88 macro= 37 step=735.823636 s cum_CASSCF=189340.048836 s E=-7.477213985242528 Er=1.131765e-04
macro iter  37 ( 21 JK    4 micro), CASSCF E = -7.47723274326312  dE = -1.87580206e-05
               |grad[o]|=3.12e-05  |grad[c]|=0.00214  |ddm|=1.96e-06  |maxRot[o]|=0.228
[MACRO_TIMING] ncas= 88 macro= 37 step=3268.187805 s cum_CASSCF=192608.236641 s E=-7.477232743263116 Er=1.106681e-04
[MACRO_TIMING] ncas= 88 macro= 38 step=629.120626 s cum_CASSCF=193237.357267 s E=-7.477232743263116 Er=1.106681e-04
[MACRO_TIMING] ncas= 88 macro= 38 step=732.362538 s cum_CASSCF=193969.719804 s E=-7.477232743263116 Er=1.106681e-04
macro iter  38 (  9 JK    2 micro), CASSCF E = -7.47723602911443  dE = -3.28585132e-06
               |grad[o]|=2.87e-05  |grad[c]|=0.00296  |ddm|=1.34e-06  |maxRot[o]|=0.0986
[MACRO_TIMING] ncas= 88 macro= 38 step=2614.935665 s cum_CASSCF=196584.655470 s E=-7.477236029114433 Er=1.102287e-04
[MACRO_TIMING] ncas= 88 macro= 39 step=625.950873 s cum_CASSCF=197210.606343 s E=-7.477236029114433 Er=1.102287e-04
[MACRO_TIMING] ncas= 88 macro= 39 step=734.352225 s cum_CASSCF=197944.958568 s E=-7.477236029114433 Er=1.102287e-04
[MACRO_TIMING] ncas= 88 macro= 39 step=730.913505 s cum_CASSCF=198675.872073 s E=-7.477236029114433 Er=1.102287e-04
macro iter  39 ( 21 JK    4 micro), CASSCF E = -7.47725222207349  dE = -1.61929591e-05
               |grad[o]|=2.84e-05  |grad[c]|=0.00628  |ddm|=1.77e-06  |maxRot[o]|=0.272
[MACRO_TIMING] ncas= 88 macro= 39 step=3257.828322 s cum_CASSCF=201933.700395 s E=-7.477252222073488 Er=1.080633e-04
[MACRO_TIMING] ncas= 88 macro= 40 step=623.547587 s cum_CASSCF=202557.247983 s E=-7.477252222073488 Er=1.080633e-04
macro iter  40 (  4 JK    1 micro), CASSCF E = -7.47725256122752  dE = -3.39154028e-07
               |grad[o]|=2.33e-05  |grad[c]|=0.000829  |ddm|=8.41e-07  |maxRot[o]|= 0.02
[MACRO_TIMING] ncas= 88 macro= 40 step=2333.778699 s cum_CASSCF=204891.026681 s E=-7.477252561227516 Er=1.080180e-04
[MACRO_TIMING] ncas= 88 macro= 41 step=625.526237 s cum_CASSCF=205516.552919 s E=-7.477252561227516 Er=1.080180e-04
[MACRO_TIMING] ncas= 88 macro= 41 step=735.266285 s cum_CASSCF=206251.819203 s E=-7.477252561227516 Er=1.080180e-04
macro iter  41 ( 10 JK    2 micro), CASSCF E = -7.47725622898383  dE = -3.66775631e-06
               |grad[o]|=2.52e-05  |grad[c]|=0.00235  |ddm|=2.31e-06  |maxRot[o]|=0.119
[MACRO_TIMING] ncas= 88 macro= 41 step=3788.419512 s cum_CASSCF=210040.238715 s E=-7.477256228983831 Er=1.075275e-04
[MACRO_TIMING] ncas= 88 macro= 42 step=678.018991 s cum_CASSCF=210718.257707 s E=-7.477256228983831 Er=1.075275e-04
[MACRO_TIMING] ncas= 88 macro= 42 step=736.109355 s cum_CASSCF=211454.367062 s E=-7.477256228983831 Er=1.075275e-04
[MACRO_TIMING] ncas= 88 macro= 42 step=733.411154 s cum_CASSCF=212187.778215 s E=-7.477256228983831 Er=1.075275e-04
macro iter  42 ( 15 JK    3 micro), CASSCF E = -7.47727054416922  dE = -1.43151854e-05
               |grad[o]|=2.7e-05  |grad[c]|=0.00987  |ddm|=2.14e-06  |maxRot[o]|= 0.17
[MACRO_TIMING] ncas= 88 macro= 42 step=3276.647514 s cum_CASSCF=215464.425730 s E=-7.477270544169215 Er=1.056132e-04
[MACRO_TIMING] ncas= 88 macro= 43 step=624.585158 s cum_CASSCF=216089.010888 s E=-7.477270544169215 Er=1.056132e-04
[MACRO_TIMING] ncas= 88 macro= 43 step=733.221658 s cum_CASSCF=216822.232545 s E=-7.477270544169215 Er=1.056132e-04
[MACRO_TIMING] ncas= 88 macro= 43 step=734.519783 s cum_CASSCF=217556.752329 s E=-7.477270544169215 Er=1.056132e-04
macro iter  43 ( 20 JK    4 micro), CASSCF E = -7.47728138613270  dE = -1.08419635e-05
               |grad[o]|=2.81e-05  |grad[c]|=0.00391  |ddm|=4.81e-06  |maxRot[o]|=0.258
[MACRO_TIMING] ncas= 88 macro= 43 step=4012.722276 s cum_CASSCF=221569.474605 s E=-7.477281386132702 Er=1.041634e-04
[MACRO_TIMING] ncas= 88 macro= 44 step=622.222857 s cum_CASSCF=222191.697462 s E=-7.477281386132702 Er=1.041634e-04
[MACRO_TIMING] ncas= 88 macro= 44 step=732.297637 s cum_CASSCF=222923.995099 s E=-7.477281386132702 Er=1.041634e-04
macro iter  44 (  9 JK    2 micro), CASSCF E = -7.47728453323306  dE = -3.14710036e-06
               |grad[o]|=2.61e-05  |grad[c]|=0.000923  |ddm|=2.7e-06  |maxRot[o]|=0.0994
[MACRO_TIMING] ncas= 88 macro= 44 step=3266.392572 s cum_CASSCF=226190.387670 s E=-7.477284533233060 Er=1.037425e-04
[MACRO_TIMING] ncas= 88 macro= 45 step=628.296029 s cum_CASSCF=226818.683699 s E=-7.477284533233060 Er=1.037425e-04
[MACRO_TIMING] ncas= 88 macro= 45 step=733.867199 s cum_CASSCF=227552.550898 s E=-7.477284533233060 Er=1.037425e-04
[MACRO_TIMING] ncas= 88 macro= 45 step=730.887276 s cum_CASSCF=228283.438174 s E=-7.477284533233060 Er=1.037425e-04
macro iter  45 ( 14 JK    3 micro), CASSCF E = -7.47728921689988  dE = -4.68366682e-06
               |grad[o]|=2.51e-05  |grad[c]|=0.00353  |ddm|=2.19e-06  |maxRot[o]|=0.148
[MACRO_TIMING] ncas= 88 macro= 45 step=3924.005160 s cum_CASSCF=232207.443333 s E=-7.477289216899882 Er=1.031162e-04
[MACRO_TIMING] ncas= 88 macro= 46 step=623.766165 s cum_CASSCF=232831.209498 s E=-7.477289216899882 Er=1.031162e-04
[MACRO_TIMING] ncas= 88 macro= 46 step=733.331544 s cum_CASSCF=233564.541043 s E=-7.477289216899882 Er=1.031162e-04
[MACRO_TIMING] ncas= 88 macro= 46 step=734.180260 s cum_CASSCF=234298.721303 s E=-7.477289216899882 Er=1.031162e-04
macro iter  46 ( 21 JK    4 micro), CASSCF E = -7.47730364054076  dE = -1.44236409e-05
               |grad[o]|=3.35e-05  |grad[c]|=0.0165  |ddm|=1.43e-06  |maxRot[o]|=0.267
[MACRO_TIMING] ncas= 88 macro= 46 step=3359.848186 s cum_CASSCF=237658.569489 s E=-7.477303640540763 Er=1.011874e-04
[MACRO_TIMING] ncas= 88 macro= 47 step=622.218984 s cum_CASSCF=238280.788473 s E=-7.477303640540763 Er=1.011874e-04
[MACRO_TIMING] ncas= 88 macro= 47 step=734.297075 s cum_CASSCF=239015.085548 s E=-7.477303640540763 Er=1.011874e-04
macro iter  47 (  9 JK    2 micro), CASSCF E = -7.47730530716886  dE = -1.66662810e-06
               |grad[o]|=2.51e-05  |grad[c]|=0.000945  |ddm|=2.11e-06  |maxRot[o]|=0.0949
[MACRO_TIMING] ncas= 88 macro= 47 step=3270.064162 s cum_CASSCF=242285.149709 s E=-7.477305307168864 Er=1.009645e-04
[MACRO_TIMING] ncas= 88 macro= 48 step=624.235499 s cum_CASSCF=242909.385208 s E=-7.477305307168864 Er=1.009645e-04
[MACRO_TIMING] ncas= 88 macro= 48 step=733.416351 s cum_CASSCF=243642.801559 s E=-7.477305307168864 Er=1.009645e-04
[MACRO_TIMING] ncas= 88 macro= 48 step=731.828500 s cum_CASSCF=244374.630059 s E=-7.477305307168864 Er=1.009645e-04
macro iter  48 ( 21 JK    4 micro), CASSCF E = -7.47731816901570  dE = -1.28618468e-05
               |grad[o]|=2.09e-05  |grad[c]|=0.0139  |ddm|=1.41e-06  |maxRot[o]|=0.266
[MACRO_TIMING] ncas= 88 macro= 48 step=2800.155638 s cum_CASSCF=247174.785697 s E=-7.477318169015696 Er=9.924458e-05
[MACRO_TIMING] ncas= 88 macro= 49 step=620.067566 s cum_CASSCF=247794.853263 s E=-7.477318169015696 Er=9.924458e-05
[MACRO_TIMING] ncas= 88 macro= 49 step=732.669175 s cum_CASSCF=248527.522438 s E=-7.477318169015696 Er=9.924458e-05
macro iter  49 (  9 JK    2 micro), CASSCF E = -7.47732053220997  dE = -2.36319428e-06
               |grad[o]|=2.37e-05  |grad[c]|=0.000996  |ddm|=1.25e-06  |maxRot[o]|=0.0983
[MACRO_TIMING] ncas= 88 macro= 49 step=2326.042240 s cum_CASSCF=250853.564678 s E=-7.477320532209975 Er=9.892857e-05
[MACRO_TIMING] ncas= 88 macro= 50 step=621.151551 s cum_CASSCF=251474.716229 s E=-7.477320532209975 Er=9.892857e-05
macro iter  50 (  4 JK    1 micro), CASSCF E = -7.47732081105311  dE = -2.78843137e-07
               |grad[o]|=1.81e-05  |grad[c]|=0.000637  |ddm|=1.1e-07  |maxRot[o]|= 0.02
[MACRO_TIMING] ncas= 88 macro= 50 step=1485.940221 s cum_CASSCF=252960.656450 s E=-7.477320811053112 Er=9.889128e-05
[MACRO_TIMING] ncas= 88 macro= 51 step=624.544142 s cum_CASSCF=253585.200591 s E=-7.477320811053112 Er=9.889128e-05
[MACRO_TIMING] ncas= 88 macro= 51 step=738.452616 s cum_CASSCF=254323.653207 s E=-7.477320811053112 Er=9.889128e-05
[MACRO_TIMING] ncas= 88 macro= 51 step=747.218973 s cum_CASSCF=255070.872180 s E=-7.477320811053112 Er=9.889128e-05
macro iter  51 ( 21 JK    4 micro), CASSCF E = -7.47732810080535  dE = -7.28975224e-06
               |grad[o]|=1.84e-05  |grad[c]|=0.0101  |ddm|=9.87e-07  |maxRot[o]|=0.269
[MACRO_TIMING] ncas= 88 macro= 51 step=3459.157334 s cum_CASSCF=258530.029514 s E=-7.477328100805352 Er=9.791646e-05
[MACRO_TIMING] ncas= 88 macro= 52 step=619.191322 s cum_CASSCF=259149.220836 s E=-7.477328100805352 Er=9.791646e-05
[MACRO_TIMING] ncas= 88 macro= 52 step=733.403823 s cum_CASSCF=259882.624659 s E=-7.477328100805352 Er=9.791646e-05
macro iter  52 (  9 JK    2 micro), CASSCF E = -7.47733440674881  dE = -6.30594346e-06
               |grad[o]|=3.85e-05  |grad[c]|=0.00473  |ddm|=8.92e-07  |maxRot[o]|=0.093
[MACRO_TIMING] ncas= 88 macro= 52 step=2440.389880 s cum_CASSCF=262323.014539 s E=-7.477334406748810 Er=9.707320e-05
[MACRO_TIMING] ncas= 88 macro= 53 step=629.371761 s cum_CASSCF=262952.386300 s E=-7.477334406748810 Er=9.707320e-05
macro iter  53 (  4 JK    1 micro), CASSCF E = -7.47733527660199  dE = -8.69853181e-07
               |grad[o]|=2.38e-05  |grad[c]|=0.00356  |ddm|=4.5e-07  |maxRot[o]|= 0.02
[MACRO_TIMING] ncas= 88 macro= 53 step=1796.388299 s cum_CASSCF=264748.774599 s E=-7.477335276601991 Er=9.695688e-05
[MACRO_TIMING] ncas= 88 macro= 54 step=693.164792 s cum_CASSCF=265441.939391 s E=-7.477335276601991 Er=9.695688e-05
macro iter  54 (  6 JK    1 micro), CASSCF E = -7.47733632664179  dE = -1.05003980e-06
               |grad[o]|=2.11e-05  |grad[c]|=0.00289  |ddm|=7.09e-07  |maxRot[o]|=0.0597
[MACRO_TIMING] ncas= 88 macro= 54 step=2359.366237 s cum_CASSCF=267801.305628 s E=-7.477336326641795 Er=9.681646e-05
[MACRO_TIMING] ncas= 88 macro= 55 step=624.163842 s cum_CASSCF=268425.469470 s E=-7.477336326641795 Er=9.681646e-05
[MACRO_TIMING] ncas= 88 macro= 55 step=733.315476 s cum_CASSCF=269158.784945 s E=-7.477336326641795 Er=9.681646e-05
macro iter  55 (  9 JK    2 micro), CASSCF E = -7.47733791532807  dE = -1.58868627e-06
               |grad[o]|=1.84e-05  |grad[c]|=0.00147  |ddm|=7.99e-07  |maxRot[o]|=0.0987
[MACRO_TIMING] ncas= 88 macro= 55 step=2230.334460 s cum_CASSCF=271389.119405 s E=-7.477337915328065 Er=9.660402e-05
[MACRO_TIMING] ncas= 88 macro= 56 step=621.245854 s cum_CASSCF=272010.365259 s E=-7.477337915328065 Er=9.660402e-05
[MACRO_TIMING] ncas= 88 macro= 56 step=730.115127 s cum_CASSCF=272740.480386 s E=-7.477337915328065 Er=9.660402e-05
[MACRO_TIMING] ncas= 88 macro= 56 step=733.833367 s cum_CASSCF=273474.313753 s E=-7.477337915328065 Er=9.660402e-05
macro iter  56 ( 21 JK    4 micro), CASSCF E = -7.47735257757287  dE = -1.46622448e-05
               |grad[o]|=2e-05  |grad[c]|=0.0137  |ddm|=1.39e-06  |maxRot[o]|=0.261
[MACRO_TIMING] ncas= 88 macro= 56 step=2518.936116 s cum_CASSCF=275993.249869 s E=-7.477352577572868 Er=9.464332e-05
[MACRO_TIMING] ncas= 88 macro= 57 step=621.215883 s cum_CASSCF=276614.465752 s E=-7.477352577572868 Er=9.464332e-05
