I0512 11:11:37.212563 137054315607872 main.py:42] System config:

batch_size: 4096
config_module: .atom
debug:
  check_nan: false
  deterministic: false
log:
  features: false
  local_energies: false
  restore_path: ''
  save_frequency: 100.0
  save_path: /home/sjtu/PyQMC/Ferminet/checkpoints_ferminet_x64_atoms/He_triplet
  stats_frequency: 1000
  timing_frequency: 10000
  walkers: false
mcmc:
  adapt_frequency: 100
  blocks: 1
  burn_in: 100
  init_means: !!python/tuple []
  init_width: 1.0
  move_width: 0.02
  num_leapfrog_steps: 10
  scale_by_nuclear_distance: false
  steps: 10
  use_hmc: false
network:
  bias_orbitals: false
  complex: false
  determinants: 16
  ferminet:
    electron_nuclear_aux_dims: !!python/tuple []
    hidden_dims: !!python/tuple
    - &id001 !!python/tuple
      - 256
      - 32
    - *id001
    - *id001
    - *id001
    nuclear_embedding_dim: 0
    schnet_electron_electron_convolutions: !!python/tuple []
    schnet_electron_nuclear_convolutions: !!python/tuple []
    separate_spin_channels: false
    use_last_layer: false
  full_det: true
  jastrow: default
  make_envelope_fn: ''
  make_envelope_kwargs: {}
  make_feature_layer_fn: ''
  make_feature_layer_kwargs: {}
  network_type: ferminet
  psiformer:
    heads_dim: 64
    mlp_hidden_dims: !!python/tuple
    - 256
    num_heads: 4
    num_layers: 4
    use_layer_norm: true
  rescale_inputs: false
observables:
  density: false
  density_basis: def2-tzvpd
  dipole: false
  s2: false
optim:
  adam:
    b1: 0.9
    b2: 0.999
    eps: 1.0e-08
    eps_root: 0.0
  center_at_clip: true
  clip_local_energy: 5.0
  clip_median: false
  iterations: 1000000
  kfac:
    cov_ema_decay: 0.95
    cov_update_every: 1
    damping: 0.001
    invert_every: 1
    l2_reg: 0.0
    mean_center: true
    min_damping: 0.0001
    momentum: 0.0
    momentum_type: regular
    norm_constraint: 0.001
    register_only_generic: false
  laplacian: default
  lr:
    decay: 1.0
    delay: 10000.0
    rate: 0.05
  max_vmap_batch_size: 0
  objective: vmc
  optimizer: kfac
  overlap:
    penalty: 1.0
    weights: null
  reset_if_nan: false
  spin_energy: 0.0
  vmc_weight: 0.0
pretrain:
  basis: ccpvdz
  excitation_type: ordered
  iterations: 1000
  method: hf
  scf_fraction: 1.0
system:
  atom: He
  charge: 0
  delta_charge: 0.0
  electrons: !!python/tuple
  - 2
  - 0
  make_local_energy_fn: ''
  make_local_energy_kwargs: {}
  molecule:
  - !!python/object:ferminet.utils.system.Atom
    atomic_number: 2
    charge: 2.0
    coords: !!python/tuple
    - 0.0
    - 0.0
    - 0.0
    symbol: He
    units: bohr
  ndim: 3
  pp:
    basis: ccecp-cc-pVDZ
    symbols: null
    type: ccecp
  pyscf_mol: null
  set_molecule: adjust_nuclear_charge
  spin_polarisation: 2
  states: 0
  type: 1
  units: bohr
  use_pp: false

I0512 11:11:37.461180 137054315607872 train.py:415] Starting QMC with 1 XLA devices per host across 1 hosts.
converged SCF energy = -1.40116327670131  <S^2> = 2  2S+1 = 3
I0512 11:11:41.404042 137054315607872 train.py:615] No checkpoint found. Training new model.
W0512 11:11:41.594322 137054315607872 train.py:135] Failed to find a valid initial electron configuration after 10000 iterations. Initializing all electrons from a Gaussian distribution centred on the origin. This might require increasing the number of iterations used for pretraining and MCMC burn-in. Consider implementing a custom initialisation.
I0512 11:11:46.616209 137054315607872 pretrain.py:352] Pretrain iter 00000000: loss=5.9743709891249837e-02, pmove=0.92016602
I0512 11:11:46.645114 137054315607872 pretrain.py:352] Pretrain iter 00000001: loss=3.6112773701092997e-02, pmove=0.92382812
I0512 11:11:46.674360 137054315607872 pretrain.py:352] Pretrain iter 00000002: loss=2.3458286788720639e-02, pmove=0.91918945
I0512 11:11:46.703597 137054315607872 pretrain.py:352] Pretrain iter 00000003: loss=1.8896988961486193e-02, pmove=0.91748047
I0512 11:11:46.730881 137054315607872 pretrain.py:352] Pretrain iter 00000004: loss=1.8847612612893389e-02, pmove=0.91699219
I0512 11:11:46.758176 137054315607872 pretrain.py:352] Pretrain iter 00000005: loss=1.9797609690158671e-02, pmove=0.91650391
I0512 11:11:46.785423 137054315607872 pretrain.py:352] Pretrain iter 00000006: loss=2.0441410596622772e-02, pmove=0.91601562
I0512 11:11:46.812475 137054315607872 pretrain.py:352] Pretrain iter 00000007: loss=2.0444464557083611e-02, pmove=0.92163086
I0512 11:11:46.839714 137054315607872 pretrain.py:352] Pretrain iter 00000008: loss=1.9908961318434535e-02, pmove=0.92626953
I0512 11:11:46.866806 137054315607872 pretrain.py:352] Pretrain iter 00000009: loss=1.8971809787070897e-02, pmove=0.91967773
I0512 11:11:46.894072 137054315607872 pretrain.py:352] Pretrain iter 00000010: loss=1.7870506754156117e-02, pmove=0.92114258
I0512 11:11:46.921226 137054315607872 pretrain.py:352] Pretrain iter 00000011: loss=1.6631049217670103e-02, pmove=0.92480469
I0512 11:11:46.948419 137054315607872 pretrain.py:352] Pretrain iter 00000012: loss=1.5380148331037872e-02, pmove=0.92480469
I0512 11:11:46.975584 137054315607872 pretrain.py:352] Pretrain iter 00000013: loss=1.4182089054739375e-02, pmove=0.92456055
I0512 11:11:47.002510 137054315607872 pretrain.py:352] Pretrain iter 00000014: loss=1.3200818403548767e-02, pmove=0.92700195
I0512 11:11:47.029724 137054315607872 pretrain.py:352] Pretrain iter 00000015: loss=1.2506272169533029e-02, pmove=0.91821289
I0512 11:11:47.056906 137054315607872 pretrain.py:352] Pretrain iter 00000016: loss=1.2147177427259050e-02, pmove=0.92895508
I0512 11:11:47.084161 137054315607872 pretrain.py:352] Pretrain iter 00000017: loss=1.1861398232142868e-02, pmove=0.92407227
I0512 11:11:47.111377 137054315607872 pretrain.py:352] Pretrain iter 00000018: loss=1.1853035684997383e-02, pmove=0.93188477
I0512 11:11:47.138592 137054315607872 pretrain.py:352] Pretrain iter 00000019: loss=1.1767457981469671e-02, pmove=0.92602539
I0512 11:11:47.165807 137054315607872 pretrain.py:352] Pretrain iter 00000020: loss=1.1639491735545154e-02, pmove=0.93823242
I0512 11:11:47.192993 137054315607872 pretrain.py:352] Pretrain iter 00000021: loss=1.1282984133930397e-02, pmove=0.93090820
I0512 11:11:47.220237 137054315607872 pretrain.py:352] Pretrain iter 00000022: loss=1.0818690682938246e-02, pmove=0.92895508
I0512 11:11:47.247424 137054315607872 pretrain.py:352] Pretrain iter 00000023: loss=1.0267846203587951e-02, pmove=0.92773438
I0512 11:11:47.274605 137054315607872 pretrain.py:352] Pretrain iter 00000024: loss=9.6908851392868370e-03, pmove=0.93041992
I0512 11:11:47.301753 137054315607872 pretrain.py:352] Pretrain iter 00000025: loss=9.1563780064726416e-03, pmove=0.92944336
I0512 11:11:47.328983 137054315607872 pretrain.py:352] Pretrain iter 00000026: loss=8.6946502663607615e-03, pmove=0.92578125
I0512 11:11:47.356229 137054315607872 pretrain.py:352] Pretrain iter 00000027: loss=8.2758600185051968e-03, pmove=0.93066406
I0512 11:11:47.383426 137054315607872 pretrain.py:352] Pretrain iter 00000028: loss=7.8137360539361541e-03, pmove=0.93530273
I0512 11:11:47.410640 137054315607872 pretrain.py:352] Pretrain iter 00000029: loss=7.4792011783518242e-03, pmove=0.93847656
I0512 11:11:47.437657 137054315607872 pretrain.py:352] Pretrain iter 00000030: loss=7.2310582725726097e-03, pmove=0.92724609
I0512 11:11:47.465055 137054315607872 pretrain.py:352] Pretrain iter 00000031: loss=6.9792797618672738e-03, pmove=0.93432617
I0512 11:11:47.492273 137054315607872 pretrain.py:352] Pretrain iter 00000032: loss=6.7338531272268937e-03, pmove=0.93676758
I0512 11:11:47.519511 137054315607872 pretrain.py:352] Pretrain iter 00000033: loss=6.4745048611988968e-03, pmove=0.93188477
I0512 11:11:47.546681 137054315607872 pretrain.py:352] Pretrain iter 00000034: loss=6.2709722993187639e-03, pmove=0.92529297
I0512 11:11:47.574521 137054315607872 pretrain.py:352] Pretrain iter 00000035: loss=6.0046424861287685e-03, pmove=0.92871094
I0512 11:11:47.601639 137054315607872 pretrain.py:352] Pretrain iter 00000036: loss=5.7434178438150636e-03, pmove=0.92602539
I0512 11:11:47.628869 137054315607872 pretrain.py:352] Pretrain iter 00000037: loss=5.4324831604346388e-03, pmove=0.92871094
I0512 11:11:47.656071 137054315607872 pretrain.py:352] Pretrain iter 00000038: loss=5.1278200401666156e-03, pmove=0.93359375
I0512 11:11:47.683342 137054315607872 pretrain.py:352] Pretrain iter 00000039: loss=4.8004085310270547e-03, pmove=0.93481445
I0512 11:11:47.710517 137054315607872 pretrain.py:352] Pretrain iter 00000040: loss=4.4781398844986617e-03, pmove=0.93383789
I0512 11:11:47.737704 137054315607872 pretrain.py:352] Pretrain iter 00000041: loss=4.1952172447771770e-03, pmove=0.93090820
I0512 11:11:47.764910 137054315607872 pretrain.py:352] Pretrain iter 00000042: loss=3.9251000434319177e-03, pmove=0.93408203
I0512 11:11:47.792108 137054315607872 pretrain.py:352] Pretrain iter 00000043: loss=3.6993771695832765e-03, pmove=0.93359375
I0512 11:11:47.819199 137054315607872 pretrain.py:352] Pretrain iter 00000044: loss=3.4885635292524701e-03, pmove=0.93481445
I0512 11:11:47.846166 137054315607872 pretrain.py:352] Pretrain iter 00000045: loss=3.2729907422193545e-03, pmove=0.93603516
I0512 11:11:47.873367 137054315607872 pretrain.py:352] Pretrain iter 00000046: loss=3.0523227016970135e-03, pmove=0.93505859
I0512 11:11:47.900533 137054315607872 pretrain.py:352] Pretrain iter 00000047: loss=2.8575430793500124e-03, pmove=0.93090820
I0512 11:11:47.927612 137054315607872 pretrain.py:352] Pretrain iter 00000048: loss=2.6655368089401879e-03, pmove=0.93237305
I0512 11:11:47.954842 137054315607872 pretrain.py:352] Pretrain iter 00000049: loss=2.4609154682051311e-03, pmove=0.93701172
I0512 11:11:47.981851 137054315607872 pretrain.py:352] Pretrain iter 00000050: loss=2.3004266531629122e-03, pmove=0.93896484
I0512 11:11:48.009037 137054315607872 pretrain.py:352] Pretrain iter 00000051: loss=2.1265164903119397e-03, pmove=0.93627930
I0512 11:11:48.036118 137054315607872 pretrain.py:352] Pretrain iter 00000052: loss=2.0068324998665909e-03, pmove=0.93188477
I0512 11:11:48.063285 137054315607872 pretrain.py:352] Pretrain iter 00000053: loss=1.8989490074566378e-03, pmove=0.93920898
I0512 11:11:48.090421 137054315607872 pretrain.py:352] Pretrain iter 00000054: loss=1.8114088946912113e-03, pmove=0.93188477
I0512 11:11:48.117483 137054315607872 pretrain.py:352] Pretrain iter 00000055: loss=1.7225553098771510e-03, pmove=0.93530273
I0512 11:11:48.144629 137054315607872 pretrain.py:352] Pretrain iter 00000056: loss=1.6401323283731343e-03, pmove=0.93823242
I0512 11:11:48.171729 137054315607872 pretrain.py:352] Pretrain iter 00000057: loss=1.5742717118704314e-03, pmove=0.93652344
I0512 11:11:48.198930 137054315607872 pretrain.py:352] Pretrain iter 00000058: loss=1.4853548628303323e-03, pmove=0.93334961
I0512 11:11:48.226109 137054315607872 pretrain.py:352] Pretrain iter 00000059: loss=1.4198362459777476e-03, pmove=0.93139648
I0512 11:11:48.253136 137054315607872 pretrain.py:352] Pretrain iter 00000060: loss=1.3564090856681441e-03, pmove=0.93212891
I0512 11:11:48.280313 137054315607872 pretrain.py:352] Pretrain iter 00000061: loss=1.2997156601084708e-03, pmove=0.93408203
I0512 11:11:48.307453 137054315607872 pretrain.py:352] Pretrain iter 00000062: loss=1.2330108748935180e-03, pmove=0.93237305
I0512 11:11:48.334635 137054315607872 pretrain.py:352] Pretrain iter 00000063: loss=1.1825075854883745e-03, pmove=0.94042969
I0512 11:11:48.361795 137054315607872 pretrain.py:352] Pretrain iter 00000064: loss=1.1261372405835940e-03, pmove=0.94384766
I0512 11:11:48.388989 137054315607872 pretrain.py:352] Pretrain iter 00000065: loss=1.0798252928904120e-03, pmove=0.93164062
I0512 11:11:48.416170 137054315607872 pretrain.py:352] Pretrain iter 00000066: loss=1.0243529925730507e-03, pmove=0.93579102
I0512 11:11:48.443265 137054315607872 pretrain.py:352] Pretrain iter 00000067: loss=9.7844607168291894e-04, pmove=0.93603516
I0512 11:11:48.470408 137054315607872 pretrain.py:352] Pretrain iter 00000068: loss=9.3770907839768646e-04, pmove=0.94213867
I0512 11:11:48.497614 137054315607872 pretrain.py:352] Pretrain iter 00000069: loss=8.9070590372182143e-04, pmove=0.94116211
I0512 11:11:48.524630 137054315607872 pretrain.py:352] Pretrain iter 00000070: loss=8.6011609663597685e-04, pmove=0.94287109
I0512 11:11:48.551800 137054315607872 pretrain.py:352] Pretrain iter 00000071: loss=8.2913166470825555e-04, pmove=0.94165039
I0512 11:11:48.578805 137054315607872 pretrain.py:352] Pretrain iter 00000072: loss=8.1107259027776149e-04, pmove=0.93798828
I0512 11:11:48.606024 137054315607872 pretrain.py:352] Pretrain iter 00000073: loss=7.7697828099517201e-04, pmove=0.92846680
I0512 11:11:48.633127 137054315607872 pretrain.py:352] Pretrain iter 00000074: loss=7.5424500070780292e-04, pmove=0.93505859
I0512 11:11:48.660319 137054315607872 pretrain.py:352] Pretrain iter 00000075: loss=7.3019637304458872e-04, pmove=0.93701172
I0512 11:11:48.687405 137054315607872 pretrain.py:352] Pretrain iter 00000076: loss=7.1200328915036522e-04, pmove=0.94116211
I0512 11:11:48.714521 137054315607872 pretrain.py:352] Pretrain iter 00000077: loss=6.8550436994844728e-04, pmove=0.93383789
I0512 11:11:48.741627 137054315607872 pretrain.py:352] Pretrain iter 00000078: loss=6.6811278677334461e-04, pmove=0.93872070
I0512 11:11:48.768506 137054315607872 pretrain.py:352] Pretrain iter 00000079: loss=6.5377607314327259e-04, pmove=0.93774414
I0512 11:11:48.795646 137054315607872 pretrain.py:352] Pretrain iter 00000080: loss=6.3033549280716128e-04, pmove=0.93896484
I0512 11:11:48.822724 137054315607872 pretrain.py:352] Pretrain iter 00000081: loss=6.1029148624974034e-04, pmove=0.93945312
I0512 11:11:48.849879 137054315607872 pretrain.py:352] Pretrain iter 00000082: loss=5.9210552073877751e-04, pmove=0.93750000
I0512 11:11:48.877088 137054315607872 pretrain.py:352] Pretrain iter 00000083: loss=5.7961075591960831e-04, pmove=0.94018555
I0512 11:11:48.904248 137054315607872 pretrain.py:352] Pretrain iter 00000084: loss=5.6958307423051304e-04, pmove=0.93969727
I0512 11:11:48.931375 137054315607872 pretrain.py:352] Pretrain iter 00000085: loss=5.5685279440162395e-04, pmove=0.93750000
I0512 11:11:48.958510 137054315607872 pretrain.py:352] Pretrain iter 00000086: loss=5.4605768981409676e-04, pmove=0.93457031
I0512 11:11:48.985702 137054315607872 pretrain.py:352] Pretrain iter 00000087: loss=5.2901547690055732e-04, pmove=0.93652344
I0512 11:11:49.012660 137054315607872 pretrain.py:352] Pretrain iter 00000088: loss=5.2063110410586078e-04, pmove=0.94018555
I0512 11:11:49.039867 137054315607872 pretrain.py:352] Pretrain iter 00000089: loss=5.1778322152188565e-04, pmove=0.94213867
I0512 11:11:49.067044 137054315607872 pretrain.py:352] Pretrain iter 00000090: loss=5.0997920171763503e-04, pmove=0.93652344
I0512 11:11:49.094209 137054315607872 pretrain.py:352] Pretrain iter 00000091: loss=5.0126044663173226e-04, pmove=0.93701172
I0512 11:11:49.121357 137054315607872 pretrain.py:352] Pretrain iter 00000092: loss=4.9534741253633358e-04, pmove=0.93676758
I0512 11:11:49.148519 137054315607872 pretrain.py:352] Pretrain iter 00000093: loss=4.8214079337700129e-04, pmove=0.93017578
I0512 11:11:49.175688 137054315607872 pretrain.py:352] Pretrain iter 00000094: loss=4.7155225630668402e-04, pmove=0.93188477
I0512 11:11:49.202872 137054315607872 pretrain.py:352] Pretrain iter 00000095: loss=4.6527510771988663e-04, pmove=0.94140625
I0512 11:11:49.230003 137054315607872 pretrain.py:352] Pretrain iter 00000096: loss=4.5792771016533269e-04, pmove=0.94384766
I0512 11:11:49.257173 137054315607872 pretrain.py:352] Pretrain iter 00000097: loss=4.4633013404576553e-04, pmove=0.94458008
I0512 11:11:49.284274 137054315607872 pretrain.py:352] Pretrain iter 00000098: loss=4.3954535022292315e-04, pmove=0.93823242
I0512 11:11:49.311269 137054315607872 pretrain.py:352] Pretrain iter 00000099: loss=4.2995717630892082e-04, pmove=0.94604492
I0512 11:11:49.338399 137054315607872 pretrain.py:352] Pretrain iter 00000100: loss=4.2590604031275659e-04, pmove=0.93554688
I0512 11:11:49.365517 137054315607872 pretrain.py:352] Pretrain iter 00000101: loss=4.2137061014255645e-04, pmove=0.93896484
I0512 11:11:49.392616 137054315607872 pretrain.py:352] Pretrain iter 00000102: loss=4.1650221210027215e-04, pmove=0.94018555
I0512 11:11:49.419786 137054315607872 pretrain.py:352] Pretrain iter 00000103: loss=4.1010504143356656e-04, pmove=0.93920898
I0512 11:11:49.446862 137054315607872 pretrain.py:352] Pretrain iter 00000104: loss=4.0471193412458257e-04, pmove=0.94189453
I0512 11:11:49.474085 137054315607872 pretrain.py:352] Pretrain iter 00000105: loss=3.9717302545944376e-04, pmove=0.94360352
I0512 11:11:49.501228 137054315607872 pretrain.py:352] Pretrain iter 00000106: loss=3.8921963724650405e-04, pmove=0.93872070
I0512 11:11:49.528376 137054315607872 pretrain.py:352] Pretrain iter 00000107: loss=3.8772754537635116e-04, pmove=0.94213867
I0512 11:11:49.555545 137054315607872 pretrain.py:352] Pretrain iter 00000108: loss=3.8354760635892979e-04, pmove=0.94165039
I0512 11:11:49.582709 137054315607872 pretrain.py:352] Pretrain iter 00000109: loss=3.7111652389792635e-04, pmove=0.93945312
I0512 11:11:49.609898 137054315607872 pretrain.py:352] Pretrain iter 00000110: loss=3.6636703353048832e-04, pmove=0.94018555
I0512 11:11:49.637047 137054315607872 pretrain.py:352] Pretrain iter 00000111: loss=3.6212470496674071e-04, pmove=0.93896484
I0512 11:11:49.664216 137054315607872 pretrain.py:352] Pretrain iter 00000112: loss=3.5635347983776247e-04, pmove=0.94482422
I0512 11:11:49.691687 137054315607872 pretrain.py:352] Pretrain iter 00000113: loss=3.5181693919895263e-04, pmove=0.94384766
I0512 11:11:49.718918 137054315607872 pretrain.py:352] Pretrain iter 00000114: loss=3.4926737196585840e-04, pmove=0.94335938
I0512 11:11:49.745894 137054315607872 pretrain.py:352] Pretrain iter 00000115: loss=3.4769911829811645e-04, pmove=0.93603516
I0512 11:11:49.773037 137054315607872 pretrain.py:352] Pretrain iter 00000116: loss=3.4376596650302692e-04, pmove=0.94384766
I0512 11:11:49.800286 137054315607872 pretrain.py:352] Pretrain iter 00000117: loss=3.3425061171647524e-04, pmove=0.93798828
I0512 11:11:49.826929 137054315607872 pretrain.py:352] Pretrain iter 00000118: loss=3.2807562033061261e-04, pmove=0.94067383
I0512 11:11:49.853927 137054315607872 pretrain.py:352] Pretrain iter 00000119: loss=3.2263477557431140e-04, pmove=0.94409180
I0512 11:11:49.881184 137054315607872 pretrain.py:352] Pretrain iter 00000120: loss=3.1583309523268378e-04, pmove=0.94458008
I0512 11:11:49.908215 137054315607872 pretrain.py:352] Pretrain iter 00000121: loss=3.1104138756373801e-04, pmove=0.94384766
I0512 11:11:49.935465 137054315607872 pretrain.py:352] Pretrain iter 00000122: loss=3.0953143185293605e-04, pmove=0.94165039
I0512 11:11:49.962548 137054315607872 pretrain.py:352] Pretrain iter 00000123: loss=3.0944526338949152e-04, pmove=0.94506836
I0512 11:11:49.989761 137054315607872 pretrain.py:352] Pretrain iter 00000124: loss=3.0646892875477909e-04, pmove=0.94189453
I0512 11:11:50.016786 137054315607872 pretrain.py:352] Pretrain iter 00000125: loss=3.0356266309841901e-04, pmove=0.93676758
I0512 11:11:50.044024 137054315607872 pretrain.py:352] Pretrain iter 00000126: loss=2.9971355048272988e-04, pmove=0.94116211
I0512 11:11:50.071053 137054315607872 pretrain.py:352] Pretrain iter 00000127: loss=2.9564068083646149e-04, pmove=0.94238281
I0512 11:11:50.098328 137054315607872 pretrain.py:352] Pretrain iter 00000128: loss=2.9227395291348647e-04, pmove=0.93896484
I0512 11:11:50.125524 137054315607872 pretrain.py:352] Pretrain iter 00000129: loss=2.9073554609636797e-04, pmove=0.94262695
I0512 11:11:50.152711 137054315607872 pretrain.py:352] Pretrain iter 00000130: loss=2.9001524485070375e-04, pmove=0.94482422
I0512 11:11:50.179855 137054315607872 pretrain.py:352] Pretrain iter 00000131: loss=2.8657255718096816e-04, pmove=0.94335938
I0512 11:11:50.207109 137054315607872 pretrain.py:352] Pretrain iter 00000132: loss=2.8048452690396296e-04, pmove=0.94116211
I0512 11:11:50.234296 137054315607872 pretrain.py:352] Pretrain iter 00000133: loss=2.7921879887481685e-04, pmove=0.94628906
I0512 11:11:50.261550 137054315607872 pretrain.py:352] Pretrain iter 00000134: loss=2.7740286210321054e-04, pmove=0.94213867
I0512 11:11:50.288706 137054315607872 pretrain.py:352] Pretrain iter 00000135: loss=2.7358025051893285e-04, pmove=0.94287109
I0512 11:11:50.315958 137054315607872 pretrain.py:352] Pretrain iter 00000136: loss=2.6994784621390682e-04, pmove=0.93408203
I0512 11:11:50.343151 137054315607872 pretrain.py:352] Pretrain iter 00000137: loss=2.6758182404380934e-04, pmove=0.93969727
I0512 11:11:50.370134 137054315607872 pretrain.py:352] Pretrain iter 00000138: loss=2.6541095581582151e-04, pmove=0.94506836
I0512 11:11:50.397209 137054315607872 pretrain.py:352] Pretrain iter 00000139: loss=2.6284311673215987e-04, pmove=0.94311523
I0512 11:11:50.424166 137054315607872 pretrain.py:352] Pretrain iter 00000140: loss=2.6072747663896700e-04, pmove=0.94384766
I0512 11:11:50.451462 137054315607872 pretrain.py:352] Pretrain iter 00000141: loss=2.5757083949609237e-04, pmove=0.94165039
I0512 11:11:50.478542 137054315607872 pretrain.py:352] Pretrain iter 00000142: loss=2.5473712731148232e-04, pmove=0.94091797
I0512 11:11:50.505603 137054315607872 pretrain.py:352] Pretrain iter 00000143: loss=2.5080879325989661e-04, pmove=0.94311523
I0512 11:11:50.532827 137054315607872 pretrain.py:352] Pretrain iter 00000144: loss=2.4916805544387033e-04, pmove=0.94628906
I0512 11:11:50.560053 137054315607872 pretrain.py:352] Pretrain iter 00000145: loss=2.4647892548178757e-04, pmove=0.94482422
I0512 11:11:50.587250 137054315607872 pretrain.py:352] Pretrain iter 00000146: loss=2.4433117629436119e-04, pmove=0.94189453
I0512 11:11:50.614337 137054315607872 pretrain.py:352] Pretrain iter 00000147: loss=2.4252582009777626e-04, pmove=0.94140625
I0512 11:11:50.641545 137054315607872 pretrain.py:352] Pretrain iter 00000148: loss=2.4113723213002117e-04, pmove=0.94970703
I0512 11:11:50.668747 137054315607872 pretrain.py:352] Pretrain iter 00000149: loss=2.4006732720578271e-04, pmove=0.94116211
I0512 11:11:50.695992 137054315607872 pretrain.py:352] Pretrain iter 00000150: loss=2.3798864012133198e-04, pmove=0.94335938
I0512 11:11:50.723211 137054315607872 pretrain.py:352] Pretrain iter 00000151: loss=2.3645017141527686e-04, pmove=0.94580078
I0512 11:11:50.750416 137054315607872 pretrain.py:352] Pretrain iter 00000152: loss=2.3548252152168309e-04, pmove=0.94750977
I0512 11:11:50.777569 137054315607872 pretrain.py:352] Pretrain iter 00000153: loss=2.3463787202186324e-04, pmove=0.93896484
I0512 11:11:50.804729 137054315607872 pretrain.py:352] Pretrain iter 00000154: loss=2.3569000900950626e-04, pmove=0.93823242
I0512 11:11:50.831927 137054315607872 pretrain.py:352] Pretrain iter 00000155: loss=2.3470463628101751e-04, pmove=0.94140625
I0512 11:11:50.859088 137054315607872 pretrain.py:352] Pretrain iter 00000156: loss=2.3278816382306774e-04, pmove=0.94189453
I0512 11:11:50.886113 137054315607872 pretrain.py:352] Pretrain iter 00000157: loss=2.3068292428778006e-04, pmove=0.94946289
I0512 11:11:50.913317 137054315607872 pretrain.py:352] Pretrain iter 00000158: loss=2.2795013059155882e-04, pmove=0.93896484
I0512 11:11:50.940407 137054315607872 pretrain.py:352] Pretrain iter 00000159: loss=2.2488204722592270e-04, pmove=0.93823242
I0512 11:11:50.967609 137054315607872 pretrain.py:352] Pretrain iter 00000160: loss=2.2038858393170786e-04, pmove=0.94042969
I0512 11:11:50.994733 137054315607872 pretrain.py:352] Pretrain iter 00000161: loss=2.1754526815517214e-04, pmove=0.94189453
I0512 11:11:51.021914 137054315607872 pretrain.py:352] Pretrain iter 00000162: loss=2.1673863416530161e-04, pmove=0.95361328
I0512 11:11:51.049132 137054315607872 pretrain.py:352] Pretrain iter 00000163: loss=2.1696509205934938e-04, pmove=0.93969727
I0512 11:11:51.076379 137054315607872 pretrain.py:352] Pretrain iter 00000164: loss=2.1590584837472856e-04, pmove=0.94604492
I0512 11:11:51.103585 137054315607872 pretrain.py:352] Pretrain iter 00000165: loss=2.1563657308174770e-04, pmove=0.94824219
I0512 11:11:51.130768 137054315607872 pretrain.py:352] Pretrain iter 00000166: loss=2.1507353620286307e-04, pmove=0.94335938
I0512 11:11:51.158020 137054315607872 pretrain.py:352] Pretrain iter 00000167: loss=2.1429554258274320e-04, pmove=0.94433594
I0512 11:11:51.185449 137054315607872 pretrain.py:352] Pretrain iter 00000168: loss=2.1445059042544550e-04, pmove=0.94433594
I0512 11:11:51.212789 137054315607872 pretrain.py:352] Pretrain iter 00000169: loss=2.1304981278083692e-04, pmove=0.94799805
I0512 11:11:51.240052 137054315607872 pretrain.py:352] Pretrain iter 00000170: loss=2.1050893786172067e-04, pmove=0.94189453
I0512 11:11:51.267127 137054315607872 pretrain.py:352] Pretrain iter 00000171: loss=2.0857264481506909e-04, pmove=0.94482422
I0512 11:11:51.294338 137054315607872 pretrain.py:352] Pretrain iter 00000172: loss=2.0451233588182494e-04, pmove=0.94360352
I0512 11:11:51.321488 137054315607872 pretrain.py:352] Pretrain iter 00000173: loss=2.0050217879796677e-04, pmove=0.94165039
I0512 11:11:51.348683 137054315607872 pretrain.py:352] Pretrain iter 00000174: loss=1.9783567223458551e-04, pmove=0.94555664
I0512 11:11:51.375934 137054315607872 pretrain.py:352] Pretrain iter 00000175: loss=1.9542275703571068e-04, pmove=0.94213867
I0512 11:11:51.403293 137054315607872 pretrain.py:352] Pretrain iter 00000176: loss=1.9519222847275830e-04, pmove=0.94750977
I0512 11:11:51.430458 137054315607872 pretrain.py:352] Pretrain iter 00000177: loss=1.9403127049266445e-04, pmove=0.94458008
I0512 11:11:51.457957 137054315607872 pretrain.py:352] Pretrain iter 00000178: loss=1.9497836929421554e-04, pmove=0.95019531
I0512 11:11:51.485252 137054315607872 pretrain.py:352] Pretrain iter 00000179: loss=1.9682950397334663e-04, pmove=0.93627930
I0512 11:11:51.512465 137054315607872 pretrain.py:352] Pretrain iter 00000180: loss=1.9598627026116207e-04, pmove=0.94482422
I0512 11:11:51.539700 137054315607872 pretrain.py:352] Pretrain iter 00000181: loss=1.9583407352376535e-04, pmove=0.95043945
I0512 11:11:51.566755 137054315607872 pretrain.py:352] Pretrain iter 00000182: loss=1.9473274655389605e-04, pmove=0.93676758
I0512 11:11:51.594012 137054315607872 pretrain.py:352] Pretrain iter 00000183: loss=1.9384187900663730e-04, pmove=0.95214844
I0512 11:11:51.621235 137054315607872 pretrain.py:352] Pretrain iter 00000184: loss=1.9172970333278873e-04, pmove=0.94580078
I0512 11:11:51.648288 137054315607872 pretrain.py:352] Pretrain iter 00000185: loss=1.8975477268399999e-04, pmove=0.94287109
I0512 11:11:51.675488 137054315607872 pretrain.py:352] Pretrain iter 00000186: loss=1.8739335507968497e-04, pmove=0.94018555
I0512 11:11:51.702700 137054315607872 pretrain.py:352] Pretrain iter 00000187: loss=1.8450318140380287e-04, pmove=0.94018555
I0512 11:11:51.729866 137054315607872 pretrain.py:352] Pretrain iter 00000188: loss=1.8173386750564024e-04, pmove=0.94067383
I0512 11:11:51.757081 137054315607872 pretrain.py:352] Pretrain iter 00000189: loss=1.7886510613593433e-04, pmove=0.94897461
I0512 11:11:51.784161 137054315607872 pretrain.py:352] Pretrain iter 00000190: loss=1.7920540130955762e-04, pmove=0.94165039
I0512 11:11:51.811366 137054315607872 pretrain.py:352] Pretrain iter 00000191: loss=1.7783944432089632e-04, pmove=0.93920898
I0512 11:11:51.838464 137054315607872 pretrain.py:352] Pretrain iter 00000192: loss=1.7684697470625861e-04, pmove=0.94433594
I0512 11:11:51.865761 137054315607872 pretrain.py:352] Pretrain iter 00000193: loss=1.7579137294830550e-04, pmove=0.94482422
I0512 11:11:51.893177 137054315607872 pretrain.py:352] Pretrain iter 00000194: loss=1.7483787843772694e-04, pmove=0.94750977
I0512 11:11:51.920459 137054315607872 pretrain.py:352] Pretrain iter 00000195: loss=1.7583249094316810e-04, pmove=0.94848633
I0512 11:11:51.947730 137054315607872 pretrain.py:352] Pretrain iter 00000196: loss=1.7575078761786754e-04, pmove=0.94970703
I0512 11:11:51.975033 137054315607872 pretrain.py:352] Pretrain iter 00000197: loss=1.7687677285151566e-04, pmove=0.94165039
I0512 11:11:52.002371 137054315607872 pretrain.py:352] Pretrain iter 00000198: loss=1.7975458642034746e-04, pmove=0.94287109
I0512 11:11:52.029666 137054315607872 pretrain.py:352] Pretrain iter 00000199: loss=1.8735799336569648e-04, pmove=0.94287109
I0512 11:11:52.056912 137054315607872 pretrain.py:352] Pretrain iter 00000200: loss=1.9938724061678906e-04, pmove=0.95068359
I0512 11:11:52.084214 137054315607872 pretrain.py:352] Pretrain iter 00000201: loss=2.1499554638464927e-04, pmove=0.94995117
I0512 11:11:52.111478 137054315607872 pretrain.py:352] Pretrain iter 00000202: loss=2.2093462441770024e-04, pmove=0.93872070
I0512 11:11:52.138759 137054315607872 pretrain.py:352] Pretrain iter 00000203: loss=2.1027470758773012e-04, pmove=0.94018555
I0512 11:11:52.166018 137054315607872 pretrain.py:352] Pretrain iter 00000204: loss=1.8338480650339952e-04, pmove=0.94018555
I0512 11:11:52.193331 137054315607872 pretrain.py:352] Pretrain iter 00000205: loss=1.6633151745933897e-04, pmove=0.94091797
I0512 11:11:52.220544 137054315607872 pretrain.py:352] Pretrain iter 00000206: loss=1.7349689550209276e-04, pmove=0.95019531
I0512 11:11:52.247806 137054315607872 pretrain.py:352] Pretrain iter 00000207: loss=1.8700861734353654e-04, pmove=0.94433594
I0512 11:11:52.275054 137054315607872 pretrain.py:352] Pretrain iter 00000208: loss=1.9036434202651529e-04, pmove=0.94116211
I0512 11:11:52.302312 137054315607872 pretrain.py:352] Pretrain iter 00000209: loss=1.7566614401318695e-04, pmove=0.94458008
I0512 11:11:52.329550 137054315607872 pretrain.py:352] Pretrain iter 00000210: loss=1.6323221219994444e-04, pmove=0.94653320
I0512 11:11:52.356961 137054315607872 pretrain.py:352] Pretrain iter 00000211: loss=1.6558228952532223e-04, pmove=0.93823242
I0512 11:11:52.384254 137054315607872 pretrain.py:352] Pretrain iter 00000212: loss=1.7429878982353506e-04, pmove=0.94238281
I0512 11:11:52.411552 137054315607872 pretrain.py:352] Pretrain iter 00000213: loss=1.7665782207418611e-04, pmove=0.95385742
I0512 11:11:52.438731 137054315607872 pretrain.py:352] Pretrain iter 00000214: loss=1.6948332000696695e-04, pmove=0.93579102
I0512 11:11:52.466079 137054315607872 pretrain.py:352] Pretrain iter 00000215: loss=1.6112570981926887e-04, pmove=0.94140625
I0512 11:11:52.493442 137054315607872 pretrain.py:352] Pretrain iter 00000216: loss=1.6137352301403033e-04, pmove=0.94287109
I0512 11:11:52.520711 137054315607872 pretrain.py:352] Pretrain iter 00000217: loss=1.6524640285383538e-04, pmove=0.94140625
I0512 11:11:52.547866 137054315607872 pretrain.py:352] Pretrain iter 00000218: loss=1.6838392332811289e-04, pmove=0.94628906
I0512 11:11:52.575132 137054315607872 pretrain.py:352] Pretrain iter 00000219: loss=1.6414055854198047e-04, pmove=0.95166016
I0512 11:11:52.602379 137054315607872 pretrain.py:352] Pretrain iter 00000220: loss=1.5803383884507817e-04, pmove=0.94409180
I0512 11:11:52.629538 137054315607872 pretrain.py:352] Pretrain iter 00000221: loss=1.5653458212899264e-04, pmove=0.95263672
I0512 11:11:52.656734 137054315607872 pretrain.py:352] Pretrain iter 00000222: loss=1.5975641081135623e-04, pmove=0.94995117
I0512 11:11:52.684077 137054315607872 pretrain.py:352] Pretrain iter 00000223: loss=1.6183968954525628e-04, pmove=0.94604492
I0512 11:11:52.711451 137054315607872 pretrain.py:352] Pretrain iter 00000224: loss=1.6017946537257117e-04, pmove=0.94702148
I0512 11:11:52.739027 137054315607872 pretrain.py:352] Pretrain iter 00000225: loss=1.5827203680512226e-04, pmove=0.94555664
I0512 11:11:52.766409 137054315607872 pretrain.py:352] Pretrain iter 00000226: loss=1.5528269681967913e-04, pmove=0.94335938
I0512 11:11:52.793668 137054315607872 pretrain.py:352] Pretrain iter 00000227: loss=1.5498286858947369e-04, pmove=0.94531250
I0512 11:11:52.820980 137054315607872 pretrain.py:352] Pretrain iter 00000228: loss=1.5622045509532055e-04, pmove=0.93969727
I0512 11:11:52.848282 137054315607872 pretrain.py:352] Pretrain iter 00000229: loss=1.5696076319627174e-04, pmove=0.94287109
I0512 11:11:52.875503 137054315607872 pretrain.py:352] Pretrain iter 00000230: loss=1.5645330411397432e-04, pmove=0.94409180
I0512 11:11:52.902781 137054315607872 pretrain.py:352] Pretrain iter 00000231: loss=1.5522416150975357e-04, pmove=0.94604492
I0512 11:11:52.930075 137054315607872 pretrain.py:352] Pretrain iter 00000232: loss=1.5414442456153165e-04, pmove=0.94458008
I0512 11:11:52.957313 137054315607872 pretrain.py:352] Pretrain iter 00000233: loss=1.5287353061948670e-04, pmove=0.94287109
I0512 11:11:52.984385 137054315607872 pretrain.py:352] Pretrain iter 00000234: loss=1.5295987551181245e-04, pmove=0.94384766
I0512 11:11:53.011705 137054315607872 pretrain.py:352] Pretrain iter 00000235: loss=1.5265053118503020e-04, pmove=0.94921875
I0512 11:11:53.038803 137054315607872 pretrain.py:352] Pretrain iter 00000236: loss=1.5293727885148323e-04, pmove=0.94335938
I0512 11:11:53.066122 137054315607872 pretrain.py:352] Pretrain iter 00000237: loss=1.5221158725007661e-04, pmove=0.94897461
I0512 11:11:53.093363 137054315607872 pretrain.py:352] Pretrain iter 00000238: loss=1.5095233310533909e-04, pmove=0.93994141
I0512 11:11:53.120575 137054315607872 pretrain.py:352] Pretrain iter 00000239: loss=1.5019064819403471e-04, pmove=0.94531250
I0512 11:11:53.147798 137054315607872 pretrain.py:352] Pretrain iter 00000240: loss=1.4939459757187145e-04, pmove=0.94409180
I0512 11:11:53.175009 137054315607872 pretrain.py:352] Pretrain iter 00000241: loss=1.4826287196200599e-04, pmove=0.93579102
I0512 11:11:53.202298 137054315607872 pretrain.py:352] Pretrain iter 00000242: loss=1.4767742719794068e-04, pmove=0.94873047
I0512 11:11:53.229487 137054315607872 pretrain.py:352] Pretrain iter 00000243: loss=1.4610618771602378e-04, pmove=0.94409180
I0512 11:11:53.256744 137054315607872 pretrain.py:352] Pretrain iter 00000244: loss=1.4598369065483533e-04, pmove=0.94677734
I0512 11:11:53.284027 137054315607872 pretrain.py:352] Pretrain iter 00000245: loss=1.4570844204283987e-04, pmove=0.93798828
I0512 11:11:53.311287 137054315607872 pretrain.py:352] Pretrain iter 00000246: loss=1.4625116015632090e-04, pmove=0.94482422
I0512 11:11:53.338562 137054315607872 pretrain.py:352] Pretrain iter 00000247: loss=1.4544659956935814e-04, pmove=0.95092773
I0512 11:11:53.365732 137054315607872 pretrain.py:352] Pretrain iter 00000248: loss=1.4462979108041918e-04, pmove=0.94458008
I0512 11:11:53.392950 137054315607872 pretrain.py:352] Pretrain iter 00000249: loss=1.4464242549034817e-04, pmove=0.94750977
I0512 11:11:53.420162 137054315607872 pretrain.py:352] Pretrain iter 00000250: loss=1.4545916208390261e-04, pmove=0.94628906
I0512 11:11:53.447465 137054315607872 pretrain.py:352] Pretrain iter 00000251: loss=1.4589484655755803e-04, pmove=0.94433594
I0512 11:11:53.474395 137054315607872 pretrain.py:352] Pretrain iter 00000252: loss=1.4587320785130838e-04, pmove=0.94091797
I0512 11:11:53.501676 137054315607872 pretrain.py:352] Pretrain iter 00000253: loss=1.4505510704240212e-04, pmove=0.94140625
I0512 11:11:53.528859 137054315607872 pretrain.py:352] Pretrain iter 00000254: loss=1.4538715984327725e-04, pmove=0.94165039
I0512 11:11:53.555865 137054315607872 pretrain.py:352] Pretrain iter 00000255: loss=1.4529817916764917e-04, pmove=0.94799805
I0512 11:11:53.583196 137054315607872 pretrain.py:352] Pretrain iter 00000256: loss=1.4761644485296942e-04, pmove=0.94580078
I0512 11:11:53.610434 137054315607872 pretrain.py:352] Pretrain iter 00000257: loss=1.5183324719131693e-04, pmove=0.95068359
I0512 11:11:53.637721 137054315607872 pretrain.py:352] Pretrain iter 00000258: loss=1.6078652903406905e-04, pmove=0.94409180
I0512 11:11:53.664949 137054315607872 pretrain.py:352] Pretrain iter 00000259: loss=1.7818668081560386e-04, pmove=0.94750977
I0512 11:11:53.692241 137054315607872 pretrain.py:352] Pretrain iter 00000260: loss=2.1476164323351799e-04, pmove=0.94604492
I0512 11:11:53.719463 137054315607872 pretrain.py:352] Pretrain iter 00000261: loss=2.6532585222392778e-04, pmove=0.94873047
I0512 11:11:53.746573 137054315607872 pretrain.py:352] Pretrain iter 00000262: loss=3.1249368889577414e-04, pmove=0.94140625
I0512 11:11:53.773848 137054315607872 pretrain.py:352] Pretrain iter 00000263: loss=2.7471563966023009e-04, pmove=0.94897461
I0512 11:11:53.801162 137054315607872 pretrain.py:352] Pretrain iter 00000264: loss=1.8127188694747341e-04, pmove=0.94897461
I0512 11:11:53.828444 137054315607872 pretrain.py:352] Pretrain iter 00000265: loss=1.3901777149864710e-04, pmove=0.94702148
I0512 11:11:53.855641 137054315607872 pretrain.py:352] Pretrain iter 00000266: loss=1.8929699212999370e-04, pmove=0.93994141
I0512 11:11:53.882982 137054315607872 pretrain.py:352] Pretrain iter 00000267: loss=2.3122498709261542e-04, pmove=0.94921875
I0512 11:11:53.910255 137054315607872 pretrain.py:352] Pretrain iter 00000268: loss=1.8365841177463138e-04, pmove=0.94262695
I0512 11:11:53.937461 137054315607872 pretrain.py:352] Pretrain iter 00000269: loss=1.3660466765139440e-04, pmove=0.94042969
I0512 11:11:53.964709 137054315607872 pretrain.py:352] Pretrain iter 00000270: loss=1.6214205331481824e-04, pmove=0.94799805
I0512 11:11:53.991881 137054315607872 pretrain.py:352] Pretrain iter 00000271: loss=1.9207576496837339e-04, pmove=0.94458008
I0512 11:11:54.019113 137054315607872 pretrain.py:352] Pretrain iter 00000272: loss=1.6724470647437432e-04, pmove=0.95385742
I0512 11:11:54.046334 137054315607872 pretrain.py:352] Pretrain iter 00000273: loss=1.3515290215262917e-04, pmove=0.94335938
I0512 11:11:54.073454 137054315607872 pretrain.py:352] Pretrain iter 00000274: loss=1.5258268927317975e-04, pmove=0.94799805
I0512 11:11:54.100641 137054315607872 pretrain.py:352] Pretrain iter 00000275: loss=1.7364132371816953e-04, pmove=0.95166016
I0512 11:11:54.127789 137054315607872 pretrain.py:352] Pretrain iter 00000276: loss=1.5376178589297855e-04, pmove=0.94531250
I0512 11:11:54.155051 137054315607872 pretrain.py:352] Pretrain iter 00000277: loss=1.3507564332101816e-04, pmove=0.94775391
I0512 11:11:54.182334 137054315607872 pretrain.py:352] Pretrain iter 00000278: loss=1.4732791213041194e-04, pmove=0.94433594
I0512 11:11:54.209430 137054315607872 pretrain.py:352] Pretrain iter 00000279: loss=1.5992122807449409e-04, pmove=0.93994141
I0512 11:11:54.236621 137054315607872 pretrain.py:352] Pretrain iter 00000280: loss=1.4677701439454578e-04, pmove=0.94604492
I0512 11:11:54.266100 137054315607872 pretrain.py:352] Pretrain iter 00000281: loss=1.3305143859089149e-04, pmove=0.94335938
I0512 11:11:54.293369 137054315607872 pretrain.py:352] Pretrain iter 00000282: loss=1.4087520392125856e-04, pmove=0.94604492
I0512 11:11:54.320624 137054315607872 pretrain.py:352] Pretrain iter 00000283: loss=1.4794614391611176e-04, pmove=0.94262695
I0512 11:11:54.347759 137054315607872 pretrain.py:352] Pretrain iter 00000284: loss=1.4023928521358659e-04, pmove=0.95312500
I0512 11:11:54.374880 137054315607872 pretrain.py:352] Pretrain iter 00000285: loss=1.3258294944616542e-04, pmove=0.94799805
I0512 11:11:54.402227 137054315607872 pretrain.py:352] Pretrain iter 00000286: loss=1.3701044129979333e-04, pmove=0.94384766
I0512 11:11:54.429245 137054315607872 pretrain.py:352] Pretrain iter 00000287: loss=1.4056213441455666e-04, pmove=0.94580078
I0512 11:11:54.456008 137054315607872 pretrain.py:352] Pretrain iter 00000288: loss=1.3592549148523625e-04, pmove=0.94873047
I0512 11:11:54.483046 137054315607872 pretrain.py:352] Pretrain iter 00000289: loss=1.2929431395393675e-04, pmove=0.94140625
I0512 11:11:54.509753 137054315607872 pretrain.py:352] Pretrain iter 00000290: loss=1.3165009198191389e-04, pmove=0.94653320
I0512 11:11:54.536960 137054315607872 pretrain.py:352] Pretrain iter 00000291: loss=1.3358708408394972e-04, pmove=0.94921875
I0512 11:11:54.563661 137054315607872 pretrain.py:352] Pretrain iter 00000292: loss=1.3131068042463616e-04, pmove=0.94580078
I0512 11:11:54.590792 137054315607872 pretrain.py:352] Pretrain iter 00000293: loss=1.2868383684808165e-04, pmove=0.94995117
I0512 11:11:54.617481 137054315607872 pretrain.py:352] Pretrain iter 00000294: loss=1.2852239700002059e-04, pmove=0.95312500
I0512 11:11:54.644728 137054315607872 pretrain.py:352] Pretrain iter 00000295: loss=1.2948128407649348e-04, pmove=0.94018555
I0512 11:11:54.671418 137054315607872 pretrain.py:352] Pretrain iter 00000296: loss=1.3200703208393193e-04, pmove=0.95434570
I0512 11:11:54.698604 137054315607872 pretrain.py:352] Pretrain iter 00000297: loss=1.2901210248379171e-04, pmove=0.94995117
I0512 11:11:54.725408 137054315607872 pretrain.py:352] Pretrain iter 00000298: loss=1.2732681920583203e-04, pmove=0.94335938
I0512 11:11:54.752439 137054315607872 pretrain.py:352] Pretrain iter 00000299: loss=1.2765077431171025e-04, pmove=0.94531250
I0512 11:11:54.779290 137054315607872 pretrain.py:352] Pretrain iter 00000300: loss=1.2783513523628547e-04, pmove=0.95239258
I0512 11:11:54.806293 137054315607872 pretrain.py:352] Pretrain iter 00000301: loss=1.2562143607396987e-04, pmove=0.94287109
I0512 11:11:54.833168 137054315607872 pretrain.py:352] Pretrain iter 00000302: loss=1.2553753673724013e-04, pmove=0.94287109
I0512 11:11:54.860411 137054315607872 pretrain.py:352] Pretrain iter 00000303: loss=1.2514368325532041e-04, pmove=0.94726562
I0512 11:11:54.887466 137054315607872 pretrain.py:352] Pretrain iter 00000304: loss=1.2627612235956224e-04, pmove=0.94580078
I0512 11:11:54.914781 137054315607872 pretrain.py:352] Pretrain iter 00000305: loss=1.2628653625232735e-04, pmove=0.95239258
I0512 11:11:54.942052 137054315607872 pretrain.py:352] Pretrain iter 00000306: loss=1.2522945952825112e-04, pmove=0.95410156
I0512 11:11:54.969362 137054315607872 pretrain.py:352] Pretrain iter 00000307: loss=1.2322611928712926e-04, pmove=0.94213867
I0512 11:11:54.996590 137054315607872 pretrain.py:352] Pretrain iter 00000308: loss=1.2286492787842127e-04, pmove=0.94287109
I0512 11:11:55.023787 137054315607872 pretrain.py:352] Pretrain iter 00000309: loss=1.2263403215203558e-04, pmove=0.94848633
I0512 11:11:55.051181 137054315607872 pretrain.py:352] Pretrain iter 00000310: loss=1.2214768217068514e-04, pmove=0.94604492
I0512 11:11:55.078430 137054315607872 pretrain.py:352] Pretrain iter 00000311: loss=1.2217244852069667e-04, pmove=0.95117188
I0512 11:11:55.105746 137054315607872 pretrain.py:352] Pretrain iter 00000312: loss=1.2259165639947077e-04, pmove=0.94726562
I0512 11:11:55.132784 137054315607872 pretrain.py:352] Pretrain iter 00000313: loss=1.2120860083683553e-04, pmove=0.94042969
I0512 11:11:55.160203 137054315607872 pretrain.py:352] Pretrain iter 00000314: loss=1.2074464612632837e-04, pmove=0.95190430
I0512 11:11:55.187461 137054315607872 pretrain.py:352] Pretrain iter 00000315: loss=1.2106607781241886e-04, pmove=0.94531250
I0512 11:11:55.214712 137054315607872 pretrain.py:352] Pretrain iter 00000316: loss=1.2087892135884779e-04, pmove=0.94824219
I0512 11:11:55.241961 137054315607872 pretrain.py:352] Pretrain iter 00000317: loss=1.2132960006541746e-04, pmove=0.94946289
I0512 11:11:55.269257 137054315607872 pretrain.py:352] Pretrain iter 00000318: loss=1.2028627496094851e-04, pmove=0.95288086
I0512 11:11:55.296517 137054315607872 pretrain.py:352] Pretrain iter 00000319: loss=1.1994899308871422e-04, pmove=0.94702148
I0512 11:11:55.323781 137054315607872 pretrain.py:352] Pretrain iter 00000320: loss=1.1928747151912321e-04, pmove=0.94335938
I0512 11:11:55.351186 137054315607872 pretrain.py:352] Pretrain iter 00000321: loss=1.1989758662511286e-04, pmove=0.94775391
I0512 11:11:55.378936 137054315607872 pretrain.py:352] Pretrain iter 00000322: loss=1.2062965277338987e-04, pmove=0.94580078
I0512 11:11:55.406146 137054315607872 pretrain.py:352] Pretrain iter 00000323: loss=1.2149882636724776e-04, pmove=0.95117188
I0512 11:11:55.433510 137054315607872 pretrain.py:352] Pretrain iter 00000324: loss=1.2066225107142133e-04, pmove=0.94995117
I0512 11:11:55.460573 137054315607872 pretrain.py:352] Pretrain iter 00000325: loss=1.2013468034732978e-04, pmove=0.94897461
I0512 11:11:55.487873 137054315607872 pretrain.py:352] Pretrain iter 00000326: loss=1.1983058027612902e-04, pmove=0.94799805
I0512 11:11:55.514908 137054315607872 pretrain.py:352] Pretrain iter 00000327: loss=1.1953540608727461e-04, pmove=0.94360352
I0512 11:11:55.542269 137054315607872 pretrain.py:352] Pretrain iter 00000328: loss=1.1920959398980819e-04, pmove=0.94531250
I0512 11:11:55.569546 137054315607872 pretrain.py:352] Pretrain iter 00000329: loss=1.1789819570582903e-04, pmove=0.95141602
I0512 11:11:55.596880 137054315607872 pretrain.py:352] Pretrain iter 00000330: loss=1.1807449248441235e-04, pmove=0.95361328
I0512 11:11:55.624005 137054315607872 pretrain.py:352] Pretrain iter 00000331: loss=1.1799308857222339e-04, pmove=0.94628906
I0512 11:11:55.651319 137054315607872 pretrain.py:352] Pretrain iter 00000332: loss=1.1782980466363017e-04, pmove=0.94873047
I0512 11:11:55.678355 137054315607872 pretrain.py:352] Pretrain iter 00000333: loss=1.1731082021908791e-04, pmove=0.94482422
I0512 11:11:55.705631 137054315607872 pretrain.py:352] Pretrain iter 00000334: loss=1.1738708855696110e-04, pmove=0.94677734
I0512 11:11:55.732904 137054315607872 pretrain.py:352] Pretrain iter 00000335: loss=1.1747685316350470e-04, pmove=0.94775391
I0512 11:11:55.760167 137054315607872 pretrain.py:352] Pretrain iter 00000336: loss=1.1736312791615620e-04, pmove=0.95312500
I0512 11:11:55.787448 137054315607872 pretrain.py:352] Pretrain iter 00000337: loss=1.1670009355116792e-04, pmove=0.94799805
I0512 11:11:55.814677 137054315607872 pretrain.py:352] Pretrain iter 00000338: loss=1.1682569783197453e-04, pmove=0.94824219
I0512 11:11:55.841788 137054315607872 pretrain.py:352] Pretrain iter 00000339: loss=1.1734844853652205e-04, pmove=0.94702148
I0512 11:11:55.869126 137054315607872 pretrain.py:352] Pretrain iter 00000340: loss=1.1753130313138547e-04, pmove=0.95068359
I0512 11:11:55.896412 137054315607872 pretrain.py:352] Pretrain iter 00000341: loss=1.1756441513701311e-04, pmove=0.95117188
I0512 11:11:55.923865 137054315607872 pretrain.py:352] Pretrain iter 00000342: loss=1.1805175229784663e-04, pmove=0.94873047
I0512 11:11:55.951009 137054315607872 pretrain.py:352] Pretrain iter 00000343: loss=1.2042784700304969e-04, pmove=0.94506836
I0512 11:11:55.978286 137054315607872 pretrain.py:352] Pretrain iter 00000344: loss=1.2310340071201658e-04, pmove=0.94848633
I0512 11:11:56.005617 137054315607872 pretrain.py:352] Pretrain iter 00000345: loss=1.2781696845080837e-04, pmove=0.95190430
I0512 11:11:56.032629 137054315607872 pretrain.py:352] Pretrain iter 00000346: loss=1.3561367117552838e-04, pmove=0.94555664
I0512 11:11:56.059894 137054315607872 pretrain.py:352] Pretrain iter 00000347: loss=1.4765109736623595e-04, pmove=0.94824219
I0512 11:11:56.087225 137054315607872 pretrain.py:352] Pretrain iter 00000348: loss=1.6476010603714807e-04, pmove=0.94995117
I0512 11:11:56.114432 137054315607872 pretrain.py:352] Pretrain iter 00000349: loss=1.8533990240818656e-04, pmove=0.95214844
I0512 11:11:56.141660 137054315607872 pretrain.py:352] Pretrain iter 00000350: loss=2.0898529598309829e-04, pmove=0.94042969
I0512 11:11:56.168930 137054315607872 pretrain.py:352] Pretrain iter 00000351: loss=2.1986551428252460e-04, pmove=0.94628906
I0512 11:11:56.196181 137054315607872 pretrain.py:352] Pretrain iter 00000352: loss=2.1499684236539669e-04, pmove=0.94775391
I0512 11:11:56.223270 137054315607872 pretrain.py:352] Pretrain iter 00000353: loss=1.8081579954274332e-04, pmove=0.94995117
I0512 11:11:56.250532 137054315607872 pretrain.py:352] Pretrain iter 00000354: loss=1.4052094759829019e-04, pmove=0.94848633
I0512 11:11:56.277582 137054315607872 pretrain.py:352] Pretrain iter 00000355: loss=1.1630800232612430e-04, pmove=0.94458008
I0512 11:11:56.304869 137054315607872 pretrain.py:352] Pretrain iter 00000356: loss=1.2105429999390324e-04, pmove=0.94897461
I0512 11:11:56.332120 137054315607872 pretrain.py:352] Pretrain iter 00000357: loss=1.4242877232144020e-04, pmove=0.94555664
I0512 11:11:56.359364 137054315607872 pretrain.py:352] Pretrain iter 00000358: loss=1.6001183848763647e-04, pmove=0.94360352
I0512 11:11:56.386525 137054315607872 pretrain.py:352] Pretrain iter 00000359: loss=1.5876784529181135e-04, pmove=0.94531250
I0512 11:11:56.413783 137054315607872 pretrain.py:352] Pretrain iter 00000360: loss=1.3957759809085901e-04, pmove=0.94555664
I0512 11:11:56.441028 137054315607872 pretrain.py:352] Pretrain iter 00000361: loss=1.2017892777293134e-04, pmove=0.94775391
I0512 11:11:56.468289 137054315607872 pretrain.py:352] Pretrain iter 00000362: loss=1.1453703348992267e-04, pmove=0.94628906
I0512 11:11:56.495601 137054315607872 pretrain.py:352] Pretrain iter 00000363: loss=1.2348819027629718e-04, pmove=0.94799805
I0512 11:11:56.522895 137054315607872 pretrain.py:352] Pretrain iter 00000364: loss=1.3475297262036161e-04, pmove=0.94921875
I0512 11:11:56.550199 137054315607872 pretrain.py:352] Pretrain iter 00000365: loss=1.3885201953573270e-04, pmove=0.95239258
I0512 11:11:56.577255 137054315607872 pretrain.py:352] Pretrain iter 00000366: loss=1.3354628660874277e-04, pmove=0.94384766
I0512 11:11:56.604522 137054315607872 pretrain.py:352] Pretrain iter 00000367: loss=1.2137056168587355e-04, pmove=0.94970703
I0512 11:11:56.631624 137054315607872 pretrain.py:352] Pretrain iter 00000368: loss=1.1294273588190273e-04, pmove=0.95092773
I0512 11:11:56.658843 137054315607872 pretrain.py:352] Pretrain iter 00000369: loss=1.1251591937686606e-04, pmove=0.94677734
I0512 11:11:56.686177 137054315607872 pretrain.py:352] Pretrain iter 00000370: loss=1.1717509130774961e-04, pmove=0.94580078
I0512 11:11:56.713399 137054315607872 pretrain.py:352] Pretrain iter 00000371: loss=1.2241461741974098e-04, pmove=0.94677734
I0512 11:11:56.740658 137054315607872 pretrain.py:352] Pretrain iter 00000372: loss=1.2292180380618384e-04, pmove=0.95019531
I0512 11:11:56.767856 137054315607872 pretrain.py:352] Pretrain iter 00000373: loss=1.1937496594969169e-04, pmove=0.94702148
I0512 11:11:56.795163 137054315607872 pretrain.py:352] Pretrain iter 00000374: loss=1.1349373118071749e-04, pmove=0.94506836
I0512 11:11:56.822422 137054315607872 pretrain.py:352] Pretrain iter 00000375: loss=1.1078498914939922e-04, pmove=0.95507812
I0512 11:11:56.849676 137054315607872 pretrain.py:352] Pretrain iter 00000376: loss=1.0943479639787158e-04, pmove=0.94091797
I0512 11:11:56.876944 137054315607872 pretrain.py:352] Pretrain iter 00000377: loss=1.0980808096527622e-04, pmove=0.95629883
I0512 11:11:56.904188 137054315607872 pretrain.py:352] Pretrain iter 00000378: loss=1.1191067680137124e-04, pmove=0.95312500
I0512 11:11:56.931467 137054315607872 pretrain.py:352] Pretrain iter 00000379: loss=1.1332359751143081e-04, pmove=0.94335938
I0512 11:11:56.958665 137054315607872 pretrain.py:352] Pretrain iter 00000380: loss=1.1348815965885365e-04, pmove=0.95581055
I0512 11:11:56.985843 137054315607872 pretrain.py:352] Pretrain iter 00000381: loss=1.1130934011469379e-04, pmove=0.94970703
I0512 11:11:57.013163 137054315607872 pretrain.py:352] Pretrain iter 00000382: loss=1.0905601385582298e-04, pmove=0.94409180
I0512 11:11:57.040240 137054315607872 pretrain.py:352] Pretrain iter 00000383: loss=1.0688214332078589e-04, pmove=0.95092773
I0512 11:11:57.067479 137054315607872 pretrain.py:352] Pretrain iter 00000384: loss=1.0634610064913459e-04, pmove=0.94580078
I0512 11:11:57.094701 137054315607872 pretrain.py:352] Pretrain iter 00000385: loss=1.0741233374463710e-04, pmove=0.95214844
I0512 11:11:57.121968 137054315607872 pretrain.py:352] Pretrain iter 00000386: loss=1.0889259408632324e-04, pmove=0.95141602
I0512 11:11:57.149295 137054315607872 pretrain.py:352] Pretrain iter 00000387: loss=1.0998204671743223e-04, pmove=0.94482422
I0512 11:11:57.176562 137054315607872 pretrain.py:352] Pretrain iter 00000388: loss=1.1051431506221196e-04, pmove=0.95117188
I0512 11:11:57.203909 137054315607872 pretrain.py:352] Pretrain iter 00000389: loss=1.1122891033520736e-04, pmove=0.95019531
I0512 11:11:57.231056 137054315607872 pretrain.py:352] Pretrain iter 00000390: loss=1.1129974079369825e-04, pmove=0.94042969
I0512 11:11:57.258323 137054315607872 pretrain.py:352] Pretrain iter 00000391: loss=1.1039077439914785e-04, pmove=0.94873047
I0512 11:11:57.285620 137054315607872 pretrain.py:352] Pretrain iter 00000392: loss=1.1056102662019619e-04, pmove=0.94287109
I0512 11:11:57.312829 137054315607872 pretrain.py:352] Pretrain iter 00000393: loss=1.0890743161337928e-04, pmove=0.94775391
I0512 11:11:57.340153 137054315607872 pretrain.py:352] Pretrain iter 00000394: loss=1.0712902897989232e-04, pmove=0.94848633
I0512 11:11:57.367425 137054315607872 pretrain.py:352] Pretrain iter 00000395: loss=1.0524186254801575e-04, pmove=0.94604492
I0512 11:11:57.394507 137054315607872 pretrain.py:352] Pretrain iter 00000396: loss=1.0486194277587897e-04, pmove=0.94653320
I0512 11:11:57.421739 137054315607872 pretrain.py:352] Pretrain iter 00000397: loss=1.0433961660961990e-04, pmove=0.94873047
I0512 11:11:57.448766 137054315607872 pretrain.py:352] Pretrain iter 00000398: loss=1.0476063855656637e-04, pmove=0.95434570
I0512 11:11:57.476181 137054315607872 pretrain.py:352] Pretrain iter 00000399: loss=1.0412906028420564e-04, pmove=0.94531250
I0512 11:11:57.503325 137054315607872 pretrain.py:352] Pretrain iter 00000400: loss=1.0391449725696574e-04, pmove=0.94799805
I0512 11:11:57.530568 137054315607872 pretrain.py:352] Pretrain iter 00000401: loss=1.0491892340189664e-04, pmove=0.94799805
I0512 11:11:57.557749 137054315607872 pretrain.py:352] Pretrain iter 00000402: loss=1.0511374852978368e-04, pmove=0.94995117
I0512 11:11:57.585077 137054315607872 pretrain.py:352] Pretrain iter 00000403: loss=1.0420309841640525e-04, pmove=0.95312500
I0512 11:11:57.612345 137054315607872 pretrain.py:352] Pretrain iter 00000404: loss=1.0490473518594092e-04, pmove=0.95068359
I0512 11:11:57.639597 137054315607872 pretrain.py:352] Pretrain iter 00000405: loss=1.0580788491872776e-04, pmove=0.94799805
I0512 11:11:57.666803 137054315607872 pretrain.py:352] Pretrain iter 00000406: loss=1.0656507596497247e-04, pmove=0.94506836
I0512 11:11:57.694125 137054315607872 pretrain.py:352] Pretrain iter 00000407: loss=1.0826090898723226e-04, pmove=0.94750977
I0512 11:11:57.721412 137054315607872 pretrain.py:352] Pretrain iter 00000408: loss=1.1237069060292346e-04, pmove=0.94897461
I0512 11:11:57.748634 137054315607872 pretrain.py:352] Pretrain iter 00000409: loss=1.1700018143686927e-04, pmove=0.94995117
I0512 11:11:57.775922 137054315607872 pretrain.py:352] Pretrain iter 00000410: loss=1.2579251930915411e-04, pmove=0.95312500
I0512 11:11:57.803160 137054315607872 pretrain.py:352] Pretrain iter 00000411: loss=1.3924196982550513e-04, pmove=0.94946289
I0512 11:11:57.830428 137054315607872 pretrain.py:352] Pretrain iter 00000412: loss=1.6027032460265764e-04, pmove=0.95092773
I0512 11:11:57.857646 137054315607872 pretrain.py:352] Pretrain iter 00000413: loss=1.8525428251117850e-04, pmove=0.95068359
I0512 11:11:57.884896 137054315607872 pretrain.py:352] Pretrain iter 00000414: loss=2.1450010111067838e-04, pmove=0.94873047
I0512 11:11:57.912155 137054315607872 pretrain.py:352] Pretrain iter 00000415: loss=2.2712411436439414e-04, pmove=0.95190430
I0512 11:11:57.939441 137054315607872 pretrain.py:352] Pretrain iter 00000416: loss=2.1877395172728115e-04, pmove=0.95141602
I0512 11:11:57.966669 137054315607872 pretrain.py:352] Pretrain iter 00000417: loss=1.7664499223808605e-04, pmove=0.94897461
I0512 11:11:57.993974 137054315607872 pretrain.py:352] Pretrain iter 00000418: loss=1.2827582453535429e-04, pmove=0.94409180
I0512 11:11:58.021255 137054315607872 pretrain.py:352] Pretrain iter 00000419: loss=1.0063203983361345e-04, pmove=0.95092773
I0512 11:11:58.048373 137054315607872 pretrain.py:352] Pretrain iter 00000420: loss=1.0872150550990644e-04, pmove=0.95239258
I0512 11:11:58.075632 137054315607872 pretrain.py:352] Pretrain iter 00000421: loss=1.3757711364289818e-04, pmove=0.94482422
I0512 11:11:58.102887 137054315607872 pretrain.py:352] Pretrain iter 00000422: loss=1.6051719037619045e-04, pmove=0.95825195
I0512 11:11:58.130159 137054315607872 pretrain.py:352] Pretrain iter 00000423: loss=1.6032778413510107e-04, pmove=0.95043945
I0512 11:11:58.157392 137054315607872 pretrain.py:352] Pretrain iter 00000424: loss=1.3470467642198104e-04, pmove=0.94433594
I0512 11:11:58.184457 137054315607872 pretrain.py:352] Pretrain iter 00000425: loss=1.0770964772425026e-04, pmove=0.94921875
I0512 11:11:58.211696 137054315607872 pretrain.py:352] Pretrain iter 00000426: loss=9.9285315194330958e-05, pmove=0.95532227
I0512 11:11:58.239040 137054315607872 pretrain.py:352] Pretrain iter 00000427: loss=1.1153059407952509e-04, pmove=0.95092773
I0512 11:11:58.266268 137054315607872 pretrain.py:352] Pretrain iter 00000428: loss=1.2888292185872228e-04, pmove=0.94238281
I0512 11:11:58.293587 137054315607872 pretrain.py:352] Pretrain iter 00000429: loss=1.3594066471288267e-04, pmove=0.94873047
I0512 11:11:58.320729 137054315607872 pretrain.py:352] Pretrain iter 00000430: loss=1.2840910857800516e-04, pmove=0.95971680
I0512 11:11:58.348011 137054315607872 pretrain.py:352] Pretrain iter 00000431: loss=1.1089982911728315e-04, pmove=0.95141602
I0512 11:11:58.375270 137054315607872 pretrain.py:352] Pretrain iter 00000432: loss=1.0007943791069428e-04, pmove=0.94897461
I0512 11:11:58.402448 137054315607872 pretrain.py:352] Pretrain iter 00000433: loss=1.0209151741047713e-04, pmove=0.94848633
I0512 11:11:58.429373 137054315607872 pretrain.py:352] Pretrain iter 00000434: loss=1.1168933821585142e-04, pmove=0.94653320
I0512 11:11:58.456029 137054315607872 pretrain.py:352] Pretrain iter 00000435: loss=1.1907527590916046e-04, pmove=0.94677734
I0512 11:11:58.483258 137054315607872 pretrain.py:352] Pretrain iter 00000436: loss=1.1505785650798415e-04, pmove=0.95214844
I0512 11:11:58.510372 137054315607872 pretrain.py:352] Pretrain iter 00000437: loss=1.0520131118457278e-04, pmove=0.94799805
I0512 11:11:58.537598 137054315607872 pretrain.py:352] Pretrain iter 00000438: loss=9.8911124480816241e-05, pmove=0.94799805
I0512 11:11:58.564913 137054315607872 pretrain.py:352] Pretrain iter 00000439: loss=9.9457843901945808e-05, pmove=0.95117188
I0512 11:11:58.592113 137054315607872 pretrain.py:352] Pretrain iter 00000440: loss=1.0511186167787946e-04, pmove=0.95239258
I0512 11:11:58.619445 137054315607872 pretrain.py:352] Pretrain iter 00000441: loss=1.0885957289883378e-04, pmove=0.94580078
I0512 11:11:58.646728 137054315607872 pretrain.py:352] Pretrain iter 00000442: loss=1.0891707150780559e-04, pmove=0.94628906
I0512 11:11:58.674023 137054315607872 pretrain.py:352] Pretrain iter 00000443: loss=1.0415091721043599e-04, pmove=0.94677734
I0512 11:11:58.701276 137054315607872 pretrain.py:352] Pretrain iter 00000444: loss=9.9451268141264638e-05, pmove=0.94531250
I0512 11:11:58.728673 137054315607872 pretrain.py:352] Pretrain iter 00000445: loss=9.6275023725977829e-05, pmove=0.95410156
I0512 11:11:58.755593 137054315607872 pretrain.py:352] Pretrain iter 00000446: loss=9.6874346846495286e-05, pmove=0.95214844
I0512 11:11:58.782916 137054315607872 pretrain.py:352] Pretrain iter 00000447: loss=1.0098487601762717e-04, pmove=0.94897461
I0512 11:11:58.810176 137054315607872 pretrain.py:352] Pretrain iter 00000448: loss=1.0463111672850801e-04, pmove=0.94995117
I0512 11:11:58.837436 137054315607872 pretrain.py:352] Pretrain iter 00000449: loss=1.0609569976871089e-04, pmove=0.94653320
I0512 11:11:58.864654 137054315607872 pretrain.py:352] Pretrain iter 00000450: loss=1.0488056734809475e-04, pmove=0.94750977
I0512 11:11:58.891880 137054315607872 pretrain.py:352] Pretrain iter 00000451: loss=1.0221046198777108e-04, pmove=0.95117188
I0512 11:11:58.919231 137054315607872 pretrain.py:352] Pretrain iter 00000452: loss=9.9496538781731792e-05, pmove=0.94628906
I0512 11:11:58.946756 137054315607872 pretrain.py:352] Pretrain iter 00000453: loss=9.7197363891552536e-05, pmove=0.94702148
I0512 11:11:58.973634 137054315607872 pretrain.py:352] Pretrain iter 00000454: loss=9.7638175503261205e-05, pmove=0.94775391
I0512 11:11:59.000278 137054315607872 pretrain.py:352] Pretrain iter 00000455: loss=9.6280958342437816e-05, pmove=0.95361328
I0512 11:11:59.027546 137054315607872 pretrain.py:352] Pretrain iter 00000456: loss=9.6703184929330542e-05, pmove=0.94970703
I0512 11:11:59.054883 137054315607872 pretrain.py:352] Pretrain iter 00000457: loss=9.7187534310234339e-05, pmove=0.95458984
I0512 11:11:59.082165 137054315607872 pretrain.py:352] Pretrain iter 00000458: loss=9.5597923086662988e-05, pmove=0.94946289
I0512 11:11:59.109403 137054315607872 pretrain.py:352] Pretrain iter 00000459: loss=9.5083867871733745e-05, pmove=0.94799805
I0512 11:11:59.139375 137054315607872 pretrain.py:352] Pretrain iter 00000460: loss=9.5586918532335061e-05, pmove=0.94921875
I0512 11:11:59.167119 137054315607872 pretrain.py:352] Pretrain iter 00000461: loss=9.5178784490174579e-05, pmove=0.94604492
I0512 11:11:59.194426 137054315607872 pretrain.py:352] Pretrain iter 00000462: loss=9.4839919534516880e-05, pmove=0.94824219
I0512 11:11:59.221561 137054315607872 pretrain.py:352] Pretrain iter 00000463: loss=9.4901639238572819e-05, pmove=0.94750977
I0512 11:11:59.248796 137054315607872 pretrain.py:352] Pretrain iter 00000464: loss=9.4780270111322792e-05, pmove=0.95117188
I0512 11:11:59.275928 137054315607872 pretrain.py:352] Pretrain iter 00000465: loss=9.4900384673756095e-05, pmove=0.94580078
I0512 11:11:59.303183 137054315607872 pretrain.py:352] Pretrain iter 00000466: loss=9.4703437440279113e-05, pmove=0.95288086
I0512 11:11:59.330285 137054315607872 pretrain.py:352] Pretrain iter 00000467: loss=9.4578325182127172e-05, pmove=0.95019531
I0512 11:11:59.357526 137054315607872 pretrain.py:352] Pretrain iter 00000468: loss=9.4734785740712313e-05, pmove=0.95141602
I0512 11:11:59.384804 137054315607872 pretrain.py:352] Pretrain iter 00000469: loss=9.4549421193271144e-05, pmove=0.95092773
I0512 11:11:59.412049 137054315607872 pretrain.py:352] Pretrain iter 00000470: loss=9.4557387515388508e-05, pmove=0.94409180
I0512 11:11:59.439426 137054315607872 pretrain.py:352] Pretrain iter 00000471: loss=9.5077805478130671e-05, pmove=0.94433594
I0512 11:11:59.466657 137054315607872 pretrain.py:352] Pretrain iter 00000472: loss=9.5436909687717108e-05, pmove=0.94433594
I0512 11:11:59.493971 137054315607872 pretrain.py:352] Pretrain iter 00000473: loss=9.5894848367819314e-05, pmove=0.94995117
I0512 11:11:59.521281 137054315607872 pretrain.py:352] Pretrain iter 00000474: loss=9.5732268471093512e-05, pmove=0.94580078
I0512 11:11:59.548563 137054315607872 pretrain.py:352] Pretrain iter 00000475: loss=9.6689667110551596e-05, pmove=0.95190430
I0512 11:11:59.575807 137054315607872 pretrain.py:352] Pretrain iter 00000476: loss=9.7812082944452106e-05, pmove=0.94897461
I0512 11:11:59.603115 137054315607872 pretrain.py:352] Pretrain iter 00000477: loss=1.0001877574876625e-04, pmove=0.95019531
I0512 11:11:59.630433 137054315607872 pretrain.py:352] Pretrain iter 00000478: loss=1.0423085071737201e-04, pmove=0.95483398
I0512 11:11:59.657693 137054315607872 pretrain.py:352] Pretrain iter 00000479: loss=1.1089146359460508e-04, pmove=0.94604492
I0512 11:11:59.684788 137054315607872 pretrain.py:352] Pretrain iter 00000480: loss=1.2319561088002903e-04, pmove=0.95336914
I0512 11:11:59.712114 137054315607872 pretrain.py:352] Pretrain iter 00000481: loss=1.4462162509820602e-04, pmove=0.94116211
I0512 11:11:59.739431 137054315607872 pretrain.py:352] Pretrain iter 00000482: loss=1.8530792948751550e-04, pmove=0.95190430
I0512 11:11:59.766633 137054315607872 pretrain.py:352] Pretrain iter 00000483: loss=2.4748650070383624e-04, pmove=0.95336914
I0512 11:11:59.793885 137054315607872 pretrain.py:352] Pretrain iter 00000484: loss=3.3962595372466551e-04, pmove=0.94360352
I0512 11:11:59.821144 137054315607872 pretrain.py:352] Pretrain iter 00000485: loss=4.0040546976402445e-04, pmove=0.94677734
I0512 11:11:59.848517 137054315607872 pretrain.py:352] Pretrain iter 00000486: loss=3.9342025402475122e-04, pmove=0.94995117
I0512 11:11:59.875692 137054315607872 pretrain.py:352] Pretrain iter 00000487: loss=2.4917568219891885e-04, pmove=0.94995117
I0512 11:11:59.902966 137054315607872 pretrain.py:352] Pretrain iter 00000488: loss=1.1567828576167773e-04, pmove=0.95068359
I0512 11:11:59.930254 137054315607872 pretrain.py:352] Pretrain iter 00000489: loss=1.1060853994797435e-04, pmove=0.94995117
I0512 11:11:59.957304 137054315607872 pretrain.py:352] Pretrain iter 00000490: loss=2.0464618641115491e-04, pmove=0.94409180
I0512 11:11:59.984590 137054315607872 pretrain.py:352] Pretrain iter 00000491: loss=2.6147154444506069e-04, pmove=0.94165039
I0512 11:12:00.011820 137054315607872 pretrain.py:352] Pretrain iter 00000492: loss=1.9152844037034943e-04, pmove=0.95190430
I0512 11:12:00.039125 137054315607872 pretrain.py:352] Pretrain iter 00000493: loss=1.0443013318358259e-04, pmove=0.94921875
I0512 11:12:00.066188 137054315607872 pretrain.py:352] Pretrain iter 00000494: loss=1.0818215420535523e-04, pmove=0.94970703
I0512 11:12:00.093454 137054315607872 pretrain.py:352] Pretrain iter 00000495: loss=1.6891321745433048e-04, pmove=0.94995117
I0512 11:12:00.120668 137054315607872 pretrain.py:352] Pretrain iter 00000496: loss=1.8409600964213179e-04, pmove=0.94555664
I0512 11:12:00.148050 137054315607872 pretrain.py:352] Pretrain iter 00000497: loss=1.2730818852448473e-04, pmove=0.94702148
I0512 11:12:00.175324 137054315607872 pretrain.py:352] Pretrain iter 00000498: loss=9.2414530638607517e-05, pmove=0.94653320
I0512 11:12:00.202419 137054315607872 pretrain.py:352] Pretrain iter 00000499: loss=1.1965812417273381e-04, pmove=0.95068359
I0512 11:12:00.229753 137054315607872 pretrain.py:352] Pretrain iter 00000500: loss=1.4709573323702391e-04, pmove=0.94702148
I0512 11:12:00.257060 137054315607872 pretrain.py:352] Pretrain iter 00000501: loss=1.2696055624513748e-04, pmove=0.95385742
I0512 11:12:00.284322 137054315607872 pretrain.py:352] Pretrain iter 00000502: loss=9.3343299540440890e-05, pmove=0.95361328
I0512 11:12:00.311576 137054315607872 pretrain.py:352] Pretrain iter 00000503: loss=9.8962804049931405e-05, pmove=0.94848633
I0512 11:12:00.338896 137054315607872 pretrain.py:352] Pretrain iter 00000504: loss=1.2163343896136829e-04, pmove=0.94775391
I0512 11:12:00.366093 137054315607872 pretrain.py:352] Pretrain iter 00000505: loss=1.1798637293368109e-04, pmove=0.95263672
I0512 11:12:00.393350 137054315607872 pretrain.py:352] Pretrain iter 00000506: loss=9.6248660312155259e-05, pmove=0.95141602
I0512 11:12:00.420594 137054315607872 pretrain.py:352] Pretrain iter 00000507: loss=9.0930837399545890e-05, pmove=0.95239258
I0512 11:12:00.447842 137054315607872 pretrain.py:352] Pretrain iter 00000508: loss=1.0644703337418953e-04, pmove=0.95532227
I0512 11:12:00.475093 137054315607872 pretrain.py:352] Pretrain iter 00000509: loss=1.1451016854313099e-04, pmove=0.94653320
I0512 11:12:00.502358 137054315607872 pretrain.py:352] Pretrain iter 00000510: loss=1.0233182748022528e-04, pmove=0.95190430
I0512 11:12:00.529671 137054315607872 pretrain.py:352] Pretrain iter 00000511: loss=9.1039876206508154e-05, pmove=0.94799805
I0512 11:12:00.556759 137054315607872 pretrain.py:352] Pretrain iter 00000512: loss=9.7257201359907231e-05, pmove=0.95166016
I0512 11:12:00.584029 137054315607872 pretrain.py:352] Pretrain iter 00000513: loss=1.0531414140655491e-04, pmove=0.94799805
I0512 11:12:00.611330 137054315607872 pretrain.py:352] Pretrain iter 00000514: loss=1.0182691691492109e-04, pmove=0.94873047
I0512 11:12:00.638566 137054315607872 pretrain.py:352] Pretrain iter 00000515: loss=9.1315011505577431e-05, pmove=0.94384766
I0512 11:12:00.665761 137054315607872 pretrain.py:352] Pretrain iter 00000516: loss=9.0775355760311561e-05, pmove=0.95263672
I0512 11:12:00.693047 137054315607872 pretrain.py:352] Pretrain iter 00000517: loss=9.8836470846449436e-05, pmove=0.94775391
I0512 11:12:00.720284 137054315607872 pretrain.py:352] Pretrain iter 00000518: loss=1.0057497917403680e-04, pmove=0.95288086
I0512 11:12:00.747570 137054315607872 pretrain.py:352] Pretrain iter 00000519: loss=9.3961080451173979e-05, pmove=0.95141602
I0512 11:12:00.774633 137054315607872 pretrain.py:352] Pretrain iter 00000520: loss=8.8259471048043151e-05, pmove=0.95092773
I0512 11:12:00.801961 137054315607872 pretrain.py:352] Pretrain iter 00000521: loss=9.3098087155789363e-05, pmove=0.94897461
I0512 11:12:00.829060 137054315607872 pretrain.py:352] Pretrain iter 00000522: loss=9.7755335701777183e-05, pmove=0.95141602
I0512 11:12:00.856370 137054315607872 pretrain.py:352] Pretrain iter 00000523: loss=9.4937556641615833e-05, pmove=0.95581055
I0512 11:12:00.883389 137054315607872 pretrain.py:352] Pretrain iter 00000524: loss=8.9106317798800551e-05, pmove=0.95288086
I0512 11:12:00.910642 137054315607872 pretrain.py:352] Pretrain iter 00000525: loss=8.7529803329587972e-05, pmove=0.95458984
I0512 11:12:00.937945 137054315607872 pretrain.py:352] Pretrain iter 00000526: loss=8.9518660484964212e-05, pmove=0.95361328
I0512 11:12:00.965203 137054315607872 pretrain.py:352] Pretrain iter 00000527: loss=9.1456615973325013e-05, pmove=0.94897461
I0512 11:12:00.992390 137054315607872 pretrain.py:352] Pretrain iter 00000528: loss=8.9964856380884495e-05, pmove=0.95336914
I0512 11:12:01.019625 137054315607872 pretrain.py:352] Pretrain iter 00000529: loss=8.8013526931969465e-05, pmove=0.94848633
I0512 11:12:01.046936 137054315607872 pretrain.py:352] Pretrain iter 00000530: loss=8.7765017362572545e-05, pmove=0.95263672
I0512 11:12:01.074186 137054315607872 pretrain.py:352] Pretrain iter 00000531: loss=8.7877963835820156e-05, pmove=0.95336914
I0512 11:12:01.101340 137054315607872 pretrain.py:352] Pretrain iter 00000532: loss=8.8877120068219998e-05, pmove=0.95336914
I0512 11:12:01.128572 137054315607872 pretrain.py:352] Pretrain iter 00000533: loss=8.8933719801375443e-05, pmove=0.94653320
I0512 11:12:01.155897 137054315607872 pretrain.py:352] Pretrain iter 00000534: loss=8.7152135467233631e-05, pmove=0.94921875
I0512 11:12:01.183226 137054315607872 pretrain.py:352] Pretrain iter 00000535: loss=8.6996456379362394e-05, pmove=0.95141602
I0512 11:12:01.210438 137054315607872 pretrain.py:352] Pretrain iter 00000536: loss=8.7153588875794817e-05, pmove=0.94848633
I0512 11:12:01.237713 137054315607872 pretrain.py:352] Pretrain iter 00000537: loss=8.6998377568954952e-05, pmove=0.95825195
I0512 11:12:01.264915 137054315607872 pretrain.py:352] Pretrain iter 00000538: loss=8.6894082985315842e-05, pmove=0.95190430
I0512 11:12:01.292233 137054315607872 pretrain.py:352] Pretrain iter 00000539: loss=8.6849303806430840e-05, pmove=0.95263672
I0512 11:12:01.319452 137054315607872 pretrain.py:352] Pretrain iter 00000540: loss=8.5788699347488014e-05, pmove=0.95263672
I0512 11:12:01.346479 137054315607872 pretrain.py:352] Pretrain iter 00000541: loss=8.4979895337733817e-05, pmove=0.94995117
I0512 11:12:01.373724 137054315607872 pretrain.py:352] Pretrain iter 00000542: loss=8.4890528100296670e-05, pmove=0.95263672
I0512 11:12:01.400997 137054315607872 pretrain.py:352] Pretrain iter 00000543: loss=8.5652261854661976e-05, pmove=0.95263672
I0512 11:12:01.428278 137054315607872 pretrain.py:352] Pretrain iter 00000544: loss=8.6400334560060414e-05, pmove=0.95410156
I0512 11:12:01.455532 137054315607872 pretrain.py:352] Pretrain iter 00000545: loss=8.5921313213257000e-05, pmove=0.94824219
I0512 11:12:01.482772 137054315607872 pretrain.py:352] Pretrain iter 00000546: loss=8.6122342136325442e-05, pmove=0.94750977
I0512 11:12:01.510118 137054315607872 pretrain.py:352] Pretrain iter 00000547: loss=8.5342705852238499e-05, pmove=0.94458008
I0512 11:12:01.537392 137054315607872 pretrain.py:352] Pretrain iter 00000548: loss=8.6608081674258836e-05, pmove=0.95190430
I0512 11:12:01.564594 137054315607872 pretrain.py:352] Pretrain iter 00000549: loss=8.6487130408519894e-05, pmove=0.95092773
I0512 11:12:01.591863 137054315607872 pretrain.py:352] Pretrain iter 00000550: loss=8.5593783670917485e-05, pmove=0.94848633
I0512 11:12:01.619210 137054315607872 pretrain.py:352] Pretrain iter 00000551: loss=8.5091702095944224e-05, pmove=0.95117188
I0512 11:12:01.646315 137054315607872 pretrain.py:352] Pretrain iter 00000552: loss=8.4437954072368111e-05, pmove=0.94921875
I0512 11:12:01.673600 137054315607872 pretrain.py:352] Pretrain iter 00000553: loss=8.5048849099598198e-05, pmove=0.94775391
I0512 11:12:01.700807 137054315607872 pretrain.py:352] Pretrain iter 00000554: loss=8.4767617836172085e-05, pmove=0.94750977
I0512 11:12:01.728114 137054315607872 pretrain.py:352] Pretrain iter 00000555: loss=8.5266524823532228e-05, pmove=0.94653320
I0512 11:12:01.755357 137054315607872 pretrain.py:352] Pretrain iter 00000556: loss=8.4944600310791736e-05, pmove=0.95019531
I0512 11:12:01.782886 137054315607872 pretrain.py:352] Pretrain iter 00000557: loss=8.4641762115024631e-05, pmove=0.95239258
I0512 11:12:01.810337 137054315607872 pretrain.py:352] Pretrain iter 00000558: loss=8.3712522020593026e-05, pmove=0.95043945
I0512 11:12:01.837431 137054315607872 pretrain.py:352] Pretrain iter 00000559: loss=8.3510538385392995e-05, pmove=0.95532227
I0512 11:12:01.864706 137054315607872 pretrain.py:352] Pretrain iter 00000560: loss=8.3729110642496044e-05, pmove=0.95434570
I0512 11:12:01.891955 137054315607872 pretrain.py:352] Pretrain iter 00000561: loss=8.3422981078474986e-05, pmove=0.94750977
I0512 11:12:01.919298 137054315607872 pretrain.py:352] Pretrain iter 00000562: loss=8.2934674411364756e-05, pmove=0.95019531
I0512 11:12:01.946578 137054315607872 pretrain.py:352] Pretrain iter 00000563: loss=8.3445046161718814e-05, pmove=0.94921875
I0512 11:12:01.973765 137054315607872 pretrain.py:352] Pretrain iter 00000564: loss=8.3291443938338997e-05, pmove=0.95043945
I0512 11:12:02.000800 137054315607872 pretrain.py:352] Pretrain iter 00000565: loss=8.3663250995713595e-05, pmove=0.95678711
I0512 11:12:02.028142 137054315607872 pretrain.py:352] Pretrain iter 00000566: loss=8.2630980435471226e-05, pmove=0.95336914
I0512 11:12:02.055409 137054315607872 pretrain.py:352] Pretrain iter 00000567: loss=8.2768961775566297e-05, pmove=0.95751953
I0512 11:12:02.082657 137054315607872 pretrain.py:352] Pretrain iter 00000568: loss=8.3016493122321141e-05, pmove=0.95141602
I0512 11:12:02.109900 137054315607872 pretrain.py:352] Pretrain iter 00000569: loss=8.3074954436383766e-05, pmove=0.95751953
I0512 11:12:02.137146 137054315607872 pretrain.py:352] Pretrain iter 00000570: loss=8.3486750021508841e-05, pmove=0.94628906
I0512 11:12:02.164406 137054315607872 pretrain.py:352] Pretrain iter 00000571: loss=8.3824383620811471e-05, pmove=0.95312500
I0512 11:12:02.191577 137054315607872 pretrain.py:352] Pretrain iter 00000572: loss=8.3587528391091906e-05, pmove=0.95141602
I0512 11:12:02.218852 137054315607872 pretrain.py:352] Pretrain iter 00000573: loss=8.3202844077085700e-05, pmove=0.95214844
I0512 11:12:02.246062 137054315607872 pretrain.py:352] Pretrain iter 00000574: loss=8.2905111178094271e-05, pmove=0.94946289
I0512 11:12:02.273232 137054315607872 pretrain.py:352] Pretrain iter 00000575: loss=8.3245267536748445e-05, pmove=0.95068359
I0512 11:12:02.300453 137054315607872 pretrain.py:352] Pretrain iter 00000576: loss=8.3761334751612578e-05, pmove=0.95703125
I0512 11:12:02.327586 137054315607872 pretrain.py:352] Pretrain iter 00000577: loss=8.3284104079862334e-05, pmove=0.95117188
I0512 11:12:02.354874 137054315607872 pretrain.py:352] Pretrain iter 00000578: loss=8.2512679961987972e-05, pmove=0.95434570
I0512 11:12:02.382024 137054315607872 pretrain.py:352] Pretrain iter 00000579: loss=8.1796727145237930e-05, pmove=0.94897461
I0512 11:12:02.409304 137054315607872 pretrain.py:352] Pretrain iter 00000580: loss=8.1545971883480628e-05, pmove=0.94799805
I0512 11:12:02.436419 137054315607872 pretrain.py:352] Pretrain iter 00000581: loss=8.2002787688624618e-05, pmove=0.94677734
I0512 11:12:02.463751 137054315607872 pretrain.py:352] Pretrain iter 00000582: loss=8.2863203819115051e-05, pmove=0.95385742
I0512 11:12:02.490842 137054315607872 pretrain.py:352] Pretrain iter 00000583: loss=8.2284372103339908e-05, pmove=0.94921875
I0512 11:12:02.518128 137054315607872 pretrain.py:352] Pretrain iter 00000584: loss=8.2441264735134007e-05, pmove=0.95117188
I0512 11:12:02.545377 137054315607872 pretrain.py:352] Pretrain iter 00000585: loss=8.1821142427525680e-05, pmove=0.94799805
I0512 11:12:02.572603 137054315607872 pretrain.py:352] Pretrain iter 00000586: loss=8.2544131240778080e-05, pmove=0.95019531
I0512 11:12:02.599913 137054315607872 pretrain.py:352] Pretrain iter 00000587: loss=8.3115112679211156e-05, pmove=0.94726562
I0512 11:12:02.627201 137054315607872 pretrain.py:352] Pretrain iter 00000588: loss=8.2108153008647223e-05, pmove=0.95825195
I0512 11:12:02.654454 137054315607872 pretrain.py:352] Pretrain iter 00000589: loss=8.1799073534884122e-05, pmove=0.95678711
I0512 11:12:02.681661 137054315607872 pretrain.py:352] Pretrain iter 00000590: loss=8.2628404424301742e-05, pmove=0.95483398
I0512 11:12:02.708965 137054315607872 pretrain.py:352] Pretrain iter 00000591: loss=8.3152683358424988e-05, pmove=0.94995117
I0512 11:12:02.736215 137054315607872 pretrain.py:352] Pretrain iter 00000592: loss=8.4306015416470403e-05, pmove=0.95385742
I0512 11:12:02.763328 137054315607872 pretrain.py:352] Pretrain iter 00000593: loss=8.5586070922126939e-05, pmove=0.94921875
I0512 11:12:02.790560 137054315607872 pretrain.py:352] Pretrain iter 00000594: loss=8.7909814209408691e-05, pmove=0.94799805
I0512 11:12:02.817880 137054315607872 pretrain.py:352] Pretrain iter 00000595: loss=9.1278213589627080e-05, pmove=0.94995117
I0512 11:12:02.845126 137054315607872 pretrain.py:352] Pretrain iter 00000596: loss=9.6156209256451474e-05, pmove=0.94653320
I0512 11:12:02.872370 137054315607872 pretrain.py:352] Pretrain iter 00000597: loss=1.0521082459943222e-04, pmove=0.95190430
I0512 11:12:02.899585 137054315607872 pretrain.py:352] Pretrain iter 00000598: loss=1.2000184437145648e-04, pmove=0.94799805
I0512 11:12:02.926884 137054315607872 pretrain.py:352] Pretrain iter 00000599: loss=1.4601275925776717e-04, pmove=0.95288086
I0512 11:12:02.954074 137054315607872 pretrain.py:352] Pretrain iter 00000600: loss=1.8679227684402538e-04, pmove=0.95361328
I0512 11:12:02.981229 137054315607872 pretrain.py:352] Pretrain iter 00000601: loss=2.4941742407410297e-04, pmove=0.94799805
I0512 11:12:03.008449 137054315607872 pretrain.py:352] Pretrain iter 00000602: loss=3.1562179358755660e-04, pmove=0.94506836
I0512 11:12:03.035737 137054315607872 pretrain.py:352] Pretrain iter 00000603: loss=3.7670127302237387e-04, pmove=0.94995117
I0512 11:12:03.063070 137054315607872 pretrain.py:352] Pretrain iter 00000604: loss=3.4815074142985423e-04, pmove=0.94970703
I0512 11:12:03.090288 137054315607872 pretrain.py:352] Pretrain iter 00000605: loss=2.4785499464749196e-04, pmove=0.95458984
I0512 11:12:03.117541 137054315607872 pretrain.py:352] Pretrain iter 00000606: loss=1.2142623624511937e-04, pmove=0.95068359
I0512 11:12:03.144610 137054315607872 pretrain.py:352] Pretrain iter 00000607: loss=8.2762991987071999e-05, pmove=0.95312500
I0512 11:12:03.171871 137054315607872 pretrain.py:352] Pretrain iter 00000608: loss=1.3868002851314982e-04, pmove=0.94848633
I0512 11:12:03.199115 137054315607872 pretrain.py:352] Pretrain iter 00000609: loss=2.0221277938126670e-04, pmove=0.94873047
I0512 11:12:03.226286 137054315607872 pretrain.py:352] Pretrain iter 00000610: loss=1.9850394722849236e-04, pmove=0.94628906
I0512 11:12:03.253571 137054315607872 pretrain.py:352] Pretrain iter 00000611: loss=1.2714846347137231e-04, pmove=0.94873047
I0512 11:12:03.280800 137054315607872 pretrain.py:352] Pretrain iter 00000612: loss=7.9063488207676405e-05, pmove=0.94653320
I0512 11:12:03.308105 137054315607872 pretrain.py:352] Pretrain iter 00000613: loss=9.9425360416193734e-05, pmove=0.95190430
I0512 11:12:03.335398 137054315607872 pretrain.py:352] Pretrain iter 00000614: loss=1.4514594200182779e-04, pmove=0.95141602
I0512 11:12:03.362664 137054315607872 pretrain.py:352] Pretrain iter 00000615: loss=1.5266621498699672e-04, pmove=0.95141602
I0512 11:12:03.389916 137054315607872 pretrain.py:352] Pretrain iter 00000616: loss=1.1193871665611862e-04, pmove=0.95336914
I0512 11:12:03.417176 137054315607872 pretrain.py:352] Pretrain iter 00000617: loss=7.8810721666364606e-05, pmove=0.95190430
I0512 11:12:03.444479 137054315607872 pretrain.py:352] Pretrain iter 00000618: loss=9.1383048025898039e-05, pmove=0.94848633
I0512 11:12:03.471768 137054315607872 pretrain.py:352] Pretrain iter 00000619: loss=1.1960428021318912e-04, pmove=0.95336914
I0512 11:12:03.498808 137054315607872 pretrain.py:352] Pretrain iter 00000620: loss=1.2166809187093316e-04, pmove=0.95605469
I0512 11:12:03.526092 137054315607872 pretrain.py:352] Pretrain iter 00000621: loss=9.5382316534853344e-05, pmove=0.94775391
I0512 11:12:03.553121 137054315607872 pretrain.py:352] Pretrain iter 00000622: loss=7.7357046079926792e-05, pmove=0.95239258
I0512 11:12:03.580372 137054315607872 pretrain.py:352] Pretrain iter 00000623: loss=8.6715826529590767e-05, pmove=0.95068359
I0512 11:12:03.607464 137054315607872 pretrain.py:352] Pretrain iter 00000624: loss=1.0240324423414627e-04, pmove=0.95263672
I0512 11:12:03.634691 137054315607872 pretrain.py:352] Pretrain iter 00000625: loss=1.0094637891011711e-04, pmove=0.95043945
I0512 11:12:03.661748 137054315607872 pretrain.py:352] Pretrain iter 00000626: loss=8.5695653755627987e-05, pmove=0.94921875
I0512 11:12:03.689040 137054315607872 pretrain.py:352] Pretrain iter 00000627: loss=7.6674554251430089e-05, pmove=0.95751953
I0512 11:12:03.716248 137054315607872 pretrain.py:352] Pretrain iter 00000628: loss=8.4123122520948147e-05, pmove=0.95190430
I0512 11:12:03.743552 137054315607872 pretrain.py:352] Pretrain iter 00000629: loss=9.1090587925984993e-05, pmove=0.94824219
I0512 11:12:03.770793 137054315607872 pretrain.py:352] Pretrain iter 00000630: loss=8.7924115365348900e-05, pmove=0.94848633
I0512 11:12:03.798077 137054315607872 pretrain.py:352] Pretrain iter 00000631: loss=7.9192538034654166e-05, pmove=0.94653320
I0512 11:12:03.825255 137054315607872 pretrain.py:352] Pretrain iter 00000632: loss=7.5753747813897521e-05, pmove=0.95141602
I0512 11:12:03.852525 137054315607872 pretrain.py:352] Pretrain iter 00000633: loss=8.0715442701918854e-05, pmove=0.94921875
I0512 11:12:03.879722 137054315607872 pretrain.py:352] Pretrain iter 00000634: loss=8.5606245955880683e-05, pmove=0.95214844
I0512 11:12:03.908636 137054315607872 pretrain.py:352] Pretrain iter 00000635: loss=8.3199930086834441e-05, pmove=0.95434570
I0512 11:12:03.936021 137054315607872 pretrain.py:352] Pretrain iter 00000636: loss=7.7686724256452583e-05, pmove=0.94848633
I0512 11:12:03.963292 137054315607872 pretrain.py:352] Pretrain iter 00000637: loss=7.4438252873973058e-05, pmove=0.95043945
I0512 11:12:03.990548 137054315607872 pretrain.py:352] Pretrain iter 00000638: loss=7.7438851988373880e-05, pmove=0.95190430
I0512 11:12:04.017859 137054315607872 pretrain.py:352] Pretrain iter 00000639: loss=8.0815785868986915e-05, pmove=0.95117188
I0512 11:12:04.045153 137054315607872 pretrain.py:352] Pretrain iter 00000640: loss=8.1242168933123531e-05, pmove=0.94653320
I0512 11:12:04.072250 137054315607872 pretrain.py:352] Pretrain iter 00000641: loss=7.8167973344657829e-05, pmove=0.95434570
I0512 11:12:04.099522 137054315607872 pretrain.py:352] Pretrain iter 00000642: loss=7.4747238410088025e-05, pmove=0.95166016
I0512 11:12:04.126794 137054315607872 pretrain.py:352] Pretrain iter 00000643: loss=7.6108603321728294e-05, pmove=0.94946289
I0512 11:12:04.154006 137054315607872 pretrain.py:352] Pretrain iter 00000644: loss=7.9884612970185470e-05, pmove=0.95263672
I0512 11:12:04.181283 137054315607872 pretrain.py:352] Pretrain iter 00000645: loss=8.0122706231790187e-05, pmove=0.94018555
I0512 11:12:04.208508 137054315607872 pretrain.py:352] Pretrain iter 00000646: loss=7.9806249329653848e-05, pmove=0.94482422
I0512 11:12:04.235744 137054315607872 pretrain.py:352] Pretrain iter 00000647: loss=7.6417673027272175e-05, pmove=0.94848633
I0512 11:12:04.262840 137054315607872 pretrain.py:352] Pretrain iter 00000648: loss=7.4133356064962552e-05, pmove=0.95410156
I0512 11:12:04.290060 137054315607872 pretrain.py:352] Pretrain iter 00000649: loss=7.5625086596475794e-05, pmove=0.94848633
I0512 11:12:04.317378 137054315607872 pretrain.py:352] Pretrain iter 00000650: loss=7.7931591451511692e-05, pmove=0.95068359
I0512 11:12:04.344452 137054315607872 pretrain.py:352] Pretrain iter 00000651: loss=7.8578229273859764e-05, pmove=0.95166016
I0512 11:12:04.371685 137054315607872 pretrain.py:352] Pretrain iter 00000652: loss=7.7322058602454137e-05, pmove=0.95336914
I0512 11:12:04.398916 137054315607872 pretrain.py:352] Pretrain iter 00000653: loss=7.4426646440506127e-05, pmove=0.95068359
I0512 11:12:04.426199 137054315607872 pretrain.py:352] Pretrain iter 00000654: loss=7.2963235069557785e-05, pmove=0.95361328
I0512 11:12:04.453485 137054315607872 pretrain.py:352] Pretrain iter 00000655: loss=7.3216329105140531e-05, pmove=0.95043945
I0512 11:12:04.480733 137054315607872 pretrain.py:352] Pretrain iter 00000656: loss=7.4598940560166121e-05, pmove=0.94970703
I0512 11:12:04.508000 137054315607872 pretrain.py:352] Pretrain iter 00000657: loss=7.4497838407119719e-05, pmove=0.94848633
I0512 11:12:04.535085 137054315607872 pretrain.py:352] Pretrain iter 00000658: loss=7.4254043074509479e-05, pmove=0.94531250
I0512 11:12:04.562353 137054315607872 pretrain.py:352] Pretrain iter 00000659: loss=7.3804414026562505e-05, pmove=0.94799805
I0512 11:12:04.589594 137054315607872 pretrain.py:352] Pretrain iter 00000660: loss=7.3561743378874146e-05, pmove=0.94775391
I0512 11:12:04.616802 137054315607872 pretrain.py:352] Pretrain iter 00000661: loss=7.3398904274324140e-05, pmove=0.95288086
I0512 11:12:04.644087 137054315607872 pretrain.py:352] Pretrain iter 00000662: loss=7.3710013206145606e-05, pmove=0.94506836
I0512 11:12:04.671348 137054315607872 pretrain.py:352] Pretrain iter 00000663: loss=7.4048543272861857e-05, pmove=0.95532227
I0512 11:12:04.698436 137054315607872 pretrain.py:352] Pretrain iter 00000664: loss=7.4343293840565503e-05, pmove=0.95336914
I0512 11:12:04.725717 137054315607872 pretrain.py:352] Pretrain iter 00000665: loss=7.4838060027509456e-05, pmove=0.95141602
I0512 11:12:04.752971 137054315607872 pretrain.py:352] Pretrain iter 00000666: loss=7.2583357884030644e-05, pmove=0.94531250
I0512 11:12:04.780219 137054315607872 pretrain.py:352] Pretrain iter 00000667: loss=7.3541484574018030e-05, pmove=0.95166016
I0512 11:12:04.807453 137054315607872 pretrain.py:352] Pretrain iter 00000668: loss=7.3292672243247887e-05, pmove=0.95141602
I0512 11:12:04.834709 137054315607872 pretrain.py:352] Pretrain iter 00000669: loss=7.4060635068215849e-05, pmove=0.95141602
I0512 11:12:04.862039 137054315607872 pretrain.py:352] Pretrain iter 00000670: loss=7.3391582859955520e-05, pmove=0.94848633
I0512 11:12:04.889298 137054315607872 pretrain.py:352] Pretrain iter 00000671: loss=7.2812295681490218e-05, pmove=0.95385742
I0512 11:12:04.916529 137054315607872 pretrain.py:352] Pretrain iter 00000672: loss=7.4033006470188982e-05, pmove=0.94653320
I0512 11:12:04.943843 137054315607872 pretrain.py:352] Pretrain iter 00000673: loss=7.3488771725805898e-05, pmove=0.95288086
I0512 11:12:04.971066 137054315607872 pretrain.py:352] Pretrain iter 00000674: loss=7.3547233596003874e-05, pmove=0.95239258
I0512 11:12:04.998338 137054315607872 pretrain.py:352] Pretrain iter 00000675: loss=7.3179078660187750e-05, pmove=0.95312500
I0512 11:12:05.025834 137054315607872 pretrain.py:352] Pretrain iter 00000676: loss=7.3335086651219513e-05, pmove=0.95068359
I0512 11:12:05.052958 137054315607872 pretrain.py:352] Pretrain iter 00000677: loss=7.3349811600591534e-05, pmove=0.94677734
I0512 11:12:05.080281 137054315607872 pretrain.py:352] Pretrain iter 00000678: loss=7.2675854681677771e-05, pmove=0.95019531
I0512 11:12:05.107538 137054315607872 pretrain.py:352] Pretrain iter 00000679: loss=7.2156808853573724e-05, pmove=0.94799805
I0512 11:12:05.134573 137054315607872 pretrain.py:352] Pretrain iter 00000680: loss=7.3028470115605020e-05, pmove=0.95434570
I0512 11:12:05.161824 137054315607872 pretrain.py:352] Pretrain iter 00000681: loss=7.3791389554517400e-05, pmove=0.95092773
I0512 11:12:05.189136 137054315607872 pretrain.py:352] Pretrain iter 00000682: loss=7.3818223953050078e-05, pmove=0.95166016
I0512 11:12:05.216504 137054315607872 pretrain.py:352] Pretrain iter 00000683: loss=7.2942080348414995e-05, pmove=0.94873047
I0512 11:12:05.243766 137054315607872 pretrain.py:352] Pretrain iter 00000684: loss=7.3819607070317334e-05, pmove=0.94848633
I0512 11:12:05.270928 137054315607872 pretrain.py:352] Pretrain iter 00000685: loss=7.3442111621574267e-05, pmove=0.94873047
I0512 11:12:05.298264 137054315607872 pretrain.py:352] Pretrain iter 00000686: loss=7.2562062167327520e-05, pmove=0.95678711
I0512 11:12:05.325500 137054315607872 pretrain.py:352] Pretrain iter 00000687: loss=7.2153085519024979e-05, pmove=0.95434570
I0512 11:12:05.352636 137054315607872 pretrain.py:352] Pretrain iter 00000688: loss=7.1284407755127993e-05, pmove=0.94775391
I0512 11:12:05.379882 137054315607872 pretrain.py:352] Pretrain iter 00000689: loss=7.1372082159147670e-05, pmove=0.95385742
I0512 11:12:05.407154 137054315607872 pretrain.py:352] Pretrain iter 00000690: loss=7.1313076119276585e-05, pmove=0.95312500
I0512 11:12:05.434413 137054315607872 pretrain.py:352] Pretrain iter 00000691: loss=7.1258692330419408e-05, pmove=0.95092773
I0512 11:12:05.461661 137054315607872 pretrain.py:352] Pretrain iter 00000692: loss=7.2857802814929170e-05, pmove=0.94897461
I0512 11:12:05.488914 137054315607872 pretrain.py:352] Pretrain iter 00000693: loss=7.2370360092529999e-05, pmove=0.94360352
I0512 11:12:05.516209 137054315607872 pretrain.py:352] Pretrain iter 00000694: loss=7.2084831438486673e-05, pmove=0.95214844
I0512 11:12:05.543487 137054315607872 pretrain.py:352] Pretrain iter 00000695: loss=7.1204025071682853e-05, pmove=0.94750977
I0512 11:12:05.570720 137054315607872 pretrain.py:352] Pretrain iter 00000696: loss=7.1092356894038129e-05, pmove=0.94775391
I0512 11:12:05.598125 137054315607872 pretrain.py:352] Pretrain iter 00000697: loss=7.0897131102088992e-05, pmove=0.95043945
I0512 11:12:05.625255 137054315607872 pretrain.py:352] Pretrain iter 00000698: loss=7.0839112274975088e-05, pmove=0.94775391
I0512 11:12:05.652478 137054315607872 pretrain.py:352] Pretrain iter 00000699: loss=7.0320882857650204e-05, pmove=0.95776367
I0512 11:12:05.679705 137054315607872 pretrain.py:352] Pretrain iter 00000700: loss=6.9822925086907424e-05, pmove=0.95288086
I0512 11:12:05.707057 137054315607872 pretrain.py:352] Pretrain iter 00000701: loss=7.0170632073231537e-05, pmove=0.94360352
I0512 11:12:05.734305 137054315607872 pretrain.py:352] Pretrain iter 00000702: loss=6.9665858767915399e-05, pmove=0.95263672
I0512 11:12:05.761418 137054315607872 pretrain.py:352] Pretrain iter 00000703: loss=6.9134205879658014e-05, pmove=0.94555664
I0512 11:12:05.788709 137054315607872 pretrain.py:352] Pretrain iter 00000704: loss=6.9796126319422635e-05, pmove=0.95288086
I0512 11:12:05.815963 137054315607872 pretrain.py:352] Pretrain iter 00000705: loss=6.9674350110517384e-05, pmove=0.95410156
I0512 11:12:05.843248 137054315607872 pretrain.py:352] Pretrain iter 00000706: loss=7.0853777841090320e-05, pmove=0.96044922
I0512 11:12:05.870513 137054315607872 pretrain.py:352] Pretrain iter 00000707: loss=7.2902509742971846e-05, pmove=0.94921875
I0512 11:12:05.897740 137054315607872 pretrain.py:352] Pretrain iter 00000708: loss=7.4124010282589881e-05, pmove=0.95800781
I0512 11:12:05.924887 137054315607872 pretrain.py:352] Pretrain iter 00000709: loss=7.6963235993655161e-05, pmove=0.95166016
I0512 11:12:05.952170 137054315607872 pretrain.py:352] Pretrain iter 00000710: loss=8.2474941091051425e-05, pmove=0.95336914
I0512 11:12:05.979431 137054315607872 pretrain.py:352] Pretrain iter 00000711: loss=9.0935589087318296e-05, pmove=0.95263672
I0512 11:12:06.006537 137054315607872 pretrain.py:352] Pretrain iter 00000712: loss=1.0658834023007251e-04, pmove=0.95141602
I0512 11:12:06.033763 137054315607872 pretrain.py:352] Pretrain iter 00000713: loss=1.3617153680203146e-04, pmove=0.95532227
I0512 11:12:06.061088 137054315607872 pretrain.py:352] Pretrain iter 00000714: loss=1.8462575155586209e-04, pmove=0.95214844
I0512 11:12:06.088387 137054315607872 pretrain.py:352] Pretrain iter 00000715: loss=2.6422276924124383e-04, pmove=0.95092773
I0512 11:12:06.115667 137054315607872 pretrain.py:352] Pretrain iter 00000716: loss=3.6273800163478636e-04, pmove=0.95361328
I0512 11:12:06.142769 137054315607872 pretrain.py:352] Pretrain iter 00000717: loss=4.6994940874805027e-04, pmove=0.95458984
I0512 11:12:06.170099 137054315607872 pretrain.py:352] Pretrain iter 00000718: loss=4.5651177932867564e-04, pmove=0.95678711
I0512 11:12:06.197338 137054315607872 pretrain.py:352] Pretrain iter 00000719: loss=3.2585328049113534e-04, pmove=0.95068359
I0512 11:12:06.224616 137054315607872 pretrain.py:352] Pretrain iter 00000720: loss=1.3204146630938274e-04, pmove=0.95019531
I0512 11:12:06.251846 137054315607872 pretrain.py:352] Pretrain iter 00000721: loss=7.5791218883966907e-05, pmove=0.95288086
I0512 11:12:06.278871 137054315607872 pretrain.py:352] Pretrain iter 00000722: loss=1.7560933886198363e-04, pmove=0.95019531
I0512 11:12:06.306126 137054315607872 pretrain.py:352] Pretrain iter 00000723: loss=2.7061637066764740e-04, pmove=0.94873047
I0512 11:12:06.333304 137054315607872 pretrain.py:352] Pretrain iter 00000724: loss=2.4325800709306018e-04, pmove=0.94970703
I0512 11:12:06.360579 137054315607872 pretrain.py:352] Pretrain iter 00000725: loss=1.2079108176241577e-04, pmove=0.94677734
I0512 11:12:06.387799 137054315607872 pretrain.py:352] Pretrain iter 00000726: loss=7.0883228549918295e-05, pmove=0.94848633
I0512 11:12:06.415140 137054315607872 pretrain.py:352] Pretrain iter 00000727: loss=1.3120756341447793e-04, pmove=0.95507812
I0512 11:12:06.442368 137054315607872 pretrain.py:352] Pretrain iter 00000728: loss=1.8677445910657606e-04, pmove=0.94970703
I0512 11:12:06.469602 137054315607872 pretrain.py:352] Pretrain iter 00000729: loss=1.5297429976842135e-04, pmove=0.95141602
I0512 11:12:06.496609 137054315607872 pretrain.py:352] Pretrain iter 00000730: loss=8.0661646597070732e-05, pmove=0.95336914
I0512 11:12:06.523878 137054315607872 pretrain.py:352] Pretrain iter 00000731: loss=7.6605591408406042e-05, pmove=0.95263672
I0512 11:12:06.550904 137054315607872 pretrain.py:352] Pretrain iter 00000732: loss=1.2536007083533513e-04, pmove=0.95336914
I0512 11:12:06.578183 137054315607872 pretrain.py:352] Pretrain iter 00000733: loss=1.3712232547808919e-04, pmove=0.95239258
I0512 11:12:06.605367 137054315607872 pretrain.py:352] Pretrain iter 00000734: loss=9.7639727763558853e-05, pmove=0.95068359
I0512 11:12:06.632650 137054315607872 pretrain.py:352] Pretrain iter 00000735: loss=6.8100147408543734e-05, pmove=0.95361328
I0512 11:12:06.659807 137054315607872 pretrain.py:352] Pretrain iter 00000736: loss=8.6811474435620963e-05, pmove=0.95410156
I0512 11:12:06.694352 137054315607872 pretrain.py:352] Pretrain iter 00000737: loss=1.1155707764651438e-04, pmove=0.95117188
I0512 11:12:06.721633 137054315607872 pretrain.py:352] Pretrain iter 00000738: loss=9.6897267318114941e-05, pmove=0.95336914
I0512 11:12:06.748945 137054315607872 pretrain.py:352] Pretrain iter 00000739: loss=7.1717143104252953e-05, pmove=0.95556641
I0512 11:12:06.776204 137054315607872 pretrain.py:352] Pretrain iter 00000740: loss=7.3076812040068911e-05, pmove=0.95629883
I0512 11:12:06.803457 137054315607872 pretrain.py:352] Pretrain iter 00000741: loss=9.0603210787187780e-05, pmove=0.95117188
I0512 11:12:06.830732 137054315607872 pretrain.py:352] Pretrain iter 00000742: loss=9.1711919001806827e-05, pmove=0.95556641
I0512 11:12:06.858023 137054315607872 pretrain.py:352] Pretrain iter 00000743: loss=7.5239404653556786e-05, pmove=0.95214844
I0512 11:12:06.885099 137054315607872 pretrain.py:352] Pretrain iter 00000744: loss=6.9455330019574119e-05, pmove=0.94921875
I0512 11:12:06.912402 137054315607872 pretrain.py:352] Pretrain iter 00000745: loss=7.9055495706076116e-05, pmove=0.95141602
I0512 11:12:06.939486 137054315607872 pretrain.py:352] Pretrain iter 00000746: loss=8.7744188213826935e-05, pmove=0.95263672
I0512 11:12:06.966736 137054315607872 pretrain.py:352] Pretrain iter 00000747: loss=8.0752594776147701e-05, pmove=0.95434570
I0512 11:12:06.994050 137054315607872 pretrain.py:352] Pretrain iter 00000748: loss=6.8564936572511903e-05, pmove=0.95239258
I0512 11:12:07.021292 137054315607872 pretrain.py:352] Pretrain iter 00000749: loss=7.0558164366646268e-05, pmove=0.94897461
I0512 11:12:07.048548 137054315607872 pretrain.py:352] Pretrain iter 00000750: loss=7.9276319415419330e-05, pmove=0.94750977
I0512 11:12:07.075805 137054315607872 pretrain.py:352] Pretrain iter 00000751: loss=7.9020299736697457e-05, pmove=0.95703125
I0512 11:12:07.103103 137054315607872 pretrain.py:352] Pretrain iter 00000752: loss=7.1018826440961418e-05, pmove=0.94604492
I0512 11:12:07.130492 137054315607872 pretrain.py:352] Pretrain iter 00000753: loss=6.7256537658368586e-05, pmove=0.95190430
I0512 11:12:07.158403 137054315607872 pretrain.py:352] Pretrain iter 00000754: loss=7.2751846176720701e-05, pmove=0.95385742
I0512 11:12:07.186085 137054315607872 pretrain.py:352] Pretrain iter 00000755: loss=7.6443939373831325e-05, pmove=0.94531250
I0512 11:12:07.213440 137054315607872 pretrain.py:352] Pretrain iter 00000756: loss=7.3315622752283347e-05, pmove=0.94873047
I0512 11:12:07.240818 137054315607872 pretrain.py:352] Pretrain iter 00000757: loss=6.9029017869274087e-05, pmove=0.95654297
I0512 11:12:07.268198 137054315607872 pretrain.py:352] Pretrain iter 00000758: loss=6.9037459933227256e-05, pmove=0.95654297
I0512 11:12:07.295568 137054315607872 pretrain.py:352] Pretrain iter 00000759: loss=7.1561018869471647e-05, pmove=0.94506836
I0512 11:12:07.322722 137054315607872 pretrain.py:352] Pretrain iter 00000760: loss=7.1707064452394210e-05, pmove=0.95410156
I0512 11:12:07.350092 137054315607872 pretrain.py:352] Pretrain iter 00000761: loss=6.8691081366324387e-05, pmove=0.94873047
I0512 11:12:07.377427 137054315607872 pretrain.py:352] Pretrain iter 00000762: loss=6.6734256602553484e-05, pmove=0.94726562
I0512 11:12:07.404743 137054315607872 pretrain.py:352] Pretrain iter 00000763: loss=6.7028061423539157e-05, pmove=0.95068359
I0512 11:12:07.432074 137054315607872 pretrain.py:352] Pretrain iter 00000764: loss=6.9629841021475261e-05, pmove=0.95434570
I0512 11:12:07.459383 137054315607872 pretrain.py:352] Pretrain iter 00000765: loss=6.9244709908629132e-05, pmove=0.95214844
I0512 11:12:07.486619 137054315607872 pretrain.py:352] Pretrain iter 00000766: loss=6.6834777296298186e-05, pmove=0.95190430
I0512 11:12:07.513905 137054315607872 pretrain.py:352] Pretrain iter 00000767: loss=6.5320498604476844e-05, pmove=0.95336914
I0512 11:12:07.541168 137054315607872 pretrain.py:352] Pretrain iter 00000768: loss=6.7165909877936502e-05, pmove=0.95629883
I0512 11:12:07.568373 137054315607872 pretrain.py:352] Pretrain iter 00000769: loss=6.7843993230568965e-05, pmove=0.94824219
I0512 11:12:07.595625 137054315607872 pretrain.py:352] Pretrain iter 00000770: loss=6.8404895422540386e-05, pmove=0.94946289
I0512 11:12:07.622914 137054315607872 pretrain.py:352] Pretrain iter 00000771: loss=6.6326958390155622e-05, pmove=0.94946289
I0512 11:12:07.650205 137054315607872 pretrain.py:352] Pretrain iter 00000772: loss=6.6203350615563685e-05, pmove=0.95581055
I0512 11:12:07.677464 137054315607872 pretrain.py:352] Pretrain iter 00000773: loss=6.6956230949929727e-05, pmove=0.95166016
I0512 11:12:07.704734 137054315607872 pretrain.py:352] Pretrain iter 00000774: loss=6.6471866074391790e-05, pmove=0.95507812
I0512 11:12:07.732013 137054315607872 pretrain.py:352] Pretrain iter 00000775: loss=6.6763822866791725e-05, pmove=0.94970703
I0512 11:12:07.759331 137054315607872 pretrain.py:352] Pretrain iter 00000776: loss=6.6392884136802355e-05, pmove=0.95336914
I0512 11:12:07.786451 137054315607872 pretrain.py:352] Pretrain iter 00000777: loss=6.6957431175471713e-05, pmove=0.95239258
I0512 11:12:07.813692 137054315607872 pretrain.py:352] Pretrain iter 00000778: loss=6.6780080006488042e-05, pmove=0.95385742
I0512 11:12:07.840965 137054315607872 pretrain.py:352] Pretrain iter 00000779: loss=6.6404575585077671e-05, pmove=0.95190430
I0512 11:12:07.868225 137054315607872 pretrain.py:352] Pretrain iter 00000780: loss=6.5903299784638190e-05, pmove=0.96069336
I0512 11:12:07.895491 137054315607872 pretrain.py:352] Pretrain iter 00000781: loss=6.4364072144543156e-05, pmove=0.94897461
I0512 11:12:07.922719 137054315607872 pretrain.py:352] Pretrain iter 00000782: loss=6.4171081241714615e-05, pmove=0.94970703
I0512 11:12:07.950065 137054315607872 pretrain.py:352] Pretrain iter 00000783: loss=6.4682021198865053e-05, pmove=0.95532227
I0512 11:12:07.977319 137054315607872 pretrain.py:352] Pretrain iter 00000784: loss=6.4170750332282557e-05, pmove=0.95190430
I0512 11:12:08.004605 137054315607872 pretrain.py:352] Pretrain iter 00000785: loss=6.4277530081643301e-05, pmove=0.95263672
I0512 11:12:08.031644 137054315607872 pretrain.py:352] Pretrain iter 00000786: loss=6.3878544114252475e-05, pmove=0.95800781
I0512 11:12:08.058936 137054315607872 pretrain.py:352] Pretrain iter 00000787: loss=6.4824511784160706e-05, pmove=0.95166016
I0512 11:12:08.086033 137054315607872 pretrain.py:352] Pretrain iter 00000788: loss=6.4412799587840159e-05, pmove=0.95751953
I0512 11:12:08.113305 137054315607872 pretrain.py:352] Pretrain iter 00000789: loss=6.4440175982467436e-05, pmove=0.96020508
I0512 11:12:08.140396 137054315607872 pretrain.py:352] Pretrain iter 00000790: loss=6.4668738279145349e-05, pmove=0.95190430
I0512 11:12:08.167632 137054315607872 pretrain.py:352] Pretrain iter 00000791: loss=6.4666813720282975e-05, pmove=0.95117188
I0512 11:12:08.194845 137054315607872 pretrain.py:352] Pretrain iter 00000792: loss=6.3736902342941795e-05, pmove=0.95703125
I0512 11:12:08.222107 137054315607872 pretrain.py:352] Pretrain iter 00000793: loss=6.3532313526965269e-05, pmove=0.94677734
I0512 11:12:08.249216 137054315607872 pretrain.py:352] Pretrain iter 00000794: loss=6.4389963260733611e-05, pmove=0.95385742
I0512 11:12:08.276451 137054315607872 pretrain.py:352] Pretrain iter 00000795: loss=6.5061438240293521e-05, pmove=0.94873047
I0512 11:12:08.303558 137054315607872 pretrain.py:352] Pretrain iter 00000796: loss=6.4094127367993417e-05, pmove=0.94921875
I0512 11:12:08.330862 137054315607872 pretrain.py:352] Pretrain iter 00000797: loss=6.4026301616273556e-05, pmove=0.95727539
I0512 11:12:08.358120 137054315607872 pretrain.py:352] Pretrain iter 00000798: loss=6.4369817946355388e-05, pmove=0.95605469
I0512 11:12:08.385379 137054315607872 pretrain.py:352] Pretrain iter 00000799: loss=6.3640366320091808e-05, pmove=0.94750977
I0512 11:12:08.412609 137054315607872 pretrain.py:352] Pretrain iter 00000800: loss=6.3488646690073859e-05, pmove=0.94995117
I0512 11:12:08.439872 137054315607872 pretrain.py:352] Pretrain iter 00000801: loss=6.3044156547899374e-05, pmove=0.95288086
I0512 11:12:08.467152 137054315607872 pretrain.py:352] Pretrain iter 00000802: loss=6.3027409076654486e-05, pmove=0.95410156
I0512 11:12:08.494403 137054315607872 pretrain.py:352] Pretrain iter 00000803: loss=6.3322478769282115e-05, pmove=0.94897461
I0512 11:12:08.521621 137054315607872 pretrain.py:352] Pretrain iter 00000804: loss=6.3639637003358609e-05, pmove=0.95751953
I0512 11:12:08.548852 137054315607872 pretrain.py:352] Pretrain iter 00000805: loss=6.5509560823916386e-05, pmove=0.95507812
I0512 11:12:08.575962 137054315607872 pretrain.py:352] Pretrain iter 00000806: loss=6.4576354584280015e-05, pmove=0.95629883
I0512 11:12:08.603273 137054315607872 pretrain.py:352] Pretrain iter 00000807: loss=6.5091694323807803e-05, pmove=0.94702148
I0512 11:12:08.630394 137054315607872 pretrain.py:352] Pretrain iter 00000808: loss=6.4625239771281496e-05, pmove=0.94799805
I0512 11:12:08.657654 137054315607872 pretrain.py:352] Pretrain iter 00000809: loss=6.4415681496698753e-05, pmove=0.95092773
I0512 11:12:08.684787 137054315607872 pretrain.py:352] Pretrain iter 00000810: loss=6.4154233795907909e-05, pmove=0.95214844
I0512 11:12:08.712121 137054315607872 pretrain.py:352] Pretrain iter 00000811: loss=6.3881160816568524e-05, pmove=0.94873047
I0512 11:12:08.739247 137054315607872 pretrain.py:352] Pretrain iter 00000812: loss=6.3048358911666077e-05, pmove=0.95117188
I0512 11:12:08.766512 137054315607872 pretrain.py:352] Pretrain iter 00000813: loss=6.5028158322806716e-05, pmove=0.95190430
I0512 11:12:08.793595 137054315607872 pretrain.py:352] Pretrain iter 00000814: loss=6.3596767298048170e-05, pmove=0.95776367
I0512 11:12:08.820856 137054315607872 pretrain.py:352] Pretrain iter 00000815: loss=6.2464969216949676e-05, pmove=0.95532227
I0512 11:12:08.848130 137054315607872 pretrain.py:352] Pretrain iter 00000816: loss=6.3632092360740519e-05, pmove=0.95312500
I0512 11:12:08.875227 137054315607872 pretrain.py:352] Pretrain iter 00000817: loss=6.3814732353365854e-05, pmove=0.95019531
I0512 11:12:08.902466 137054315607872 pretrain.py:352] Pretrain iter 00000818: loss=6.4279467880627185e-05, pmove=0.95483398
I0512 11:12:08.929525 137054315607872 pretrain.py:352] Pretrain iter 00000819: loss=6.4275342432894354e-05, pmove=0.95166016
I0512 11:12:08.956802 137054315607872 pretrain.py:352] Pretrain iter 00000820: loss=6.3478581120382627e-05, pmove=0.95141602
I0512 11:12:08.984096 137054315607872 pretrain.py:352] Pretrain iter 00000821: loss=6.3690526979097114e-05, pmove=0.95019531
I0512 11:12:09.011366 137054315607872 pretrain.py:352] Pretrain iter 00000822: loss=6.3706233706733968e-05, pmove=0.94775391
I0512 11:12:09.038469 137054315607872 pretrain.py:352] Pretrain iter 00000823: loss=6.3635436575094865e-05, pmove=0.95336914
I0512 11:12:09.065459 137054315607872 pretrain.py:352] Pretrain iter 00000824: loss=6.4693551961948734e-05, pmove=0.95507812
I0512 11:12:09.092132 137054315607872 pretrain.py:352] Pretrain iter 00000825: loss=6.4876409336415112e-05, pmove=0.95239258
I0512 11:12:09.119444 137054315607872 pretrain.py:352] Pretrain iter 00000826: loss=6.4497764378984725e-05, pmove=0.94848633
I0512 11:12:09.146698 137054315607872 pretrain.py:352] Pretrain iter 00000827: loss=6.3600110658792447e-05, pmove=0.94995117
I0512 11:12:09.173990 137054315607872 pretrain.py:352] Pretrain iter 00000828: loss=6.3347898772330759e-05, pmove=0.95532227
I0512 11:12:09.201196 137054315607872 pretrain.py:352] Pretrain iter 00000829: loss=6.3300593487565618e-05, pmove=0.95483398
I0512 11:12:09.228476 137054315607872 pretrain.py:352] Pretrain iter 00000830: loss=6.4607576752450161e-05, pmove=0.95410156
I0512 11:12:09.255700 137054315607872 pretrain.py:352] Pretrain iter 00000831: loss=6.4217003691798208e-05, pmove=0.95507812
I0512 11:12:09.282976 137054315607872 pretrain.py:352] Pretrain iter 00000832: loss=6.4427838184861170e-05, pmove=0.95385742
I0512 11:12:09.310142 137054315607872 pretrain.py:352] Pretrain iter 00000833: loss=6.4955209704754244e-05, pmove=0.94677734
I0512 11:12:09.337375 137054315607872 pretrain.py:352] Pretrain iter 00000834: loss=6.5223389613440545e-05, pmove=0.95434570
I0512 11:12:09.364406 137054315607872 pretrain.py:352] Pretrain iter 00000835: loss=6.5496670465172216e-05, pmove=0.95434570
I0512 11:12:09.391507 137054315607872 pretrain.py:352] Pretrain iter 00000836: loss=6.6774893978272087e-05, pmove=0.95043945
I0512 11:12:09.418775 137054315607872 pretrain.py:352] Pretrain iter 00000837: loss=6.7220950096620678e-05, pmove=0.95288086
I0512 11:12:09.445966 137054315607872 pretrain.py:352] Pretrain iter 00000838: loss=6.8988493787038193e-05, pmove=0.95458984
I0512 11:12:09.473240 137054315607872 pretrain.py:352] Pretrain iter 00000839: loss=7.1835371052421366e-05, pmove=0.95556641
I0512 11:12:09.500520 137054315607872 pretrain.py:352] Pretrain iter 00000840: loss=7.5178726192485354e-05, pmove=0.94848633
I0512 11:12:09.527775 137054315607872 pretrain.py:352] Pretrain iter 00000841: loss=8.0770121346718075e-05, pmove=0.95581055
I0512 11:12:09.555038 137054315607872 pretrain.py:352] Pretrain iter 00000842: loss=8.9301308396044546e-05, pmove=0.95336914
I0512 11:12:09.582311 137054315607872 pretrain.py:352] Pretrain iter 00000843: loss=1.0039376822657747e-04, pmove=0.94628906
I0512 11:12:09.609504 137054315607872 pretrain.py:352] Pretrain iter 00000844: loss=1.1194620117410614e-04, pmove=0.94677734
I0512 11:12:09.636729 137054315607872 pretrain.py:352] Pretrain iter 00000845: loss=1.2652013054272108e-04, pmove=0.95361328
I0512 11:12:09.663967 137054315607872 pretrain.py:352] Pretrain iter 00000846: loss=1.3878905021224761e-04, pmove=0.95629883
I0512 11:12:09.691231 137054315607872 pretrain.py:352] Pretrain iter 00000847: loss=1.5238934249609372e-04, pmove=0.95190430
I0512 11:12:09.718373 137054315607872 pretrain.py:352] Pretrain iter 00000848: loss=1.5505845095975629e-04, pmove=0.95288086
I0512 11:12:09.745666 137054315607872 pretrain.py:352] Pretrain iter 00000849: loss=1.5129640556199722e-04, pmove=0.95751953
I0512 11:12:09.772693 137054315607872 pretrain.py:352] Pretrain iter 00000850: loss=1.3375907656402083e-04, pmove=0.95483398
I0512 11:12:09.800048 137054315607872 pretrain.py:352] Pretrain iter 00000851: loss=1.0946042810917696e-04, pmove=0.94580078
I0512 11:12:09.827232 137054315607872 pretrain.py:352] Pretrain iter 00000852: loss=8.0493015070311837e-05, pmove=0.95776367
I0512 11:12:09.854446 137054315607872 pretrain.py:352] Pretrain iter 00000853: loss=6.4513260121939732e-05, pmove=0.95117188
I0512 11:12:09.881739 137054315607872 pretrain.py:352] Pretrain iter 00000854: loss=5.8917267100604043e-05, pmove=0.94433594
I0512 11:12:09.909132 137054315607872 pretrain.py:352] Pretrain iter 00000855: loss=6.5308412798740535e-05, pmove=0.95532227
I0512 11:12:09.936223 137054315607872 pretrain.py:352] Pretrain iter 00000856: loss=7.8549926508418268e-05, pmove=0.95141602
I0512 11:12:09.963491 137054315607872 pretrain.py:352] Pretrain iter 00000857: loss=8.7751552727535163e-05, pmove=0.95214844
I0512 11:12:09.990744 137054315607872 pretrain.py:352] Pretrain iter 00000858: loss=9.3508484832706656e-05, pmove=0.95458984
I0512 11:12:10.018068 137054315607872 pretrain.py:352] Pretrain iter 00000859: loss=9.3074695703542393e-05, pmove=0.94848633
I0512 11:12:10.045144 137054315607872 pretrain.py:352] Pretrain iter 00000860: loss=8.6863244003295554e-05, pmove=0.95361328
I0512 11:12:10.072381 137054315607872 pretrain.py:352] Pretrain iter 00000861: loss=7.7507285238041969e-05, pmove=0.95190430
I0512 11:12:10.100419 137054315607872 pretrain.py:352] Pretrain iter 00000862: loss=6.7553000697536818e-05, pmove=0.94970703
I0512 11:12:10.127222 137054315607872 pretrain.py:352] Pretrain iter 00000863: loss=6.1418567241304885e-05, pmove=0.95727539
I0512 11:12:10.154302 137054315607872 pretrain.py:352] Pretrain iter 00000864: loss=5.8510974268438095e-05, pmove=0.95043945
I0512 11:12:10.181043 137054315607872 pretrain.py:352] Pretrain iter 00000865: loss=6.0358490370983342e-05, pmove=0.95336914
I0512 11:12:10.207994 137054315607872 pretrain.py:352] Pretrain iter 00000866: loss=6.5126938715929844e-05, pmove=0.95751953
I0512 11:12:10.234706 137054315607872 pretrain.py:352] Pretrain iter 00000867: loss=7.0127153481875580e-05, pmove=0.95214844
I0512 11:12:10.261835 137054315607872 pretrain.py:352] Pretrain iter 00000868: loss=7.3724895543435389e-05, pmove=0.94726562
I0512 11:12:10.288551 137054315607872 pretrain.py:352] Pretrain iter 00000869: loss=7.6303941402807560e-05, pmove=0.95092773
I0512 11:12:10.315728 137054315607872 pretrain.py:352] Pretrain iter 00000870: loss=7.4748118548267987e-05, pmove=0.95117188
I0512 11:12:10.342565 137054315607872 pretrain.py:352] Pretrain iter 00000871: loss=7.2596575109571342e-05, pmove=0.95849609
I0512 11:12:10.369722 137054315607872 pretrain.py:352] Pretrain iter 00000872: loss=6.9454895210428535e-05, pmove=0.95654297
I0512 11:12:10.396713 137054315607872 pretrain.py:352] Pretrain iter 00000873: loss=6.5161359218475517e-05, pmove=0.95727539
I0512 11:12:10.424062 137054315607872 pretrain.py:352] Pretrain iter 00000874: loss=6.2283270214808563e-05, pmove=0.95483398
I0512 11:12:10.451057 137054315607872 pretrain.py:352] Pretrain iter 00000875: loss=6.0078998553176306e-05, pmove=0.95336914
I0512 11:12:10.478526 137054315607872 pretrain.py:352] Pretrain iter 00000876: loss=5.7704685877114708e-05, pmove=0.95556641
I0512 11:12:10.505657 137054315607872 pretrain.py:352] Pretrain iter 00000877: loss=5.7675130990265746e-05, pmove=0.95092773
I0512 11:12:10.533561 137054315607872 pretrain.py:352] Pretrain iter 00000878: loss=5.7642055213903065e-05, pmove=0.95922852
I0512 11:12:10.561345 137054315607872 pretrain.py:352] Pretrain iter 00000879: loss=5.9508147951551808e-05, pmove=0.95019531
I0512 11:12:10.589689 137054315607872 pretrain.py:352] Pretrain iter 00000880: loss=6.1042215398273642e-05, pmove=0.95043945
I0512 11:12:10.617532 137054315607872 pretrain.py:352] Pretrain iter 00000881: loss=6.1168986580749179e-05, pmove=0.95507812
I0512 11:12:10.644249 137054315607872 pretrain.py:352] Pretrain iter 00000882: loss=6.2557701005411628e-05, pmove=0.95263672
I0512 11:12:10.671344 137054315607872 pretrain.py:352] Pretrain iter 00000883: loss=6.3395730312766830e-05, pmove=0.95605469
I0512 11:12:10.698055 137054315607872 pretrain.py:352] Pretrain iter 00000884: loss=6.4619210546101901e-05, pmove=0.95336914
I0512 11:12:10.725187 137054315607872 pretrain.py:352] Pretrain iter 00000885: loss=6.3878234743816603e-05, pmove=0.95507812
I0512 11:12:10.751901 137054315607872 pretrain.py:352] Pretrain iter 00000886: loss=6.3365338793240980e-05, pmove=0.94750977
I0512 11:12:10.779028 137054315607872 pretrain.py:352] Pretrain iter 00000887: loss=6.0761231004144168e-05, pmove=0.94946289
I0512 11:12:10.805720 137054315607872 pretrain.py:352] Pretrain iter 00000888: loss=5.9609756425075779e-05, pmove=0.95458984
I0512 11:12:10.832871 137054315607872 pretrain.py:352] Pretrain iter 00000889: loss=5.9304562031461383e-05, pmove=0.95849609
I0512 11:12:10.859550 137054315607872 pretrain.py:352] Pretrain iter 00000890: loss=5.8637901073100528e-05, pmove=0.95312500
I0512 11:12:10.886683 137054315607872 pretrain.py:352] Pretrain iter 00000891: loss=5.8153131116149185e-05, pmove=0.95092773
I0512 11:12:10.913476 137054315607872 pretrain.py:352] Pretrain iter 00000892: loss=5.6914813929547043e-05, pmove=0.95458984
I0512 11:12:10.940472 137054315607872 pretrain.py:352] Pretrain iter 00000893: loss=5.7372426923549768e-05, pmove=0.95458984
I0512 11:12:10.967363 137054315607872 pretrain.py:352] Pretrain iter 00000894: loss=5.6158371755582867e-05, pmove=0.95507812
I0512 11:12:10.994496 137054315607872 pretrain.py:352] Pretrain iter 00000895: loss=5.6646024609093042e-05, pmove=0.95288086
I0512 11:12:11.021387 137054315607872 pretrain.py:352] Pretrain iter 00000896: loss=5.5542773839445327e-05, pmove=0.94824219
I0512 11:12:11.048663 137054315607872 pretrain.py:352] Pretrain iter 00000897: loss=5.5821519775762483e-05, pmove=0.95507812
I0512 11:12:11.075675 137054315607872 pretrain.py:352] Pretrain iter 00000898: loss=5.6103127472801887e-05, pmove=0.95385742
I0512 11:12:11.103088 137054315607872 pretrain.py:352] Pretrain iter 00000899: loss=5.6012076557599891e-05, pmove=0.95336914
I0512 11:12:11.130127 137054315607872 pretrain.py:352] Pretrain iter 00000900: loss=5.6125635931720920e-05, pmove=0.95239258
I0512 11:12:11.157693 137054315607872 pretrain.py:352] Pretrain iter 00000901: loss=5.6736263605421047e-05, pmove=0.95776367
I0512 11:12:11.184983 137054315607872 pretrain.py:352] Pretrain iter 00000902: loss=5.7860218363838274e-05, pmove=0.94897461
I0512 11:12:11.212785 137054315607872 pretrain.py:352] Pretrain iter 00000903: loss=5.6808939610703861e-05, pmove=0.95385742
I0512 11:12:11.240281 137054315607872 pretrain.py:352] Pretrain iter 00000904: loss=5.7230504929304171e-05, pmove=0.95483398
I0512 11:12:11.268097 137054315607872 pretrain.py:352] Pretrain iter 00000905: loss=5.8755959630092596e-05, pmove=0.95361328
I0512 11:12:11.296106 137054315607872 pretrain.py:352] Pretrain iter 00000906: loss=5.9394343980537909e-05, pmove=0.95117188
I0512 11:12:11.323284 137054315607872 pretrain.py:352] Pretrain iter 00000907: loss=6.2129454677164978e-05, pmove=0.95239258
I0512 11:12:11.350407 137054315607872 pretrain.py:352] Pretrain iter 00000908: loss=6.5821336990140307e-05, pmove=0.95068359
I0512 11:12:11.377131 137054315607872 pretrain.py:352] Pretrain iter 00000909: loss=7.3163957728607281e-05, pmove=0.94873047
I0512 11:12:11.404240 137054315607872 pretrain.py:352] Pretrain iter 00000910: loss=8.6860352136949393e-05, pmove=0.94555664
I0512 11:12:11.430918 137054315607872 pretrain.py:352] Pretrain iter 00000911: loss=1.1002434171782525e-04, pmove=0.95483398
I0512 11:12:11.457723 137054315607872 pretrain.py:352] Pretrain iter 00000912: loss=1.5127231664162019e-04, pmove=0.95556641
I0512 11:12:11.484421 137054315607872 pretrain.py:352] Pretrain iter 00000913: loss=2.0980591680880143e-04, pmove=0.95458984
I0512 11:12:11.511554 137054315607872 pretrain.py:352] Pretrain iter 00000914: loss=2.9955854054300294e-04, pmove=0.95410156
I0512 11:12:11.538327 137054315607872 pretrain.py:352] Pretrain iter 00000915: loss=3.8152081145171842e-04, pmove=0.95751953
I0512 11:12:11.565447 137054315607872 pretrain.py:352] Pretrain iter 00000916: loss=4.3680570586598720e-04, pmove=0.95605469
I0512 11:12:11.592207 137054315607872 pretrain.py:352] Pretrain iter 00000917: loss=3.6361721353220244e-04, pmove=0.95141602
I0512 11:12:11.619257 137054315607872 pretrain.py:352] Pretrain iter 00000918: loss=2.2053173330961544e-04, pmove=0.95776367
I0512 11:12:11.645984 137054315607872 pretrain.py:352] Pretrain iter 00000919: loss=8.5597187771231561e-05, pmove=0.94995117
I0512 11:12:11.673132 137054315607872 pretrain.py:352] Pretrain iter 00000920: loss=6.6354412977270947e-05, pmove=0.95385742
I0512 11:12:11.699900 137054315607872 pretrain.py:352] Pretrain iter 00000921: loss=1.4590237644187485e-04, pmove=0.95434570
I0512 11:12:11.727060 137054315607872 pretrain.py:352] Pretrain iter 00000922: loss=2.1300063546224286e-04, pmove=0.95947266
I0512 11:12:11.753781 137054315607872 pretrain.py:352] Pretrain iter 00000923: loss=2.0349368749172364e-04, pmove=0.95825195
I0512 11:12:11.781048 137054315607872 pretrain.py:352] Pretrain iter 00000924: loss=1.2161707951580270e-04, pmove=0.95458984
I0512 11:12:11.807959 137054315607872 pretrain.py:352] Pretrain iter 00000925: loss=5.8582939907669730e-05, pmove=0.95581055
I0512 11:12:11.835118 137054315607872 pretrain.py:352] Pretrain iter 00000926: loss=7.3468641528553975e-05, pmove=0.95239258
I0512 11:12:11.862199 137054315607872 pretrain.py:352] Pretrain iter 00000927: loss=1.2348738725297744e-04, pmove=0.94921875
I0512 11:12:11.889558 137054315607872 pretrain.py:352] Pretrain iter 00000928: loss=1.4206225499536205e-04, pmove=0.95288086
I0512 11:12:11.916849 137054315607872 pretrain.py:352] Pretrain iter 00000929: loss=1.0394269355757479e-04, pmove=0.95336914
I0512 11:12:11.944149 137054315607872 pretrain.py:352] Pretrain iter 00000930: loss=6.2216603372561565e-05, pmove=0.95434570
I0512 11:12:11.971487 137054315607872 pretrain.py:352] Pretrain iter 00000931: loss=6.2769085698297927e-05, pmove=0.95361328
I0512 11:12:11.999118 137054315607872 pretrain.py:352] Pretrain iter 00000932: loss=9.1737437197300274e-05, pmove=0.95922852
I0512 11:12:12.026367 137054315607872 pretrain.py:352] Pretrain iter 00000933: loss=1.0521508529764360e-04, pmove=0.95654297
I0512 11:12:12.053224 137054315607872 pretrain.py:352] Pretrain iter 00000934: loss=8.3931756649733029e-05, pmove=0.95385742
I0512 11:12:12.080601 137054315607872 pretrain.py:352] Pretrain iter 00000935: loss=5.8966652960237669e-05, pmove=0.95751953
I0512 11:12:12.107424 137054315607872 pretrain.py:352] Pretrain iter 00000936: loss=6.0958079226293686e-05, pmove=0.95532227
I0512 11:12:12.134581 137054315607872 pretrain.py:352] Pretrain iter 00000937: loss=7.5278421113956186e-05, pmove=0.95117188
I0512 11:12:12.161309 137054315607872 pretrain.py:352] Pretrain iter 00000938: loss=7.9029294003628387e-05, pmove=0.95043945
I0512 11:12:12.188430 137054315607872 pretrain.py:352] Pretrain iter 00000939: loss=6.5394487353084258e-05, pmove=0.94970703
I0512 11:12:12.215152 137054315607872 pretrain.py:352] Pretrain iter 00000940: loss=5.5474823030254379e-05, pmove=0.95288086
I0512 11:12:12.242237 137054315607872 pretrain.py:352] Pretrain iter 00000941: loss=6.0306697288625957e-05, pmove=0.95117188
I0512 11:12:12.268953 137054315607872 pretrain.py:352] Pretrain iter 00000942: loss=7.0237661551118287e-05, pmove=0.95947266
I0512 11:12:12.296124 137054315607872 pretrain.py:352] Pretrain iter 00000943: loss=7.0458629192100976e-05, pmove=0.95068359
I0512 11:12:12.322827 137054315607872 pretrain.py:352] Pretrain iter 00000944: loss=6.1557487283038661e-05, pmove=0.95483398
I0512 11:12:12.349898 137054315607872 pretrain.py:352] Pretrain iter 00000945: loss=5.5062579338928477e-05, pmove=0.95410156
I0512 11:12:12.376603 137054315607872 pretrain.py:352] Pretrain iter 00000946: loss=5.8740049644496843e-05, pmove=0.95605469
I0512 11:12:12.403683 137054315607872 pretrain.py:352] Pretrain iter 00000947: loss=6.5088229368748506e-05, pmove=0.95239258
I0512 11:12:12.430415 137054315607872 pretrain.py:352] Pretrain iter 00000948: loss=6.5444752271883870e-05, pmove=0.95629883
I0512 11:12:12.457528 137054315607872 pretrain.py:352] Pretrain iter 00000949: loss=5.9078550398369574e-05, pmove=0.95214844
I0512 11:12:12.484291 137054315607872 pretrain.py:352] Pretrain iter 00000950: loss=5.4708643048063629e-05, pmove=0.94580078
I0512 11:12:12.511533 137054315607872 pretrain.py:352] Pretrain iter 00000951: loss=5.7021685291133866e-05, pmove=0.95068359
I0512 11:12:12.538390 137054315607872 pretrain.py:352] Pretrain iter 00000952: loss=5.9953532336430498e-05, pmove=0.95385742
I0512 11:12:12.565786 137054315607872 pretrain.py:352] Pretrain iter 00000953: loss=6.1677731603651818e-05, pmove=0.94970703
I0512 11:12:12.592773 137054315607872 pretrain.py:352] Pretrain iter 00000954: loss=5.8207281413612662e-05, pmove=0.95239258
I0512 11:12:12.620129 137054315607872 pretrain.py:352] Pretrain iter 00000955: loss=5.4924827884180540e-05, pmove=0.95385742
I0512 11:12:12.647196 137054315607872 pretrain.py:352] Pretrain iter 00000956: loss=5.5098652297920248e-05, pmove=0.95166016
I0512 11:12:12.674487 137054315607872 pretrain.py:352] Pretrain iter 00000957: loss=5.5184334727410420e-05, pmove=0.94653320
I0512 11:12:12.701717 137054315607872 pretrain.py:352] Pretrain iter 00000958: loss=5.5981560683369692e-05, pmove=0.94653320
I0512 11:12:12.729163 137054315607872 pretrain.py:352] Pretrain iter 00000959: loss=5.5700332771025191e-05, pmove=0.94702148
I0512 11:12:12.756886 137054315607872 pretrain.py:352] Pretrain iter 00000960: loss=5.5413654818281757e-05, pmove=0.95141602
I0512 11:12:12.783915 137054315607872 pretrain.py:352] Pretrain iter 00000961: loss=5.3958781260691707e-05, pmove=0.94555664
I0512 11:12:12.811180 137054315607872 pretrain.py:352] Pretrain iter 00000962: loss=5.3970559861605332e-05, pmove=0.95874023
I0512 11:12:12.838036 137054315607872 pretrain.py:352] Pretrain iter 00000963: loss=5.4700425053313972e-05, pmove=0.95605469
I0512 11:12:12.865083 137054315607872 pretrain.py:352] Pretrain iter 00000964: loss=5.5470344443780284e-05, pmove=0.95312500
I0512 11:12:12.891794 137054315607872 pretrain.py:352] Pretrain iter 00000965: loss=5.4923622437258218e-05, pmove=0.95117188
I0512 11:12:12.918844 137054315607872 pretrain.py:352] Pretrain iter 00000966: loss=5.4815132733438623e-05, pmove=0.95141602
I0512 11:12:12.945545 137054315607872 pretrain.py:352] Pretrain iter 00000967: loss=5.4535500869342616e-05, pmove=0.95483398
I0512 11:12:12.972639 137054315607872 pretrain.py:352] Pretrain iter 00000968: loss=5.3662896224558436e-05, pmove=0.95312500
I0512 11:12:12.999347 137054315607872 pretrain.py:352] Pretrain iter 00000969: loss=5.4900252011775963e-05, pmove=0.95458984
I0512 11:12:13.026329 137054315607872 pretrain.py:352] Pretrain iter 00000970: loss=5.6096462097128845e-05, pmove=0.94702148
I0512 11:12:13.053054 137054315607872 pretrain.py:352] Pretrain iter 00000971: loss=5.7546250220162293e-05, pmove=0.94702148
I0512 11:12:13.080130 137054315607872 pretrain.py:352] Pretrain iter 00000972: loss=5.7050138225197446e-05, pmove=0.94506836
I0512 11:12:13.106845 137054315607872 pretrain.py:352] Pretrain iter 00000973: loss=5.6341348034725058e-05, pmove=0.95190430
I0512 11:12:13.133987 137054315607872 pretrain.py:352] Pretrain iter 00000974: loss=5.4621428009733237e-05, pmove=0.94897461
I0512 11:12:13.160665 137054315607872 pretrain.py:352] Pretrain iter 00000975: loss=5.3893968733838407e-05, pmove=0.95068359
I0512 11:12:13.187798 137054315607872 pretrain.py:352] Pretrain iter 00000976: loss=5.5240853507714238e-05, pmove=0.94848633
I0512 11:12:13.214521 137054315607872 pretrain.py:352] Pretrain iter 00000977: loss=5.4441128140261019e-05, pmove=0.94995117
I0512 11:12:13.245098 137054315607872 pretrain.py:352] Pretrain iter 00000978: loss=5.5835316696618254e-05, pmove=0.95043945
I0512 11:12:13.272422 137054315607872 pretrain.py:352] Pretrain iter 00000979: loss=5.5287224364986335e-05, pmove=0.94946289
I0512 11:12:13.299960 137054315607872 pretrain.py:352] Pretrain iter 00000980: loss=5.4201279899024197e-05, pmove=0.95581055
I0512 11:12:13.327279 137054315607872 pretrain.py:352] Pretrain iter 00000981: loss=5.4255104298245484e-05, pmove=0.95434570
I0512 11:12:13.354593 137054315607872 pretrain.py:352] Pretrain iter 00000982: loss=5.5582488082666051e-05, pmove=0.95263672
I0512 11:12:13.381860 137054315607872 pretrain.py:352] Pretrain iter 00000983: loss=5.4422054277984724e-05, pmove=0.94799805
I0512 11:12:13.409527 137054315607872 pretrain.py:352] Pretrain iter 00000984: loss=5.4642508850327159e-05, pmove=0.95312500
I0512 11:12:13.437392 137054315607872 pretrain.py:352] Pretrain iter 00000985: loss=5.4243762502862034e-05, pmove=0.94506836
I0512 11:12:13.464333 137054315607872 pretrain.py:352] Pretrain iter 00000986: loss=5.3887828745722819e-05, pmove=0.95214844
I0512 11:12:13.492003 137054315607872 pretrain.py:352] Pretrain iter 00000987: loss=5.4338011288140148e-05, pmove=0.95385742
I0512 11:12:13.518843 137054315607872 pretrain.py:352] Pretrain iter 00000988: loss=5.3683167975292246e-05, pmove=0.95117188
I0512 11:12:13.545999 137054315607872 pretrain.py:352] Pretrain iter 00000989: loss=5.6139677584489208e-05, pmove=0.95239258
I0512 11:12:13.572679 137054315607872 pretrain.py:352] Pretrain iter 00000990: loss=5.3356924395573876e-05, pmove=0.94482422
I0512 11:12:13.599749 137054315607872 pretrain.py:352] Pretrain iter 00000991: loss=5.4633485043010101e-05, pmove=0.95263672
I0512 11:12:13.626454 137054315607872 pretrain.py:352] Pretrain iter 00000992: loss=5.4544095736501956e-05, pmove=0.95263672
I0512 11:12:13.653554 137054315607872 pretrain.py:352] Pretrain iter 00000993: loss=5.3713405639382603e-05, pmove=0.96020508
I0512 11:12:13.680308 137054315607872 pretrain.py:352] Pretrain iter 00000994: loss=5.4548659454127678e-05, pmove=0.95898438
I0512 11:12:13.707412 137054315607872 pretrain.py:352] Pretrain iter 00000995: loss=5.6721415737417380e-05, pmove=0.95312500
I0512 11:12:13.734111 137054315607872 pretrain.py:352] Pretrain iter 00000996: loss=5.4466461644455400e-05, pmove=0.95581055
I0512 11:12:13.761269 137054315607872 pretrain.py:352] Pretrain iter 00000997: loss=5.5432365884346435e-05, pmove=0.94726562
I0512 11:12:13.787945 137054315607872 pretrain.py:352] Pretrain iter 00000998: loss=5.6883163071531482e-05, pmove=0.95825195
I0512 11:12:13.815135 137054315607872 pretrain.py:352] Pretrain iter 00000999: loss=5.5709818219555659e-05, pmove=0.95263672
I0512 11:12:14.819250 137054315607872 tag_graph_matcher.py:1786] ==================================================
I0512 11:12:14.820007 137054315607872 tag_graph_matcher.py:1787] Graph parameter registrations:
{'envelope': [{'pi': 'Auto[tag_variant=scale_and_shift(1)|match_type=scale_only_broadcast_1]',
               'sigma': 'Auto[tag_variant=scale_and_shift(0)|match_type=scale_only_broadcast_1]'}],
 'layers': {'input': {},
            'streams': [{'double': {'b': 'Auto[tag_variant=repeated_dense(1)|match_type=repeated_dense2_with_bias]',
                                    'w': 'Auto[tag_variant=repeated_dense(1)|match_type=repeated_dense2_with_bias]'},
                         'single': {'b': 'Auto[tag_variant=repeated_dense(0)|match_type=repeated_dense1_with_bias]',
                                    'w': 'Auto[tag_variant=repeated_dense(0)|match_type=repeated_dense1_with_bias]'}},
                        {'double': {'b': 'Auto[tag_variant=repeated_dense(3)|match_type=repeated_dense2_with_bias]',
                                    'w': 'Auto[tag_variant=repeated_dense(3)|match_type=repeated_dense2_with_bias]'},
                         'single': {'b': 'Auto[tag_variant=repeated_dense(2)|match_type=repeated_dense1_with_bias]',
                                    'w': 'Auto[tag_variant=repeated_dense(2)|match_type=repeated_dense1_with_bias]'}},
                        {'double': {'b': 'Auto[tag_variant=repeated_dense(5)|match_type=repeated_dense2_with_bias]',
                                    'w': 'Auto[tag_variant=repeated_dense(5)|match_type=repeated_dense2_with_bias]'},
                         'single': {'b': 'Auto[tag_variant=repeated_dense(4)|match_type=repeated_dense1_with_bias]',
                                    'w': 'Auto[tag_variant=repeated_dense(4)|match_type=repeated_dense1_with_bias]'}},
                        {'single': {'b': 'Auto[tag_variant=repeated_dense(6)|match_type=repeated_dense1_with_bias]',
                                    'w': 'Auto[tag_variant=repeated_dense(6)|match_type=repeated_dense1_with_bias]'}}]},
 'orbital': [{'w': 'Auto[tag_variant=repeated_dense(7)|match_type=repeated_dense1_no_bias]'}]}
I0512 11:12:14.820066 137054315607872 tag_graph_matcher.py:1793] ==================================================
I0512 11:12:14.829374 137054315607872 tracer.py:267] Graph registered losses:
I0512 11:12:14.829471 137054315607872 tracer.py:280] NormalMeanNegativeLogProbLoss(mean=Var(id=137045630892608):float64[4096,1], variance=Literal(0.5), weight=Literal(1.0), normalize_log_prob=Literal(True))
I0512 11:12:14.829505 137054315607872 tracer.py:282] ==================================================
I0512 11:12:14.830230 137054315607872 block_diagonal.py:333] BlockDiagonalCurvature blocks:
I0512 11:12:14.830327 137054315607872 block_diagonal.py:335] ScaleAndShiftDiagonal, tag name: Auto[tag_variant=scale_and_shift(1)|match_type=scale_only_broadcast_1], params shapes: ((1, 32),)
I0512 11:12:14.830410 137054315607872 block_diagonal.py:335] ScaleAndShiftDiagonal, tag name: Auto[tag_variant=scale_and_shift(0)|match_type=scale_only_broadcast_1], params shapes: ((1, 32),)
I0512 11:12:14.830511 137054315607872 block_diagonal.py:335] RepeatedDenseBlock(parameter_specs=['ab -> (a)b', 'a -> 1a'], parameters_concat_axis=0), tag name: Auto[tag_variant=repeated_dense(1)|match_type=repeated_dense2_with_bias], params shapes: ((4, 32), (32,))
I0512 11:12:14.830607 137054315607872 block_diagonal.py:335] RepeatedDenseBlock(parameter_specs=['ab -> (a)b', 'a -> 1a'], parameters_concat_axis=0), tag name: Auto[tag_variant=repeated_dense(0)|match_type=repeated_dense1_with_bias], params shapes: ((12, 256), (256,))
I0512 11:12:14.830699 137054315607872 block_diagonal.py:335] RepeatedDenseBlock(parameter_specs=['ab -> (a)b', 'a -> 1a'], parameters_concat_axis=0), tag name: Auto[tag_variant=repeated_dense(3)|match_type=repeated_dense2_with_bias], params shapes: ((32, 32), (32,))
I0512 11:12:14.830791 137054315607872 block_diagonal.py:335] RepeatedDenseBlock(parameter_specs=['ab -> (a)b', 'a -> 1a'], parameters_concat_axis=0), tag name: Auto[tag_variant=repeated_dense(2)|match_type=repeated_dense1_with_bias], params shapes: ((544, 256), (256,))
I0512 11:12:14.830905 137054315607872 block_diagonal.py:335] RepeatedDenseBlock(parameter_specs=['ab -> (a)b', 'a -> 1a'], parameters_concat_axis=0), tag name: Auto[tag_variant=repeated_dense(5)|match_type=repeated_dense2_with_bias], params shapes: ((32, 32), (32,))
I0512 11:12:14.830999 137054315607872 block_diagonal.py:335] RepeatedDenseBlock(parameter_specs=['ab -> (a)b', 'a -> 1a'], parameters_concat_axis=0), tag name: Auto[tag_variant=repeated_dense(4)|match_type=repeated_dense1_with_bias], params shapes: ((544, 256), (256,))
I0512 11:12:14.831093 137054315607872 block_diagonal.py:335] RepeatedDenseBlock(parameter_specs=['ab -> (a)b', 'a -> 1a'], parameters_concat_axis=0), tag name: Auto[tag_variant=repeated_dense(6)|match_type=repeated_dense1_with_bias], params shapes: ((544, 256), (256,))
I0512 11:12:14.831194 137054315607872 block_diagonal.py:335] RepeatedDenseBlock(parameter_specs=['ab -> (a)b'], parameters_concat_axis=0), tag name: Auto[tag_variant=repeated_dense(7)|match_type=repeated_dense1_no_bias], params shapes: ((256, 32),)
I0512 11:12:14.831225 137054315607872 block_diagonal.py:336] ==================================================
I0512 11:12:15.047161 137054315607872 train.py:918] Burning in MCMC chain for 100 steps
I0512 11:12:25.441349 137054315607872 train.py:931] Completed burn-in MCMC steps
I0512 11:12:27.842206 137054315607872 train.py:935] Initial energy: -1.6565 E_h
I0512 11:12:37.859668 137054315607872 train.py:1104] Step 00000000: energy=-1.6531916775203490 E_h, variance=1.2340009592141890e+00 E_h^2, std=1.1108559579055193e+00 E_h, ewmean=-1.6531916775203490 E_h, ewvar=-0.0000000000000000e+00 E_h^2, ewstd=0.0000000000000000e+00 E_h, pmove=0.95632324
I0512 11:17:28.433294 137054315607872 train.py:1104] Step 00001000: energy=-2.1663130784611582 E_h, variance=1.2160704707591154e-02 E_h^2, std=1.1027558527430791e-01 E_h, ewmean=-2.1665798757768919 E_h, ewvar=2.8868013674342827e-06 E_h^2, ewstd=1.6990589652611480e-03 E_h, pmove=0.91918945
I0512 11:22:19.285546 137054315607872 train.py:1104] Step 00002000: energy=-2.1709064407907963 E_h, variance=2.9599798101309486e-03 E_h^2, std=5.4405696486038560e-02 E_h, ewmean=-2.1724904827435285 E_h, ewvar=1.3760602305314026e-06 E_h^2, ewstd=1.1730559366592041e-03 E_h, pmove=0.80322266
I0512 11:27:10.076374 137054315607872 train.py:1104] Step 00003000: energy=-2.1782952257512633 E_h, variance=4.1560458995381321e-02 E_h^2, std=2.0386382463640115e-01 E_h, ewmean=-2.1741403986139485 E_h, ewvar=2.9341368982924057e-06 E_h^2, ewstd=1.7129322515185490e-03 E_h, pmove=0.54655762
I0512 11:32:00.930806 137054315607872 train.py:1104] Step 00004000: energy=-2.1758437707581857 E_h, variance=1.2693109514524693e-02 E_h^2, std=1.1266370096230947e-01 E_h, ewmean=-2.1741353733643187 E_h, ewvar=1.4183230355958210e-06 E_h^2, ewstd=1.1909336822828638e-03 E_h, pmove=0.54877930
I0512 11:36:51.726663 137054315607872 train.py:1104] Step 00005000: energy=-2.1743593749325334 E_h, variance=4.0015826063763632e-03 E_h^2, std=6.3258063568025560e-02 E_h, ewmean=-2.1742960185726252 E_h, ewvar=8.9700777498409080e-07 E_h^2, ewstd=9.4710494401839692e-04 E_h, pmove=0.54697266
I0512 11:41:42.535244 137054315607872 train.py:1104] Step 00006000: energy=-2.1738192850951830 E_h, variance=3.6254993051415170e-03 E_h^2, std=6.0212119254694205e-02 E_h, ewmean=-2.1742327853289374 E_h, ewvar=5.4086227066796829e-07 E_h^2, ewstd=7.3543338968799093e-04 E_h, pmove=0.54306641
I0512 11:46:33.377039 137054315607872 train.py:1104] Step 00007000: energy=-2.1753842703806008 E_h, variance=7.5462321303219008e-03 E_h^2, std=8.6869051625546714e-02 E_h, ewmean=-2.1744796870614440 E_h, ewvar=1.4004631123972900e-06 E_h^2, ewstd=1.1834116411449103e-03 E_h, pmove=0.54523926
I0512 11:51:24.177172 137054315607872 train.py:1104] Step 00008000: energy=-2.1737050095318065 E_h, variance=1.1137616100394764e-03 E_h^2, std=3.3373067135633136e-02 E_h, ewmean=-2.1743155996934949 E_h, ewvar=1.1855047679850095e-06 E_h^2, ewstd=1.0888088757835370e-03 E_h, pmove=0.55180664
I0512 11:56:14.964635 137054315607872 train.py:1104] Step 00009000: energy=-2.1750899414495954 E_h, variance=2.5977703851653199e-03 E_h^2, std=5.0968327274546886e-02 E_h, ewmean=-2.1743301535028223 E_h, ewvar=4.0502803544196431e-07 E_h^2, ewstd=6.3641812941018919e-04 E_h, pmove=0.54711914
I0512 12:01:05.454748 137054315607872 train.py:1049] Timing step 00010000: block_iters=10000, block_time=2917.501093 s, sec/iter=0.2917501093, iter/s=3.427591, elapsed=2917.501091 s
I0512 12:01:05.747099 137054315607872 train.py:1104] Step 00010000: energy=-2.1745476082131381 E_h, variance=1.6567260605515983e-03 E_h^2, std=4.0702899903466316e-02 E_h, ewmean=-2.1747584491965681 E_h, ewvar=7.6197609569521888e-07 E_h^2, ewstd=8.7291242154938936e-04 E_h, pmove=0.54548340
I0512 12:05:56.497840 137054315607872 train.py:1104] Step 00011000: energy=-2.1738145834821099 E_h, variance=5.1767185582517737e-04 E_h^2, std=2.2752403297787629e-02 E_h, ewmean=-2.1743939964017760 E_h, ewvar=5.5020804233518279e-07 E_h^2, ewstd=7.4176009756199662e-04 E_h, pmove=0.55095215
I0512 12:10:47.293553 137054315607872 train.py:1104] Step 00012000: energy=-2.1742285170161018 E_h, variance=1.1734058883405259e-03 E_h^2, std=3.4255012601669348e-02 E_h, ewmean=-2.1744747777059965 E_h, ewvar=7.1550111675725645e-07 E_h^2, ewstd=8.4587299091368109e-04 E_h, pmove=0.55195313
I0512 12:15:38.088257 137054315607872 train.py:1104] Step 00013000: energy=-2.1749592283761507 E_h, variance=1.5185889179139232e-03 E_h^2, std=3.8969076431369570e-02 E_h, ewmean=-2.1745850892189598 E_h, ewvar=1.8077782930728319e-07 E_h^2, ewstd=4.2517976116847707e-04 E_h, pmove=0.54824219
I0512 12:20:28.877709 137054315607872 train.py:1104] Step 00014000: energy=-2.1746638973849186 E_h, variance=8.9181763016216089e-04 E_h^2, std=2.9863315793162704e-02 E_h, ewmean=-2.1746416567237263 E_h, ewvar=4.9621591639175204e-07 E_h^2, ewstd=7.0442594812496228e-04 E_h, pmove=0.54770508
I0512 12:25:19.664248 137054315607872 train.py:1104] Step 00015000: energy=-2.1752359207826117 E_h, variance=2.6744814657403237e-03 E_h^2, std=5.1715389061094026e-02 E_h, ewmean=-2.1745775455747323 E_h, ewvar=3.6708081433451281e-07 E_h^2, ewstd=6.0587194549220776e-04 E_h, pmove=0.54606934
I0512 12:30:10.457911 137054315607872 train.py:1104] Step 00016000: energy=-2.1748159264885465 E_h, variance=1.9225769982084053e-03 E_h^2, std=4.3847200574362845e-02 E_h, ewmean=-2.1752608271445446 E_h, ewvar=3.2280090715050945e-06 E_h^2, ewstd=1.7966660990582236e-03 E_h, pmove=0.54882812
I0512 12:35:01.225832 137054315607872 train.py:1104] Step 00017000: energy=-2.1755748864002036 E_h, variance=5.6134677875481617e-03 E_h^2, std=7.4923079138194543e-02 E_h, ewmean=-2.1748939920179797 E_h, ewvar=8.0569529061783614e-07 E_h^2, ewstd=8.9760530892917304e-04 E_h, pmove=0.54638672
I0512 12:39:52.017485 137054315607872 train.py:1104] Step 00018000: energy=-2.1740356521020345 E_h, variance=3.6413891421997502e-04 E_h^2, std=1.9082424222828059e-02 E_h, ewmean=-2.1747550906101156 E_h, ewvar=5.7163014811595029e-07 E_h^2, ewstd=7.5606226470837062e-04 E_h, pmove=0.54597168
I0512 12:44:42.793522 137054315607872 train.py:1104] Step 00019000: energy=-2.1761373982103915 E_h, variance=6.2647747412679332e-03 E_h^2, std=7.9150330013638817e-02 E_h, ewmean=-2.1750025310850756 E_h, ewvar=6.3428194550927777e-07 E_h^2, ewstd=7.9641819762564297e-04 E_h, pmove=0.54904785
I0512 12:49:33.277315 137054315607872 train.py:1049] Timing step 00020000: block_iters=10000, block_time=2907.822565 s, sec/iter=0.2907822565, iter/s=3.438999, elapsed=5825.323657 s
I0512 12:49:33.569671 137054315607872 train.py:1104] Step 00020000: energy=-2.1747470416302237 E_h, variance=7.0714149917146295e-04 E_h^2, std=2.6592132279519499e-02 E_h, ewmean=-2.1748880418432353 E_h, ewvar=6.0554706562192739e-07 E_h^2, ewstd=7.7816904694412469e-04 E_h, pmove=0.54826660
I0512 12:52:28.038257 137054315607872 checkpoint.py:124] Saving checkpoint /home/sjtu/PyQMC/Ferminet/checkpoints_ferminet_x64_atoms/He_triplet/qmcjax_ckpt_020600.npz
I0512 12:54:24.463359 137054315607872 train.py:1104] Step 00021000: energy=-2.1741905588604995 E_h, variance=3.1307662518063358e-04 E_h^2, std=1.7693971436074873e-02 E_h, ewmean=-2.1745281210110652 E_h, ewvar=8.6237665254769447e-07 E_h^2, ewstd=9.2864237063990053e-04 E_h, pmove=0.54858398
I0512 12:59:15.237029 137054315607872 train.py:1104] Step 00022000: energy=-2.1740497259848439 E_h, variance=1.6773802015658193e-04 E_h^2, std=1.2951371362005722e-02 E_h, ewmean=-2.1754665362678387 E_h, ewvar=1.0339205573451662e-05 E_h^2, ewstd=3.2154635083377421e-03 E_h, pmove=0.55000000
I0512 13:04:06.026062 137054315607872 train.py:1104] Step 00023000: energy=-2.1743189263331684 E_h, variance=1.6782528537337126e-04 E_h^2, std=1.2954739880575420e-02 E_h, ewmean=-2.1746364958398843 E_h, ewvar=6.5543436567570501e-07 E_h^2, ewstd=8.0958901034766087e-04 E_h, pmove=0.54750977
I0512 13:08:56.808077 137054315607872 train.py:1104] Step 00024000: energy=-2.1742397962739517 E_h, variance=2.9295177783615145e-04 E_h^2, std=1.7115834126216329e-02 E_h, ewmean=-2.1749164297001529 E_h, ewvar=9.4753348582757094e-07 E_h^2, ewstd=9.7341331705887960e-04 E_h, pmove=0.54594727
I0512 13:13:47.599644 137054315607872 train.py:1104] Step 00025000: energy=-2.1750852644482306 E_h, variance=2.4879588243718132e-03 E_h^2, std=4.9879442903583170e-02 E_h, ewmean=-2.1746700445037401 E_h, ewvar=2.2927352868039968e-07 E_h^2, ewstd=4.7882515460280457e-04 E_h, pmove=0.54218750
I0512 13:18:38.385293 137054315607872 train.py:1104] Step 00026000: energy=-2.1749252748528125 E_h, variance=1.9130896310447024e-03 E_h^2, std=4.3738880084482068e-02 E_h, ewmean=-2.1748350642511496 E_h, ewvar=5.1051761380058374e-07 E_h^2, ewstd=7.1450515309589180e-04 E_h, pmove=0.54223633
I0512 13:23:29.181086 137054315607872 train.py:1104] Step 00027000: energy=-2.1752734613421358 E_h, variance=3.8246513225153973e-03 E_h^2, std=6.1843765429632415e-02 E_h, ewmean=-2.1752596596649161 E_h, ewvar=1.0746861288381621e-06 E_h^2, ewstd=1.0366706945014710e-03 E_h, pmove=0.54843750
I0512 13:28:19.971217 137054315607872 train.py:1104] Step 00028000: energy=-2.1741282059763085 E_h, variance=2.8712339120487895e-04 E_h^2, std=1.6944715731014165e-02 E_h, ewmean=-2.1747232968829060 E_h, ewvar=6.7226776433621783e-07 E_h^2, ewstd=8.1991936453301175e-04 E_h, pmove=0.54260254
I0512 13:33:10.774107 137054315607872 train.py:1104] Step 00029000: energy=-2.1745708687212715 E_h, variance=2.9955038897025666e-04 E_h^2, std=1.7307524056613548e-02 E_h, ewmean=-2.1747014717648252 E_h, ewvar=1.6443527245107402e-06 E_h^2, ewstd=1.2823231747538294e-03 E_h, pmove=0.54284668
I0512 13:38:01.266742 137054315607872 train.py:1049] Timing step 00030000: block_iters=10000, block_time=2907.989425 s, sec/iter=0.2907989425, iter/s=3.438802, elapsed=8733.313082 s
I0512 13:38:01.559291 137054315607872 train.py:1104] Step 00030000: energy=-2.1740790699701877 E_h, variance=8.2136179712492813e-05 E_h^2, std=9.0629012855979411e-03 E_h, ewmean=-2.1747906249287632 E_h, ewvar=7.2391575387344485e-07 E_h^2, ewstd=8.5083238882487588e-04 E_h, pmove=0.55241699
I0512 13:42:52.363493 137054315607872 train.py:1104] Step 00031000: energy=-2.1742024949464778 E_h, variance=1.1723591596485938e-04 E_h^2, std=1.0827553554005604e-02 E_h, ewmean=-2.1751801410509968 E_h, ewvar=7.4964451899675450e-07 E_h^2, ewstd=8.6582014240646683e-04 E_h, pmove=0.54636230
I0512 13:47:43.150498 137054315607872 train.py:1104] Step 00032000: energy=-2.1742413150846023 E_h, variance=1.4633159413770651e-04 E_h^2, std=1.2096759654457325e-02 E_h, ewmean=-2.1748065000860368 E_h, ewvar=2.7278567641824807e-07 E_h^2, ewstd=5.2228888215071943e-04 E_h, pmove=0.55588379
I0512 13:52:33.948256 137054315607872 train.py:1104] Step 00033000: energy=-2.1741935704117834 E_h, variance=1.1544199361690797e-04 E_h^2, std=1.0744393590003485e-02 E_h, ewmean=-2.1747629367749552 E_h, ewvar=4.0319665272939033e-07 E_h^2, ewstd=6.3497767892217304e-04 E_h, pmove=0.54584961
I0512 13:57:24.738132 137054315607872 train.py:1104] Step 00034000: energy=-2.1750063610114605 E_h, variance=2.5010631341873682e-03 E_h^2, std=5.0010630211859641e-02 E_h, ewmean=-2.1749679490265814 E_h, ewvar=5.1123182072320900e-07 E_h^2, ewstd=7.1500476972060050e-04 E_h, pmove=0.54831543
I0512 14:02:15.550275 137054315607872 train.py:1104] Step 00035000: energy=-2.1747526666573798 E_h, variance=5.4139780077343573e-04 E_h^2, std=2.3267956523369982e-02 E_h, ewmean=-2.1752923055687141 E_h, ewvar=9.3532584039711858e-07 E_h^2, ewstd=9.6712245367229401e-04 E_h, pmove=0.55319824
I0512 14:07:06.335587 137054315607872 train.py:1104] Step 00036000: energy=-2.1746546732775753 E_h, variance=5.4405433361714994e-04 E_h^2, std=2.3324972317607367e-02 E_h, ewmean=-2.1746088906040675 E_h, ewvar=2.3451832702355406e-07 E_h^2, ewstd=4.8427092316548809e-04 E_h, pmove=0.54743652
I0512 14:11:57.131896 137054315607872 train.py:1104] Step 00037000: energy=-2.1765875632896798 E_h, variance=5.0650576076456764e-03 E_h^2, std=7.1169218118830535e-02 E_h, ewmean=-2.1751221818505546 E_h, ewvar=7.3113599449475215e-07 E_h^2, ewstd=8.5506490659759398e-04 E_h, pmove=0.54907227
I0512 14:16:47.925710 137054315607872 train.py:1104] Step 00038000: energy=-2.1748623871134543 E_h, variance=9.1146978296616601e-04 E_h^2, std=3.0190557844567333e-02 E_h, ewmean=-2.1746699631636717 E_h, ewvar=2.0959436147064441e-07 E_h^2, ewstd=4.5781476764150415e-04 E_h, pmove=0.54780273
I0512 14:21:38.773348 137054315607872 train.py:1104] Step 00039000: energy=-2.1746715765335711 E_h, variance=7.2904286113673945e-04 E_h^2, std=2.7000793713088129e-02 E_h, ewmean=-2.1747903399899866 E_h, ewvar=4.1100266582496260e-07 E_h^2, ewstd=6.4109489611520270e-04 E_h, pmove=0.54833984
I0512 14:26:29.338104 137054315607872 train.py:1049] Timing step 00040000: block_iters=10000, block_time=2908.071356 s, sec/iter=0.2908071356, iter/s=3.438705, elapsed=11641.384439 s
I0512 14:26:29.630712 137054315607872 train.py:1104] Step 00040000: energy=-2.1744951401462687 E_h, variance=2.7396659472085345e-04 E_h^2, std=1.6551936283131754e-02 E_h, ewmean=-2.1747208458058207 E_h, ewvar=2.4585464889453632e-07 E_h^2, ewstd=4.9583732099806315e-04 E_h, pmove=0.54406738
I0512 14:31:20.483484 137054315607872 train.py:1104] Step 00041000: energy=-2.1745922367731234 E_h, variance=2.3091710146636569e-04 E_h^2, std=1.5195956747318206e-02 E_h, ewmean=-2.1748625037249227 E_h, ewvar=2.6345052056807173e-07 E_h^2, ewstd=5.1327431317773123e-04 E_h, pmove=0.54526367
I0512 14:32:28.243978 137054315607872 checkpoint.py:124] Saving checkpoint /home/sjtu/PyQMC/Ferminet/checkpoints_ferminet_x64_atoms/He_triplet/qmcjax_ckpt_041233.npz
I0512 14:36:11.371278 137054315607872 train.py:1104] Step 00042000: energy=-2.1743256878889907 E_h, variance=1.2056254590635959e-04 E_h^2, std=1.0980097718434003e-02 E_h, ewmean=-2.1747956224638396 E_h, ewvar=1.8556550652391316e-07 E_h^2, ewstd=4.3077314972490236e-04 E_h, pmove=0.55322266
I0512 14:41:02.165844 137054315607872 train.py:1104] Step 00043000: energy=-2.1749902180378702 E_h, variance=1.1349257190612666e-03 E_h^2, std=3.3688658611783086e-02 E_h, ewmean=-2.1749645172728971 E_h, ewvar=3.8903667139451225e-07 E_h^2, ewstd=6.2372804281554651e-04 E_h, pmove=0.54628906
I0512 14:45:52.932461 137054315607872 train.py:1104] Step 00044000: energy=-2.1748477186046786 E_h, variance=1.5844352598693898e-03 E_h^2, std=3.9804965266526611e-02 E_h, ewmean=-2.1747435240246364 E_h, ewvar=1.8670484656010922e-07 E_h^2, ewstd=4.3209356227570574e-04 E_h, pmove=0.54753418
I0512 14:50:43.746251 137054315607872 train.py:1104] Step 00045000: energy=-2.1749979239994208 E_h, variance=1.8018658382762040e-03 E_h^2, std=4.2448390290754298e-02 E_h, ewmean=-2.1748551759829393 E_h, ewvar=4.6406942429583952e-07 E_h^2, ewstd=6.8122641191885650e-04 E_h, pmove=0.55029297
I0512 14:55:34.556125 137054315607872 train.py:1104] Step 00046000: energy=-2.1743556480638113 E_h, variance=2.2811935025074260e-04 E_h^2, std=1.5103620435205018e-02 E_h, ewmean=-2.1748847147193704 E_h, ewvar=4.0409482979257001e-07 E_h^2, ewstd=6.3568453637993273e-04 E_h, pmove=0.54604492
I0512 15:00:25.353221 137054315607872 train.py:1104] Step 00047000: energy=-2.1751791031013772 E_h, variance=3.2092981746313421e-03 E_h^2, std=5.6650667909843237e-02 E_h, ewmean=-2.1747965252776513 E_h, ewvar=1.9526950575295570e-07 E_h^2, ewstd=4.4189309312655671e-04 E_h, pmove=0.55031738
I0512 15:05:16.153946 137054315607872 train.py:1104] Step 00048000: energy=-2.1740241662742656 E_h, variance=2.3157669088430942e-04 E_h^2, std=1.5217644064844906e-02 E_h, ewmean=-2.1748918399594404 E_h, ewvar=4.2518498637236440e-07 E_h^2, ewstd=6.5206210315610618e-04 E_h, pmove=0.54431152
I0512 15:10:06.939045 137054315607872 train.py:1104] Step 00049000: energy=-2.1748646608743276 E_h, variance=1.6033143169363151e-03 E_h^2, std=4.0041407529410288e-02 E_h, ewmean=-2.1748202447247738 E_h, ewvar=2.0837131979483753e-07 E_h^2, ewstd=4.5647707477466769e-04 E_h, pmove=0.55000000
I0512 15:14:57.453414 137054315607872 train.py:1049] Timing step 00050000: block_iters=10000, block_time=2908.115306 s, sec/iter=0.2908115306, iter/s=3.438653, elapsed=14549.499745 s
I0512 15:14:57.746267 137054315607872 train.py:1104] Step 00050000: energy=-2.1749815821925154 E_h, variance=1.0466172739497031e-03 E_h^2, std=3.2351464788316818e-02 E_h, ewmean=-2.1745601587304058 E_h, ewvar=1.9109257034690955e-07 E_h^2, ewstd=4.3714136197219950e-04 E_h, pmove=0.54675293
I0512 15:19:48.591550 137054315607872 train.py:1104] Step 00051000: energy=-2.1747984371480675 E_h, variance=9.5414696059490528e-04 E_h^2, std=3.0889269343817527e-02 E_h, ewmean=-2.1746969318473486 E_h, ewvar=2.1254912439371945e-07 E_h^2, ewstd=4.6103050267169899e-04 E_h, pmove=0.55083008
I0512 15:24:39.395975 137054315607872 train.py:1104] Step 00052000: energy=-2.1747380547956663 E_h, variance=2.0623797523416896e-04 E_h^2, std=1.4360987961633036e-02 E_h, ewmean=-2.1751506823800546 E_h, ewvar=1.2714727582738454e-06 E_h^2, ewstd=1.1275960084506532e-03 E_h, pmove=0.54533691
I0512 15:29:30.184370 137054315607872 train.py:1104] Step 00053000: energy=-2.1745631326519970 E_h, variance=5.1121548119226938e-04 E_h^2, std=2.2610074771930087e-02 E_h, ewmean=-2.1752043120401461 E_h, ewvar=8.0252723258551824e-07 E_h^2, ewstd=8.9583884297652456e-04 E_h, pmove=0.54873047
I0512 15:34:20.979317 137054315607872 train.py:1104] Step 00054000: energy=-2.1751426315909352 E_h, variance=2.1816857949197989e-03 E_h^2, std=4.6708519511110595e-02 E_h, ewmean=-2.1748235026718787 E_h, ewvar=4.1540622541986396e-07 E_h^2, ewstd=6.4452015129075986e-04 E_h, pmove=0.54528809
I0512 15:39:11.769664 137054315607872 train.py:1104] Step 00055000: energy=-2.1754983285154887 E_h, variance=3.2741171982833914e-03 E_h^2, std=5.7219902117037841e-02 E_h, ewmean=-2.1752662938902727 E_h, ewvar=7.5507171062666606e-07 E_h^2, ewstd=8.6894862369801015e-04 E_h, pmove=0.54628906
I0512 15:44:02.439557 137054315607872 train.py:1104] Step 00056000: energy=-2.1746318423036555 E_h, variance=4.3051017230906502e-04 E_h^2, std=2.0748739053471781e-02 E_h, ewmean=-2.1748109391479238 E_h, ewvar=1.8013467742413037e-07 E_h^2, ewstd=4.2442275790081094e-04 E_h, pmove=0.54880371
I0512 15:48:53.196256 137054315607872 train.py:1104] Step 00057000: energy=-2.1759056424182153 E_h, variance=3.0914888417924915e-03 E_h^2, std=5.5601158637140748e-02 E_h, ewmean=-2.1750065616618581 E_h, ewvar=2.0062962368095620e-07 E_h^2, ewstd=4.4791698302359132e-04 E_h, pmove=0.54602051
I0512 15:53:43.969638 137054315607872 train.py:1104] Step 00058000: energy=-2.1746663067844150 E_h, variance=3.1631666367886357e-04 E_h^2, std=1.7785293466200201e-02 E_h, ewmean=-2.1749160896268429 E_h, ewvar=4.2568427730041917e-07 E_h^2, ewstd=6.5244484617507648e-04 E_h, pmove=0.54726562
I0512 15:58:34.746049 137054315607872 train.py:1104] Step 00059000: energy=-2.1761986811010963 E_h, variance=4.0853469502527291e-03 E_h^2, std=6.3916718863320329e-02 E_h, ewmean=-2.1749649021930479 E_h, ewvar=4.4150827200466982e-07 E_h^2, ewstd=6.6446088824299496e-04 E_h, pmove=0.54721680
I0512 16:03:25.213082 137054315607872 train.py:1049] Timing step 00060000: block_iters=10000, block_time=2907.759680 s, sec/iter=0.2907759680, iter/s=3.439074, elapsed=17457.259425 s
I0512 16:03:25.505443 137054315607872 train.py:1104] Step 00060000: energy=-2.1750132568008511 E_h, variance=3.3129347627196710e-04 E_h^2, std=1.8201469069060526e-02 E_h, ewmean=-2.1748929294108130 E_h, ewvar=3.7506483395436317e-07 E_h^2, ewstd=6.1242537010999408e-04 E_h, pmove=0.54963379
I0512 16:08:16.300998 137054315607872 train.py:1104] Step 00061000: energy=-2.1754233245685031 E_h, variance=1.7361788560265568e-03 E_h^2, std=4.1667479597721734e-02 E_h, ewmean=-2.1748465703005735 E_h, ewvar=2.4220125461730049e-07 E_h^2, ewstd=4.9213946663247859e-04 E_h, pmove=0.55244141
I0512 16:12:28.422030 137054315607872 checkpoint.py:124] Saving checkpoint /home/sjtu/PyQMC/Ferminet/checkpoints_ferminet_x64_atoms/He_triplet/qmcjax_ckpt_061867.npz
I0512 16:13:07.145902 137054315607872 train.py:1104] Step 00062000: energy=-2.1771275798505214 E_h, variance=1.5616725586405604e-02 E_h^2, std=1.2496689796264290e-01 E_h, ewmean=-2.1748924659332536 E_h, ewvar=8.3764536240064473e-07 E_h^2, ewstd=9.1522967740378957e-04 E_h, pmove=0.54619141
I0512 16:17:57.913949 137054315607872 train.py:1104] Step 00063000: energy=-2.1752014810836844 E_h, variance=1.9078346625915324e-03 E_h^2, std=4.3678766724708842e-02 E_h, ewmean=-2.1750874855225195 E_h, ewvar=4.5855508481584546e-07 E_h^2, ewstd=6.7716695490539520e-04 E_h, pmove=0.55158691
I0512 16:22:48.684128 137054315607872 train.py:1104] Step 00064000: energy=-2.1752365474086943 E_h, variance=1.2488590713281857e-03 E_h^2, std=3.5339200207817181e-02 E_h, ewmean=-2.1749544672744374 E_h, ewvar=3.8620157124426507e-07 E_h^2, ewstd=6.2145118170638721e-04 E_h, pmove=0.54167480
I0512 16:27:39.438617 137054315607872 train.py:1104] Step 00065000: energy=-2.1755167757223051 E_h, variance=2.7316630389549465e-03 E_h^2, std=5.2265313918075214e-02 E_h, ewmean=-2.1747462696096034 E_h, ewvar=2.6793458978242976e-07 E_h^2, ewstd=5.1762398493735752e-04 E_h, pmove=0.54699707
I0512 16:32:30.250608 137054315607872 train.py:1104] Step 00066000: energy=-2.1795880849114551 E_h, variance=6.2304882292912429e-02 E_h^2, std=2.4960945954212638e-01 E_h, ewmean=-2.1752456390642694 E_h, ewvar=2.3050821581227419e-06 E_h^2, ewstd=1.5182497021645491e-03 E_h, pmove=0.54968262
I0512 16:37:21.052170 137054315607872 train.py:1104] Step 00067000: energy=-2.1751485752883162 E_h, variance=1.0795766018964600e-03 E_h^2, std=3.2856911021830096e-02 E_h, ewmean=-2.1749110533839406 E_h, ewvar=2.4248101940202701e-07 E_h^2, ewstd=4.9242361783532172e-04 E_h, pmove=0.55190430
I0512 16:42:11.830828 137054315607872 train.py:1104] Step 00068000: energy=-2.1752420029226771 E_h, variance=1.6223816532829486e-03 E_h^2, std=4.0278799054626099e-02 E_h, ewmean=-2.1748847572300773 E_h, ewvar=3.4599454257954820e-07 E_h^2, ewstd=5.8821300782926260e-04 E_h, pmove=0.54865723
I0512 16:47:02.625343 137054315607872 train.py:1104] Step 00069000: energy=-2.1756930139362840 E_h, variance=2.4961369313715176e-03 E_h^2, std=4.9961354378874855e-02 E_h, ewmean=-2.1750299527638632 E_h, ewvar=3.7840649909242407e-07 E_h^2, ewstd=6.1514754253953101e-04 E_h, pmove=0.54824219
I0512 16:51:53.121369 137054315607872 train.py:1049] Timing step 00070000: block_iters=10000, block_time=2907.908286 s, sec/iter=0.2907908286, iter/s=3.438898, elapsed=20365.167711 s
I0512 16:51:53.413738 137054315607872 train.py:1104] Step 00070000: energy=-2.1752534658182507 E_h, variance=1.0451069420786810e-03 E_h^2, std=3.2328113803293271e-02 E_h, ewmean=-2.1750091838786849 E_h, ewvar=4.9113981106218677e-07 E_h^2, ewstd=7.0081367785038758e-04 E_h, pmove=0.55253906
I0512 16:56:44.197878 137054315607872 train.py:1104] Step 00071000: energy=-2.1756131938830601 E_h, variance=3.6165581747284498e-03 E_h^2, std=6.0137826488229934e-02 E_h, ewmean=-2.1748482765794392 E_h, ewvar=4.0626910619389138e-07 E_h^2, ewstd=6.3739242715448959e-04 E_h, pmove=0.54562988
I0512 17:01:34.980026 137054315607872 train.py:1104] Step 00072000: energy=-2.1745533345396044 E_h, variance=5.4471425375958948e-04 E_h^2, std=2.3339114245394778e-02 E_h, ewmean=-2.1748869639611277 E_h, ewvar=3.4498199853152430e-07 E_h^2, ewstd=5.8735168215603528e-04 E_h, pmove=0.55021973
I0512 17:06:25.752299 137054315607872 train.py:1104] Step 00073000: energy=-2.1759574036628058 E_h, variance=7.7489533116390629e-03 E_h^2, std=8.8028139317147119e-02 E_h, ewmean=-2.1755155503622925 E_h, ewvar=2.2755174628951115e-06 E_h^2, ewstd=1.5084818404260329e-03 E_h, pmove=0.55107422
I0512 17:11:16.540159 137054315607872 train.py:1104] Step 00074000: energy=-2.1743265211489180 E_h, variance=1.0253089784779975e-04 E_h^2, std=1.0125754186617398e-02 E_h, ewmean=-2.1748648272392876 E_h, ewvar=2.8337562873901243e-07 E_h^2, ewstd=5.3233037555545568e-04 E_h, pmove=0.54729004
I0512 17:16:07.326266 137054315607872 train.py:1104] Step 00075000: energy=-2.1751990929904736 E_h, variance=1.0684323674622247e-03 E_h^2, std=3.2686883722102121e-02 E_h, ewmean=-2.1749344255680487 E_h, ewvar=2.4306739170741585e-07 E_h^2, ewstd=4.9301865249442222e-04 E_h, pmove=0.54721680
I0512 17:20:58.104354 137054315607872 train.py:1104] Step 00076000: energy=-2.1743299368827516 E_h, variance=7.9021863563214143e-05 E_h^2, std=8.8894242537531157e-03 E_h, ewmean=-2.1746812337300772 E_h, ewvar=3.1230444078340798e-07 E_h^2, ewstd=5.5884205352085662e-04 E_h, pmove=0.54914551
I0512 17:25:48.909380 137054315607872 train.py:1104] Step 00077000: energy=-2.1749385242729997 E_h, variance=3.1613827138548395e-04 E_h^2, std=1.7780277595849957e-02 E_h, ewmean=-2.1747474620409220 E_h, ewvar=1.9363015279941124e-07 E_h^2, ewstd=4.4003426321073138e-04 E_h, pmove=0.55166016
I0512 17:30:39.745844 137054315607872 train.py:1104] Step 00078000: energy=-2.1746383560362084 E_h, variance=4.6313995694617497e-04 E_h^2, std=2.1520686721063876e-02 E_h, ewmean=-2.1752481357135713 E_h, ewvar=8.4350424858604770e-07 E_h^2, ewstd=9.1842487367560315e-04 E_h, pmove=0.55437012
I0512 17:35:30.595184 137054315607872 train.py:1104] Step 00079000: energy=-2.1742898019137487 E_h, variance=6.2708697797744944e-05 E_h^2, std=7.9188823578674877e-03 E_h, ewmean=-2.1749071766305050 E_h, ewvar=5.6697578366857080e-07 E_h^2, ewstd=7.5297794368000637e-04 E_h, pmove=0.54306641
I0512 17:40:21.089754 137054315607872 train.py:1049] Timing step 00080000: block_iters=10000, block_time=2907.968358 s, sec/iter=0.2907968358, iter/s=3.438827, elapsed=23273.136069 s
I0512 17:40:21.382441 137054315607872 train.py:1104] Step 00080000: energy=-2.1749220616010629 E_h, variance=7.2296422962248009e-04 E_h^2, std=2.6887994153943134e-02 E_h, ewmean=-2.1749315678331609 E_h, ewvar=2.7043154164879764e-07 E_h^2, ewstd=5.2003032762407001e-04 E_h, pmove=0.54985352
I0512 17:45:12.224341 137054315607872 train.py:1104] Step 00081000: energy=-2.1743636239291284 E_h, variance=1.4404947799243853e-04 E_h^2, std=1.2002061405960166e-02 E_h, ewmean=-2.1748560293323407 E_h, ewvar=2.4172866812626828e-07 E_h^2, ewstd=4.9165909747127463e-04 E_h, pmove=0.54802246
I0512 17:50:03.042483 137054315607872 train.py:1104] Step 00082000: energy=-2.1746098544616332 E_h, variance=3.6666740175380469e-04 E_h^2, std=1.9148561349454030e-02 E_h, ewmean=-2.1749845500495164 E_h, ewvar=2.6774015602136394e-07 E_h^2, ewstd=5.1743613714289797e-04 E_h, pmove=0.54821777
I0512 17:52:28.727183 137054315607872 checkpoint.py:124] Saving checkpoint /home/sjtu/PyQMC/Ferminet/checkpoints_ferminet_x64_atoms/He_triplet/qmcjax_ckpt_082501.npz
I0512 17:54:53.898262 137054315607872 train.py:1104] Step 00083000: energy=-2.1745613586004851 E_h, variance=2.5136428865116847e-04 E_h^2, std=1.5854472197180468e-02 E_h, ewmean=-2.1747016910570993 E_h, ewvar=1.3218861001579384e-07 E_h^2, ewstd=3.6357751582818460e-04 E_h, pmove=0.55261230
I0512 17:59:44.741252 137054315607872 train.py:1104] Step 00084000: energy=-2.1756177583458616 E_h, variance=3.1455086163602116e-03 E_h^2, std=5.6084834102992684e-02 E_h, ewmean=-2.1751628168467394 E_h, ewvar=4.7648410171822014e-07 E_h^2, ewstd=6.9027827846327317e-04 E_h, pmove=0.54682617
I0512 18:04:35.588247 137054315607872 train.py:1104] Step 00085000: energy=-2.1747428428777753 E_h, variance=5.8152707261800729e-04 E_h^2, std=2.4114872436278970e-02 E_h, ewmean=-2.1750143062604601 E_h, ewvar=3.9800183051435505e-07 E_h^2, ewstd=6.3087386260199038e-04 E_h, pmove=0.54724121
I0512 18:09:26.360518 137054315607872 train.py:1104] Step 00086000: energy=-2.1747117444367827 E_h, variance=3.3383883574308881e-04 E_h^2, std=1.8271257092578191e-02 E_h, ewmean=-2.1748857733012557 E_h, ewvar=2.6908311968851858e-07 E_h^2, ewstd=5.1873222349158011e-04 E_h, pmove=0.54619141
I0512 18:14:17.129289 137054315607872 train.py:1104] Step 00087000: energy=-2.1758856698794040 E_h, variance=4.1953092247095014e-03 E_h^2, std=6.4771206756625288e-02 E_h, ewmean=-2.1750483050696472 E_h, ewvar=6.5882190382170993e-07 E_h^2, ewstd=8.1167844853840361e-04 E_h, pmove=0.54614258
I0512 18:19:07.871954 137054315607872 train.py:1104] Step 00088000: energy=-2.1742741998950379 E_h, variance=1.1757309825133959e-04 E_h^2, std=1.0843112941002672e-02 E_h, ewmean=-2.1748715064901667 E_h, ewvar=2.7021099921876818e-07 E_h^2, ewstd=5.1981823671238029e-04 E_h, pmove=0.54533691
I0512 18:23:58.640447 137054315607872 train.py:1104] Step 00089000: energy=-2.1753001598114179 E_h, variance=1.8455911666720550e-03 E_h^2, std=4.2960344117244392e-02 E_h, ewmean=-2.1746700620079857 E_h, ewvar=9.5271546063297980e-08 E_h^2, ewstd=3.0866089169717952e-04 E_h, pmove=0.54907227
I0512 18:28:49.103624 137054315607872 train.py:1049] Timing step 00090000: block_iters=10000, block_time=2908.013883 s, sec/iter=0.2908013883, iter/s=3.438773, elapsed=26181.149952 s
I0512 18:28:49.396174 137054315607872 train.py:1104] Step 00090000: energy=-2.1747479456664665 E_h, variance=2.5337723612285098e-04 E_h^2, std=1.5917827619460232e-02 E_h, ewmean=-2.1747160556160208 E_h, ewvar=8.1504026812336745e-08 E_h^2, ewstd=2.8548910103949105e-04 E_h, pmove=0.55117187
I0512 18:33:40.168434 137054315607872 train.py:1104] Step 00091000: energy=-2.1743359412653631 E_h, variance=8.0998223078001641e-05 E_h^2, std=8.9999012815697946e-03 E_h, ewmean=-2.1747632554247422 E_h, ewvar=2.0345571979174494e-07 E_h^2, ewstd=4.5106066087805192e-04 E_h, pmove=0.55031738
I0512 18:38:30.957594 137054315607872 train.py:1104] Step 00092000: energy=-2.1761760967270281 E_h, variance=7.0628958916289161e-03 E_h^2, std=8.4041036949986020e-02 E_h, ewmean=-2.1750001087054400 E_h, ewvar=2.7521027384825577e-07 E_h^2, ewstd=5.2460487402258837e-04 E_h, pmove=0.54926758
I0512 18:43:21.735211 137054315607872 train.py:1104] Step 00093000: energy=-2.1772604421930115 E_h, variance=3.0027393114333771e-02 E_h^2, std=1.7328413982339461e-01 E_h, ewmean=-2.1750611194109717 E_h, ewvar=7.6312984614514429e-07 E_h^2, ewstd=8.7357303423648799e-04 E_h, pmove=0.54694824
I0512 18:48:12.518783 137054315607872 train.py:1104] Step 00094000: energy=-2.1748873147254768 E_h, variance=3.0117065075657522e-04 E_h^2, std=1.7354268949067695e-02 E_h, ewmean=-2.1749899831884738 E_h, ewvar=5.0159849756448969e-07 E_h^2, ewstd=7.0823618769764204e-04 E_h, pmove=0.54716797
I0512 18:53:03.317379 137054315607872 train.py:1104] Step 00095000: energy=-2.1749408918346518 E_h, variance=3.2059344800066975e-04 E_h^2, std=1.7905123512577895e-02 E_h, ewmean=-2.1746876974345288 E_h, ewvar=1.3266822528279177e-07 E_h^2, ewstd=3.6423649636299735e-04 E_h, pmove=0.54606934
I0512 18:57:54.079914 137054315607872 train.py:1104] Step 00096000: energy=-2.1743610488887670 E_h, variance=2.1391141996421564e-04 E_h^2, std=1.4625710921668582e-02 E_h, ewmean=-2.1749521074279023 E_h, ewvar=2.0587425157759335e-07 E_h^2, ewstd=4.5373367913082379e-04 E_h, pmove=0.55046387
I0512 19:02:44.889472 137054315607872 train.py:1104] Step 00097000: energy=-2.1749262519029005 E_h, variance=5.1516577730962567e-04 E_h^2, std=2.2697263652467575e-02 E_h, ewmean=-2.1750450164988293 E_h, ewvar=6.9173575331062061e-07 E_h^2, ewstd=8.3170653076107353e-04 E_h, pmove=0.54929199
I0512 19:07:35.658481 137054315607872 train.py:1104] Step 00098000: energy=-2.1745528210270857 E_h, variance=1.1278735464541079e-04 E_h^2, std=1.0620139106688329e-02 E_h, ewmean=-2.1748624285946283 E_h, ewvar=5.1236632274186171e-07 E_h^2, ewstd=7.1579768282794946e-04 E_h, pmove=0.54729004
I0512 19:12:26.441326 137054315607872 train.py:1104] Step 00099000: energy=-2.1746837936272265 E_h, variance=2.2643913906058189e-04 E_h^2, std=1.5047894838168622e-02 E_h, ewmean=-2.1749643384093149 E_h, ewvar=2.5451223656146106e-07 E_h^2, ewstd=5.0449205797659601e-04 E_h, pmove=0.54924316
I0512 19:17:16.916920 137054315607872 train.py:1049] Timing step 00100000: block_iters=10000, block_time=2907.813309 s, sec/iter=0.2907813309, iter/s=3.439010, elapsed=29088.963261 s
I0512 19:17:17.209243 137054315607872 train.py:1104] Step 00100000: energy=-2.1743812869890458 E_h, variance=7.2575297588835372e-05 E_h^2, std=8.5191136621620075e-03 E_h, ewmean=-2.1745848138025936 E_h, ewvar=9.2092022900525264e-08 E_h^2, ewstd=3.0346667510704574e-04 E_h, pmove=0.55168457
I0512 19:22:08.013395 137054315607872 train.py:1104] Step 00101000: energy=-2.1742824386476736 E_h, variance=7.2577935045050969e-05 E_h^2, std=8.5192684571535233e-03 E_h, ewmean=-2.1749220875753883 E_h, ewvar=2.8185479690661635e-07 E_h^2, ewstd=5.3089998766869112e-04 E_h, pmove=0.54499512
I0512 19:26:58.785297 137054315607872 train.py:1104] Step 00102000: energy=-2.1752096633954201 E_h, variance=1.7627217345828855e-03 E_h^2, std=4.1984779796765466e-02 E_h, ewmean=-2.1751747781441235 E_h, ewvar=8.4903363087869510e-07 E_h^2, ewstd=9.2143020944545500e-04 E_h, pmove=0.55288086
I0512 19:31:49.567586 137054315607872 train.py:1104] Step 00103000: energy=-2.1745653416448354 E_h, variance=1.0376732571182974e-04 E_h^2, std=1.0186624843972106e-02 E_h, ewmean=-2.1747772451612155 E_h, ewvar=1.4774920753750283e-07 E_h^2, ewstd=3.8438159104918490e-04 E_h, pmove=0.54763184
I0512 19:32:28.821444 137054315607872 checkpoint.py:124] Saving checkpoint /home/sjtu/PyQMC/Ferminet/checkpoints_ferminet_x64_atoms/He_triplet/qmcjax_ckpt_103135.npz
I0512 19:36:40.395995 137054315607872 train.py:1104] Step 00104000: energy=-2.1749655976864828 E_h, variance=8.4756396068361379e-04 E_h^2, std=2.9112951768647814e-02 E_h, ewmean=-2.1749046112162245 E_h, ewvar=3.3627039481042718e-07 E_h^2, ewstd=5.7988826062477521e-04 E_h, pmove=0.55053711
I0512 19:41:31.217366 137054315607872 train.py:1104] Step 00105000: energy=-2.1741465093330317 E_h, variance=1.3883316086087978e-04 E_h^2, std=1.1782748442569746e-02 E_h, ewmean=-2.1746930870889289 E_h, ewvar=4.0590215196672381e-07 E_h^2, ewstd=6.3710450631487749e-04 E_h, pmove=0.54758301
I0512 19:46:22.038738 137054315607872 train.py:1104] Step 00106000: energy=-2.1752123395487120 E_h, variance=3.1792159079411350e-03 E_h^2, std=5.6384536070993217e-02 E_h, ewmean=-2.1751400304119519 E_h, ewvar=2.9910384794418207e-07 E_h^2, ewstd=5.4690387450097853e-04 E_h, pmove=0.54409180
I0512 19:51:12.836619 137054315607872 train.py:1104] Step 00107000: energy=-2.1744143880374214 E_h, variance=1.1211683361884254e-04 E_h^2, std=1.0588523675132551e-02 E_h, ewmean=-2.1746696369727472 E_h, ewvar=2.5060394988675219e-07 E_h^2, ewstd=5.0060358557121041e-04 E_h, pmove=0.55009766
I0512 19:56:03.662060 137054315607872 train.py:1104] Step 00108000: energy=-2.1744368528881854 E_h, variance=6.7455739557166060e-05 E_h^2, std=8.2131443161048891e-03 E_h, ewmean=-2.1749211633711556 E_h, ewvar=1.5657179114223390e-07 E_h^2, ewstd=3.9569153534316839e-04 E_h, pmove=0.54785156
I0512 20:00:54.485841 137054315607872 train.py:1104] Step 00109000: energy=-2.1746009132218904 E_h, variance=7.6149412654681319e-05 E_h^2, std=8.7263630829046597e-03 E_h, ewmean=-2.1749055658969683 E_h, ewvar=2.2731211702047143e-07 E_h^2, ewstd=4.7677260514890265e-04 E_h, pmove=0.55107422
I0512 20:05:45.024721 137054315607872 train.py:1049] Timing step 00110000: block_iters=10000, block_time=2908.107780 s, sec/iter=0.2908107780, iter/s=3.438662, elapsed=31997.071041 s
I0512 20:05:45.317577 137054315607872 train.py:1104] Step 00110000: energy=-2.1745527338572002 E_h, variance=2.6098483956472695e-04 E_h^2, std=1.6155025210897289e-02 E_h, ewmean=-2.1748218186313641 E_h, ewvar=1.2049820600860469e-07 E_h^2, ewstd=3.4712851511883131e-04 E_h, pmove=0.54536133
I0512 20:10:36.170374 137054315607872 train.py:1104] Step 00111000: energy=-2.1752062832237540 E_h, variance=9.1064806692989046e-04 E_h^2, std=3.0176945951005223e-02 E_h, ewmean=-2.1751264309100695 E_h, ewvar=3.6550525292814771e-07 E_h^2, ewstd=6.0457030437174777e-04 E_h, pmove=0.54995117
I0512 20:15:26.999647 137054315607872 train.py:1104] Step 00112000: energy=-2.1751982594554709 E_h, variance=3.6679684292142414e-04 E_h^2, std=1.9151940970079877e-02 E_h, ewmean=-2.1750618452853949 E_h, ewvar=2.0634400231800634e-07 E_h^2, ewstd=4.5425103447103602e-04 E_h, pmove=0.54868164
I0512 20:20:17.816855 137054315607872 train.py:1104] Step 00113000: energy=-2.1747055908878181 E_h, variance=2.7991394173558813e-04 E_h^2, std=1.6730628850571878e-02 E_h, ewmean=-2.1750445557502385 E_h, ewvar=3.1415893974414181e-07 E_h^2, ewstd=5.6049883117107553e-04 E_h, pmove=0.54924316
I0512 20:25:08.627316 137054315607872 train.py:1104] Step 00114000: energy=-2.1750288795586794 E_h, variance=2.9635170804892801e-04 E_h^2, std=1.7214868807194784e-02 E_h, ewmean=-2.1748591080506259 E_h, ewvar=1.9132937939404833e-07 E_h^2, ewstd=4.3741213905657483e-04 E_h, pmove=0.54616699
I0512 20:29:59.420648 137054315607872 train.py:1104] Step 00115000: energy=-2.1749908837853509 E_h, variance=5.3670025248232680e-04 E_h^2, std=2.3166792019663120e-02 E_h, ewmean=-2.1749607159678277 E_h, ewvar=3.1119243925700343e-07 E_h^2, ewstd=5.5784625055386311e-04 E_h, pmove=0.54960938
I0512 20:34:50.208644 137054315607872 train.py:1104] Step 00116000: energy=-2.1761603073623235 E_h, variance=5.6363570812946627e-03 E_h^2, std=7.5075675696557417e-02 E_h, ewmean=-2.1751486094682173 E_h, ewvar=3.7789483694794514e-07 E_h^2, ewstd=6.1473151614989212e-04 E_h, pmove=0.55307617
I0512 20:39:41.039791 137054315607872 train.py:1104] Step 00117000: energy=-2.1747296502153683 E_h, variance=1.0519225451786877e-04 E_h^2, std=1.0256327535617648e-02 E_h, ewmean=-2.1747329786687590 E_h, ewvar=1.4040164125549694e-07 E_h^2, ewstd=3.7470206999094216e-04 E_h, pmove=0.54558105
I0512 20:44:31.891657 137054315607872 train.py:1104] Step 00118000: energy=-2.1753264746128376 E_h, variance=6.3090216387653357e-04 E_h^2, std=2.5117765901380113e-02 E_h, ewmean=-2.1749050063752495 E_h, ewvar=2.1523692317750366e-07 E_h^2, ewstd=4.6393633526325967e-04 E_h, pmove=0.54584961
I0512 20:49:22.741219 137054315607872 train.py:1104] Step 00119000: energy=-2.1747562723039007 E_h, variance=3.2758918240496178e-04 E_h^2, std=1.8099424919178007e-02 E_h, ewmean=-2.1748930678549874 E_h, ewvar=9.9656873098795348e-08 E_h^2, ewstd=3.1568476855685536e-04 E_h, pmove=0.55004883
I0512 20:54:13.229676 137054315607872 train.py:1049] Timing step 00120000: block_iters=10000, block_time=2908.204959 s, sec/iter=0.2908204959, iter/s=3.438547, elapsed=34905.276001 s
I0512 20:54:13.522469 137054315607872 train.py:1104] Step 00120000: energy=-2.1745294093304124 E_h, variance=1.9244774414453890e-04 E_h^2, std=1.3872553627380177e-02 E_h, ewmean=-2.1749253134744300 E_h, ewvar=2.4337060945777120e-07 E_h^2, ewstd=4.9332606809064043e-04 E_h, pmove=0.54924316
I0512 20:59:04.318038 137054315607872 train.py:1104] Step 00121000: energy=-2.1747286170596269 E_h, variance=1.1909768102155194e-04 E_h^2, std=1.0913188398518186e-02 E_h, ewmean=-2.1748900552320225 E_h, ewvar=5.0324555401339273e-07 E_h^2, ewstd=7.0939802227902549e-04 E_h, pmove=0.54738770
I0512 21:03:55.120512 137054315607872 train.py:1104] Step 00122000: energy=-2.1744701716647654 E_h, variance=5.3839485664491964e-05 E_h^2, std=7.3375394829937350e-03 E_h, ewmean=-2.1752794734182390 E_h, ewvar=1.7225707297735480e-06 E_h^2, ewstd=1.3124674204617606e-03 E_h, pmove=0.54833984
I0512 21:08:45.987755 137054315607872 train.py:1104] Step 00123000: energy=-2.1747365034140982 E_h, variance=2.4918091917007084e-04 E_h^2, std=1.5785465440400256e-02 E_h, ewmean=-2.1751328290119405 E_h, ewvar=4.5838799675483087e-07 E_h^2, ewstd=6.7704357079499016e-04 E_h, pmove=0.55173340
I0512 21:12:29.079957 137054315607872 checkpoint.py:124] Saving checkpoint /home/sjtu/PyQMC/Ferminet/checkpoints_ferminet_x64_atoms/He_triplet/qmcjax_ckpt_123767.npz
I0512 21:13:36.905415 137054315607872 train.py:1104] Step 00124000: energy=-2.1744659260666062 E_h, variance=6.8990764098234611e-05 E_h^2, std=8.3060679083567946e-03 E_h, ewmean=-2.1747653030481611 E_h, ewvar=1.6339005336707418e-07 E_h^2, ewstd=4.0421535518467652e-04 E_h, pmove=0.54450684
I0512 21:18:27.689383 137054315607872 train.py:1104] Step 00125000: energy=-2.1747368659038013 E_h, variance=1.9665970130864358e-04 E_h^2, std=1.4023540968979396e-02 E_h, ewmean=-2.1749022429592286 E_h, ewvar=1.2385971707953108e-07 E_h^2, ewstd=3.5193709250309365e-04 E_h, pmove=0.54799805
I0512 21:23:18.494412 137054315607872 train.py:1104] Step 00126000: energy=-2.1754278390263009 E_h, variance=1.8711337322967632e-03 E_h^2, std=4.3256603337487827e-02 E_h, ewmean=-2.1754291692010437 E_h, ewvar=1.7491961393446285e-06 E_h^2, ewstd=1.3225717898642131e-03 E_h, pmove=0.54980469
I0512 21:28:09.285799 137054315607872 train.py:1104] Step 00127000: energy=-2.1748708068468638 E_h, variance=2.5502702275933913e-04 E_h^2, std=1.5969565515671962e-02 E_h, ewmean=-2.1749301011626976 E_h, ewvar=1.1737246756089720e-07 E_h^2, ewstd=3.4259665433406845e-04 E_h, pmove=0.54855957
I0512 21:33:00.163605 137054315607872 train.py:1104] Step 00128000: energy=-2.1747840439892063 E_h, variance=9.2262805242008860e-05 E_h^2, std=9.6053529472898014e-03 E_h, ewmean=-2.1749818185593526 E_h, ewvar=2.1751092962277444e-07 E_h^2, ewstd=4.6638067029281395e-04 E_h, pmove=0.55151367
I0512 21:37:50.988770 137054315607872 train.py:1104] Step 00129000: energy=-2.1750528796741291 E_h, variance=1.1550843129389402e-03 E_h^2, std=3.3986531346092676e-02 E_h, ewmean=-2.1748161433332407 E_h, ewvar=9.3964548352883226e-08 E_h^2, ewstd=3.0653637362127714e-04 E_h, pmove=0.55336914
I0512 21:42:41.483132 137054315607872 train.py:1049] Timing step 00130000: block_iters=10000, block_time=2908.253472 s, sec/iter=0.2908253472, iter/s=3.438490, elapsed=37813.529473 s
I0512 21:42:41.775476 137054315607872 train.py:1104] Step 00130000: energy=-2.1745297397665437 E_h, variance=6.6806827111956518e-05 E_h^2, std=8.1735443420805215e-03 E_h, ewmean=-2.1749391258358917 E_h, ewvar=2.2395772966760524e-07 E_h^2, ewstd=4.7324172435194811e-04 E_h, pmove=0.54809570
I0512 21:47:32.661341 137054315607872 train.py:1104] Step 00131000: energy=-2.1745886424476097 E_h, variance=1.0242431567126561e-04 E_h^2, std=1.0120489892849338e-02 E_h, ewmean=-2.1748447278068914 E_h, ewvar=2.2468774209226251e-07 E_h^2, ewstd=4.7401238601144433e-04 E_h, pmove=0.54755859
I0512 21:52:23.507819 137054315607872 train.py:1104] Step 00132000: energy=-2.1752205911856919 E_h, variance=1.0124100476564765e-03 E_h^2, std=3.1818391657286456e-02 E_h, ewmean=-2.1753160933625608 E_h, ewvar=1.0844623296830444e-06 E_h^2, ewstd=1.0413752108068659e-03 E_h, pmove=0.54833984
I0512 21:57:14.317661 137054315607872 train.py:1104] Step 00133000: energy=-2.1745397230778218 E_h, variance=1.5448814941799831e-04 E_h^2, std=1.2429326185195974e-02 E_h, ewmean=-2.1748916475219455 E_h, ewvar=4.2723689649554251e-07 E_h^2, ewstd=6.5363361028602444e-04 E_h, pmove=0.54509277
I0512 22:02:05.111801 137054315607872 train.py:1104] Step 00134000: energy=-2.1755111901350577 E_h, variance=1.4696850860093657e-03 E_h^2, std=3.8336472007859120e-02 E_h, ewmean=-2.1750448038341101 E_h, ewvar=4.0188301366352545e-07 E_h^2, ewstd=6.3394243718458028e-04 E_h, pmove=0.54797363
I0512 22:06:55.911014 137054315607872 train.py:1104] Step 00135000: energy=-2.1748407526489126 E_h, variance=2.2047364711952051e-04 E_h^2, std=1.4848355030760832e-02 E_h, ewmean=-2.1748639189466834 E_h, ewvar=1.1448439089263406e-07 E_h^2, ewstd=3.3835542095943147e-04 E_h, pmove=0.54782715
I0512 22:11:46.725001 137054315607872 train.py:1104] Step 00136000: energy=-2.1745062126961079 E_h, variance=1.0773108375670721e-04 E_h^2, std=1.0379358542641602e-02 E_h, ewmean=-2.1748009965551627 E_h, ewvar=9.7210247723100504e-08 E_h^2, ewstd=3.1178557972282890e-04 E_h, pmove=0.54785156
I0512 22:16:37.543787 137054315607872 train.py:1104] Step 00137000: energy=-2.1748426775106884 E_h, variance=3.4203353668112895e-04 E_h^2, std=1.8494148714691599e-02 E_h, ewmean=-2.1749856378079508 E_h, ewvar=3.1321651695952926e-07 E_h^2, ewstd=5.5965749969023849e-04 E_h, pmove=0.55317383
I0512 22:21:28.341748 137054315607872 train.py:1104] Step 00138000: energy=-2.1741796804566773 E_h, variance=6.3622369936079215e-05 E_h^2, std=7.9763632023673054e-03 E_h, ewmean=-2.1747428290624407 E_h, ewvar=2.1256854013597682e-07 E_h^2, ewstd=4.6105155908637466e-04 E_h, pmove=0.54943848
I0512 22:26:19.135075 137054315607872 train.py:1104] Step 00139000: energy=-2.1746786997553542 E_h, variance=1.0644570889767425e-04 E_h^2, std=1.0317252972457070e-02 E_h, ewmean=-2.1749329844406446 E_h, ewvar=4.0416989135315549e-07 E_h^2, ewstd=6.3574357358384321e-04 E_h, pmove=0.54726562
I0512 22:31:09.624222 137054315607872 train.py:1049] Timing step 00140000: block_iters=10000, block_time=2908.141075 s, sec/iter=0.2908141075, iter/s=3.438623, elapsed=40721.670548 s
I0512 22:31:09.917150 137054315607872 train.py:1104] Step 00140000: energy=-2.1749902662266369 E_h, variance=5.0420433960569183e-04 E_h^2, std=2.2454494864184583e-02 E_h, ewmean=-2.1749591231331116 E_h, ewvar=1.8567388879268590e-07 E_h^2, ewstd=4.3089893106468236e-04 E_h, pmove=0.55158691
I0512 22:36:00.733842 137054315607872 train.py:1104] Step 00141000: energy=-2.1743164488492126 E_h, variance=4.1692143974471864e-05 E_h^2, std=6.4569454058766721e-03 E_h, ewmean=-2.1751550473555170 E_h, ewvar=7.6295689089405677e-07 E_h^2, ewstd=8.7347403561528758e-04 E_h, pmove=0.54472656
I0512 22:40:51.534667 137054315607872 train.py:1104] Step 00142000: energy=-2.1750506146500523 E_h, variance=2.6214559894773926e-04 E_h^2, std=1.6190910998079733e-02 E_h, ewmean=-2.1750723283488749 E_h, ewvar=3.5659165085750132e-07 E_h^2, ewstd=5.9715295432368192e-04 E_h, pmove=0.54409180
I0512 22:45:42.298406 137054315607872 train.py:1104] Step 00143000: energy=-2.1746098981323225 E_h, variance=9.9255635447034968e-05 E_h^2, std=9.9627122535499817e-03 E_h, ewmean=-2.1747394968988885 E_h, ewvar=1.0455470459299166e-07 E_h^2, ewstd=3.2334919915316267e-04 E_h, pmove=0.54799805
I0512 22:50:33.131876 137054315607872 train.py:1104] Step 00144000: energy=-2.1750182003893084 E_h, variance=1.3002425459016096e-03 E_h^2, std=3.6058876104249418e-02 E_h, ewmean=-2.1750440400246420 E_h, ewvar=2.5160015979833691e-07 E_h^2, ewstd=5.0159760744877650e-04 E_h, pmove=0.54614258
I0512 22:52:29.156536 137054315607872 checkpoint.py:124] Saving checkpoint /home/sjtu/PyQMC/Ferminet/checkpoints_ferminet_x64_atoms/He_triplet/qmcjax_ckpt_144399.npz
I0512 22:55:23.971085 137054315607872 train.py:1104] Step 00145000: energy=-2.1747851032296532 E_h, variance=6.6201479789550384e-04 E_h^2, std=2.5729648227200929e-02 E_h, ewmean=-2.1749707898741226 E_h, ewvar=1.3742068826741460e-07 E_h^2, ewstd=3.7070296501028234e-04 E_h, pmove=0.54584961
I0512 23:00:14.760882 137054315607872 train.py:1104] Step 00146000: energy=-2.1747971378620852 E_h, variance=2.2344696263969029e-04 E_h^2, std=1.4948142447799000e-02 E_h, ewmean=-2.1749162642191440 E_h, ewvar=2.7439267806017003e-07 E_h^2, ewstd=5.2382504527768623e-04 E_h, pmove=0.54687500
I0512 23:05:05.536382 137054315607872 train.py:1104] Step 00147000: energy=-2.1746532400028062 E_h, variance=1.6321623639813465e-04 E_h^2, std=1.2775610999014279e-02 E_h, ewmean=-2.1747610688689267 E_h, ewvar=1.8628654544558988e-07 E_h^2, ewstd=4.3160925088045769e-04 E_h, pmove=0.55058594
I0512 23:09:56.331020 137054315607872 train.py:1104] Step 00148000: energy=-2.1751748078985411 E_h, variance=1.0796099789474993e-03 E_h^2, std=3.2857418933134402e-02 E_h, ewmean=-2.1751762122090676 E_h, ewvar=1.0370364218450482e-06 E_h^2, ewstd=1.0183498523813161e-03 E_h, pmove=0.54987793
I0512 23:14:47.130198 137054315607872 train.py:1104] Step 00149000: energy=-2.1745046130766421 E_h, variance=1.3032876367963632e-04 E_h^2, std=1.1416162388457704e-02 E_h, ewmean=-2.1747956947262326 E_h, ewvar=2.6368367628299147e-07 E_h^2, ewstd=5.1350138878389752e-04 E_h, pmove=0.54711914
I0512 23:19:37.621185 137054315607872 train.py:1049] Timing step 00150000: block_iters=10000, block_time=2907.996969 s, sec/iter=0.2907996969, iter/s=3.438793, elapsed=43629.667518 s
I0512 23:19:37.914021 137054315607872 train.py:1104] Step 00150000: energy=-2.1744789372191540 E_h, variance=8.5635118768814474e-05 E_h^2, std=9.2539245063278132e-03 E_h, ewmean=-2.1749087228395423 E_h, ewvar=2.3640688667330042e-07 E_h^2, ewstd=4.8621691319132495e-04 E_h, pmove=0.55014648
I0512 23:24:28.722636 137054315607872 train.py:1104] Step 00151000: energy=-2.1746551638113711 E_h, variance=1.1198604523545877e-04 E_h^2, std=1.0582345923067284e-02 E_h, ewmean=-2.1749322806339246 E_h, ewvar=5.4708043683682355e-07 E_h^2, ewstd=7.3964886049856355e-04 E_h, pmove=0.54506836
I0512 23:29:19.548777 137054315607872 train.py:1104] Step 00152000: energy=-2.1745004954741813 E_h, variance=8.0865702344806777e-05 E_h^2, std=8.9925359240209200e-03 E_h, ewmean=-2.1749231671563138 E_h, ewvar=7.5488730209558607e-08 E_h^2, ewstd=2.7475212503192510e-04 E_h, pmove=0.54501953
I0512 23:34:10.332566 137054315607872 train.py:1104] Step 00153000: energy=-2.1750104566230632 E_h, variance=9.1981027304879664e-04 E_h^2, std=3.0328374058772038e-02 E_h, ewmean=-2.1749401713675813 E_h, ewvar=1.7105982510387538e-07 E_h^2, ewstd=4.1359379239040250e-04 E_h, pmove=0.55126953
I0512 23:39:01.153456 137054315607872 train.py:1104] Step 00154000: energy=-2.1747774813498735 E_h, variance=2.9167766071905196e-04 E_h^2, std=1.7078573146461971e-02 E_h, ewmean=-2.1749811766515577 E_h, ewvar=2.1002192586701641e-07 E_h^2, ewstd=4.5828149195338054e-04 E_h, pmove=0.55507812
I0512 23:43:52.029627 137054315607872 train.py:1104] Step 00155000: energy=-2.1745715286511795 E_h, variance=1.2491169081843846e-04 E_h^2, std=1.1176389883072192e-02 E_h, ewmean=-2.1748788423432037 E_h, ewvar=2.9200235691563509e-07 E_h^2, ewstd=5.4037242427388459e-04 E_h, pmove=0.55051270
I0512 23:48:42.910347 137054315607872 train.py:1104] Step 00156000: energy=-2.1745871855086989 E_h, variance=4.0169815292450584e-05 E_h^2, std=6.3379661794972196e-03 E_h, ewmean=-2.1746889011197914 E_h, ewvar=9.7905882630368125e-08 E_h^2, ewstd=3.1289915728612651e-04 E_h, pmove=0.54750977
I0512 23:53:33.768645 137054315607872 train.py:1104] Step 00157000: energy=-2.1746136738235409 E_h, variance=6.8334659198863478e-05 E_h^2, std=8.2664780407900127e-03 E_h, ewmean=-2.1754493705731583 E_h, ewvar=1.4107488962568562e-06 E_h^2, ewstd=1.1877495090535108e-03 E_h, pmove=0.54411621
I0512 23:58:24.546002 137054315607872 train.py:1104] Step 00158000: energy=-2.1755150355138095 E_h, variance=2.0096821288191698e-03 E_h^2, std=4.4829478346498412e-02 E_h, ewmean=-2.1750969900942523 E_h, ewvar=3.5558449948304979e-07 E_h^2, ewstd=5.9630906372706578e-04 E_h, pmove=0.54699707
I0513 00:03:15.301610 137054315607872 train.py:1104] Step 00159000: energy=-2.1746381930373988 E_h, variance=1.3872940236304637e-04 E_h^2, std=1.1778344635942963e-02 E_h, ewmean=-2.1748301240624679 E_h, ewvar=2.0080005798476558e-07 E_h^2, ewstd=4.4810719474782545e-04 E_h, pmove=0.55219727
I0513 00:08:05.777564 137054315607872 train.py:1049] Timing step 00160000: block_iters=10000, block_time=2908.156392 s, sec/iter=0.2908156392, iter/s=3.438605, elapsed=46537.823909 s
I0513 00:08:06.069963 137054315607872 train.py:1104] Step 00160000: energy=-2.1753762480689236 E_h, variance=2.0464696585068888e-03 E_h^2, std=4.5237922791689811e-02 E_h, ewmean=-2.1750082124466754 E_h, ewvar=1.0602949730199830e-07 E_h^2, ewstd=3.2562170889238680e-04 E_h, pmove=0.55000000
I0513 00:12:56.835579 137054315607872 train.py:1104] Step 00161000: energy=-2.1743034025555210 E_h, variance=9.2581223548705846e-05 E_h^2, std=9.6219137155092935e-03 E_h, ewmean=-2.1747669127274962 E_h, ewvar=2.1506738721269786e-07 E_h^2, ewstd=4.6375358458204707e-04 E_h, pmove=0.54384766
I0513 00:17:47.620782 137054315607872 train.py:1104] Step 00162000: energy=-2.1757346077963398 E_h, variance=1.5839169915341010e-03 E_h^2, std=3.9798454637512005e-02 E_h, ewmean=-2.1755603162435300 E_h, ewvar=3.2977354463433650e-06 E_h^2, ewstd=1.8159668076105811e-03 E_h, pmove=0.55229492
I0513 00:22:38.404316 137054315607872 train.py:1104] Step 00163000: energy=-2.1745653786235319 E_h, variance=1.1383168004881820e-04 E_h^2, std=1.0669193036439926e-02 E_h, ewmean=-2.1748068660150430 E_h, ewvar=3.6296002091292855e-07 E_h^2, ewstd=6.0246163439087847e-04 E_h, pmove=0.54868164
I0513 00:27:29.186702 137054315607872 train.py:1104] Step 00164000: energy=-2.1744696948943512 E_h, variance=6.0332362659647841e-05 E_h^2, std=7.7673909815103191e-03 E_h, ewmean=-2.1748598848797918 E_h, ewvar=2.3120406766561031e-07 E_h^2, ewstd=4.8083684100286067e-04 E_h, pmove=0.54978027
I0513 00:32:19.975589 137054315607872 train.py:1104] Step 00165000: energy=-2.1750827092141760 E_h, variance=2.2484504798380705e-04 E_h^2, std=1.4994834043223255e-02 E_h, ewmean=-2.1751008222411405 E_h, ewvar=3.0886114863290732e-07 E_h^2, ewstd=5.5575277654088906e-04 E_h, pmove=0.54799805
I0513 00:32:29.280401 137054315607872 checkpoint.py:124] Saving checkpoint /home/sjtu/PyQMC/Ferminet/checkpoints_ferminet_x64_atoms/He_triplet/qmcjax_ckpt_165032.npz
I0513 00:37:10.810680 137054315607872 train.py:1104] Step 00166000: energy=-2.1745615086364900 E_h, variance=4.4055991527009617e-05 E_h^2, std=6.6374687590232484e-03 E_h, ewmean=-2.1750805501081385 E_h, ewvar=1.2510415347759028e-06 E_h^2, ewstd=1.1184996802752797e-03 E_h, pmove=0.54821777
I0513 00:42:01.587010 137054315607872 train.py:1104] Step 00167000: energy=-2.1745150867893592 E_h, variance=3.1279875162196723e-04 E_h^2, std=1.7686117482985552e-02 E_h, ewmean=-2.1750167778003768 E_h, ewvar=4.2987794199934020e-07 E_h^2, ewstd=6.5565077747177286e-04 E_h, pmove=0.54699707
I0513 00:46:52.361821 137054315607872 train.py:1104] Step 00168000: energy=-2.1743705775850097 E_h, variance=3.9568230163644591e-05 E_h^2, std=6.2903283033276247e-03 E_h, ewmean=-2.1747957659474144 E_h, ewvar=1.6718619245189306e-07 E_h^2, ewstd=4.0888408192529710e-04 E_h, pmove=0.55102539
I0513 00:51:43.128710 137054315607872 train.py:1104] Step 00169000: energy=-2.1747399835496841 E_h, variance=2.8635286653810871e-04 E_h^2, std=1.6921964027207619e-02 E_h, ewmean=-2.1749747445752785 E_h, ewvar=1.1291680252489339e-07 E_h^2, ewstd=3.3603095471234994e-04 E_h, pmove=0.54499512
I0513 00:56:33.609652 137054315607872 train.py:1049] Timing step 00170000: block_iters=10000, block_time=2907.832059 s, sec/iter=0.2907832059, iter/s=3.438988, elapsed=49445.655968 s
I0513 00:56:33.902627 137054315607872 train.py:1104] Step 00170000: energy=-2.1759014605686047 E_h, variance=5.6525685607114436e-03 E_h^2, std=7.5183565762149407e-02 E_h, ewmean=-2.1750790912651676 E_h, ewvar=2.9107760559750575e-07 E_h^2, ewstd=5.3951608465133431e-04 E_h, pmove=0.54797363
I0513 01:01:24.677360 137054315607872 train.py:1104] Step 00171000: energy=-2.1768258975338979 E_h, variance=1.1080473003754605e-02 E_h^2, std=1.0526382571308439e-01 E_h, ewmean=-2.1753879382616090 E_h, ewvar=6.6712344849745829e-07 E_h^2, ewstd=8.1677625363220396e-04 E_h, pmove=0.55258789
I0513 01:06:15.467490 137054315607872 train.py:1104] Step 00172000: energy=-2.1753880180675789 E_h, variance=1.7652672091052770e-03 E_h^2, std=4.2015083114344508e-02 E_h, ewmean=-2.1749169509719630 E_h, ewvar=2.0162183419612972e-07 E_h^2, ewstd=4.4902320006446185e-04 E_h, pmove=0.54938965
I0513 01:11:06.245420 137054315607872 train.py:1104] Step 00173000: energy=-2.1749220006950583 E_h, variance=8.0393229275877961e-04 E_h^2, std=2.8353699807234675e-02 E_h, ewmean=-2.1748976271063616 E_h, ewvar=1.3599401848220485e-07 E_h^2, ewstd=3.6877366836883139e-04 E_h, pmove=0.54672852
I0513 01:15:57.036142 137054315607872 train.py:1104] Step 00174000: energy=-2.1749556537295547 E_h, variance=4.9900923127858680e-04 E_h^2, std=2.2338514527125271e-02 E_h, ewmean=-2.1749914979398399 E_h, ewvar=9.9221546337377773e-07 E_h^2, ewstd=9.9610012718289397e-04 E_h, pmove=0.54645996
I0513 01:20:47.832389 137054315607872 train.py:1104] Step 00175000: energy=-2.1749424314807286 E_h, variance=3.0278786793676174e-04 E_h^2, std=1.7400800784353625e-02 E_h, ewmean=-2.1749212075358284 E_h, ewvar=1.9116312235381267e-07 E_h^2, ewstd=4.3722205154110501e-04 E_h, pmove=0.55217285
I0513 01:25:38.590884 137054315607872 train.py:1104] Step 00176000: energy=-2.1746269071163198 E_h, variance=1.2667599236455297e-04 E_h^2, std=1.1255042974798140e-02 E_h, ewmean=-2.1759762323373502 E_h, ewvar=7.4802873170902054e-06 E_h^2, ewstd=2.7350113924973340e-03 E_h, pmove=0.54567871
I0513 01:30:29.355394 137054315607872 train.py:1104] Step 00177000: energy=-2.1745455695558813 E_h, variance=9.8193827582468985e-05 E_h^2, std=9.9092798720426187e-03 E_h, ewmean=-2.1748548274912198 E_h, ewvar=1.2790485288916278e-07 E_h^2, ewstd=3.5763787955019917e-04 E_h, pmove=0.55024414
I0513 01:35:20.118554 137054315607872 train.py:1104] Step 00178000: energy=-2.1745023435614987 E_h, variance=5.3453490498899728e-05 E_h^2, std=7.3111894038452958e-03 E_h, ewmean=-2.1750147036901630 E_h, ewvar=2.8984284443735948e-07 E_h^2, ewstd=5.3837054566289143e-04 E_h, pmove=0.54812012
I0513 01:40:10.887062 137054315607872 train.py:1104] Step 00179000: energy=-2.1748150219526359 E_h, variance=9.0817919935168035e-05 E_h^2, std=9.5298436469423795e-03 E_h, ewmean=-2.1752362520455759 E_h, ewvar=9.5002153840290340e-07 E_h^2, ewstd=9.7469048338583023e-04 E_h, pmove=0.54704590
I0513 01:45:01.424979 137054315607872 train.py:1049] Timing step 00180000: block_iters=10000, block_time=2907.815339 s, sec/iter=0.2907815339, iter/s=3.439008, elapsed=52353.471308 s
I0513 01:45:01.718063 137054315607872 train.py:1104] Step 00180000: energy=-2.1751337593439017 E_h, variance=5.5146423068371821e-04 E_h^2, std=2.3483275552693202e-02 E_h, ewmean=-2.1750950285881099 E_h, ewvar=1.0285278374714234e-06 E_h^2, ewstd=1.0141636147443980e-03 E_h, pmove=0.55041504
I0513 01:49:52.508028 137054315607872 train.py:1104] Step 00181000: energy=-2.1746356920641121 E_h, variance=8.3824705817330555e-05 E_h^2, std=9.1555833138763226e-03 E_h, ewmean=-2.1750851339009944 E_h, ewvar=2.6077590725042615e-07 E_h^2, ewstd=5.1066222422500190e-04 E_h, pmove=0.55109863
I0513 01:54:43.277796 137054315607872 train.py:1104] Step 00182000: energy=-2.1748820062262206 E_h, variance=2.2345735912138442e-04 E_h^2, std=1.4948490195380415e-02 E_h, ewmean=-2.1748383568961089 E_h, ewvar=9.5796596115718860e-08 E_h^2, ewstd=3.0951025203653410e-04 E_h, pmove=0.54609375
I0513 01:59:34.043043 137054315607872 train.py:1104] Step 00183000: energy=-2.1745540803708527 E_h, variance=5.7403108819764518e-05 E_h^2, std=7.5764839351617789e-03 E_h, ewmean=-2.1750878170166454 E_h, ewvar=3.1124548550944190e-07 E_h^2, ewstd=5.5789379411268051e-04 E_h, pmove=0.54750977
I0513 02:04:24.808927 137054315607872 train.py:1104] Step 00184000: energy=-2.1746792863750182 E_h, variance=1.9595732925501588e-04 E_h^2, std=1.3998475961868703e-02 E_h, ewmean=-2.1750938968930202 E_h, ewvar=5.4993714118058750e-07 E_h^2, ewstd=7.4157746809122202e-04 E_h, pmove=0.54831543
I0513 02:09:15.567333 137054315607872 train.py:1104] Step 00185000: energy=-2.1750371956944949 E_h, variance=2.6379751209573222e-04 E_h^2, std=1.6241844479483611e-02 E_h, ewmean=-2.1753117602503895 E_h, ewvar=1.1397776941773107e-06 E_h^2, ewstd=1.0676037158877402e-03 E_h, pmove=0.54887695
I0513 02:12:29.496047 137054315607872 checkpoint.py:124] Saving checkpoint /home/sjtu/PyQMC/Ferminet/checkpoints_ferminet_x64_atoms/He_triplet/qmcjax_ckpt_185667.npz
I0513 02:14:06.367876 137054315607872 train.py:1104] Step 00186000: energy=-2.1745539088712480 E_h, variance=6.0620777833394630e-05 E_h^2, std=7.7859346152786713e-03 E_h, ewmean=-2.1748707272169567 E_h, ewvar=1.0915231623227204e-07 E_h^2, ewstd=3.3038207613651202e-04 E_h, pmove=0.54704590
I0513 02:18:57.144596 137054315607872 train.py:1104] Step 00187000: energy=-2.1747637943872533 E_h, variance=3.0493108923693976e-04 E_h^2, std=1.7462276175714889e-02 E_h, ewmean=-2.1751530016684537 E_h, ewvar=2.3607714407741598e-07 E_h^2, ewstd=4.8587770485731901e-04 E_h, pmove=0.54584961
I0513 02:23:47.904618 137054315607872 train.py:1104] Step 00188000: energy=-2.1747241684882912 E_h, variance=1.6000841105108475e-04 E_h^2, std=1.2649443112290942e-02 E_h, ewmean=-2.1750443525157341 E_h, ewvar=4.8643937684951922e-07 E_h^2, ewstd=6.9745206061027536e-04 E_h, pmove=0.54702148
I0513 02:28:38.702019 137054315607872 train.py:1104] Step 00189000: energy=-2.1745462618199483 E_h, variance=7.1061927052111851e-05 E_h^2, std=8.4298236667270723e-03 E_h, ewmean=-2.1749833104149805 E_h, ewvar=2.6250727409785311e-07 E_h^2, ewstd=5.1235463704142766e-04 E_h, pmove=0.55012207
I0513 02:33:29.192708 137054315607872 train.py:1049] Timing step 00190000: block_iters=10000, block_time=2907.767727 s, sec/iter=0.2907767727, iter/s=3.439064, elapsed=55261.239034 s
I0513 02:33:29.485252 137054315607872 train.py:1104] Step 00190000: energy=-2.1746526825656689 E_h, variance=6.8017502842911172e-05 E_h^2, std=8.2472724486893946e-03 E_h, ewmean=-2.1748911130551711 E_h, ewvar=1.3196633710365548e-07 E_h^2, ewstd=3.6327171250133899e-04 E_h, pmove=0.54912109
I0513 02:38:20.277628 137054315607872 train.py:1104] Step 00191000: energy=-2.1750025210704020 E_h, variance=9.9898535676727152e-04 E_h^2, std=3.1606729612018887e-02 E_h, ewmean=-2.1748669754699890 E_h, ewvar=3.6963528106321126e-07 E_h^2, ewstd=6.0797638199457322e-04 E_h, pmove=0.55273438
I0513 02:43:11.078981 137054315607872 train.py:1104] Step 00192000: energy=-2.1751865583721370 E_h, variance=6.9898813218248978e-04 E_h^2, std=2.6438383690810030e-02 E_h, ewmean=-2.1748200875210504 E_h, ewvar=1.2575649206720695e-07 E_h^2, ewstd=3.5462161816111399e-04 E_h, pmove=0.54833984
I0513 02:48:01.870526 137054315607872 train.py:1104] Step 00193000: energy=-2.1745396225178295 E_h, variance=7.1781516439747964e-05 E_h^2, std=8.4723973254178745e-03 E_h, ewmean=-2.1749274638847655 E_h, ewvar=2.4501784786572334e-07 E_h^2, ewstd=4.9499277556922319e-04 E_h, pmove=0.54904785
I0513 02:52:52.636693 137054315607872 train.py:1104] Step 00194000: energy=-2.1744921535439148 E_h, variance=5.3988655860161792e-05 E_h^2, std=7.3476973168579689e-03 E_h, ewmean=-2.1748376730605834 E_h, ewvar=1.8250011671295827e-07 E_h^2, ewstd=4.2720032386804000e-04 E_h, pmove=0.55073242
I0513 02:57:43.402467 137054315607872 train.py:1104] Step 00195000: energy=-2.1746351700739188 E_h, variance=4.2011142367126889e-04 E_h^2, std=2.0496619810868057e-02 E_h, ewmean=-2.1750007065399171 E_h, ewvar=1.9721318829366061e-07 E_h^2, ewstd=4.4408691524707258e-04 E_h, pmove=0.54860840
I0513 03:02:34.173002 137054315607872 train.py:1104] Step 00196000: energy=-2.1754382084380550 E_h, variance=3.5864324562184923e-03 E_h^2, std=5.9886830407181277e-02 E_h, ewmean=-2.1750697835968187 E_h, ewvar=6.3645152287933198e-07 E_h^2, ewstd=7.9777911910461276e-04 E_h, pmove=0.55351563
I0513 03:07:24.955707 137054315607872 train.py:1104] Step 00197000: energy=-2.1754907268248842 E_h, variance=6.0715309930720095e-04 E_h^2, std=2.4640476848210566e-02 E_h, ewmean=-2.1751070000585724 E_h, ewvar=4.3768379051270541e-07 E_h^2, ewstd=6.6157674574663327e-04 E_h, pmove=0.55390625
I0513 03:12:15.719427 137054315607872 train.py:1104] Step 00198000: energy=-2.1745757440751037 E_h, variance=1.0410220747934381e-04 E_h^2, std=1.0203048930557171e-02 E_h, ewmean=-2.1751456338553039 E_h, ewvar=3.7355367841903171e-07 E_h^2, ewstd=6.1119037821208519e-04 E_h, pmove=0.54731445
I0513 03:17:06.477204 137054315607872 train.py:1104] Step 00199000: energy=-2.1745593867448929 E_h, variance=1.2431971197208606e-04 E_h^2, std=1.1149874975625784e-02 E_h, ewmean=-2.1748308636083933 E_h, ewvar=1.5480193612923665e-07 E_h^2, ewstd=3.9344877192493138e-04 E_h, pmove=0.54968262
I0513 03:21:56.952489 137054315607872 train.py:1049] Timing step 00200000: block_iters=10000, block_time=2907.759801 s, sec/iter=0.2907759801, iter/s=3.439074, elapsed=58168.998835 s
I0513 03:21:57.244915 137054315607872 train.py:1104] Step 00200000: energy=-2.1745608417254347 E_h, variance=7.6455454440142850e-05 E_h^2, std=8.7438809712931734e-03 E_h, ewmean=-2.1749277982467832 E_h, ewvar=3.9702251762926577e-07 E_h^2, ewstd=6.3009722871098693e-04 E_h, pmove=0.54716797
I0513 03:26:48.010104 137054315607872 train.py:1104] Step 00201000: energy=-2.1744653510918317 E_h, variance=6.5254769964133598e-05 E_h^2, std=8.0780424586736118e-03 E_h, ewmean=-2.1749385799366938 E_h, ewvar=4.5233706720629814e-07 E_h^2, ewstd=6.7256008445810858e-04 E_h, pmove=0.54814453
I0513 03:31:38.787340 137054315607872 train.py:1104] Step 00202000: energy=-2.1747835061040313 E_h, variance=1.0199801710467901e-04 E_h^2, std=1.0099406769938471e-02 E_h, ewmean=-2.1750691019950938 E_h, ewvar=2.9829919647109083e-07 E_h^2, ewstd=5.4616773657100142e-04 E_h, pmove=0.55002441
I0513 03:36:29.563387 137054315607872 train.py:1104] Step 00203000: energy=-2.1752213932516766 E_h, variance=3.2260192366115451e-03 E_h^2, std=5.6798056627067314e-02 E_h, ewmean=-2.1749567552599518 E_h, ewvar=2.0375352582266464e-07 E_h^2, ewstd=4.5139065765993056e-04 E_h, pmove=0.54372559
I0513 03:41:20.342109 137054315607872 train.py:1104] Step 00204000: energy=-2.1753108319662728 E_h, variance=1.8664665007350908e-03 E_h^2, std=4.3202621456748323e-02 E_h, ewmean=-2.1750485388264726 E_h, ewvar=4.0806319146898102e-07 E_h^2, ewstd=6.3879824003278303e-04 E_h, pmove=0.54841309
I0513 03:46:11.109234 137054315607872 train.py:1104] Step 00205000: energy=-2.1747122971752679 E_h, variance=8.8220496196587283e-05 E_h^2, std=9.3925766537509437e-03 E_h, ewmean=-2.1754005315341138 E_h, ewvar=1.2181507429681784e-06 E_h^2, ewstd=1.1036986649299611e-03 E_h, pmove=0.54882812
I0513 03:51:01.890516 137054315607872 train.py:1104] Step 00206000: energy=-2.1754132057864854 E_h, variance=1.5897161019246243e-03 E_h^2, std=3.9871244047867682e-02 E_h, ewmean=-2.1749916522358603 E_h, ewvar=1.1115434691162264e-07 E_h^2, ewstd=3.3339818072632404e-04 E_h, pmove=0.54621582
I0513 03:52:29.702456 137054315607872 checkpoint.py:124] Saving checkpoint /home/sjtu/PyQMC/Ferminet/checkpoints_ferminet_x64_atoms/He_triplet/qmcjax_ckpt_206302.npz
I0513 03:55:52.716030 137054315607872 train.py:1104] Step 00207000: energy=-2.1745493585001823 E_h, variance=6.8455984569698022e-05 E_h^2, std=8.2738131819432587e-03 E_h, ewmean=-2.1748127259297871 E_h, ewvar=1.0604506262100256e-07 E_h^2, ewstd=3.2564560893861682e-04 E_h, pmove=0.55063477
I0513 04:00:43.478169 137054315607872 train.py:1104] Step 00208000: energy=-2.1758227621205242 E_h, variance=3.0008077788673104e-03 E_h^2, std=5.4779629232656460e-02 E_h, ewmean=-2.1749543948590810 E_h, ewvar=2.0685168691608993e-07 E_h^2, ewstd=4.5480950618483111e-04 E_h, pmove=0.54755859
I0513 04:05:34.278825 137054315607872 train.py:1104] Step 00209000: energy=-2.1756335358870453 E_h, variance=4.8743439300294030e-03 E_h^2, std=6.9816501846120899e-02 E_h, ewmean=-2.1751382120152210 E_h, ewvar=3.1488032927163272e-07 E_h^2, ewstd=5.6114198673030405e-04 E_h, pmove=0.54890137
I0513 04:10:24.804942 137054315607872 train.py:1049] Timing step 00210000: block_iters=10000, block_time=2907.852432 s, sec/iter=0.2907852432, iter/s=3.438964, elapsed=61076.851266 s
I0513 04:10:25.097625 137054315607872 train.py:1104] Step 00210000: energy=-2.1764343164241744 E_h, variance=1.2784377685756219e-02 E_h^2, std=1.1306802238367937e-01 E_h, ewmean=-2.1751577643045992 E_h, ewvar=2.8821900028047547e-07 E_h^2, ewstd=5.3686031728977280e-04 E_h, pmove=0.54978027
I0513 04:15:15.896150 137054315607872 train.py:1104] Step 00211000: energy=-2.1752398254121963 E_h, variance=1.2285968693130037e-03 E_h^2, std=3.5051346184034125e-02 E_h, ewmean=-2.1750549300237747 E_h, ewvar=3.1478241947406624e-07 E_h^2, ewstd=5.6105473839373836e-04 E_h, pmove=0.54526367
I0513 04:20:06.686045 137054315607872 train.py:1104] Step 00212000: energy=-2.1746382924113643 E_h, variance=4.0580955258910433e-05 E_h^2, std=6.3703183012240785e-03 E_h, ewmean=-2.1750032396339440 E_h, ewvar=2.1871328779669605e-07 E_h^2, ewstd=4.6766792470373254e-04 E_h, pmove=0.55036621
I0513 04:24:57.485213 137054315607872 train.py:1104] Step 00213000: energy=-2.1745512682425616 E_h, variance=9.1572728216878830e-05 E_h^2, std=9.5693640445370671e-03 E_h, ewmean=-2.1749780564327597 E_h, ewvar=4.4714272214951057e-07 E_h^2, ewstd=6.6868731268770955e-04 E_h, pmove=0.54458008
I0513 04:29:48.289799 137054315607872 train.py:1104] Step 00214000: energy=-2.1746350918590784 E_h, variance=1.7802907360223410e-04 E_h^2, std=1.3342753598947786e-02 E_h, ewmean=-2.1749450001787261 E_h, ewvar=3.1179677147196142e-07 E_h^2, ewstd=5.5838765340215164e-04 E_h, pmove=0.54829102
I0513 04:34:39.106128 137054315607872 train.py:1104] Step 00215000: energy=-2.1744618553795871 E_h, variance=1.5678103708568214e-04 E_h^2, std=1.2521223466006912e-02 E_h, ewmean=-2.1749623503716569 E_h, ewvar=2.2663264103629280e-07 E_h^2, ewstd=4.7605949316896604e-04 E_h, pmove=0.54770508
I0513 04:39:29.918403 137054315607872 train.py:1104] Step 00216000: energy=-2.1748284016896076 E_h, variance=8.8995668323261788e-05 E_h^2, std=9.4337515508551417e-03 E_h, ewmean=-2.1748882434699222 E_h, ewvar=9.6818794793237020e-08 E_h^2, ewstd=3.1115718663279662e-04 E_h, pmove=0.54521484
I0513 04:44:20.703414 137054315607872 train.py:1104] Step 00217000: energy=-2.1748435089304694 E_h, variance=1.2631913475575366e-04 E_h^2, std=1.1239178562321789e-02 E_h, ewmean=-2.1749656846727570 E_h, ewvar=1.1898295898096027e-07 E_h^2, ewstd=3.4493906560573894e-04 E_h, pmove=0.54606934
I0513 04:49:11.493352 137054315607872 train.py:1104] Step 00218000: energy=-2.1751854126666537 E_h, variance=8.2787659171725122e-04 E_h^2, std=2.8772844692821931e-02 E_h, ewmean=-2.1751580252001159 E_h, ewvar=4.5050929337045913e-07 E_h^2, ewstd=6.7119989077059534e-04 E_h, pmove=0.54694824
I0513 04:54:02.274523 137054315607872 train.py:1104] Step 00219000: energy=-2.1746961302581402 E_h, variance=1.9541772610989959e-04 E_h^2, std=1.3979189036203050e-02 E_h, ewmean=-2.1753316344830180 E_h, ewvar=7.7613215847494741e-07 E_h^2, ewstd=8.8098363121850759e-04 E_h, pmove=0.54855957
I0513 04:58:52.780206 137054315607872 train.py:1049] Timing step 00220000: block_iters=10000, block_time=2907.975276 s, sec/iter=0.2907975276, iter/s=3.438819, elapsed=63984.826543 s
I0513 04:58:53.072538 137054315607872 train.py:1104] Step 00220000: energy=-2.1748554909960478 E_h, variance=1.0098086229927284e-03 E_h^2, std=3.1777486102470859e-02 E_h, ewmean=-2.1749138430073400 E_h, ewvar=2.7296602770059300e-07 E_h^2, ewstd=5.2246150834352667e-04 E_h, pmove=0.54841309
I0513 05:03:43.883937 137054315607872 train.py:1104] Step 00221000: energy=-2.1755717069692544 E_h, variance=1.3277139633318703e-03 E_h^2, std=3.6437809529825886e-02 E_h, ewmean=-2.1750819983889729 E_h, ewvar=2.3533569080424314e-07 E_h^2, ewstd=4.8511410080953442e-04 E_h, pmove=0.54714355
I0513 05:08:34.663100 137054315607872 train.py:1104] Step 00222000: energy=-2.1746051039730161 E_h, variance=6.3435012541030909e-05 E_h^2, std=7.9646100055828783e-03 E_h, ewmean=-2.1747982000758772 E_h, ewvar=8.0186016756304038e-08 E_h^2, ewstd=2.8317135581888231e-04 E_h, pmove=0.54863281
I0513 05:13:25.471779 137054315607872 train.py:1104] Step 00223000: energy=-2.1748399808010910 E_h, variance=4.7139394332359880e-05 E_h^2, std=6.8658134501572267e-03 E_h, ewmean=-2.1748497256631429 E_h, ewvar=2.0617880259554217e-07 E_h^2, ewstd=4.5406916058629457e-04 E_h, pmove=0.55173340
I0513 05:18:16.239853 137054315607872 train.py:1104] Step 00224000: energy=-2.1750055410710711 E_h, variance=4.2113214624376976e-04 E_h^2, std=2.0521504482950800e-02 E_h, ewmean=-2.1749681652820962 E_h, ewvar=1.6902947317824458e-07 E_h^2, ewstd=4.1113194132570702e-04 E_h, pmove=0.55449219
I0513 05:23:07.034964 137054315607872 train.py:1104] Step 00225000: energy=-2.1761050855350597 E_h, variance=1.7369854809763873e-03 E_h^2, std=4.1677157784287391e-02 E_h, ewmean=-2.1753525012122195 E_h, ewvar=7.3912988751897003e-07 E_h^2, ewstd=8.5972663534345038e-04 E_h, pmove=0.55126953
I0513 05:27:57.834052 137054315607872 train.py:1104] Step 00226000: energy=-2.1752761708288970 E_h, variance=1.5725929141075477e-03 E_h^2, std=3.9655931638375962e-02 E_h, ewmean=-2.1749097578702083 E_h, ewvar=1.1032404146485234e-07 E_h^2, ewstd=3.3215063068561579e-04 E_h, pmove=0.55083008
I0513 05:32:30.016128 137054315607872 checkpoint.py:124] Saving checkpoint /home/sjtu/PyQMC/Ferminet/checkpoints_ferminet_x64_atoms/He_triplet/qmcjax_ckpt_226936.npz
I0513 05:32:48.683728 137054315607872 train.py:1104] Step 00227000: energy=-2.1751738870929498 E_h, variance=7.3686648033718916e-04 E_h^2, std=2.7145284679612205e-02 E_h, ewmean=-2.1750087294682352 E_h, ewvar=4.4001560272132889e-07 E_h^2, ewstd=6.6333671896053579e-04 E_h, pmove=0.54672852
I0513 05:37:39.497691 137054315607872 train.py:1104] Step 00228000: energy=-2.1751064863711527 E_h, variance=4.3938044505890408e-04 E_h^2, std=2.0961403699630999e-02 E_h, ewmean=-2.1751151535670230 E_h, ewvar=1.8567353711266477e-07 E_h^2, ewstd=4.3089852298733257e-04 E_h, pmove=0.54921875
I0513 05:42:30.291263 137054315607872 train.py:1104] Step 00229000: energy=-2.1746256164151152 E_h, variance=5.6410831920178671e-05 E_h^2, std=7.5107144746807322e-03 E_h, ewmean=-2.1749643691683773 E_h, ewvar=3.9787233006591201e-07 E_h^2, ewstd=6.3077121848251129e-04 E_h, pmove=0.54743652
I0513 05:47:20.809073 137054315607872 train.py:1049] Timing step 00230000: block_iters=10000, block_time=2908.028846 s, sec/iter=0.2908028846, iter/s=3.438755, elapsed=66892.855389 s
I0513 05:47:21.102041 137054315607872 train.py:1104] Step 00230000: energy=-2.1748673993467040 E_h, variance=1.0811817285986958e-03 E_h^2, std=3.2881327962822546e-02 E_h, ewmean=-2.1748314217427258 E_h, ewvar=1.5363522888214158e-07 E_h^2, ewstd=3.9196330042765687e-04 E_h, pmove=0.55209961
I0513 05:52:11.908118 137054315607872 train.py:1104] Step 00231000: energy=-2.1745589227994766 E_h, variance=8.7868865716619478e-05 E_h^2, std=9.3738394330508713e-03 E_h, ewmean=-2.1749933233487835 E_h, ewvar=2.4983446014693416e-07 E_h^2, ewstd=4.9983443273441471e-04 E_h, pmove=0.54709473
I0513 05:57:02.692547 137054315607872 train.py:1104] Step 00232000: energy=-2.1747623971751744 E_h, variance=1.9536294788255124e-04 E_h^2, std=1.3977229621157092e-02 E_h, ewmean=-2.1752315357578338 E_h, ewvar=2.9428936834529971e-07 E_h^2, ewstd=5.4248444064811639e-04 E_h, pmove=0.54416504
I0513 06:01:53.501450 137054315607872 train.py:1104] Step 00233000: energy=-2.1769132545737997 E_h, variance=1.6921498480328822e-02 E_h^2, std=1.3008266018316517e-01 E_h, ewmean=-2.1751049408692240 E_h, ewvar=4.5660236463776308e-07 E_h^2, ewstd=6.7572358597118914e-04 E_h, pmove=0.54936523
I0513 06:06:44.289940 137054315607872 train.py:1104] Step 00234000: energy=-2.1749012583560701 E_h, variance=5.7231518512525215e-04 E_h^2, std=2.3923109854808847e-02 E_h, ewmean=-2.1749086412522547 E_h, ewvar=1.0581491063424562e-07 E_h^2, ewstd=3.2529203899610829e-04 E_h, pmove=0.54492188
I0513 06:11:35.085087 137054315607872 train.py:1104] Step 00235000: energy=-2.1748676765811674 E_h, variance=9.6491376826182381e-05 E_h^2, std=9.8230024343976610e-03 E_h, ewmean=-2.1749872569655540 E_h, ewvar=1.6700567005515733e-07 E_h^2, ewstd=4.0866327221216901e-04 E_h, pmove=0.55222168
I0513 06:16:25.852936 137054315607872 train.py:1104] Step 00236000: energy=-2.1747725279576953 E_h, variance=7.3934907564687736e-05 E_h^2, std=8.5985410137236502e-03 E_h, ewmean=-2.1750961692044286 E_h, ewvar=1.4440378355095264e-07 E_h^2, ewstd=3.8000497832390651e-04 E_h, pmove=0.55576172
I0513 06:21:16.656602 137054315607872 train.py:1104] Step 00237000: energy=-2.1750431686069347 E_h, variance=8.0078953291168103e-04 E_h^2, std=2.8298224907433348e-02 E_h, ewmean=-2.1749591606285028 E_h, ewvar=4.3185934874260148e-07 E_h^2, ewstd=6.5716006325902178e-04 E_h, pmove=0.55068359
I0513 06:26:07.471741 137054315607872 train.py:1104] Step 00238000: energy=-2.1744900458990930 E_h, variance=4.5827478312397170e-05 E_h^2, std=6.7695995680983351e-03 E_h, ewmean=-2.1750365575278119 E_h, ewvar=6.6031655458977704e-07 E_h^2, ewstd=8.1259864299036157e-04 E_h, pmove=0.54626465
I0513 06:30:58.303840 137054315607872 train.py:1104] Step 00239000: energy=-2.1754010130226806 E_h, variance=2.7700156324194022e-03 E_h^2, std=5.2630937977765531e-02 E_h, ewmean=-2.1750147561050532 E_h, ewvar=4.1344387770652547e-06 E_h^2, ewstd=2.0333319397150221e-03 E_h, pmove=0.55251465
I0513 06:35:48.804836 137054315607872 train.py:1049] Timing step 00240000: block_iters=10000, block_time=2907.995782 s, sec/iter=0.2907995782, iter/s=3.438795, elapsed=69800.851171 s
I0513 06:35:49.097274 137054315607872 train.py:1104] Step 00240000: energy=-2.1745203412434604 E_h, variance=3.0460148093391381e-05 E_h^2, std=5.5190713071486385e-03 E_h, ewmean=-2.1751051698415900 E_h, ewvar=2.7860912616745739e-07 E_h^2, ewstd=5.2783437380248118e-04 E_h, pmove=0.55039063
I0513 06:40:39.913409 137054315607872 train.py:1104] Step 00241000: energy=-2.1747049242287009 E_h, variance=9.6669543413746773e-05 E_h^2, std=9.8320670977036558e-03 E_h, ewmean=-2.1749188673575861 E_h, ewvar=3.2528064890051755e-07 E_h^2, ewstd=5.7033380480251870e-04 E_h, pmove=0.54799805
I0513 06:45:30.718365 137054315607872 train.py:1104] Step 00242000: energy=-2.1750281585439093 E_h, variance=5.9461477594138486e-04 E_h^2, std=2.4384724233449614e-02 E_h, ewmean=-2.1749282634208460 E_h, ewvar=1.6908820414660664e-07 E_h^2, ewstd=4.1120336105947216e-04 E_h, pmove=0.54909668
I0513 06:50:21.511217 137054315607872 train.py:1104] Step 00243000: energy=-2.1746250717314601 E_h, variance=1.4249733683847337e-04 E_h^2, std=1.1937224838230759e-02 E_h, ewmean=-2.1749913301638264 E_h, ewvar=4.3544479591443243e-07 E_h^2, ewstd=6.5988241067210785e-04 E_h, pmove=0.54719238
I0513 06:55:12.362504 137054315607872 train.py:1104] Step 00244000: energy=-2.1747719723873207 E_h, variance=4.5494931964227354e-04 E_h^2, std=2.1329541008710748e-02 E_h, ewmean=-2.1747816889265836 E_h, ewvar=1.3324600132743843e-07 E_h^2, ewstd=3.6502876780801594e-04 E_h, pmove=0.54904785
I0513 07:00:03.218303 137054315607872 train.py:1104] Step 00245000: energy=-2.1746508242448415 E_h, variance=2.1931482075237990e-04 E_h^2, std=1.4809281574484965e-02 E_h, ewmean=-2.1747588151250299 E_h, ewvar=7.8608795913925293e-08 E_h^2, ewstd=2.8037260193165326e-04 E_h, pmove=0.54709473
I0513 07:04:54.024353 137054315607872 train.py:1104] Step 00246000: energy=-2.1752303244612032 E_h, variance=1.2436342321687761e-03 E_h^2, std=3.5265198598175743e-02 E_h, ewmean=-2.1753669356241927 E_h, ewvar=1.0777889693792196e-06 E_h^2, ewstd=1.0381661569224935e-03 E_h, pmove=0.54746094
I0513 07:09:44.813007 137054315607872 train.py:1104] Step 00247000: energy=-2.1746427275267504 E_h, variance=5.0139999315987899e-05 E_h^2, std=7.0809603385408038e-03 E_h, ewmean=-2.1749142438625828 E_h, ewvar=1.9956267706197472e-07 E_h^2, ewstd=4.4672438601667442e-04 E_h, pmove=0.54880371
I0513 07:12:30.272822 137054315607872 checkpoint.py:124] Saving checkpoint /home/sjtu/PyQMC/Ferminet/checkpoints_ferminet_x64_atoms/He_triplet/qmcjax_ckpt_247569.npz
I0513 07:14:35.668062 137054315607872 train.py:1104] Step 00248000: energy=-2.1749579824044152 E_h, variance=1.7416143073413731e-04 E_h^2, std=1.3197023555868092e-02 E_h, ewmean=-2.1749439310729581 E_h, ewvar=1.2715244390368031e-07 E_h^2, ewstd=3.5658441343345377e-04 E_h, pmove=0.55185547
I0513 07:19:26.482808 137054315607872 train.py:1104] Step 00249000: energy=-2.1746295521710257 E_h, variance=5.4659191466505295e-05 E_h^2, std=7.3931854749157552e-03 E_h, ewmean=-2.1749184077955155 E_h, ewvar=1.3322401618817449e-07 E_h^2, ewstd=3.6499865231007976e-04 E_h, pmove=0.54951172
I0513 07:24:16.995739 137054315607872 train.py:1049] Timing step 00250000: block_iters=10000, block_time=2908.190898 s, sec/iter=0.2908190898, iter/s=3.438564, elapsed=72709.042069 s
I0513 07:24:17.288328 137054315607872 train.py:1104] Step 00250000: energy=-2.1747072241454255 E_h, variance=7.1558151252762859e-05 E_h^2, std=8.4592051194401739e-03 E_h, ewmean=-2.1749058469179019 E_h, ewvar=1.2514856052963604e-07 E_h^2, ewstd=3.5376342452214595e-04 E_h, pmove=0.54565430
I0513 07:29:08.152110 137054315607872 train.py:1104] Step 00251000: energy=-2.1752502885444853 E_h, variance=1.1095508775909992e-03 E_h^2, std=3.3309921608899042e-02 E_h, ewmean=-2.1750246317894693 E_h, ewvar=1.3442359978876805e-07 E_h^2, ewstd=3.6663824103435808e-04 E_h, pmove=0.54416504
I0513 07:33:59.004138 137054315607872 train.py:1104] Step 00252000: energy=-2.1748957686592276 E_h, variance=8.5249342872043530e-04 E_h^2, std=2.9197490109946701e-02 E_h, ewmean=-2.1750949885259208 E_h, ewvar=3.3585899522314352e-07 E_h^2, ewstd=5.7953342890910400e-04 E_h, pmove=0.54343262
I0513 07:38:49.797183 137054315607872 train.py:1104] Step 00253000: energy=-2.1752790175638719 E_h, variance=1.3338245792651824e-03 E_h^2, std=3.6521563209495601e-02 E_h, ewmean=-2.1748114307943753 E_h, ewvar=8.8849163376960988e-08 E_h^2, ewstd=2.9807576784596392e-04 E_h, pmove=0.54914551
I0513 07:43:40.590324 137054315607872 train.py:1104] Step 00254000: energy=-2.1745401743979667 E_h, variance=5.9926291628774659e-05 E_h^2, std=7.7412073753888458e-03 E_h, ewmean=-2.1747295673823599 E_h, ewvar=1.1103336661301351e-07 E_h^2, ewstd=3.3321669617984858e-04 E_h, pmove=0.54765625
I0513 07:48:31.382980 137054315607872 train.py:1104] Step 00255000: energy=-2.1749773686943694 E_h, variance=5.1278651563804593e-04 E_h^2, std=2.2644790032986525e-02 E_h, ewmean=-2.1750309826904024 E_h, ewvar=1.0064284918003639e-07 E_h^2, ewstd=3.1724257151277224e-04 E_h, pmove=0.54914551
I0513 07:53:22.186301 137054315607872 train.py:1104] Step 00256000: energy=-2.1743853705660730 E_h, variance=5.5131208850091312e-05 E_h^2, std=7.4250393164003725e-03 E_h, ewmean=-2.1748918976704323 E_h, ewvar=1.5113677474888360e-07 E_h^2, ewstd=3.8876313450336773e-04 E_h, pmove=0.54562988
I0513 07:58:12.972706 137054315607872 train.py:1104] Step 00257000: energy=-2.1745976458833565 E_h, variance=7.2188068258080199e-05 E_h^2, std=8.4963561753307049e-03 E_h, ewmean=-2.1749951466809394 E_h, ewvar=3.2699131296770098e-07 E_h^2, ewstd=5.7183154247356885e-04 E_h, pmove=0.54711914
I0513 08:03:03.768968 137054315607872 train.py:1104] Step 00258000: energy=-2.1747548041206026 E_h, variance=1.8662385767443952e-04 E_h^2, std=1.3661034282748855e-02 E_h, ewmean=-2.1750951970461796 E_h, ewvar=7.9352121365397623e-07 E_h^2, ewstd=8.9079807681313294e-04 E_h, pmove=0.54780273
I0513 08:07:54.585064 137054315607872 train.py:1104] Step 00259000: energy=-2.1755744977492730 E_h, variance=1.1006701441286025e-03 E_h^2, std=3.3176349168174045e-02 E_h, ewmean=-2.1754860990208118 E_h, ewvar=3.7673898542920717e-06 E_h^2, ewstd=1.9409765207987631e-03 E_h, pmove=0.54538574
I0513 08:12:45.121417 137054315607872 train.py:1049] Timing step 00260000: block_iters=10000, block_time=2908.125678 s, sec/iter=0.2908125678, iter/s=3.438641, elapsed=75617.167747 s
I0513 08:12:45.414106 137054315607872 train.py:1104] Step 00260000: energy=-2.1748831323905065 E_h, variance=2.3965636318577847e-04 E_h^2, std=1.5480838581478022e-02 E_h, ewmean=-2.1754293624577308 E_h, ewvar=1.5281232267330143e-06 E_h^2, ewstd=1.2361728142670887e-03 E_h, pmove=0.54785156
I0513 08:17:36.210129 137054315607872 train.py:1104] Step 00261000: energy=-2.1746661721651845 E_h, variance=7.3251219237832485e-05 E_h^2, std=8.5586926126501629e-03 E_h, ewmean=-2.1750003744221962 E_h, ewvar=3.1960800117309186e-07 E_h^2, ewstd=5.6533883748871518e-04 E_h, pmove=0.54306641
I0513 08:22:27.030048 137054315607872 train.py:1104] Step 00262000: energy=-2.1766078710422185 E_h, variance=6.7485673490552478e-03 E_h^2, std=8.2149664327100247e-02 E_h, ewmean=-2.1750943924706778 E_h, ewvar=3.4052060960562604e-07 E_h^2, ewstd=5.8354143777938005e-04 E_h, pmove=0.54687500
I0513 08:27:17.846312 137054315607872 train.py:1104] Step 00263000: energy=-2.1746821401089322 E_h, variance=3.1955433302645271e-05 E_h^2, std=5.6529137002651357e-03 E_h, ewmean=-2.1748006683036278 E_h, ewvar=1.0115053790712733e-07 E_h^2, ewstd=3.1804172353187772e-04 E_h, pmove=0.55222168
I0513 08:32:08.671162 137054315607872 train.py:1104] Step 00264000: energy=-2.1746123220139406 E_h, variance=4.9881029510470513e-04 E_h^2, std=2.2334061321324993e-02 E_h, ewmean=-2.1750240080273002 E_h, ewvar=5.5269457395315572e-07 E_h^2, ewstd=7.4343431044925263e-04 E_h, pmove=0.54804688
I0513 08:36:59.450663 137054315607872 train.py:1104] Step 00265000: energy=-2.1748177614359951 E_h, variance=5.2246139474289223e-04 E_h^2, std=2.2857414436958792e-02 E_h, ewmean=-2.1750459700538358 E_h, ewvar=3.8775837458729718e-07 E_h^2, ewstd=6.2270247677947868e-04 E_h, pmove=0.54807129
I0513 08:41:50.267202 137054315607872 train.py:1104] Step 00266000: energy=-2.1744409627867363 E_h, variance=4.9207006341992624e-05 E_h^2, std=7.0147705837035482e-03 E_h, ewmean=-2.1747867174641820 E_h, ewvar=1.4827523190739446e-07 E_h^2, ewstd=3.8506523071733502e-04 E_h, pmove=0.54846191
I0513 08:46:41.066705 137054315607872 train.py:1104] Step 00267000: energy=-2.1750994939025610 E_h, variance=6.1020064482966133e-04 E_h^2, std=2.4702239672338647e-02 E_h, ewmean=-2.1750582203944919 E_h, ewvar=2.1767466046332115e-07 E_h^2, ewstd=4.6655617074830457e-04 E_h, pmove=0.54570313
I0513 08:51:31.876040 137054315607872 train.py:1104] Step 00268000: energy=-2.1745380909223249 E_h, variance=7.2720638932453937e-05 E_h^2, std=8.5276397046576691e-03 E_h, ewmean=-2.1749452665673590 E_h, ewvar=2.6063296578958932e-07 E_h^2, ewstd=5.1052224808483058e-04 E_h, pmove=0.55080566
I0513 08:52:30.325617 137054315607872 checkpoint.py:124] Saving checkpoint /home/sjtu/PyQMC/Ferminet/checkpoints_ferminet_x64_atoms/He_triplet/qmcjax_ckpt_268201.npz
I0513 08:56:22.707821 137054315607872 train.py:1104] Step 00269000: energy=-2.1784902595919000 E_h, variance=5.5364335026230088e-02 E_h^2, std=2.3529627074441722e-01 E_h, ewmean=-2.1754151903367114 E_h, ewvar=1.2746979839095237e-06 E_h^2, ewstd=1.1290252361703540e-03 E_h, pmove=0.55036621
I0513 09:01:13.214916 137054315607872 train.py:1049] Timing step 00270000: block_iters=10000, block_time=2908.093500 s, sec/iter=0.2908093500, iter/s=3.438679, elapsed=78525.261246 s
I0513 09:01:13.507563 137054315607872 train.py:1104] Step 00270000: energy=-2.1745433777993584 E_h, variance=8.0353050738738346e-05 E_h^2, std=8.9639863196425262e-03 E_h, ewmean=-2.1748143586559174 E_h, ewvar=1.1768801526735310e-07 E_h^2, ewstd=3.4305686885318753e-04 E_h, pmove=0.55083008
I0513 09:06:04.270386 137054315607872 train.py:1104] Step 00271000: energy=-2.1752449160119305 E_h, variance=5.0467836981128527e-04 E_h^2, std=2.2465047736679424e-02 E_h, ewmean=-2.1748400269884129 E_h, ewvar=1.1006991052189288e-07 E_h^2, ewstd=3.3176785637233287e-04 E_h, pmove=0.54733887
I0513 09:10:55.065232 137054315607872 train.py:1104] Step 00272000: energy=-2.1747723587509280 E_h, variance=3.5619390209843250e-04 E_h^2, std=1.8873099959954447e-02 E_h, ewmean=-2.1750725837610614 E_h, ewvar=2.9871742714812663e-07 E_h^2, ewstd=5.4655047996331196e-04 E_h, pmove=0.54697266
I0513 09:15:45.856110 137054315607872 train.py:1104] Step 00273000: energy=-2.1753311906554766 E_h, variance=9.1512395859935430e-04 E_h^2, std=3.0251015827561133e-02 E_h, ewmean=-2.1751883836675794 E_h, ewvar=2.1032433400307239e-07 E_h^2, ewstd=4.5861131037412543e-04 E_h, pmove=0.54729004
I0513 09:20:37.003110 137054315607872 train.py:1104] Step 00274000: energy=-2.1765530665361421 E_h, variance=4.7988890502418174e-03 E_h^2, std=6.9274014249513627e-02 E_h, ewmean=-2.1749171674619907 E_h, ewvar=3.5332559990390213e-07 E_h^2, ewstd=5.9441197826415153e-04 E_h, pmove=0.55334473
I0513 09:25:27.872311 137054315607872 train.py:1104] Step 00275000: energy=-2.1746194637279510 E_h, variance=1.0822634163841698e-04 E_h^2, std=1.0403189012914116e-02 E_h, ewmean=-2.1747993305175317 E_h, ewvar=7.5279480120598092e-08 E_h^2, ewstd=2.7437106283388944e-04 E_h, pmove=0.54477539
I0513 09:30:18.672386 137054315607872 train.py:1104] Step 00276000: energy=-2.1745946729527352 E_h, variance=1.7079120051121286e-04 E_h^2, std=1.3068710744033355e-02 E_h, ewmean=-2.1748816017159771 E_h, ewvar=2.4593121366831570e-07 E_h^2, ewstd=4.9591452254225802e-04 E_h, pmove=0.55134277
I0513 09:35:09.466905 137054315607872 train.py:1104] Step 00277000: energy=-2.1747860173441955 E_h, variance=1.2444101453625779e-04 E_h^2, std=1.1155313287230340e-02 E_h, ewmean=-2.1749590048873233 E_h, ewvar=2.1726509374081856e-07 E_h^2, ewstd=4.6611703867249755e-04 E_h, pmove=0.54909668
I0513 09:40:00.248884 137054315607872 train.py:1104] Step 00278000: energy=-2.1750059862916982 E_h, variance=2.0428491469843391e-04 E_h^2, std=1.4292827386435265e-02 E_h, ewmean=-2.1750355428773895 E_h, ewvar=2.8085918301107532e-07 E_h^2, ewstd=5.2996149200774511e-04 E_h, pmove=0.55158691
I0513 09:44:52.283518 137054315607872 train.py:1104] Step 00279000: energy=-2.1756406734129010 E_h, variance=4.7017548501219527e-03 E_h^2, std=6.8569343369482200e-02 E_h, ewmean=-2.1749912709114954 E_h, ewvar=2.9105917022804532e-07 E_h^2, ewstd=5.3949899928363665e-04 E_h, pmove=0.54548340
I0513 09:49:42.989619 137054315607872 train.py:1049] Timing step 00280000: block_iters=10000, block_time=2909.774696 s, sec/iter=0.2909774696, iter/s=3.436692, elapsed=81435.035942 s
I0513 09:49:43.282595 137054315607872 train.py:1104] Step 00280000: energy=-2.1747892469102550 E_h, variance=2.7718336761784314e-04 E_h^2, std=1.6648824811915198e-02 E_h, ewmean=-2.1748389730853139 E_h, ewvar=3.8868605372373830e-07 E_h^2, ewstd=6.2344691331639316e-04 E_h, pmove=0.54902344
I0513 09:54:35.263858 137054315607872 train.py:1104] Step 00281000: energy=-2.1749521471056363 E_h, variance=1.5239395346142626e-04 E_h^2, std=1.2344794589681364e-02 E_h, ewmean=-2.1750857677344468 E_h, ewvar=3.2390302450534636e-07 E_h^2, ewstd=5.6912478816630919e-04 E_h, pmove=0.55058594
I0513 09:59:26.506569 137054315607872 train.py:1104] Step 00282000: energy=-2.1749186148296920 E_h, variance=5.0795175004108651e-04 E_h^2, std=2.2537784940873992e-02 E_h, ewmean=-2.1750342942098868 E_h, ewvar=2.3223720918455255e-07 E_h^2, ewstd=4.8190995962373777e-04 E_h, pmove=0.55192871
I0513 10:04:17.344927 137054315607872 train.py:1104] Step 00283000: energy=-2.1751098542691736 E_h, variance=1.4506554196434978e-03 E_h^2, std=3.8087470638564304e-02 E_h, ewmean=-2.1752436091372958 E_h, ewvar=3.9185509292270767e-07 E_h^2, ewstd=6.2598330083374245e-04 E_h, pmove=0.54812012
I0513 10:09:08.179836 137054315607872 train.py:1104] Step 00284000: energy=-2.1752440238426858 E_h, variance=5.8019728874923228e-04 E_h^2, std=2.4087284794040865e-02 E_h, ewmean=-2.1752524126788875 E_h, ewvar=1.6099511262241234e-06 E_h^2, ewstd=1.2688384949331114e-03 E_h, pmove=0.54677734
I0513 10:13:58.931039 137054315607872 train.py:1104] Step 00285000: energy=-2.1751523492559359 E_h, variance=5.0161228811153563e-04 E_h^2, std=2.2396702616937512e-02 E_h, ewmean=-2.1750680317857629 E_h, ewvar=3.9042358305768289e-07 E_h^2, ewstd=6.2483884566957176e-04 E_h, pmove=0.55195313
I0513 10:18:49.729860 137054315607872 train.py:1104] Step 00286000: energy=-2.1746110961639222 E_h, variance=1.3731171955598583e-04 E_h^2, std=1.1718008344253123e-02 E_h, ewmean=-2.1750557359888836 E_h, ewvar=7.3842203555338853e-07 E_h^2, ewstd=8.5931486403610440e-04 E_h, pmove=0.55500488
I0513 10:23:40.512646 137054315607872 train.py:1104] Step 00287000: energy=-2.1745502186558383 E_h, variance=1.3190730519900480e-04 E_h^2, std=1.1485090561201719e-02 E_h, ewmean=-2.1750688047838160 E_h, ewvar=3.5206344930853589e-07 E_h^2, ewstd=5.9334934845210361e-04 E_h, pmove=0.54895020
I0513 10:28:31.291733 137054315607872 train.py:1104] Step 00288000: energy=-2.1744343717116190 E_h, variance=8.5713871661160715e-05 E_h^2, std=9.2581786362740219e-03 E_h, ewmean=-2.1748781789672580 E_h, ewvar=1.9476811793986870e-07 E_h^2, ewstd=4.4132541048513021e-04 E_h, pmove=0.54863281
I0513 10:32:30.602263 137054315607872 checkpoint.py:124] Saving checkpoint /home/sjtu/PyQMC/Ferminet/checkpoints_ferminet_x64_atoms/He_triplet/qmcjax_ckpt_288823.npz
I0513 10:33:22.122306 137054315607872 train.py:1104] Step 00289000: energy=-2.1749240722168732 E_h, variance=7.3883760982867747e-04 E_h^2, std=2.7181567464527823e-02 E_h, ewmean=-2.1751829348804899 E_h, ewvar=3.7936531067643529e-07 E_h^2, ewstd=6.1592638413728897e-04 E_h, pmove=0.54770508
I0513 10:38:12.625714 137054315607872 train.py:1049] Timing step 00290000: block_iters=10000, block_time=2909.636084 s, sec/iter=0.2909636084, iter/s=3.436856, elapsed=84344.672026 s
I0513 10:38:12.919004 137054315607872 train.py:1104] Step 00290000: energy=-2.1746440234721547 E_h, variance=3.4007129552214593e-05 E_h^2, std=5.8315632168582888e-03 E_h, ewmean=-2.1752174210740534 E_h, ewvar=9.9607116620010634e-07 E_h^2, ewstd=9.9803364983356473e-04 E_h, pmove=0.54482422
I0513 10:43:03.793624 137054315607872 train.py:1104] Step 00291000: energy=-2.1751140709638390 E_h, variance=5.2386653032816398e-04 E_h^2, std=2.2888130774009571e-02 E_h, ewmean=-2.1754907417941127 E_h, ewvar=1.5749401396296307e-06 E_h^2, ewstd=1.2549661906320945e-03 E_h, pmove=0.55058594
I0513 10:47:54.614578 137054315607872 train.py:1104] Step 00292000: energy=-2.1748416274253355 E_h, variance=1.9970891956858447e-04 E_h^2, std=1.4131840629181483e-02 E_h, ewmean=-2.1748864476604184 E_h, ewvar=1.2742226819989473e-07 E_h^2, ewstd=3.5696255854066083e-04 E_h, pmove=0.55490723
I0513 10:52:45.424735 137054315607872 train.py:1104] Step 00293000: energy=-2.1747026227050963 E_h, variance=1.2022156148338894e-04 E_h^2, std=1.0964559338313097e-02 E_h, ewmean=-2.1747462056146794 E_h, ewvar=1.2837937959482866e-07 E_h^2, ewstd=3.5830068321847874e-04 E_h, pmove=0.54606934
I0513 10:57:36.220437 137054315607872 train.py:1104] Step 00294000: energy=-2.1751072805353147 E_h, variance=2.8225272929431069e-04 E_h^2, std=1.6800378843773455e-02 E_h, ewmean=-2.1748950646861189 E_h, ewvar=8.3161704614540825e-08 E_h^2, ewstd=2.8837771171597297e-04 E_h, pmove=0.54680176
I0513 11:02:27.015070 137054315607872 train.py:1104] Step 00295000: energy=-2.1748109549197077 E_h, variance=3.4308671847702575e-04 E_h^2, std=1.8522600208313783e-02 E_h, ewmean=-2.1751025092928482 E_h, ewvar=3.3569090094284640e-07 E_h^2, ewstd=5.7938838523295092e-04 E_h, pmove=0.54833984
I0513 11:07:17.802072 137054315607872 train.py:1104] Step 00296000: energy=-2.1749675233371120 E_h, variance=4.6173335608892590e-04 E_h^2, std=2.1487981666246041e-02 E_h, ewmean=-2.1749825922070585 E_h, ewvar=2.8631472028246357e-07 E_h^2, ewstd=5.3508384416132732e-04 E_h, pmove=0.54948730
I0513 11:12:08.603297 137054315607872 train.py:1104] Step 00297000: energy=-2.1748087024266409 E_h, variance=2.7808960356880461e-04 E_h^2, std=1.6676018816516269e-02 E_h, ewmean=-2.1748708790894731 E_h, ewvar=2.9874358961702341e-07 E_h^2, ewstd=5.4657441361357501e-04 E_h, pmove=0.54914551
I0513 11:16:59.395237 137054315607872 train.py:1104] Step 00298000: energy=-2.1752910911940666 E_h, variance=1.0328573157645895e-03 E_h^2, std=3.2138097575379124e-02 E_h, ewmean=-2.1750225947948469 E_h, ewvar=5.0938476186933155e-07 E_h^2, ewstd=7.1371196001561552e-04 E_h, pmove=0.54699707
I0513 11:21:50.197782 137054315607872 train.py:1104] Step 00299000: energy=-2.1748010291797915 E_h, variance=1.0701437180740678e-04 E_h^2, std=1.0344775096994946e-02 E_h, ewmean=-2.1752107042578785 E_h, ewvar=3.9607556967153556e-07 E_h^2, ewstd=6.2934535008335099e-04 E_h, pmove=0.55117187
I0513 11:26:40.696847 137054315607872 train.py:1049] Timing step 00300000: block_iters=10000, block_time=2908.071141 s, sec/iter=0.2908071141, iter/s=3.438705, elapsed=87252.743167 s
I0513 11:26:40.989568 137054315607872 train.py:1104] Step 00300000: energy=-2.1746751650761840 E_h, variance=1.3060768158582270e-04 E_h^2, std=1.1428371781921635e-02 E_h, ewmean=-2.1748960532573447 E_h, ewvar=1.2449433604302647e-07 E_h^2, ewstd=3.5283754908318143e-04 E_h, pmove=0.55385742
I0513 11:31:31.792668 137054315607872 train.py:1104] Step 00301000: energy=-2.1748579057487296 E_h, variance=4.2660101320047373e-04 E_h^2, std=2.0654321901250442e-02 E_h, ewmean=-2.1749517309332127 E_h, ewvar=1.8135870770053799e-07 E_h^2, ewstd=4.2586231073028519e-04 E_h, pmove=0.55112305
I0513 11:36:22.593613 137054315607872 train.py:1104] Step 00302000: energy=-2.1746418286703348 E_h, variance=4.1249540747590894e-05 E_h^2, std=6.4225805364814927e-03 E_h, ewmean=-2.1749026113372616 E_h, ewvar=1.0025069751628735e-07 E_h^2, ewstd=3.1662390547191368e-04 E_h, pmove=0.54772949
I0513 11:41:13.390473 137054315607872 train.py:1104] Step 00303000: energy=-2.1753733049547677 E_h, variance=1.1096975300391584e-03 E_h^2, std=3.3312122868997082e-02 E_h, ewmean=-2.1750007987976776 E_h, ewvar=1.7926661072998131e-07 E_h^2, ewstd=4.2339887898999132e-04 E_h, pmove=0.54892578
I0513 11:46:04.188356 137054315607872 train.py:1104] Step 00304000: energy=-2.1747543481976201 E_h, variance=7.0420410424890952e-05 E_h^2, std=8.3916869832525894e-03 E_h, ewmean=-2.1749514165676511 E_h, ewvar=9.0438604978258864e-08 E_h^2, ewstd=3.0073011983879977e-04 E_h, pmove=0.55288086
I0513 11:50:54.989659 137054315607872 train.py:1104] Step 00305000: energy=-2.1751479999639560 E_h, variance=5.9448814729125992e-04 E_h^2, std=2.4382127620272597e-02 E_h, ewmean=-2.1750472428194869 E_h, ewvar=1.5159056461437661e-07 E_h^2, ewstd=3.8934632990998724e-04 E_h, pmove=0.54587402
I0513 11:55:45.786090 137054315607872 train.py:1104] Step 00306000: energy=-2.1751658905444371 E_h, variance=1.0315203370464246e-03 E_h^2, std=3.2117290312951755e-02 E_h, ewmean=-2.1751213620705254 E_h, ewvar=3.3650435005118920e-07 E_h^2, ewstd=5.8008994996568348e-04 E_h, pmove=0.55012207
I0513 12:00:36.589314 137054315607872 train.py:1104] Step 00307000: energy=-2.1753802951986958 E_h, variance=7.9730061276940317e-04 E_h^2, std=2.8236512050347211e-02 E_h, ewmean=-2.1750382256218699 E_h, ewvar=1.4169190032658571e-07 E_h^2, ewstd=3.7641984581924701e-04 E_h, pmove=0.54787598
I0513 12:05:27.373261 137054315607872 train.py:1104] Step 00308000: energy=-2.1747102052309120 E_h, variance=6.8833048419973783e-05 E_h^2, std=8.2965684725658587e-03 E_h, ewmean=-2.1749620582795646 E_h, ewvar=1.9897675211112987e-07 E_h^2, ewstd=4.4606810254839999e-04 E_h, pmove=0.54660645
I0513 12:10:18.179393 137054315607872 train.py:1104] Step 00309000: energy=-2.1746646493414796 E_h, variance=1.3216082413425309e-04 E_h^2, std=1.1496122134626663e-02 E_h, ewmean=-2.1749179005254216 E_h, ewvar=2.9336642610870132e-07 E_h^2, ewstd=5.4163311024041112e-04 E_h, pmove=0.54819336
I0513 12:12:30.789871 137054315607872 checkpoint.py:124] Saving checkpoint /home/sjtu/PyQMC/Ferminet/checkpoints_ferminet_x64_atoms/He_triplet/qmcjax_ckpt_309456.npz
I0513 12:15:08.743428 137054315607872 train.py:1049] Timing step 00310000: block_iters=10000, block_time=2908.046605 s, sec/iter=0.2908046605, iter/s=3.438734, elapsed=90160.789771 s
I0513 12:15:09.035889 137054315607872 train.py:1104] Step 00310000: energy=-2.1748304357464137 E_h, variance=2.4993236923976742e-04 E_h^2, std=1.5809249483760050e-02 E_h, ewmean=-2.1749257523889867 E_h, ewvar=1.1463085045472378e-07 E_h^2, ewstd=3.3857178035790841e-04 E_h, pmove=0.54724121
I0513 12:19:59.888252 137054315607872 train.py:1104] Step 00311000: energy=-2.1749006093059409 E_h, variance=7.4598690573607866e-05 E_h^2, std=8.6370533501656608e-03 E_h, ewmean=-2.1751078287570262 E_h, ewvar=9.0865118236408136e-07 E_h^2, ewstd=9.5323196671328713e-04 E_h, pmove=0.54848633
I0513 12:24:50.710710 137054315607872 train.py:1104] Step 00312000: energy=-2.1752315036418586 E_h, variance=4.8140064961400841e-04 E_h^2, std=2.1940844323179734e-02 E_h, ewmean=-2.1749397176124745 E_h, ewvar=1.2259256792104918e-07 E_h^2, ewstd=3.5013221491466502e-04 E_h, pmove=0.54709473
I0513 12:29:41.561416 137054315607872 train.py:1104] Step 00313000: energy=-2.1747312293204502 E_h, variance=4.2278911715144296e-05 E_h^2, std=6.5022235977505649e-03 E_h, ewmean=-2.1748839823534962 E_h, ewvar=1.0837486844307854e-07 E_h^2, ewstd=3.2920338461668119e-04 E_h, pmove=0.54753418
I0513 12:34:32.368487 137054315607872 train.py:1104] Step 00314000: energy=-2.1754005367452693 E_h, variance=7.7930792520861114e-04 E_h^2, std=2.7916087211652910e-02 E_h, ewmean=-2.1749190822571518 E_h, ewvar=9.4257272864711229e-08 E_h^2, ewstd=3.0701347342537141e-04 E_h, pmove=0.55009766
I0513 12:39:23.193182 137054315607872 train.py:1104] Step 00315000: energy=-2.1767455545527623 E_h, variance=1.2822163458352050e-02 E_h^2, std=1.1323499219919632e-01 E_h, ewmean=-2.1751288234179560 E_h, ewvar=4.2446617742994502e-07 E_h^2, ewstd=6.5151068865364366e-04 E_h, pmove=0.54755859
I0513 12:44:14.021648 137054315607872 train.py:1104] Step 00316000: energy=-2.1754447333282547 E_h, variance=9.8814404968453409e-04 E_h^2, std=3.1434758622972341e-02 E_h, ewmean=-2.1749942831367917 E_h, ewvar=4.9797283561715611e-07 E_h^2, ewstd=7.0567190366143675e-04 E_h, pmove=0.54409180
I0513 12:49:04.821171 137054315607872 train.py:1104] Step 00317000: energy=-2.1747514545437454 E_h, variance=1.1006426800958368e-03 E_h^2, std=3.3175935255781969e-02 E_h, ewmean=-2.1747651149307075 E_h, ewvar=1.3238722925233163e-07 E_h^2, ewstd=3.6385055895563995e-04 E_h, pmove=0.54731445
I0513 12:53:55.623157 137054315607872 train.py:1104] Step 00318000: energy=-2.1747752116499148 E_h, variance=5.8573668694628190e-05 E_h^2, std=7.6533436284168107e-03 E_h, ewmean=-2.1750039046544969 E_h, ewvar=1.0621125574208252e-07 E_h^2, ewstd=3.2590068386255730e-04 E_h, pmove=0.55219727
I0513 12:58:46.433630 137054315607872 train.py:1104] Step 00319000: energy=-2.1746632284491287 E_h, variance=9.8110701669506075e-05 E_h^2, std=9.9050846371702486e-03 E_h, ewmean=-2.1750716536464063 E_h, ewvar=2.6819749914791642e-07 E_h^2, ewstd=5.1787788053547573e-04 E_h, pmove=0.55209961
I0513 13:03:36.992047 137054315607872 train.py:1049] Timing step 00320000: block_iters=10000, block_time=2908.248598 s, sec/iter=0.2908248598, iter/s=3.438496, elapsed=93069.038369 s
I0513 13:03:37.285042 137054315607872 train.py:1104] Step 00320000: energy=-2.1748395776645411 E_h, variance=3.3863168611417496e-04 E_h^2, std=1.8401947889127798e-02 E_h, ewmean=-2.1750136679574181 E_h, ewvar=3.2767078575827762e-07 E_h^2, ewstd=5.7242535387443984e-04 E_h, pmove=0.55056152
I0513 13:08:28.093877 137054315607872 train.py:1104] Step 00321000: energy=-2.1750984663085533 E_h, variance=3.9684989269760183e-04 E_h^2, std=1.9921091654264377e-02 E_h, ewmean=-2.1749565505931421 E_h, ewvar=1.5498235598913045e-07 E_h^2, ewstd=3.9367798514665570e-04 E_h, pmove=0.55603027
I0513 13:13:18.912857 137054315607872 train.py:1104] Step 00322000: energy=-2.1757575259397939 E_h, variance=3.5408165516908120e-03 E_h^2, std=5.9504760748118397e-02 E_h, ewmean=-2.1750843158438884 E_h, ewvar=2.5955462845831563e-07 E_h^2, ewstd=5.0946504144869025e-04 E_h, pmove=0.54838867
I0513 13:18:09.718603 137054315607872 train.py:1104] Step 00323000: energy=-2.1744397348881321 E_h, variance=8.1811854689210336e-05 E_h^2, std=9.0449905853577494e-03 E_h, ewmean=-2.1750061901586202 E_h, ewvar=4.6629200164570834e-07 E_h^2, ewstd=6.8285576928492613e-04 E_h, pmove=0.54511719
I0513 13:23:00.509120 137054315607872 train.py:1104] Step 00324000: energy=-2.1746742055144885 E_h, variance=8.9687074726416648e-05 E_h^2, std=9.4703260095107943e-03 E_h, ewmean=-2.1751458485502697 E_h, ewvar=1.1414725897870482e-06 E_h^2, ewstd=1.0683972059992708e-03 E_h, pmove=0.54853516
I0513 13:27:51.296445 137054315607872 train.py:1104] Step 00325000: energy=-2.1751634714937289 E_h, variance=3.0354583175617984e-04 E_h^2, std=1.7422566738462500e-02 E_h, ewmean=-2.1750967482182118 E_h, ewvar=1.2728502829307474e-07 E_h^2, ewstd=3.5677027383608452e-04 E_h, pmove=0.54843750
I0513 13:32:42.109600 137054315607872 train.py:1104] Step 00326000: energy=-2.1752464105513729 E_h, variance=7.9464828534880720e-04 E_h^2, std=2.8189506653164529e-02 E_h, ewmean=-2.1750146056400892 E_h, ewvar=9.1590404473156771e-08 E_h^2, ewstd=3.0263906633671200e-04 E_h, pmove=0.55039063
I0513 13:37:32.952581 137054315607872 train.py:1104] Step 00327000: energy=-2.1758109990650061 E_h, variance=2.9647521157097592e-03 E_h^2, std=5.4449537332375557e-02 E_h, ewmean=-2.1750207140735887 E_h, ewvar=2.6145094382040724e-07 E_h^2, ewstd=5.1132273939304444e-04 E_h, pmove=0.54370117
I0513 13:42:23.746021 137054315607872 train.py:1104] Step 00328000: energy=-2.1750200977035736 E_h, variance=1.7565555323620751e-04 E_h^2, std=1.3253510977707285e-02 E_h, ewmean=-2.1749442745622125 E_h, ewvar=1.2670954719937041e-07 E_h^2, ewstd=3.5596284525125709e-04 E_h, pmove=0.54997559
I0513 13:47:14.542332 137054315607872 train.py:1104] Step 00329000: energy=-2.1746427764420746 E_h, variance=1.4339510289619335e-04 E_h^2, std=1.1974769429771638e-02 E_h, ewmean=-2.1748438225449900 E_h, ewvar=9.6008700658078697e-08 E_h^2, ewstd=3.0985270800507568e-04 E_h, pmove=0.54853516
I0513 13:52:05.104335 137054315607872 train.py:1049] Timing step 00330000: block_iters=10000, block_time=2908.112251 s, sec/iter=0.2908112251, iter/s=3.438657, elapsed=95977.150620 s
I0513 13:52:05.397370 137054315607872 train.py:1104] Step 00330000: energy=-2.1752987673232100 E_h, variance=7.1082548041701541e-04 E_h^2, std=2.6661310553253294e-02 E_h, ewmean=-2.1750031905727663 E_h, ewvar=1.8088579656112438e-07 E_h^2, ewstd=4.2530670881273948e-04 E_h, pmove=0.54860840
I0513 13:52:30.991748 137054315607872 checkpoint.py:124] Saving checkpoint /home/sjtu/PyQMC/Ferminet/checkpoints_ferminet_x64_atoms/He_triplet/qmcjax_ckpt_330088.npz
I0513 13:56:56.256927 137054315607872 train.py:1104] Step 00331000: energy=-2.1752976082058790 E_h, variance=1.5618538389313679e-03 E_h^2, std=3.9520296544071729e-02 E_h, ewmean=-2.1748990756412270 E_h, ewvar=1.6170476793663292e-07 E_h^2, ewstd=4.0212531372276595e-04 E_h, pmove=0.54689941
I0513 14:01:47.093191 137054315607872 train.py:1104] Step 00332000: energy=-2.1746676223456163 E_h, variance=1.0183174925899588e-04 E_h^2, std=1.0091171847659512e-02 E_h, ewmean=-2.1751781854873826 E_h, ewvar=1.1222075605525703e-06 E_h^2, ewstd=1.0593429853227756e-03 E_h, pmove=0.54956055
I0513 14:06:37.886330 137054315607872 train.py:1104] Step 00333000: energy=-2.1757404094067763 E_h, variance=1.4046482102484691e-03 E_h^2, std=3.7478636718115417e-02 E_h, ewmean=-2.1750572034205899 E_h, ewvar=2.2988067194329291e-07 E_h^2, ewstd=4.7945872809168144e-04 E_h, pmove=0.54453125
I0513 14:11:28.674248 137054315607872 train.py:1104] Step 00334000: energy=-2.1746672921144969 E_h, variance=4.9888441952117109e-05 E_h^2, std=7.0631750616926602e-03 E_h, ewmean=-2.1748602287111938 E_h, ewvar=1.0540802235663868e-07 E_h^2, ewstd=3.2466601663346087e-04 E_h, pmove=0.54804688
I0513 14:16:19.485367 137054315607872 train.py:1104] Step 00335000: energy=-2.1762361720018077 E_h, variance=1.0168537431320960e-02 E_h^2, std=1.0083916615740612e-01 E_h, ewmean=-2.1752176242507462 E_h, ewvar=4.1522083457652809e-07 E_h^2, ewstd=6.4437631441303619e-04 E_h, pmove=0.54753418
I0513 14:21:10.310555 137054315607872 train.py:1104] Step 00336000: energy=-2.1746365461129384 E_h, variance=1.3147515919895373e-04 E_h^2, std=1.1466261779627819e-02 E_h, ewmean=-2.1750141827924434 E_h, ewvar=2.9763399054416130e-07 E_h^2, ewstd=5.4555842083516709e-04 E_h, pmove=0.54733887
I0513 14:26:01.162325 137054315607872 train.py:1104] Step 00337000: energy=-2.1747960921681635 E_h, variance=4.0731924810847052e-04 E_h^2, std=2.0182151721470892e-02 E_h, ewmean=-2.1749774532592423 E_h, ewvar=3.1094990840851679e-07 E_h^2, ewstd=5.5762882673738884e-04 E_h, pmove=0.54919434
I0513 14:30:51.972960 137054315607872 train.py:1104] Step 00338000: energy=-2.1748055329824574 E_h, variance=1.5866683246707440e-04 E_h^2, std=1.2596302333108491e-02 E_h, ewmean=-2.1749991356958858 E_h, ewvar=1.2633305838748369e-07 E_h^2, ewstd=3.5543362022673612e-04 E_h, pmove=0.54296875
I0513 14:35:42.794875 137054315607872 train.py:1104] Step 00339000: energy=-2.1752432420835595 E_h, variance=5.2728484036310141e-04 E_h^2, std=2.2962683648979302e-02 E_h, ewmean=-2.1753452884304778 E_h, ewvar=6.2067053129200749e-07 E_h^2, ewstd=7.8782646013700732e-04 E_h, pmove=0.54682617
I0513 14:40:33.303340 137054315607872 train.py:1049] Timing step 00340000: block_iters=10000, block_time=2908.199038 s, sec/iter=0.2908199038, iter/s=3.438554, elapsed=98885.349658 s
I0513 14:40:33.595870 137054315607872 train.py:1104] Step 00340000: energy=-2.1755341428524071 E_h, variance=1.1833731046698819e-03 E_h^2, std=3.4400190474325604e-02 E_h, ewmean=-2.1749476036447817 E_h, ewvar=1.3998488426330551e-07 E_h^2, ewstd=3.7414553887933172e-04 E_h, pmove=0.54497070
I0513 14:45:24.356676 137054315607872 train.py:1104] Step 00341000: energy=-2.1756699016599912 E_h, variance=1.3761789464606330e-03 E_h^2, std=3.7096885940205722e-02 E_h, ewmean=-2.1748846472971755 E_h, ewvar=1.2748650052575914e-07 E_h^2, ewstd=3.5705251788183644e-04 E_h, pmove=0.54780273
I0513 14:50:15.138707 137054315607872 train.py:1104] Step 00342000: energy=-2.1763234899492874 E_h, variance=1.2533634424502055e-02 E_h^2, std=1.1195371554576496e-01 E_h, ewmean=-2.1753884465066959 E_h, ewvar=6.0014768954977633e-07 E_h^2, ewstd=7.7469199657010550e-04 E_h, pmove=0.54655762
I0513 14:55:05.894689 137054315607872 train.py:1104] Step 00343000: energy=-2.1762565684698849 E_h, variance=5.8263403161672635e-03 E_h^2, std=7.6330467810483540e-02 E_h, ewmean=-2.1754825133634510 E_h, ewvar=1.6390604898498248e-06 E_h^2, ewstd=1.2802579778504897e-03 E_h, pmove=0.54777832
I0513 14:59:56.707439 137054315607872 train.py:1104] Step 00344000: energy=-2.1745963251326339 E_h, variance=9.7498989715198299e-05 E_h^2, std=9.8741576711736927e-03 E_h, ewmean=-2.1752148680865684 E_h, ewvar=7.8436777775189702e-07 E_h^2, ewstd=8.8564540181265380e-04 E_h, pmove=0.54677734
I0513 15:04:47.505613 137054315607872 train.py:1104] Step 00345000: energy=-2.1752188991198955 E_h, variance=2.6434749305715750e-04 E_h^2, std=1.6258766652398868e-02 E_h, ewmean=-2.1750028975762121 E_h, ewvar=2.3846894163477413e-07 E_h^2, ewstd=4.8833281851087395e-04 E_h, pmove=0.55017090
I0513 15:09:38.295881 137054315607872 train.py:1104] Step 00346000: energy=-2.1745611163177374 E_h, variance=4.1933748907904617e-05 E_h^2, std=6.4756272984093687e-03 E_h, ewmean=-2.1749182145224260 E_h, ewvar=1.8054732221269618e-07 E_h^2, ewstd=4.2490860454066611e-04 E_h, pmove=0.54299316
I0513 15:14:29.082235 137054315607872 train.py:1104] Step 00347000: energy=-2.1751093738239007 E_h, variance=4.6405449276841216e-04 E_h^2, std=2.1541924073035169e-02 E_h, ewmean=-2.1752020917831869 E_h, ewvar=4.4335239929685316e-07 E_h^2, ewstd=6.6584712907457461e-04 E_h, pmove=0.54965820
I0513 15:19:19.944580 137054315607872 train.py:1104] Step 00348000: energy=-2.1749299552989960 E_h, variance=4.9419595385056321e-04 E_h^2, std=2.2230518524104723e-02 E_h, ewmean=-2.1749980693610307 E_h, ewvar=1.4823291136488392e-07 E_h^2, ewstd=3.8501027436275504e-04 E_h, pmove=0.54487305
I0513 15:24:10.791346 137054315607872 train.py:1104] Step 00349000: energy=-2.1749428741120891 E_h, variance=1.9663303442777114e-04 E_h^2, std=1.4022590146894087e-02 E_h, ewmean=-2.1749459405966816 E_h, ewvar=1.5420137495333243e-07 E_h^2, ewstd=3.9268482903383526e-04 E_h, pmove=0.55036621
I0513 15:29:01.352154 137054315607872 train.py:1049] Timing step 00350000: block_iters=10000, block_time=2908.048834 s, sec/iter=0.2908048834, iter/s=3.438732, elapsed=101793.398492 s
I0513 15:29:01.644702 137054315607872 train.py:1104] Step 00350000: energy=-2.1749347538381154 E_h, variance=7.0132986734926872e-03 E_h^2, std=8.3745439717591116e-02 E_h, ewmean=-2.1749720837080444 E_h, ewvar=1.8736074764164682e-07 E_h^2, ewstd=4.3285187725323175e-04 E_h, pmove=0.54687500
I0513 15:32:31.077831 137054315607872 checkpoint.py:124] Saving checkpoint /home/sjtu/PyQMC/Ferminet/checkpoints_ferminet_x64_atoms/He_triplet/qmcjax_ckpt_350720.npz
I0513 15:33:52.558329 137054315607872 train.py:1104] Step 00351000: energy=-2.1761508474320630 E_h, variance=3.5969730836472370e-03 E_h^2, std=5.9974770392617900e-02 E_h, ewmean=-2.1749682431938844 E_h, ewvar=3.7314552340898196e-07 E_h^2, ewstd=6.1085638525678189e-04 E_h, pmove=0.54689941
I0513 15:38:43.360848 137054315607872 train.py:1104] Step 00352000: energy=-2.1747219353560086 E_h, variance=3.4886142753710631e-05 E_h^2, std=5.9064492509214566e-03 E_h, ewmean=-2.1748145347274335 E_h, ewvar=5.6741228418774113e-08 E_h^2, ewstd=2.3820417380636746e-04 E_h, pmove=0.54565430
I0513 15:43:34.169671 137054315607872 train.py:1104] Step 00353000: energy=-2.1757232787922445 E_h, variance=2.4000388534258861e-03 E_h^2, std=4.8990191400176075e-02 E_h, ewmean=-2.1751546002923305 E_h, ewvar=7.5084528850754154e-07 E_h^2, ewstd=8.6651329390121973e-04 E_h, pmove=0.55092773
I0513 15:48:24.969929 137054315607872 train.py:1104] Step 00354000: energy=-2.1752528495912529 E_h, variance=8.7861192099413605e-04 E_h^2, std=2.9641388648208370e-02 E_h, ewmean=-2.1752109245889515 E_h, ewvar=1.1456016848349183e-06 E_h^2, ewstd=1.0703278398859475e-03 E_h, pmove=0.54392090
I0513 15:53:15.794575 137054315607872 train.py:1104] Step 00355000: energy=-2.1746840831200647 E_h, variance=4.4493497848782987e-05 E_h^2, std=6.6703446574208581e-03 E_h, ewmean=-2.1750985026633534 E_h, ewvar=3.3306192837886640e-07 E_h^2, ewstd=5.7711517774086175e-04 E_h, pmove=0.54755859
I0513 15:58:06.625117 137054315607872 train.py:1104] Step 00356000: energy=-2.1752122047098998 E_h, variance=5.0038075210227296e-04 E_h^2, std=2.2369192030609265e-02 E_h, ewmean=-2.1750555099823847 E_h, ewvar=1.1570830586105381e-07 E_h^2, ewstd=3.4015923603667418e-04 E_h, pmove=0.55139160
I0513 16:02:57.533126 137054315607872 train.py:1104] Step 00357000: energy=-2.1746850578937322 E_h, variance=6.2926355963278805e-05 E_h^2, std=7.9326134384122612e-03 E_h, ewmean=-2.1747591218970443 E_h, ewvar=1.0399265866350776e-07 E_h^2, ewstd=3.2247892747202530e-04 E_h, pmove=0.54504395
I0513 16:07:48.463059 137054315607872 train.py:1104] Step 00358000: energy=-2.1747605839216955 E_h, variance=9.7242621066688504e-05 E_h^2, std=9.8611673277907881e-03 E_h, ewmean=-2.1748032192295672 E_h, ewvar=1.1132829253870086e-07 E_h^2, ewstd=3.3365894643887619e-04 E_h, pmove=0.55268555
I0513 16:12:39.253396 137054315607872 train.py:1104] Step 00359000: energy=-2.1750927668483468 E_h, variance=3.2933259368265523e-04 E_h^2, std=1.8147523072933540e-02 E_h, ewmean=-2.1753812872327529 E_h, ewvar=8.1823971579282011e-07 E_h^2, ewstd=9.0456603727578683e-04 E_h, pmove=0.54533691
I0513 16:17:29.829357 137054315607872 train.py:1049] Timing step 00360000: block_iters=10000, block_time=2908.477197 s, sec/iter=0.2908477197, iter/s=3.438225, elapsed=104701.875689 s
I0513 16:17:30.121861 137054315607872 train.py:1104] Step 00360000: energy=-2.1748142273061140 E_h, variance=2.2953387824049779e-04 E_h^2, std=1.5150375514834535e-02 E_h, ewmean=-2.1749678569028794 E_h, ewvar=1.4263528276227314e-07 E_h^2, ewstd=3.7767086565192333e-04 E_h, pmove=0.54570313
I0513 16:22:20.977029 137054315607872 train.py:1104] Step 00361000: energy=-2.1748737918481975 E_h, variance=2.0742146858754984e-04 E_h^2, std=1.4402134167808250e-02 E_h, ewmean=-2.1749875461895170 E_h, ewvar=1.0952814113764777e-07 E_h^2, ewstd=3.3095036053409547e-04 E_h, pmove=0.54560547
I0513 16:27:11.790621 137054315607872 train.py:1104] Step 00362000: energy=-2.1756473144792858 E_h, variance=2.4081298141761377e-03 E_h^2, std=4.9072699275423376e-02 E_h, ewmean=-2.1753305772967049 E_h, ewvar=5.3995349670457131e-07 E_h^2, ewstd=7.3481528066893882e-04 E_h, pmove=0.54702148
I0513 16:32:02.647430 137054315607872 train.py:1104] Step 00363000: energy=-2.1749507458944501 E_h, variance=1.6151423135995401e-04 E_h^2, std=1.2708824940172636e-02 E_h, ewmean=-2.1752059785966815 E_h, ewvar=8.5880319940969745e-07 E_h^2, ewstd=9.2671635326549483e-04 E_h, pmove=0.55229492
I0513 16:36:53.471519 137054315607872 train.py:1104] Step 00364000: energy=-2.1758910253528541 E_h, variance=2.1739939988299041e-03 E_h^2, std=4.6626108553362078e-02 E_h, ewmean=-2.1751096302557227 E_h, ewvar=4.2853460301490345e-07 E_h^2, ewstd=6.5462554412037987e-04 E_h, pmove=0.54948730
I0513 16:41:44.276268 137054315607872 train.py:1104] Step 00365000: energy=-2.1755573063393054 E_h, variance=2.3612851260423982e-03 E_h^2, std=4.8593056356257304e-02 E_h, ewmean=-2.1751949860864745 E_h, ewvar=3.8294321847579555e-07 E_h^2, ewstd=6.1882406100263710e-04 E_h, pmove=0.54873047
I0513 16:46:35.090059 137054315607872 train.py:1104] Step 00366000: energy=-2.1760170725403096 E_h, variance=5.7031180314693567e-03 E_h^2, std=7.5518991197376026e-02 E_h, ewmean=-2.1751069954441560 E_h, ewvar=2.3678004455794148e-07 E_h^2, ewstd=4.8660049790145250e-04 E_h, pmove=0.54912109
I0513 16:51:25.880411 137054315607872 train.py:1104] Step 00367000: energy=-2.1745780042700318 E_h, variance=4.8007645412474783e-05 E_h^2, std=6.9287549684250473e-03 E_h, ewmean=-2.1749884867315670 E_h, ewvar=5.1807040138252681e-07 E_h^2, ewstd=7.1977107567790385e-04 E_h, pmove=0.54846191
I0513 16:56:16.710423 137054315607872 train.py:1104] Step 00368000: energy=-2.1747186842689468 E_h, variance=1.6063940211939721e-04 E_h^2, std=1.2674360028001303e-02 E_h, ewmean=-2.1749688488378189 E_h, ewvar=1.9013576179344139e-07 E_h^2, ewstd=4.3604559600280497e-04 E_h, pmove=0.54743652
I0513 17:01:07.502192 137054315607872 train.py:1104] Step 00369000: energy=-2.1752675953301885 E_h, variance=6.8111868819420354e-04 E_h^2, std=2.6098250673066262e-02 E_h, ewmean=-2.1748030771273856 E_h, ewvar=1.1470056992297977e-07 E_h^2, ewstd=3.3867472584026665e-04 E_h, pmove=0.54560547
I0513 17:05:58.006901 137054315607872 train.py:1049] Timing step 00370000: block_iters=10000, block_time=2908.177490 s, sec/iter=0.2908177490, iter/s=3.438580, elapsed=107610.053179 s
I0513 17:05:58.299859 137054315607872 train.py:1104] Step 00370000: energy=-2.1749180558673356 E_h, variance=2.7211296060705400e-04 E_h^2, std=1.6495846768415801e-02 E_h, ewmean=-2.1750078507954713 E_h, ewvar=2.8243691821063070e-07 E_h^2, ewstd=5.3144794496792509e-04 E_h, pmove=0.54760742
I0513 17:10:49.110097 137054315607872 train.py:1104] Step 00371000: energy=-2.1758622747110383 E_h, variance=1.7244266403067545e-03 E_h^2, std=4.1526216301352989e-02 E_h, ewmean=-2.1751682057936219 E_h, ewvar=2.5959393406739104e-07 E_h^2, ewstd=5.0950361536243399e-04 E_h, pmove=0.54936523
I0513 17:12:31.174513 137054315607872 checkpoint.py:124] Saving checkpoint /home/sjtu/PyQMC/Ferminet/checkpoints_ferminet_x64_atoms/He_triplet/qmcjax_ckpt_371351.npz
I0513 17:15:39.951686 137054315607872 train.py:1104] Step 00372000: energy=-2.1745725945661865 E_h, variance=6.1008509299504177e-05 E_h^2, std=7.8107944089896627e-03 E_h, ewmean=-2.1748517156145866 E_h, ewvar=1.3030715767333597e-07 E_h^2, ewstd=3.6098082729327322e-04 E_h, pmove=0.54462891
I0513 17:20:30.772510 137054315607872 train.py:1104] Step 00373000: energy=-2.1747198532111227 E_h, variance=4.7108638149766555e-04 E_h^2, std=2.1704524447627632e-02 E_h, ewmean=-2.1750600822499639 E_h, ewvar=2.8453344760173901e-07 E_h^2, ewstd=5.3341676726715204e-04 E_h, pmove=0.54570313
I0513 17:25:21.592964 137054315607872 train.py:1104] Step 00374000: energy=-2.1754226915366335 E_h, variance=1.5646639201990259e-03 E_h^2, std=3.9555832947860241e-02 E_h, ewmean=-2.1750456875951185 E_h, ewvar=2.1668712282385930e-07 E_h^2, ewstd=4.6549664104465814e-04 E_h, pmove=0.54824219
I0513 17:30:12.441717 137054315607872 train.py:1104] Step 00375000: energy=-2.1754501857736157 E_h, variance=1.3372031825634684e-03 E_h^2, std=3.6567788866206666e-02 E_h, ewmean=-2.1750676528918294 E_h, ewvar=2.4819483937124319e-07 E_h^2, ewstd=4.9819156894837467e-04 E_h, pmove=0.54760742
I0513 17:35:03.237581 137054315607872 train.py:1104] Step 00376000: energy=-2.1747457109728070 E_h, variance=1.6099614025155172e-04 E_h^2, std=1.2688425444142063e-02 E_h, ewmean=-2.1750195745528638 E_h, ewvar=2.1824270988626816e-07 E_h^2, ewstd=4.6716454262525978e-04 E_h, pmove=0.54792480
I0513 17:39:54.026281 137054315607872 train.py:1104] Step 00377000: energy=-2.1751737621975034 E_h, variance=4.8277631723866044e-04 E_h^2, std=2.1972171427482094e-02 E_h, ewmean=-2.1750702473872199 E_h, ewvar=1.9731883818055713e-07 E_h^2, ewstd=4.4420585113273453e-04 E_h, pmove=0.54951172
I0513 17:44:44.860176 137054315607872 train.py:1104] Step 00378000: energy=-2.1752209472699606 E_h, variance=5.3743550515548239e-04 E_h^2, std=2.3182655265423811e-02 E_h, ewmean=-2.1749184295375810 E_h, ewvar=1.8610733070417678e-07 E_h^2, ewstd=4.3140158866672798e-04 E_h, pmove=0.54750977
I0513 17:49:35.686683 137054315607872 train.py:1104] Step 00379000: energy=-2.1746348650309155 E_h, variance=5.5510529644665889e-05 E_h^2, std=7.4505388828369915e-03 E_h, ewmean=-2.1750188298851905 E_h, ewvar=4.9841414904526982e-07 E_h^2, ewstd=7.0598452464998827e-04 E_h, pmove=0.55041504
I0513 17:54:26.198397 137054315607872 train.py:1049] Timing step 00380000: block_iters=10000, block_time=2908.191552 s, sec/iter=0.2908191552, iter/s=3.438563, elapsed=110518.244730 s
I0513 17:54:26.490773 137054315607872 train.py:1104] Step 00380000: energy=-2.1784543090527171 E_h, variance=3.9830032626275096e-02 E_h^2, std=1.9957462921492575e-01 E_h, ewmean=-2.1754014634868528 E_h, ewvar=1.2346649794814319e-06 E_h^2, ewstd=1.1111547954634547e-03 E_h, pmove=0.55075684
I0513 17:59:17.295674 137054315607872 train.py:1104] Step 00381000: energy=-2.1752536167179199 E_h, variance=4.1767754226087415e-04 E_h^2, std=2.0437160817023341e-02 E_h, ewmean=-2.1751135857828645 E_h, ewvar=2.0493055153650292e-07 E_h^2, ewstd=4.5269255741231588e-04 E_h, pmove=0.55114746
I0513 18:04:08.111800 137054315607872 train.py:1104] Step 00382000: energy=-2.1749198843837596 E_h, variance=1.6212133074043346e-04 E_h^2, std=1.2732687490880841e-02 E_h, ewmean=-2.1750515498461001 E_h, ewvar=1.9877751544123963e-07 E_h^2, ewstd=4.4584472122168235e-04 E_h, pmove=0.54594727
I0513 18:08:58.926323 137054315607872 train.py:1104] Step 00383000: energy=-2.1746791554699478 E_h, variance=6.7108524998612788e-05 E_h^2, std=8.1919793089712326e-03 E_h, ewmean=-2.1750561779428752 E_h, ewvar=3.4850773975606615e-07 E_h^2, ewstd=5.9034544103945294e-04 E_h, pmove=0.54833984
I0513 18:13:49.773376 137054315607872 train.py:1104] Step 00384000: energy=-2.1748815556375560 E_h, variance=1.5247745045488952e-04 E_h^2, std=1.2348175997081087e-02 E_h, ewmean=-2.1749120030466980 E_h, ewvar=8.6181191419038211e-08 E_h^2, ewstd=2.9356633223010810e-04 E_h, pmove=0.54587402
I0513 18:18:40.604310 137054315607872 train.py:1104] Step 00385000: energy=-2.1752302940708583 E_h, variance=7.9822860404163128e-04 E_h^2, std=2.8252939741584968e-02 E_h, ewmean=-2.1749110907414995 E_h, ewvar=9.6454493321086301e-08 E_h^2, ewstd=3.1057123711169117e-04 E_h, pmove=0.55095215
I0513 18:23:31.415625 137054315607872 train.py:1104] Step 00386000: energy=-2.1751351074056497 E_h, variance=2.5058907535636509e-04 E_h^2, std=1.5830005538734506e-02 E_h, ewmean=-2.1749591091599294 E_h, ewvar=1.1664654053178985e-07 E_h^2, ewstd=3.4153556261653026e-04 E_h, pmove=0.54794922
I0513 18:28:22.228258 137054315607872 train.py:1104] Step 00387000: energy=-2.1753070004824462 E_h, variance=1.2547455124053690e-03 E_h^2, std=3.5422387164127843e-02 E_h, ewmean=-2.1749373518995103 E_h, ewvar=1.3154054096683620e-07 E_h^2, ewstd=3.6268518162014309e-04 E_h, pmove=0.54545898
I0513 18:33:13.046919 137054315607872 train.py:1104] Step 00388000: energy=-2.1747914550984793 E_h, variance=1.6544605494697359e-04 E_h^2, std=1.2862583525364318e-02 E_h, ewmean=-2.1748510989159877 E_h, ewvar=1.2016445493170304e-07 E_h^2, ewstd=3.4664745049070106e-04 E_h, pmove=0.55209961
I0513 18:38:03.886723 137054315607872 train.py:1104] Step 00389000: energy=-2.1747503039006308 E_h, variance=2.2885595152445854e-04 E_h^2, std=1.5127985706116282e-02 E_h, ewmean=-2.1748323183493610 E_h, ewvar=8.2057852487102468e-08 E_h^2, ewstd=2.8645741827905673e-04 E_h, pmove=0.54821777
I0513 18:42:54.438407 137054315607872 train.py:1049] Timing step 00390000: block_iters=10000, block_time=2908.240000 s, sec/iter=0.2908240000, iter/s=3.438506, elapsed=113426.484731 s
I0513 18:42:54.730720 137054315607872 train.py:1104] Step 00390000: energy=-2.1748080178943301 E_h, variance=1.3123517914223680e-04 E_h^2, std=1.1455792383865761e-02 E_h, ewmean=-2.1748920002521364 E_h, ewvar=6.4443491499655284e-08 E_h^2, ewstd=2.5385722660514369e-04 E_h, pmove=0.55185547
I0513 18:47:45.537437 137054315607872 train.py:1104] Step 00391000: energy=-2.1747206179333936 E_h, variance=4.3120526790701603e-05 E_h^2, std=6.5666221751142046e-03 E_h, ewmean=-2.1749307166809824 E_h, ewvar=1.8114299682286001e-07 E_h^2, ewstd=4.2560897173680448e-04 E_h, pmove=0.55214844
I0513 18:52:31.414477 137054315607872 checkpoint.py:124] Saving checkpoint /home/sjtu/PyQMC/Ferminet/checkpoints_ferminet_x64_atoms/He_triplet/qmcjax_ckpt_391983.npz
I0513 18:52:36.414244 137054315607872 train.py:1104] Step 00392000: energy=-2.1750056470469161 E_h, variance=3.0298513527458475e-04 E_h^2, std=1.7406468202211062e-02 E_h, ewmean=-2.1754004408350736 E_h, ewvar=7.3548495069764696e-07 E_h^2, ewstd=8.5760419232746698e-04 E_h, pmove=0.54499512
I0513 18:57:27.261371 137054315607872 train.py:1104] Step 00393000: energy=-2.1771413615738879 E_h, variance=9.8170503747018918e-03 E_h^2, std=9.9081029338122503e-02 E_h, ewmean=-2.1751110654643804 E_h, ewvar=6.9017081247325803e-07 E_h^2, ewstd=8.3076519695594983e-04 E_h, pmove=0.54362793
I0513 19:02:18.064063 137054315607872 train.py:1104] Step 00394000: energy=-2.1754082967986670 E_h, variance=1.3391292058732990e-03 E_h^2, std=3.6594114361100459e-02 E_h, ewmean=-2.1749445304189483 E_h, ewvar=1.0203096128503941e-07 E_h^2, ewstd=3.1942285654761683e-04 E_h, pmove=0.55285645
I0513 19:07:08.884868 137054315607872 train.py:1104] Step 00395000: energy=-2.1750586100456970 E_h, variance=4.5593518530430264e-04 E_h^2, std=2.1352638837022056e-02 E_h, ewmean=-2.1750160840383788 E_h, ewvar=8.7409413684998100e-08 E_h^2, ewstd=2.9565083068545250e-04 E_h, pmove=0.54655762
I0513 19:11:59.665934 137054315607872 train.py:1104] Step 00396000: energy=-2.1756388528443606 E_h, variance=3.2153063830715153e-03 E_h^2, std=5.6703671689508038e-02 E_h, ewmean=-2.1751137847190658 E_h, ewvar=1.6656682677870758e-07 E_h^2, ewstd=4.0812599375524662e-04 E_h, pmove=0.54858398
I0513 19:16:50.439593 137054315607872 train.py:1104] Step 00397000: energy=-2.1747000003537091 E_h, variance=6.0489383281543293e-05 E_h^2, std=7.7774920945985725e-03 E_h, ewmean=-2.1755106501218515 E_h, ewvar=7.0929196512333065e-07 E_h^2, ewstd=8.4219473111824363e-04 E_h, pmove=0.54511719
I0513 19:21:41.235700 137054315607872 train.py:1104] Step 00398000: energy=-2.1745772004035095 E_h, variance=4.7180017417394606e-05 E_h^2, std=6.8687711722981871e-03 E_h, ewmean=-2.1748764552902786 E_h, ewvar=1.3255521643767961e-07 E_h^2, ewstd=3.6408133217411687e-04 E_h, pmove=0.54577637
I0513 19:26:32.010846 137054315607872 train.py:1104] Step 00399000: energy=-2.1744777651890574 E_h, variance=3.3098268558893264e-05 E_h^2, std=5.7531094687041425e-03 E_h, ewmean=-2.1750483971274623 E_h, ewvar=1.3554595936089199e-07 E_h^2, ewstd=3.6816566836261633e-04 E_h, pmove=0.54633789
I0513 19:31:22.524121 137054315607872 train.py:1049] Timing step 00400000: block_iters=10000, block_time=2908.085690 s, sec/iter=0.2908085690, iter/s=3.438688, elapsed=116334.570422 s
I0513 19:31:22.817014 137054315607872 train.py:1104] Step 00400000: energy=-2.1748632254186431 E_h, variance=9.0533451720907027e-05 E_h^2, std=9.5149068161967318e-03 E_h, ewmean=-2.1749033137970564 E_h, ewvar=1.6302097502420122e-07 E_h^2, ewstd=4.0375856031073969e-04 E_h, pmove=0.54526367
I0513 19:36:13.660314 137054315607872 train.py:1104] Step 00401000: energy=-2.1748907362596950 E_h, variance=2.2707596350188275e-04 E_h^2, std=1.5069039899803927e-02 E_h, ewmean=-2.1749364533864801 E_h, ewvar=1.4680008920620863e-07 E_h^2, ewstd=3.8314499762649734e-04 E_h, pmove=0.54660645
I0513 19:41:04.433528 137054315607872 train.py:1104] Step 00402000: energy=-2.1748978373650054 E_h, variance=5.0073324846203345e-04 E_h^2, std=2.2377069702309849e-02 E_h, ewmean=-2.1748696603706819 E_h, ewvar=1.1250727897204844e-07 E_h^2, ewstd=3.3542104730032736e-04 E_h, pmove=0.54694824
I0513 19:45:55.210137 137054315607872 train.py:1104] Step 00403000: energy=-2.1747472758428827 E_h, variance=1.2048010591481447e-04 E_h^2, std=1.0976343011896744e-02 E_h, ewmean=-2.1749678528341336 E_h, ewvar=2.8259645039127114e-07 E_h^2, ewstd=5.3159801578944136e-04 E_h, pmove=0.55117187
I0513 19:50:45.985949 137054315607872 train.py:1104] Step 00404000: energy=-2.1752119604800235 E_h, variance=2.4708145549856130e-03 E_h^2, std=4.9707288751103827e-02 E_h, ewmean=-2.1749403656798578 E_h, ewvar=9.2984767861247626e-08 E_h^2, ewstd=3.0493403854153051e-04 E_h, pmove=0.54831543
I0513 19:55:36.767562 137054315607872 train.py:1104] Step 00405000: energy=-2.1747676056402532 E_h, variance=1.2671523472250880e-04 E_h^2, std=1.1256786163133277e-02 E_h, ewmean=-2.1751865885682879 E_h, ewvar=1.6627768895769725e-07 E_h^2, ewstd=4.0777161372231057e-04 E_h, pmove=0.54946289
I0513 20:00:27.583207 137054315607872 train.py:1104] Step 00406000: energy=-2.1750829297407135 E_h, variance=4.6294242578945425e-04 E_h^2, std=2.1516096899518142e-02 E_h, ewmean=-2.1748640936520043 E_h, ewvar=1.6343687401885789e-07 E_h^2, ewstd=4.0427326651518511e-04 E_h, pmove=0.54670410
I0513 20:05:18.400357 137054315607872 train.py:1104] Step 00407000: energy=-2.1748276642770188 E_h, variance=3.8453970337754462e-04 E_h^2, std=1.9609683918348726e-02 E_h, ewmean=-2.1748424430737208 E_h, ewvar=9.5073824585392469e-08 E_h^2, ewstd=3.0834043618278883e-04 E_h, pmove=0.55356445
I0513 20:10:09.194050 137054315607872 train.py:1104] Step 00408000: energy=-2.1752978277280599 E_h, variance=1.1005860691691634e-03 E_h^2, std=3.3175082052184342e-02 E_h, ewmean=-2.1749391143613992 E_h, ewvar=1.1474494997359862e-07 E_h^2, ewstd=3.3874023967281867e-04 E_h, pmove=0.54643555
I0513 20:14:59.994476 137054315607872 train.py:1104] Step 00409000: energy=-2.1746501112097310 E_h, variance=2.0407782798455049e-04 E_h^2, std=1.4285581121695767e-02 E_h, ewmean=-2.1752568441786422 E_h, ewvar=4.0332422241358221e-07 E_h^2, ewstd=6.3507812307902892e-04 E_h, pmove=0.54431152
I0513 20:19:50.511955 137054315607872 train.py:1049] Timing step 00410000: block_iters=10000, block_time=2907.987860 s, sec/iter=0.2907987860, iter/s=3.438804, elapsed=119242.558281 s
I0513 20:19:50.804792 137054315607872 train.py:1104] Step 00410000: energy=-2.1748824037510954 E_h, variance=8.0151760979858724e-04 E_h^2, std=2.8311086340841590e-02 E_h, ewmean=-2.1749496296005115 E_h, ewvar=2.5751836015037495e-07 E_h^2, ewstd=5.0746266872586296e-04 E_h, pmove=0.54973145
I0513 20:24:41.724614 137054315607872 train.py:1104] Step 00411000: energy=-2.1745085613391648 E_h, variance=3.8439383329164725e-05 E_h^2, std=6.1999502682815706e-03 E_h, ewmean=-2.1750040567765416 E_h, ewvar=1.4715652826898530e-07 E_h^2, ewstd=3.8360986466589371e-04 E_h, pmove=0.54628906
I0513 20:29:32.604111 137054315607872 train.py:1104] Step 00412000: energy=-2.1756958799239929 E_h, variance=4.2437289061973815e-03 E_h^2, std=6.5143909202606057e-02 E_h, ewmean=-2.1751033768123236 E_h, ewvar=1.2850478531476640e-07 E_h^2, ewstd=3.5847564117352017e-04 E_h, pmove=0.54587402
I0513 20:32:31.741624 137054315607872 checkpoint.py:124] Saving checkpoint /home/sjtu/PyQMC/Ferminet/checkpoints_ferminet_x64_atoms/He_triplet/qmcjax_ckpt_412616.npz
I0513 20:34:23.475105 137054315607872 train.py:1104] Step 00413000: energy=-2.1747734844014603 E_h, variance=6.9019187928280479e-05 E_h^2, std=8.3077787601909866e-03 E_h, ewmean=-2.1748503488525679 E_h, ewvar=1.3339091512420647e-07 E_h^2, ewstd=3.6522721027355896e-04 E_h, pmove=0.54909668
I0513 20:39:14.318840 137054315607872 train.py:1104] Step 00414000: energy=-2.1745758766388548 E_h, variance=7.0985151695870843e-05 E_h^2, std=8.4252686423562095e-03 E_h, ewmean=-2.1749067103865549 E_h, ewvar=1.2137840390098661e-07 E_h^2, ewstd=3.4839403539812017e-04 E_h, pmove=0.54423828
I0513 20:44:05.169703 137054315607872 train.py:1104] Step 00415000: energy=-2.1752729644681654 E_h, variance=5.1995450583882676e-04 E_h^2, std=2.2802510954691518e-02 E_h, ewmean=-2.1749420311119216 E_h, ewvar=1.4745682468739515e-07 E_h^2, ewstd=3.8400107381021106e-04 E_h, pmove=0.54685059
I0513 20:48:56.045086 137054315607872 train.py:1104] Step 00416000: energy=-2.1747753225985225 E_h, variance=2.2457015357058653e-04 E_h^2, std=1.4985664935884111e-02 E_h, ewmean=-2.1748755585064656 E_h, ewvar=1.7150518769659472e-07 E_h^2, ewstd=4.1413184820367861e-04 E_h, pmove=0.55144043
I0513 20:53:46.907258 137054315607872 train.py:1104] Step 00417000: energy=-2.1750375368144201 E_h, variance=3.2403338569395881e-04 E_h^2, std=1.8000927356499132e-02 E_h, ewmean=-2.1749907518305398 E_h, ewvar=9.0574000915643596e-08 E_h^2, ewstd=3.0095514768091870e-04 E_h, pmove=0.54594727
I0513 20:58:37.796674 137054315607872 train.py:1104] Step 00418000: energy=-2.1753829250321819 E_h, variance=2.0524268933436434e-03 E_h^2, std=4.5303718316973093e-02 E_h, ewmean=-2.1749945020434960 E_h, ewvar=1.6984882522652793e-07 E_h^2, ewstd=4.1212719544641543e-04 E_h, pmove=0.55109863
I0513 21:03:28.648781 137054315607872 train.py:1104] Step 00419000: energy=-2.1754909923312948 E_h, variance=2.2868272536820723e-03 E_h^2, std=4.7820782654428316e-02 E_h, ewmean=-2.1754790813340401 E_h, ewvar=6.5527640422805235e-07 E_h^2, ewstd=8.0949144790297346e-04 E_h, pmove=0.54736328
I0513 21:08:19.245097 137054315607872 train.py:1049] Timing step 00420000: block_iters=10000, block_time=2908.733099 s, sec/iter=0.2908733099, iter/s=3.437923, elapsed=122151.291381 s
I0513 21:08:19.538163 137054315607872 train.py:1104] Step 00420000: energy=-2.1750685686121991 E_h, variance=4.2234995213208810e-04 E_h^2, std=2.0551154520661075e-02 E_h, ewmean=-2.1752032618647537 E_h, ewvar=2.7454894134408697e-07 E_h^2, ewstd=5.2397418003570268e-04 E_h, pmove=0.54870605
I0513 21:13:10.412399 137054315607872 train.py:1104] Step 00421000: energy=-2.1764879488887745 E_h, variance=6.3578614627116097e-03 E_h^2, std=7.9736199199056446e-02 E_h, ewmean=-2.1750560471493348 E_h, ewvar=2.8882588558230834e-07 E_h^2, ewstd=5.3742523720263482e-04 E_h, pmove=0.54521484
I0513 21:18:01.246071 137054315607872 train.py:1104] Step 00422000: energy=-2.1746159888373944 E_h, variance=3.4148537258414914e-05 E_h^2, std=5.8436749788480635e-03 E_h, ewmean=-2.1748744608890789 E_h, ewvar=1.4353373089833307e-07 E_h^2, ewstd=3.7885845760433153e-04 E_h, pmove=0.54348145
I0513 21:22:52.112606 137054315607872 train.py:1104] Step 00423000: energy=-2.1745742596201367 E_h, variance=6.1868390059306535e-05 E_h^2, std=7.8656461946432950e-03 E_h, ewmean=-2.1750200714226198 E_h, ewvar=2.3934984603157898e-07 E_h^2, ewstd=4.8923393793928380e-04 E_h, pmove=0.54401855
I0513 21:27:43.029084 137054315607872 train.py:1104] Step 00424000: energy=-2.1748869705669822 E_h, variance=2.0238322723025977e-04 E_h^2, std=1.4226145902185166e-02 E_h, ewmean=-2.1750315467376327 E_h, ewvar=1.9528558172416254e-07 E_h^2, ewstd=4.4191128263958428e-04 E_h, pmove=0.54970703
I0513 21:32:33.780901 137054315607872 train.py:1104] Step 00425000: energy=-2.1759102213175523 E_h, variance=2.9740603550465648e-03 E_h^2, std=5.4534946181751795e-02 E_h, ewmean=-2.1750420284004468 E_h, ewvar=2.2310141499372682e-07 E_h^2, ewstd=4.7233612501451422e-04 E_h, pmove=0.55144043
I0513 21:37:24.474021 137054315607872 train.py:1104] Step 00426000: energy=-2.1748503967118182 E_h, variance=1.5760517290967443e-04 E_h^2, std=1.2554089887748711e-02 E_h, ewmean=-2.1754643417120687 E_h, ewvar=5.6923147150351746e-06 E_h^2, ewstd=2.3858572285522816e-03 E_h, pmove=0.54685059
I0513 21:42:15.178020 137054315607872 train.py:1104] Step 00427000: energy=-2.1771508282800616 E_h, variance=1.2187399577869835e-02 E_h^2, std=1.1039655600547435e-01 E_h, ewmean=-2.1752013941059687 E_h, ewvar=7.9088742069819827e-07 E_h^2, ewstd=8.8931851476183618e-04 E_h, pmove=0.55034180
I0513 21:47:05.900394 137054315607872 train.py:1104] Step 00428000: energy=-2.1746060415869213 E_h, variance=5.5789416992347503e-05 E_h^2, std=7.4692313521772438e-03 E_h, ewmean=-2.1749433403642686 E_h, ewvar=4.8072831751814935e-07 E_h^2, ewstd=6.9334574168891335e-04 E_h, pmove=0.54602051
I0513 21:51:56.612947 137054315607872 train.py:1104] Step 00429000: energy=-2.1744518283810383 E_h, variance=1.3633982147675955e-04 E_h^2, std=1.1676464425362651e-02 E_h, ewmean=-2.1749026105193074 E_h, ewvar=2.8540717153090233e-07 E_h^2, ewstd=5.3423512757109332e-04 E_h, pmove=0.54968262
I0513 21:56:47.045375 137054315607872 train.py:1049] Timing step 00430000: block_iters=10000, block_time=2907.800266 s, sec/iter=0.2907800266, iter/s=3.439026, elapsed=125059.091647 s
I0513 21:56:47.338421 137054315607872 train.py:1104] Step 00430000: energy=-2.1747251872337321 E_h, variance=4.9482072871943429e-05 E_h^2, std=7.0343494988480224e-03 E_h, ewmean=-2.1749424226200267 E_h, ewvar=1.4748104670852586e-07 E_h^2, ewstd=3.8403261151694637e-04 E_h, pmove=0.54760742
I0513 22:01:37.980595 137054315607872 train.py:1104] Step 00431000: energy=-2.1750192851322545 E_h, variance=3.0562679111029406e-04 E_h^2, std=1.7482184963850886e-02 E_h, ewmean=-2.1749914508182733 E_h, ewvar=1.7951091807707954e-07 E_h^2, ewstd=4.2368728807586325e-04 E_h, pmove=0.54987793
I0513 22:06:28.675215 137054315607872 train.py:1104] Step 00432000: energy=-2.1747404182515098 E_h, variance=6.2038497519103692e-05 E_h^2, std=7.8764520895580701e-03 E_h, ewmean=-2.1749427694749826 E_h, ewvar=1.3407484143051463e-07 E_h^2, ewstd=3.6616231568870468e-04 E_h, pmove=0.54562988
I0513 22:11:19.379218 137054315607872 train.py:1104] Step 00433000: energy=-2.1748260312338532 E_h, variance=2.3378403419640920e-04 E_h^2, std=1.5289997848149266e-02 E_h, ewmean=-2.1750007757065992 E_h, ewvar=2.2998678452174608e-07 E_h^2, ewstd=4.7956937404482582e-04 E_h, pmove=0.54650879
I0513 22:12:32.052605 137054315607872 checkpoint.py:124] Saving checkpoint /home/sjtu/PyQMC/Ferminet/checkpoints_ferminet_x64_atoms/He_triplet/qmcjax_ckpt_433250.npz
I0513 22:16:10.149616 137054315607872 train.py:1104] Step 00434000: energy=-2.1746281827069955 E_h, variance=4.4594593961270603e-05 E_h^2, std=6.6779183853406445e-03 E_h, ewmean=-2.1749213247390502 E_h, ewvar=1.4068076504178960e-07 E_h^2, ewstd=3.7507434601927869e-04 E_h, pmove=0.55034180
I0513 22:21:00.826302 137054315607872 train.py:1104] Step 00435000: energy=-2.1753484771701999 E_h, variance=1.4802652225032011e-03 E_h^2, std=3.8474215034269392e-02 E_h, ewmean=-2.1749950821013813 E_h, ewvar=1.7351490086919989e-07 E_h^2, ewstd=4.1655119837686206e-04 E_h, pmove=0.55649414
I0513 22:25:51.540587 137054315607872 train.py:1104] Step 00436000: energy=-2.1748738589910670 E_h, variance=6.5903999749452409e-04 E_h^2, std=2.5671774334753802e-02 E_h, ewmean=-2.1749271386487878 E_h, ewvar=9.2874591456566867e-08 E_h^2, ewstd=3.0475332886872110e-04 E_h, pmove=0.54501953
I0513 22:30:42.223381 137054315607872 train.py:1104] Step 00437000: energy=-2.1750941886810842 E_h, variance=1.0008415407217802e-03 E_h^2, std=3.1636079730614226e-02 E_h, ewmean=-2.1749842138172539 E_h, ewvar=2.9278109682272899e-07 E_h^2, ewstd=5.4109250301841085e-04 E_h, pmove=0.54677734
I0513 22:35:32.917244 137054315607872 train.py:1104] Step 00438000: energy=-2.1745240267306385 E_h, variance=8.1835692458916777e-05 E_h^2, std=9.0463082226351754e-03 E_h, ewmean=-2.1750600065150674 E_h, ewvar=2.1355389389774896e-07 E_h^2, ewstd=4.6211891748526042e-04 E_h, pmove=0.54631348
I0513 22:40:23.628026 137054315607872 train.py:1104] Step 00439000: energy=-2.1749494489529564 E_h, variance=1.7057683444592493e-04 E_h^2, std=1.3060506668805960e-02 E_h, ewmean=-2.1749111333202409 E_h, ewvar=1.2173609629458700e-07 E_h^2, ewstd=3.4890700235820291e-04 E_h, pmove=0.54877930
I0513 22:45:14.035392 137054315607872 train.py:1049] Timing step 00440000: block_iters=10000, block_time=2906.990022 s, sec/iter=0.2906990022, iter/s=3.439984, elapsed=127966.081669 s
I0513 22:45:14.328357 137054315607872 train.py:1104] Step 00440000: energy=-2.1751179426387814 E_h, variance=2.5456694990943059e-04 E_h^2, std=1.5955154336747438e-02 E_h, ewmean=-2.1748819952277874 E_h, ewvar=1.1857870766893080e-07 E_h^2, ewstd=3.4435259207523153e-04 E_h, pmove=0.55207520
I0513 22:50:05.007693 137054315607872 train.py:1104] Step 00441000: energy=-2.1747776949162287 E_h, variance=1.0164856284424677e-04 E_h^2, std=1.0082091194005674e-02 E_h, ewmean=-2.1750288071937796 E_h, ewvar=3.2194486172752304e-07 E_h^2, ewstd=5.6740185206564410e-04 E_h, pmove=0.54799805
I0513 22:54:55.684933 137054315607872 train.py:1104] Step 00442000: energy=-2.1750835145421545 E_h, variance=2.7697488773145349e-04 E_h^2, std=1.6642562535002039e-02 E_h, ewmean=-2.1749824085157736 E_h, ewvar=8.9139026420925880e-08 E_h^2, ewstd=2.9856159568994450e-04 E_h, pmove=0.54770508
I0513 22:59:46.359165 137054315607872 train.py:1104] Step 00443000: energy=-2.1754146128674510 E_h, variance=3.4381170429024317e-04 E_h^2, std=1.8542160184030425e-02 E_h, ewmean=-2.1751338560289213 E_h, ewvar=2.8652532443213222e-07 E_h^2, ewstd=5.3528060345218206e-04 E_h, pmove=0.54470215
I0513 23:04:37.063567 137054315607872 train.py:1104] Step 00444000: energy=-2.1751206215694312 E_h, variance=9.8410283858426728e-04 E_h^2, std=3.1370413427053642e-02 E_h, ewmean=-2.1749953227237682 E_h, ewvar=2.3214863780792962e-07 E_h^2, ewstd=4.8181805467201996e-04 E_h, pmove=0.54892578
I0513 23:09:27.780750 137054315607872 train.py:1104] Step 00445000: energy=-2.1751080395515152 E_h, variance=1.1446903494756852e-03 E_h^2, std=3.3833272816499518e-02 E_h, ewmean=-2.1748656433265054 E_h, ewvar=8.9162049978026083e-08 E_h^2, ewstd=2.9860015066644909e-04 E_h, pmove=0.54919434
I0513 23:14:18.461160 137054315607872 train.py:1104] Step 00446000: energy=-2.1748094080623357 E_h, variance=5.9407842773488348e-05 E_h^2, std=7.7076483296455835e-03 E_h, ewmean=-2.1749543108817542 E_h, ewvar=8.9095325442291706e-08 E_h^2, ewstd=2.9848840085050494e-04 E_h, pmove=0.55151367
I0513 23:19:09.148758 137054315607872 train.py:1104] Step 00447000: energy=-2.1750088594340662 E_h, variance=4.7747798114951349e-04 E_h^2, std=2.1851269554639462e-02 E_h, ewmean=-2.1749374495633136 E_h, ewvar=7.2788901216253231e-08 E_h^2, ewstd=2.6979418306600540e-04 E_h, pmove=0.54802246
I0513 23:23:59.868181 137054315607872 train.py:1104] Step 00448000: energy=-2.1748856150383449 E_h, variance=2.4122402197099857e-04 E_h^2, std=1.5531388282152970e-02 E_h, ewmean=-2.1750117192568212 E_h, ewvar=2.1861074813869959e-07 E_h^2, ewstd=4.6755828314628281e-04 E_h, pmove=0.55014648
I0513 23:28:50.592194 137054315607872 train.py:1104] Step 00449000: energy=-2.1757133886986706 E_h, variance=1.6532801852241826e-03 E_h^2, std=4.0660548265169551e-02 E_h, ewmean=-2.1750026462024854 E_h, ewvar=1.4687549321427388e-07 E_h^2, ewstd=3.8324338639339088e-04 E_h, pmove=0.54484863
I0513 23:33:41.015611 137054315607872 train.py:1049] Timing step 00450000: block_iters=10000, block_time=2906.980230 s, sec/iter=0.2906980230, iter/s=3.439996, elapsed=130873.061899 s
I0513 23:33:41.308450 137054315607872 train.py:1104] Step 00450000: energy=-2.1745972692331490 E_h, variance=6.8759034759800585e-05 E_h^2, std=8.2921067745055348e-03 E_h, ewmean=-2.1748678301307476 E_h, ewvar=5.9471934156409845e-08 E_h^2, ewstd=2.4386868219681231e-04 E_h, pmove=0.55029297
I0513 23:38:31.972757 137054315607872 train.py:1104] Step 00451000: energy=-2.1753027884383229 E_h, variance=2.5540092621934534e-04 E_h^2, std=1.5981267979085556e-02 E_h, ewmean=-2.1748835190723597 E_h, ewvar=1.1212521103843238e-07 E_h^2, ewstd=3.3485102812808021e-04 E_h, pmove=0.54763184
I0513 23:43:22.678135 137054315607872 train.py:1104] Step 00452000: energy=-2.1747162229294270 E_h, variance=3.3231285162522482e-05 E_h^2, std=5.7646582867089775e-03 E_h, ewmean=-2.1749318776750735 E_h, ewvar=1.4126981867097407e-07 E_h^2, ewstd=3.7585877490218860e-04 E_h, pmove=0.54584961
I0513 23:48:13.369934 137054315607872 train.py:1104] Step 00453000: energy=-2.1749383069618111 E_h, variance=3.0410597899695050e-04 E_h^2, std=1.7438634665504937e-02 E_h, ewmean=-2.1750520655527632 E_h, ewvar=2.9876037180685471e-07 E_h^2, ewstd=5.4658976555260774e-04 E_h, pmove=0.54875488
I0513 23:52:32.340919 137054315607872 checkpoint.py:124] Saving checkpoint /home/sjtu/PyQMC/Ferminet/checkpoints_ferminet_x64_atoms/He_triplet/qmcjax_ckpt_453891.npz
I0513 23:53:04.073444 137054315607872 train.py:1104] Step 00454000: energy=-2.1745597503414245 E_h, variance=2.7568273681005797e-04 E_h^2, std=1.6603696480303957e-02 E_h, ewmean=-2.1748605786919608 E_h, ewvar=3.7137238415806100e-07 E_h^2, ewstd=6.0940330172888049e-04 E_h, pmove=0.54882812
I0513 23:57:54.723527 137054315607872 train.py:1104] Step 00455000: energy=-2.1746833258231941 E_h, variance=1.2427896474279546e-04 E_h^2, std=1.1148047575373701e-02 E_h, ewmean=-2.1747855250169001 E_h, ewvar=7.9855460997655480e-08 E_h^2, ewstd=2.8258708568803262e-04 E_h, pmove=0.54765625
I0514 00:02:45.372689 137054315607872 train.py:1104] Step 00456000: energy=-2.1747930023838986 E_h, variance=2.8850693892579319e-04 E_h^2, std=1.6985492013062004e-02 E_h, ewmean=-2.1749715537864640 E_h, ewvar=2.7214771781035297e-07 E_h^2, ewstd=5.2167779117991305e-04 E_h, pmove=0.55173340
I0514 00:07:36.035961 137054315607872 train.py:1104] Step 00457000: energy=-2.1745827902793673 E_h, variance=4.5337664253367754e-05 E_h^2, std=6.7333249032976092e-03 E_h, ewmean=-2.1752168916717789 E_h, ewvar=8.9873346572716637e-07 E_h^2, ewstd=9.4801554086795770e-04 E_h, pmove=0.54470215
I0514 00:12:26.729567 137054315607872 train.py:1104] Step 00458000: energy=-2.1748667410465972 E_h, variance=8.9952256858220154e-05 E_h^2, std=9.4843163621960731e-03 E_h, ewmean=-2.1750028595134592 E_h, ewvar=2.4736187672586683e-07 E_h^2, ewstd=4.9735488006640374e-04 E_h, pmove=0.54692383
I0514 00:17:17.445874 137054315607872 train.py:1104] Step 00459000: energy=-2.1747617191227775 E_h, variance=4.4077488155540159e-05 E_h^2, std=6.6390879008746493e-03 E_h, ewmean=-2.1750876469360652 E_h, ewvar=2.7904250777876927e-07 E_h^2, ewstd=5.2824474231057833e-04 E_h, pmove=0.54895020
I0514 00:22:07.828965 137054315607872 train.py:1049] Timing step 00460000: block_iters=10000, block_time=2906.813410 s, sec/iter=0.2906813410, iter/s=3.440193, elapsed=133779.875309 s
I0514 00:22:08.121226 137054315607872 train.py:1104] Step 00460000: energy=-2.1749709913440940 E_h, variance=1.9673202609329080e-04 E_h^2, std=1.4026119423892369e-02 E_h, ewmean=-2.1746040845345576 E_h, ewvar=1.2411398584964750e-06 E_h^2, ewstd=1.1140645665743414e-03 E_h, pmove=0.54694824
I0514 00:26:58.803434 137054315607872 train.py:1104] Step 00461000: energy=-2.1764952422801325 E_h, variance=7.3439248242213612e-03 E_h^2, std=8.5696702528284957e-02 E_h, ewmean=-2.1751120905134855 E_h, ewvar=4.7394930861629478e-07 E_h^2, ewstd=6.8843976397089002e-04 E_h, pmove=0.54804688
I0514 00:31:49.457258 137054315607872 train.py:1104] Step 00462000: energy=-2.1749721156542998 E_h, variance=5.1968393407643605e-04 E_h^2, std=2.2796577244762778e-02 E_h, ewmean=-2.1748667072386101 E_h, ewvar=6.8562334938649152e-08 E_h^2, ewstd=2.6184410426558999e-04 E_h, pmove=0.54692383
I0514 00:36:40.134910 137054315607872 train.py:1104] Step 00463000: energy=-2.1747897553158411 E_h, variance=9.7839398683694236e-05 E_h^2, std=9.8913800191729687e-03 E_h, ewmean=-2.1752887253929587 E_h, ewvar=6.4734346768216545e-07 E_h^2, ewstd=8.0457657664274906e-04 E_h, pmove=0.54399414
I0514 00:41:30.799437 137054315607872 train.py:1104] Step 00464000: energy=-2.1750001992352281 E_h, variance=4.4211461626562085e-04 E_h^2, std=2.1026521734838145e-02 E_h, ewmean=-2.1752460639874669 E_h, ewvar=5.3899867342324447e-07 E_h^2, ewstd=7.3416529026047294e-04 E_h, pmove=0.54938965
I0514 00:46:21.482388 137054315607872 train.py:1104] Step 00465000: energy=-2.1749279935689261 E_h, variance=2.7688821361757646e-04 E_h^2, std=1.6639958341822147e-02 E_h, ewmean=-2.1749549525371115 E_h, ewvar=1.8628483337387476e-07 E_h^2, ewstd=4.3160726751744432e-04 E_h, pmove=0.54643555
I0514 00:51:12.138654 137054315607872 train.py:1104] Step 00466000: energy=-2.1771112752259323 E_h, variance=2.6969428198719073e-02 E_h^2, std=1.6422371387445564e-01 E_h, ewmean=-2.1752315779619984 E_h, ewvar=6.6980942508789419e-07 E_h^2, ewstd=8.1841885675239311e-04 E_h, pmove=0.54538574
I0514 00:56:02.841290 137054315607872 train.py:1104] Step 00467000: energy=-2.1754593735336130 E_h, variance=9.3062581453859958e-04 E_h^2, std=3.0506160271961458e-02 E_h, ewmean=-2.1753210728971162 E_h, ewvar=3.9066081592640472e-07 E_h^2, ewstd=6.2502865208437024e-04 E_h, pmove=0.54882812
I0514 01:00:53.505222 137054315607872 train.py:1104] Step 00468000: energy=-2.1752885315934680 E_h, variance=6.3902314712311974e-04 E_h^2, std=2.5278907158402236e-02 E_h, ewmean=-2.1751623838983893 E_h, ewvar=2.1115737559279458e-07 E_h^2, ewstd=4.5951863465238773e-04 E_h, pmove=0.54538574
I0514 01:05:44.165609 137054315607872 train.py:1104] Step 00469000: energy=-2.1745547951200748 E_h, variance=2.8090366248399769e-05 E_h^2, std=5.3000345516232032e-03 E_h, ewmean=-2.1748049506312390 E_h, ewvar=7.3629678551163626e-08 E_h^2, ewstd=2.7134789210746344e-04 E_h, pmove=0.54611816
I0514 01:10:34.565845 137054315607872 train.py:1049] Timing step 00470000: block_iters=10000, block_time=2906.736871 s, sec/iter=0.2906736871, iter/s=3.440284, elapsed=136686.612180 s
I0514 01:10:34.858162 137054315607872 train.py:1104] Step 00470000: energy=-2.1749605675556234 E_h, variance=2.6111634765156724e-04 E_h^2, std=1.6159094889614554e-02 E_h, ewmean=-2.1752367407252562 E_h, ewvar=5.0307343385741268e-07 E_h^2, ewstd=7.0927669766982524e-04 E_h, pmove=0.55063477
I0514 01:15:25.551805 137054315607872 train.py:1104] Step 00471000: energy=-2.1753690768921805 E_h, variance=8.6934516061577263e-04 E_h^2, std=2.9484659750720756e-02 E_h, ewmean=-2.1749628076558523 E_h, ewvar=1.3673594158564584e-07 E_h^2, ewstd=3.6977823297977644e-04 E_h, pmove=0.54938965
I0514 01:20:16.216945 137054315607872 train.py:1104] Step 00472000: energy=-2.1757422126770711 E_h, variance=2.4475343653410702e-03 E_h^2, std=4.9472561742253354e-02 E_h, ewmean=-2.1752431531674383 E_h, ewvar=4.9306415741722502e-07 E_h^2, ewstd=7.0218527285697543e-04 E_h, pmove=0.54934082
I0514 01:25:06.884425 137054315607872 train.py:1104] Step 00473000: energy=-2.1754090656476794 E_h, variance=1.9844460761358458e-03 E_h^2, std=4.4547121973656678e-02 E_h, ewmean=-2.1755093601043347 E_h, ewvar=4.8485444661508413e-07 E_h^2, ewstd=6.9631490477734578e-04 E_h, pmove=0.54885254
I0514 01:29:57.550628 137054315607872 train.py:1104] Step 00474000: energy=-2.1749507927397675 E_h, variance=1.6002244224375386e-04 E_h^2, std=1.2649997717144215e-02 E_h, ewmean=-2.1750042434008585 E_h, ewvar=1.8269564214050335e-07 E_h^2, ewstd=4.2742910773659688e-04 E_h, pmove=0.54960938
I0514 01:32:32.483307 137054315607872 checkpoint.py:124] Saving checkpoint /home/sjtu/PyQMC/Ferminet/checkpoints_ferminet_x64_atoms/He_triplet/qmcjax_ckpt_474533.npz
I0514 01:34:48.273427 137054315607872 train.py:1104] Step 00475000: energy=-2.1753591782243644 E_h, variance=4.9025794564544164e-04 E_h^2, std=2.2141769252827147e-02 E_h, ewmean=-2.1750779385079677 E_h, ewvar=1.6845133282922788e-07 E_h^2, ewstd=4.1042823103342672e-04 E_h, pmove=0.55058594
I0514 01:39:38.916572 137054315607872 train.py:1104] Step 00476000: energy=-2.1747530622521358 E_h, variance=1.9195185248166498e-04 E_h^2, std=1.3854668977700801e-02 E_h, ewmean=-2.1749234615178992 E_h, ewvar=2.4640735490323361e-07 E_h^2, ewstd=4.9639435422175549e-04 E_h, pmove=0.54772949
I0514 01:44:29.609897 137054315607872 train.py:1104] Step 00477000: energy=-2.1745059214463658 E_h, variance=2.7816978740597692e-05 E_h^2, std=5.2741803856710939e-03 E_h, ewmean=-2.1749682773390973 E_h, ewvar=3.5098440684307379e-07 E_h^2, ewstd=5.9243936976122191e-04 E_h, pmove=0.54685059
I0514 01:49:20.290466 137054315607872 train.py:1104] Step 00478000: energy=-2.1751858963408024 E_h, variance=3.2759987734712673e-04 E_h^2, std=1.8099720366545079e-02 E_h, ewmean=-2.1752231137441682 E_h, ewvar=3.5575802522725930e-07 E_h^2, ewstd=5.9645454581825372e-04 E_h, pmove=0.54714355
I0514 01:54:10.915054 137054315607872 train.py:1104] Step 00479000: energy=-2.1746937594904847 E_h, variance=2.3530822819719667e-05 E_h^2, std=4.8508579467677329e-03 E_h, ewmean=-2.1750271661438640 E_h, ewvar=1.1212488817219192e-07 E_h^2, ewstd=3.3485054602343402e-04 E_h, pmove=0.54267578
I0514 01:59:01.307188 137054315607872 train.py:1049] Timing step 00480000: block_iters=10000, block_time=2906.741293 s, sec/iter=0.2906741293, iter/s=3.440279, elapsed=139593.353473 s
I0514 01:59:01.600133 137054315607872 train.py:1104] Step 00480000: energy=-2.1750393506915473 E_h, variance=4.7768034856333718e-04 E_h^2, std=2.1855899628323176e-02 E_h, ewmean=-2.1750790888491229 E_h, ewvar=1.3391844425048087e-07 E_h^2, ewstd=3.6594869073475433e-04 E_h, pmove=0.54880371
I0514 02:03:52.281814 137054315607872 train.py:1104] Step 00481000: energy=-2.1744748653201391 E_h, variance=4.7058307398413835e-05 E_h^2, std=6.8599057864094483e-03 E_h, ewmean=-2.1751971690150156 E_h, ewvar=3.5642870708868159e-07 E_h^2, ewstd=5.9701650487124856e-04 E_h, pmove=0.55249023
I0514 02:08:42.958725 137054315607872 train.py:1104] Step 00482000: energy=-2.1754542310235623 E_h, variance=1.4070293581931871e-03 E_h^2, std=3.7510390003213608e-02 E_h, ewmean=-2.1750337469166863 E_h, ewvar=1.5884227139814079e-07 E_h^2, ewstd=3.9855021189072373e-04 E_h, pmove=0.54545898
I0514 02:13:33.619413 137054315607872 train.py:1104] Step 00483000: energy=-2.1744872677709091 E_h, variance=3.6431125866983439e-05 E_h^2, std=6.0358202314998947e-03 E_h, ewmean=-2.1749362443237090 E_h, ewvar=1.8411628996973379e-07 E_h^2, ewstd=4.2908774157476674e-04 E_h, pmove=0.54804688
I0514 02:18:24.271378 137054315607872 train.py:1104] Step 00484000: energy=-2.1745950465172879 E_h, variance=2.9360048176202275e-05 E_h^2, std=5.4184913191959875e-03 E_h, ewmean=-2.1750651415321229 E_h, ewvar=4.2099130247426605e-07 E_h^2, ewstd=6.4883842555313114e-04 E_h, pmove=0.54814453
I0514 02:23:14.968859 137054315607872 train.py:1104] Step 00485000: energy=-2.1750404927192788 E_h, variance=6.9826457991357472e-04 E_h^2, std=2.6424696401540260e-02 E_h, ewmean=-2.1750576532175701 E_h, ewvar=1.5973612621740766e-07 E_h^2, ewstd=3.9967002166463230e-04 E_h, pmove=0.54719238
I0514 02:28:05.657041 137054315607872 train.py:1104] Step 00486000: energy=-2.1750056322247842 E_h, variance=3.4956971366607994e-04 E_h^2, std=1.8696783511237432e-02 E_h, ewmean=-2.1748438593479640 E_h, ewvar=1.8377834363841246e-07 E_h^2, ewstd=4.2869376440346371e-04 E_h, pmove=0.54350586
I0514 02:32:56.335678 137054315607872 train.py:1104] Step 00487000: energy=-2.1747359179808115 E_h, variance=6.1260822990134341e-05 E_h^2, std=7.8269293461825980e-03 E_h, ewmean=-2.1750344967740962 E_h, ewvar=5.3151548236224979e-07 E_h^2, ewstd=7.2905108350667020e-04 E_h, pmove=0.54775391
I0514 02:37:47.002417 137054315607872 train.py:1104] Step 00488000: energy=-2.1749064948931784 E_h, variance=1.0502820728041062e-04 E_h^2, std=1.0248327047884968e-02 E_h, ewmean=-2.1748799190441415 E_h, ewvar=1.1270388299623017e-07 E_h^2, ewstd=3.3571398987267446e-04 E_h, pmove=0.54946289
I0514 02:42:37.689994 137054315607872 train.py:1104] Step 00489000: energy=-2.1754019679675727 E_h, variance=1.1393457089635464e-03 E_h^2, std=3.3754195427584205e-02 E_h, ewmean=-2.1750348619766169 E_h, ewvar=1.3296027189754422e-07 E_h^2, ewstd=3.6463717843569408e-04 E_h, pmove=0.54604492
I0514 02:47:28.061480 137054315607872 train.py:1049] Timing step 00490000: block_iters=10000, block_time=2906.754317 s, sec/iter=0.2906754317, iter/s=3.440263, elapsed=142500.107789 s
I0514 02:47:28.354269 137054315607872 train.py:1104] Step 00490000: energy=-2.1744004788250337 E_h, variance=5.3059295539367184e-05 E_h^2, std=7.2841811852374450e-03 E_h, ewmean=-2.1747865170610705 E_h, ewvar=1.6066389533781440e-07 E_h^2, ewstd=4.0082901010008543e-04 E_h, pmove=0.54931641
I0514 02:52:19.017121 137054315607872 train.py:1104] Step 00491000: energy=-2.1767772168822881 E_h, variance=6.0686373225164155e-03 E_h^2, std=7.7901459052551872e-02 E_h, ewmean=-2.1751949651859239 E_h, ewvar=3.8209925006733885e-07 E_h^2, ewstd=6.1814177181884322e-04 E_h, pmove=0.54543457
I0514 02:57:09.718523 137054315607872 train.py:1104] Step 00492000: energy=-2.1746989781886814 E_h, variance=3.3321641000926634e-04 E_h^2, std=1.8254216225553656e-02 E_h, ewmean=-2.1749212419261985 E_h, ewvar=1.9706815981740580e-07 E_h^2, ewstd=4.4392359682427987e-04 E_h, pmove=0.54577637
I0514 03:02:00.384835 137054315607872 train.py:1104] Step 00493000: energy=-2.1747238883255062 E_h, variance=3.8654763186612566e-05 E_h^2, std=6.2172954881212269e-03 E_h, ewmean=-2.1750884772426202 E_h, ewvar=2.8251069751798706e-07 E_h^2, ewstd=5.3151735391987628e-04 E_h, pmove=0.55307617
I0514 03:06:51.058631 137054315607872 train.py:1104] Step 00494000: energy=-2.1748560463191020 E_h, variance=5.9066502926806503e-05 E_h^2, std=7.6854735004947159e-03 E_h, ewmean=-2.1750918507537289 E_h, ewvar=3.0400290799394756e-07 E_h^2, ewstd=5.5136458717798293e-04 E_h, pmove=0.55205078
I0514 03:11:41.805480 137054315607872 train.py:1104] Step 00495000: energy=-2.1754453640565461 E_h, variance=2.8733580421034422e-03 E_h^2, std=5.3603712950722381e-02 E_h, ewmean=-2.1749523802754229 E_h, ewvar=1.9861651064596599e-07 E_h^2, ewstd=4.4566412313082370e-04 E_h, pmove=0.55153809
I0514 03:12:32.670983 137054315607872 checkpoint.py:124] Saving checkpoint /home/sjtu/PyQMC/Ferminet/checkpoints_ferminet_x64_atoms/He_triplet/qmcjax_ckpt_495175.npz
I0514 03:16:32.559572 137054315607872 train.py:1104] Step 00496000: energy=-2.1750646250630394 E_h, variance=1.7280407114678888e-04 E_h^2, std=1.3145496230526594e-02 E_h, ewmean=-2.1751449147142954 E_h, ewvar=3.8612359623630752e-07 E_h^2, ewstd=6.2138844230988680e-04 E_h, pmove=0.54479980
I0514 03:21:23.278210 137054315607872 train.py:1104] Step 00497000: energy=-2.1746800695689208 E_h, variance=3.8530428822149047e-05 E_h^2, std=6.2072883630574990e-03 E_h, ewmean=-2.1750220755498435 E_h, ewvar=1.5947429770360198e-07 E_h^2, ewstd=3.9934233146963268e-04 E_h, pmove=0.55017090
I0514 03:26:14.017524 137054315607872 train.py:1104] Step 00498000: energy=-2.1748238143901983 E_h, variance=9.3620956174575743e-05 E_h^2, std=9.6757922763242368e-03 E_h, ewmean=-2.1751407259589866 E_h, ewvar=2.2455782875838815e-07 E_h^2, ewstd=4.7387533039649587e-04 E_h, pmove=0.54824219
I0514 03:31:04.675203 137054315607872 train.py:1104] Step 00499000: energy=-2.1748913242444710 E_h, variance=3.0528041119100410e-04 E_h^2, std=1.7472275501233491e-02 E_h, ewmean=-2.1747699814391233 E_h, ewvar=2.4841357395972378e-07 E_h^2, ewstd=4.9841104919506332e-04 E_h, pmove=0.54597168
I0514 03:35:55.028710 137054315607872 train.py:1049] Timing step 00500000: block_iters=10000, block_time=2906.967205 s, sec/iter=0.2906967205, iter/s=3.440011, elapsed=145407.074994 s
I0514 03:35:55.321379 137054315607872 train.py:1104] Step 00500000: energy=-2.1747536552007762 E_h, variance=3.2675025051810881e-05 E_h^2, std=5.7162072261081366e-03 E_h, ewmean=-2.1750116769813874 E_h, ewvar=1.4905489236052548e-07 E_h^2, ewstd=3.8607627790441292e-04 E_h, pmove=0.54887695
I0514 03:40:45.976203 137054315607872 train.py:1104] Step 00501000: energy=-2.1746133661059246 E_h, variance=3.6114084815701710e-05 E_h^2, std=6.0094995478576843e-03 E_h, ewmean=-2.1750556136511952 E_h, ewvar=2.3316313368337894e-07 E_h^2, ewstd=4.8286968602654994e-04 E_h, pmove=0.55004883
I0514 03:45:36.624632 137054315607872 train.py:1104] Step 00502000: energy=-2.1749398458555742 E_h, variance=1.8210283739038147e-04 E_h^2, std=1.3494548432251502e-02 E_h, ewmean=-2.1750399327482137 E_h, ewvar=1.6774389189112215e-07 E_h^2, ewstd=4.0956549157750356e-04 E_h, pmove=0.55190430
I0514 03:50:27.280073 137054315607872 train.py:1104] Step 00503000: energy=-2.1746851121025674 E_h, variance=3.1113263765108352e-05 E_h^2, std=5.5779264754125570e-03 E_h, ewmean=-2.1751176917866082 E_h, ewvar=2.5019391249945366e-07 E_h^2, ewstd=5.0019387491197220e-04 E_h, pmove=0.55061035
I0514 03:55:17.954239 137054315607872 train.py:1104] Step 00504000: energy=-2.1747008785639008 E_h, variance=6.3608715653765691e-05 E_h^2, std=7.9755072348889310e-03 E_h, ewmean=-2.1749298615493098 E_h, ewvar=1.1916662355038206e-07 E_h^2, ewstd=3.4520519050324557e-04 E_h, pmove=0.54716797
I0514 04:00:08.637339 137054315607872 train.py:1104] Step 00505000: energy=-2.1747811939331756 E_h, variance=5.1075866038803864e-05 E_h^2, std=7.1467381397952359e-03 E_h, ewmean=-2.1748681484687666 E_h, ewvar=1.1314464639273834e-07 E_h^2, ewstd=3.3636980600633334e-04 E_h, pmove=0.54450684
I0514 04:04:59.328082 137054315607872 train.py:1104] Step 00506000: energy=-2.1754440216797133 E_h, variance=1.4982773522446422e-03 E_h^2, std=3.8707587786435904e-02 E_h, ewmean=-2.1750061303738581 E_h, ewvar=2.1242217102787644e-07 E_h^2, ewstd=4.6089279776090716e-04 E_h, pmove=0.55483398
I0514 04:09:49.994461 137054315607872 train.py:1104] Step 00507000: energy=-2.1749240886326415 E_h, variance=3.6388643557394519e-04 E_h^2, std=1.9075807599521055e-02 E_h, ewmean=-2.1750933603665463 E_h, ewvar=6.3114614409439523e-07 E_h^2, ewstd=7.9444706815142514e-04 E_h, pmove=0.55270996
I0514 04:14:40.667937 137054315607872 train.py:1104] Step 00508000: energy=-2.1746629850539207 E_h, variance=4.1390466173915424e-05 E_h^2, std=6.4335422726454067e-03 E_h, ewmean=-2.1748683983990622 E_h, ewvar=7.6535360562428883e-08 E_h^2, ewstd=2.7665024952533277e-04 E_h, pmove=0.54536133
I0514 04:19:31.329289 137054315607872 train.py:1104] Step 00509000: energy=-2.1747789338518904 E_h, variance=4.3783685904127761e-04 E_h^2, std=2.0924551585190007e-02 E_h, ewmean=-2.1751322965440631 E_h, ewvar=3.0528532274558728e-07 E_h^2, ewstd=5.5252630955058353e-04 E_h, pmove=0.54501953
I0514 04:24:21.689979 137054315607872 train.py:1049] Timing step 00510000: block_iters=10000, block_time=2906.661271 s, sec/iter=0.2906661271, iter/s=3.440373, elapsed=148313.736265 s
I0514 04:24:21.982914 137054315607872 train.py:1104] Step 00510000: energy=-2.1745194325999879 E_h, variance=3.9231555134439685e-04 E_h^2, std=1.9806957145013387e-02 E_h, ewmean=-2.1750571517791899 E_h, ewvar=3.8870178587826575e-07 E_h^2, ewstd=6.2345953026500902e-04 E_h, pmove=0.54667969
I0514 04:29:12.648133 137054315607872 train.py:1104] Step 00511000: energy=-2.1753499039175108 E_h, variance=1.7109718818503648e-03 E_h^2, std=4.1363895873700832e-02 E_h, ewmean=-2.1751264939129094 E_h, ewvar=2.5498158223607819e-07 E_h^2, ewstd=5.0495701028511152e-04 E_h, pmove=0.54592285
I0514 04:34:03.312870 137054315607872 train.py:1104] Step 00512000: energy=-2.1748544299482035 E_h, variance=4.2345664922743544e-04 E_h^2, std=2.0578062329272780e-02 E_h, ewmean=-2.1749791930804134 E_h, ewvar=1.0362444327770067e-07 E_h^2, ewstd=3.2190750733355176e-04 E_h, pmove=0.54848633
I0514 04:38:53.977013 137054315607872 train.py:1104] Step 00513000: energy=-2.1746597297257741 E_h, variance=5.9598988128797082e-05 E_h^2, std=7.7200380911493617e-03 E_h, ewmean=-2.1749420898658132 E_h, ewvar=2.0005883838073210e-07 E_h^2, ewstd=4.4727937397194171e-04 E_h, pmove=0.55056152
I0514 04:43:44.645798 137054315607872 train.py:1104] Step 00514000: energy=-2.1751975140315505 E_h, variance=5.6810325025814941e-04 E_h^2, std=2.3834916619492282e-02 E_h, ewmean=-2.1753197728661111 E_h, ewvar=6.0554561593136000e-07 E_h^2, ewstd=7.7816811546821938e-04 E_h, pmove=0.54826660
I0514 04:48:35.336395 137054315607872 train.py:1104] Step 00515000: energy=-2.1746037118004762 E_h, variance=1.0962555125145084e-04 E_h^2, std=1.0470222120444763e-02 E_h, ewmean=-2.1748217716844858 E_h, ewvar=6.7245990546620770e-08 E_h^2, ewstd=2.5931831895687732e-04 E_h, pmove=0.54782715
I0514 04:52:32.819011 137054315607872 checkpoint.py:124] Saving checkpoint /home/sjtu/PyQMC/Ferminet/checkpoints_ferminet_x64_atoms/He_triplet/qmcjax_ckpt_515817.npz
I0514 04:53:26.064575 137054315607872 train.py:1104] Step 00516000: energy=-2.1755560097832491 E_h, variance=1.6725116856410403e-03 E_h^2, std=4.0896352962593627e-02 E_h, ewmean=-2.1750479520289705 E_h, ewvar=3.6677020157980277e-07 E_h^2, ewstd=6.0561555592620209e-04 E_h, pmove=0.55080566
I0514 04:58:16.719733 137054315607872 train.py:1104] Step 00517000: energy=-2.1752211959835273 E_h, variance=6.0197503299220384e-04 E_h^2, std=2.4535179497859883e-02 E_h, ewmean=-2.1749278782345423 E_h, ewvar=7.0409543592746989e-08 E_h^2, ewstd=2.6534796700322953e-04 E_h, pmove=0.55361328
I0514 05:03:07.376198 137054315607872 train.py:1104] Step 00518000: energy=-2.1746252253724472 E_h, variance=4.0613812313675389e-05 E_h^2, std=6.3728966972386577e-03 E_h, ewmean=-2.1751321448879133 E_h, ewvar=3.1419616191355753e-07 E_h^2, ewstd=5.6053203468986283e-04 E_h, pmove=0.54982910
I0514 05:07:58.027400 137054315607872 train.py:1104] Step 00519000: energy=-2.1760434926738035 E_h, variance=2.7674250042849483e-03 E_h^2, std=5.2606320953711906e-02 E_h, ewmean=-2.1754495253400163 E_h, ewvar=1.5748643818408405e-06 E_h^2, ewstd=1.2549360070700181e-03 E_h, pmove=0.54721680
I0514 05:12:48.388804 137054315607872 train.py:1049] Timing step 00520000: block_iters=10000, block_time=2906.698879 s, sec/iter=0.2906698879, iter/s=3.440329, elapsed=151220.435144 s
I0514 05:12:48.681241 137054315607872 train.py:1104] Step 00520000: energy=-2.1748838141176412 E_h, variance=1.1162738555559255e-04 E_h^2, std=1.0565386200020923e-02 E_h, ewmean=-2.1749596765666652 E_h, ewvar=1.0340160995288005e-07 E_h^2, ewstd=3.2156120716417280e-04 E_h, pmove=0.55212402
I0514 05:17:39.335068 137054315607872 train.py:1104] Step 00521000: energy=-2.1745960196599912 E_h, variance=3.0181695405887789e-05 E_h^2, std=5.4937869822088833e-03 E_h, ewmean=-2.1748897752424075 E_h, ewvar=1.3420367909094146e-07 E_h^2, ewstd=3.6633820315514658e-04 E_h, pmove=0.54694824
I0514 05:22:30.006789 137054315607872 train.py:1104] Step 00522000: energy=-2.1750555747233884 E_h, variance=2.9682743031970288e-04 E_h^2, std=1.7228680457879033e-02 E_h, ewmean=-2.1749139799942565 E_h, ewvar=9.8492706938554446e-08 E_h^2, ewstd=3.1383547750143617e-04 E_h, pmove=0.54965820
I0514 05:27:20.691756 137054315607872 train.py:1104] Step 00523000: energy=-2.1745701132750406 E_h, variance=2.5227147921714626e-05 E_h^2, std=5.0226634290697425e-03 E_h, ewmean=-2.1748622772040505 E_h, ewvar=1.5327804662195013e-07 E_h^2, ewstd=3.9150740302317416e-04 E_h, pmove=0.55078125
I0514 05:32:11.342405 137054315607872 train.py:1104] Step 00524000: energy=-2.1745604325724779 E_h, variance=5.6282893791773789e-05 E_h^2, std=7.5021925989522415e-03 E_h, ewmean=-2.1752103230289475 E_h, ewvar=9.6526209725345548e-07 E_h^2, ewstd=9.8247753015193976e-04 E_h, pmove=0.55017090
I0514 05:37:01.993762 137054315607872 train.py:1104] Step 00525000: energy=-2.1751011452626412 E_h, variance=3.2149790230117433e-04 E_h^2, std=1.7930362581419661e-02 E_h, ewmean=-2.1753901355534775 E_h, ewvar=8.3264705071532830e-07 E_h^2, ewstd=9.1249495928214766e-04 E_h, pmove=0.54731445
I0514 05:41:52.641060 137054315607872 train.py:1104] Step 00526000: energy=-2.1743160183491961 E_h, variance=1.8539566517983684e-04 E_h^2, std=1.3616007681396073e-02 E_h, ewmean=-2.1747919647495051 E_h, ewvar=1.1784607044560493e-07 E_h^2, ewstd=3.4328715450130802e-04 E_h, pmove=0.54645996
I0514 05:46:43.265647 137054315607872 train.py:1104] Step 00527000: energy=-2.1749544968509977 E_h, variance=4.2547310178480481e-04 E_h^2, std=2.0626999340301651e-02 E_h, ewmean=-2.1753089814240445 E_h, ewvar=1.2882969006025430e-06 E_h^2, ewstd=1.1350316738322958e-03 E_h, pmove=0.54953613
I0514 05:51:33.914996 137054315607872 train.py:1104] Step 00528000: energy=-2.1749937176805232 E_h, variance=6.0792715945169671e-04 E_h^2, std=2.4656178930476974e-02 E_h, ewmean=-2.1748537547588507 E_h, ewvar=5.9119178534117568e-08 E_h^2, ewstd=2.4314435739724162e-04 E_h, pmove=0.54726562
I0514 05:56:24.561624 137054315607872 train.py:1104] Step 00529000: energy=-2.1748064917318821 E_h, variance=3.1737199478878969e-05 E_h^2, std=5.6335778577098735e-03 E_h, ewmean=-2.1752075631836560 E_h, ewvar=3.7245285553385915e-07 E_h^2, ewstd=6.1028915731303887e-04 E_h, pmove=0.54426270
I0514 06:01:14.907683 137054315607872 train.py:1049] Timing step 00530000: block_iters=10000, block_time=2906.518876 s, sec/iter=0.2906518876, iter/s=3.440542, elapsed=154126.954020 s
I0514 06:01:15.200024 137054315607872 train.py:1104] Step 00530000: energy=-2.1746226619789777 E_h, variance=3.8043913226509281e-05 E_h^2, std=6.1679748075449594e-03 E_h, ewmean=-2.1750635847632322 E_h, ewvar=1.7998141059910675e-07 E_h^2, ewstd=4.2424216032722011e-04 E_h, pmove=0.54877930
I0514 06:06:05.876381 137054315607872 train.py:1104] Step 00531000: energy=-2.1747694240089790 E_h, variance=2.3228322995447073e-04 E_h^2, std=1.5240840854574616e-02 E_h, ewmean=-2.1750740486884701 E_h, ewvar=1.2042674141950769e-07 E_h^2, ewstd=3.4702556306345458e-04 E_h, pmove=0.54675293
I0514 06:10:56.542741 137054315607872 train.py:1104] Step 00532000: energy=-2.1757666301809264 E_h, variance=2.8531437981679044e-03 E_h^2, std=5.3414827512291985e-02 E_h, ewmean=-2.1752691285984205 E_h, ewvar=4.8069931080874467e-07 E_h^2, ewstd=6.9332482344767131e-04 E_h, pmove=0.54768066
I0514 06:15:47.199546 137054315607872 train.py:1104] Step 00533000: energy=-2.1750263323502197 E_h, variance=1.1664842788699454e-04 E_h^2, std=1.0800390172905539e-02 E_h, ewmean=-2.1749650157603311 E_h, ewvar=3.3398031603605762e-07 E_h^2, ewstd=5.7791030102954358e-04 E_h, pmove=0.54721680
I0514 06:20:37.833005 137054315607872 train.py:1104] Step 00534000: energy=-2.1746102653528436 E_h, variance=4.4305273432841375e-05 E_h^2, std=6.6562206568623744e-03 E_h, ewmean=-2.1752651530534424 E_h, ewvar=3.9503544405015643e-07 E_h^2, ewstd=6.2851845163857875e-04 E_h, pmove=0.55847168
I0514 06:25:28.481346 137054315607872 train.py:1104] Step 00535000: energy=-2.1749042392724638 E_h, variance=1.0271888968046500e-04 E_h^2, std=1.0135032791287111e-02 E_h, ewmean=-2.1748842435335694 E_h, ewvar=9.2205124693068097e-08 E_h^2, ewstd=3.0365296753542207e-04 E_h, pmove=0.54738770
I0514 06:30:19.143737 137054315607872 train.py:1104] Step 00536000: energy=-2.1753318932179369 E_h, variance=2.0304863475406943e-03 E_h^2, std=4.5060918183506805e-02 E_h, ewmean=-2.1752146231712426 E_h, ewvar=9.2161297089539856e-07 E_h^2, ewstd=9.6000675565091652e-04 E_h, pmove=0.54904785
I0514 06:32:33.143074 137054315607872 checkpoint.py:124] Saving checkpoint /home/sjtu/PyQMC/Ferminet/checkpoints_ferminet_x64_atoms/He_triplet/qmcjax_ckpt_536461.npz
I0514 06:35:09.864316 137054315607872 train.py:1104] Step 00537000: energy=-2.1746698396311621 E_h, variance=4.3714978651281604e-05 E_h^2, std=6.6117303825308548e-03 E_h, ewmean=-2.1754692359828138 E_h, ewvar=1.6404112631404629e-06 E_h^2, ewstd=1.2807854087006391e-03 E_h, pmove=0.54812012
I0514 06:40:00.522740 137054315607872 train.py:1104] Step 00538000: energy=-2.1763909431401767 E_h, variance=5.8825999622804563e-03 E_h^2, std=7.6698109248406227e-02 E_h, ewmean=-2.1752463492263896 E_h, ewvar=5.4858620325435590e-07 E_h^2, ewstd=7.4066605380181691e-04 E_h, pmove=0.55102539
I0514 06:44:51.191143 137054315607872 train.py:1104] Step 00539000: energy=-2.1745683337980530 E_h, variance=1.0737977318681362e-04 E_h^2, std=1.0362421202924230e-02 E_h, ewmean=-2.1750435605913148 E_h, ewvar=5.5314647267522593e-07 E_h^2, ewstd=7.4373817481370819e-04 E_h, pmove=0.54755859
I0514 06:49:41.556243 137054315607872 train.py:1049] Timing step 00540000: block_iters=10000, block_time=2906.648543 s, sec/iter=0.2906648543, iter/s=3.440388, elapsed=157033.602563 s
I0514 06:49:41.848474 137054315607872 train.py:1104] Step 00540000: energy=-2.1748513602447295 E_h, variance=5.4171444272569356e-05 E_h^2, std=7.3601252891896726e-03 E_h, ewmean=-2.1751467705696683 E_h, ewvar=7.0670186711352681e-07 E_h^2, ewstd=8.4065561742816355e-04 E_h, pmove=0.55400391
I0514 06:54:32.489311 137054315607872 train.py:1104] Step 00541000: energy=-2.1765041850169293 E_h, variance=1.6237300991789532e-02 E_h^2, std=1.2742566849653775e-01 E_h, ewmean=-2.1751787009456316 E_h, ewvar=3.7112305200401410e-07 E_h^2, ewstd=6.0919869665324641e-04 E_h, pmove=0.54167480
I0514 06:59:23.128523 137054315607872 train.py:1104] Step 00542000: energy=-2.1749552173221995 E_h, variance=1.7079518249607018e-04 E_h^2, std=1.3068863091182423e-02 E_h, ewmean=-2.1754965912014028 E_h, ewvar=1.3142585054542456e-06 E_h^2, ewstd=1.1464111415431400e-03 E_h, pmove=0.55095215
I0514 07:04:13.740645 137054315607872 train.py:1104] Step 00543000: energy=-2.1747271484182633 E_h, variance=5.8857499857540622e-05 E_h^2, std=7.6718641709522346e-03 E_h, ewmean=-2.1748566880922939 E_h, ewvar=1.1441497631105600e-07 E_h^2, ewstd=3.3825282897716614e-04 E_h, pmove=0.55004883
I0514 07:09:04.362981 137054315607872 train.py:1104] Step 00544000: energy=-2.1748717692674746 E_h, variance=6.0473566636535817e-05 E_h^2, std=7.7764752064502733e-03 E_h, ewmean=-2.1749622619276385 E_h, ewvar=1.3529810206821969e-07 E_h^2, ewstd=3.6782890325288427e-04 E_h, pmove=0.54870605
I0514 07:13:55.008641 137054315607872 train.py:1104] Step 00545000: energy=-2.1748590313131615 E_h, variance=2.0807564165170654e-04 E_h^2, std=1.4424827265922686e-02 E_h, ewmean=-2.1749573321998423 E_h, ewvar=1.0584155712837840e-07 E_h^2, ewstd=3.2533299422035015e-04 E_h, pmove=0.54650879
I0514 07:18:45.641161 137054315607872 train.py:1104] Step 00546000: energy=-2.1750109628830394 E_h, variance=2.6974459862151741e-04 E_h^2, std=1.6423903269975667e-02 E_h, ewmean=-2.1749477753771740 E_h, ewvar=1.2317687727748968e-07 E_h^2, ewstd=3.5096563546519718e-04 E_h, pmove=0.55031738
I0514 07:23:36.289897 137054315607872 train.py:1104] Step 00547000: energy=-2.1745034113942454 E_h, variance=3.2073341060396250e-05 E_h^2, std=5.6633330345650917e-03 E_h, ewmean=-2.1748763053964226 E_h, ewvar=1.7623225572058918e-07 E_h^2, ewstd=4.1980025693249542e-04 E_h, pmove=0.54353027
I0514 07:28:26.947623 137054315607872 train.py:1104] Step 00548000: energy=-2.1746399249145942 E_h, variance=2.7022805159073765e-05 E_h^2, std=5.1983463869843998e-03 E_h, ewmean=-2.1748564764480016 E_h, ewvar=1.5243083036749574e-07 E_h^2, ewstd=3.9042391111136592e-04 E_h, pmove=0.54946289
I0514 07:33:17.638553 137054315607872 train.py:1104] Step 00549000: energy=-2.1748019189329559 E_h, variance=7.3117772314550377e-05 E_h^2, std=8.5508930711680857e-03 E_h, ewmean=-2.1750218376069173 E_h, ewvar=3.7040483915835129e-07 E_h^2, ewstd=6.0860893779039369e-04 E_h, pmove=0.54501953
I0514 07:38:08.008519 137054315607872 train.py:1049] Timing step 00550000: block_iters=10000, block_time=2906.452280 s, sec/iter=0.2906452280, iter/s=3.440621, elapsed=159940.054843 s
I0514 07:38:08.300753 137054315607872 train.py:1104] Step 00550000: energy=-2.1745486564064449 E_h, variance=1.0399236674713984e-04 E_h^2, std=1.0197664769305757e-02 E_h, ewmean=-2.1749446201068725 E_h, ewvar=2.0845234013025827e-07 E_h^2, ewstd=4.5656581139005392e-04 E_h, pmove=0.55146484
I0514 07:42:58.968706 137054315607872 train.py:1104] Step 00551000: energy=-2.1749180772803456 E_h, variance=1.7738719780755954e-04 E_h^2, std=1.3318678530828782e-02 E_h, ewmean=-2.1752026722769204 E_h, ewvar=5.0836992932361704e-07 E_h^2, ewstd=7.1300065169929336e-04 E_h, pmove=0.55051270
I0514 07:47:49.625847 137054315607872 train.py:1104] Step 00552000: energy=-2.1748167746694511 E_h, variance=1.2131805524936591e-04 E_h^2, std=1.1014447568959865e-02 E_h, ewmean=-2.1754061823815078 E_h, ewvar=6.0362778270083814e-07 E_h^2, ewstd=7.7693486387266607e-04 E_h, pmove=0.54870605
I0514 07:52:40.303957 137054315607872 train.py:1104] Step 00553000: energy=-2.1751899688644007 E_h, variance=9.0423984588404720e-04 E_h^2, std=3.0070581069943546e-02 E_h, ewmean=-2.1749820853289337 E_h, ewvar=1.4829227316306414e-07 E_h^2, ewstd=3.8508735783334167e-04 E_h, pmove=0.54426270
I0514 07:57:30.964411 137054315607872 train.py:1104] Step 00554000: energy=-2.1749731039585209 E_h, variance=4.8906704513224466e-04 E_h^2, std=2.2114860278379438e-02 E_h, ewmean=-2.1748842216444144 E_h, ewvar=8.3093997981515566e-08 E_h^2, ewstd=2.8826029553428886e-04 E_h, pmove=0.54816895
I0514 08:02:21.629499 137054315607872 train.py:1104] Step 00555000: energy=-2.1745842420092529 E_h, variance=5.6623733928980215e-05 E_h^2, std=7.5248743463914546e-03 E_h, ewmean=-2.1748473201648522 E_h, ewvar=6.2178152507937453e-08 E_h^2, ewstd=2.4935547418883239e-04 E_h, pmove=0.54887695
I0514 08:07:12.303704 137054315607872 train.py:1104] Step 00556000: energy=-2.1745871684840039 E_h, variance=3.4691887308757899e-05 E_h^2, std=5.8899819446886163e-03 E_h, ewmean=-2.1749780999115456 E_h, ewvar=2.6800055882760966e-07 E_h^2, ewstd=5.1768770395636181e-04 E_h, pmove=0.55021973
I0514 08:12:02.976918 137054315607872 train.py:1104] Step 00557000: energy=-2.1750352323358535 E_h, variance=3.0996013588915818e-04 E_h^2, std=1.7605684760586798e-02 E_h, ewmean=-2.1748073834438406 E_h, ewvar=3.1617349692864659e-08 E_h^2, ewstd=1.7781268147369202e-04 E_h, pmove=0.54804688
I0514 08:12:33.206312 137054315607872 checkpoint.py:124] Saving checkpoint /home/sjtu/PyQMC/Ferminet/checkpoints_ferminet_x64_atoms/He_triplet/qmcjax_ckpt_557104.npz
I0514 08:16:53.682917 137054315607872 train.py:1104] Step 00558000: energy=-2.1747635055925763 E_h, variance=5.3530094316758401e-05 E_h^2, std=7.3164263350872600e-03 E_h, ewmean=-2.1750930830959829 E_h, ewvar=2.8890106601207922e-07 E_h^2, ewstd=5.3749517766402263e-04 E_h, pmove=0.54645996
I0514 08:21:44.347613 137054315607872 train.py:1104] Step 00559000: energy=-2.1747500473476631 E_h, variance=3.5229710334202738e-05 E_h^2, std=5.9354620994664549e-03 E_h, ewmean=-2.1750389225175608 E_h, ewvar=1.8860615111944579e-07 E_h^2, ewstd=4.3428809691199895e-04 E_h, pmove=0.55034180
I0514 08:26:34.688854 137054315607872 train.py:1049] Timing step 00560000: block_iters=10000, block_time=2906.680323 s, sec/iter=0.2906680323, iter/s=3.440351, elapsed=162846.735166 s
I0514 08:26:34.981486 137054315607872 train.py:1104] Step 00560000: energy=-2.1754433656245995 E_h, variance=1.1364188013344954e-03 E_h^2, std=3.3710811341978932e-02 E_h, ewmean=-2.1752620354925369 E_h, ewvar=3.2343571240121118e-07 E_h^2, ewstd=5.6871408669138064e-04 E_h, pmove=0.55183105
I0514 08:31:25.644909 137054315607872 train.py:1104] Step 00561000: energy=-2.1744625348145528 E_h, variance=5.1564359714081807e-05 E_h^2, std=7.1808328008721809e-03 E_h, ewmean=-2.1751316731204162 E_h, ewvar=7.7620045336711375e-07 E_h^2, ewstd=8.8102239095673028e-04 E_h, pmove=0.55100098
I0514 08:36:16.312522 137054315607872 train.py:1104] Step 00562000: energy=-2.1748725357087095 E_h, variance=9.1685034349740473e-05 E_h^2, std=9.5752302504817331e-03 E_h, ewmean=-2.1752622515354862 E_h, ewvar=9.0205499414840453e-07 E_h^2, ewstd=9.4976575751519097e-04 E_h, pmove=0.54794922
I0514 08:41:06.991360 137054315607872 train.py:1104] Step 00563000: energy=-2.1747045028939676 E_h, variance=9.6781402393552893e-05 E_h^2, std=9.8377539303213368e-03 E_h, ewmean=-2.1754867276042655 E_h, ewvar=1.3185297580573741e-06 E_h^2, ewstd=1.1482725103638832e-03 E_h, pmove=0.55021973
I0514 08:45:57.697112 137054315607872 train.py:1104] Step 00564000: energy=-2.1748225482787862 E_h, variance=1.8646388771678080e-04 E_h^2, std=1.3655178055110845e-02 E_h, ewmean=-2.1749954813267802 E_h, ewvar=1.5294432581729535e-07 E_h^2, ewstd=3.9108097092200146e-04 E_h, pmove=0.54843750
I0514 08:50:48.379596 137054315607872 train.py:1104] Step 00565000: energy=-2.1753385972278756 E_h, variance=1.3853244475910754e-03 E_h^2, std=3.7219946904732085e-02 E_h, ewmean=-2.1750799103620229 E_h, ewvar=3.4247934780383802e-07 E_h^2, ewstd=5.8521735090805193e-04 E_h, pmove=0.54533691
I0514 08:55:39.066492 137054315607872 train.py:1104] Step 00566000: energy=-2.1748493214391060 E_h, variance=2.2953145786741420e-04 E_h^2, std=1.5150295636304071e-02 E_h, ewmean=-2.1749246571921699 E_h, ewvar=1.9236191256479396e-07 E_h^2, ewstd=4.3859082590131082e-04 E_h, pmove=0.54914551
I0514 09:00:29.740457 137054315607872 train.py:1104] Step 00567000: energy=-2.1752035815455821 E_h, variance=1.1222961811524828e-03 E_h^2, std=3.3500689263841761e-02 E_h, ewmean=-2.1750253918040836 E_h, ewvar=4.8572294640334553e-07 E_h^2, ewstd=6.9693826584809183e-04 E_h, pmove=0.54782715
I0514 09:05:20.372204 137054315607872 train.py:1104] Step 00568000: energy=-2.1754499550778927 E_h, variance=6.6159471683292976e-04 E_h^2, std=2.5721483565940159e-02 E_h, ewmean=-2.1749544448227334 E_h, ewvar=1.3053503807296514e-07 E_h^2, ewstd=3.6129633000207064e-04 E_h, pmove=0.54934082
I0514 09:10:11.028051 137054315607872 train.py:1104] Step 00569000: energy=-2.1749038384136066 E_h, variance=2.1504070566028677e-04 E_h^2, std=1.4664266284416918e-02 E_h, ewmean=-2.1749372109124741 E_h, ewvar=1.3888998970682865e-07 E_h^2, ewstd=3.7267947314928500e-04 E_h, pmove=0.54536133
I0514 09:15:01.400139 137054315607872 train.py:1049] Timing step 00570000: block_iters=10000, block_time=2906.711271 s, sec/iter=0.2906711271, iter/s=3.440314, elapsed=165753.446436 s
I0514 09:15:01.692713 137054315607872 train.py:1104] Step 00570000: energy=-2.1747683002096516 E_h, variance=1.3234896151390779e-04 E_h^2, std=1.1504301869905352e-02 E_h, ewmean=-2.1749331937244314 E_h, ewvar=1.5797521571366096e-07 E_h^2, ewstd=3.9746096124482585e-04 E_h, pmove=0.54592285
I0514 09:19:52.346887 137054315607872 train.py:1104] Step 00571000: energy=-2.1750295900848764 E_h, variance=2.0748865536928017e-04 E_h^2, std=1.4404466507624647e-02 E_h, ewmean=-2.1749525957241462 E_h, ewvar=1.2200672388680140e-07 E_h^2, ewstd=3.4929460901479914e-04 E_h, pmove=0.54362793
I0514 09:24:42.986224 137054315607872 train.py:1104] Step 00572000: energy=-2.1748680133138496 E_h, variance=4.7278233403146084e-05 E_h^2, std=6.8759169136302168e-03 E_h, ewmean=-2.1750428231142918 E_h, ewvar=1.8260337289481692e-07 E_h^2, ewstd=4.2732115895988219e-04 E_h, pmove=0.54938965
I0514 09:29:33.665312 137054315607872 train.py:1104] Step 00573000: energy=-2.1751253456453972 E_h, variance=5.3272763960474263e-04 E_h^2, std=2.3080893388357882e-02 E_h, ewmean=-2.1748738253497510 E_h, ewvar=6.8481960800182130e-08 E_h^2, ewstd=2.6169058217708586e-04 E_h, pmove=0.54848633
I0514 09:34:24.342700 137054315607872 train.py:1104] Step 00574000: energy=-2.1749608774388900 E_h, variance=6.2110427031670363e-04 E_h^2, std=2.4921963612779464e-02 E_h, ewmean=-2.1749184179667509 E_h, ewvar=9.0795841722337025e-08 E_h^2, ewstd=3.0132348352283634e-04 E_h, pmove=0.55346680
I0514 09:39:15.006924 137054315607872 train.py:1104] Step 00575000: energy=-2.1775780700928182 E_h, variance=2.5710032268421560e-02 E_h^2, std=1.6034348215135394e-01 E_h, ewmean=-2.1754009360250546 E_h, ewvar=1.3754946850796360e-06 E_h^2, ewstd=1.1728148554139464e-03 E_h, pmove=0.54758301
I0514 09:44:05.664763 137054315607872 train.py:1104] Step 00576000: energy=-2.1747609728357253 E_h, variance=3.3050568898632444e-05 E_h^2, std=5.7489624193094568e-03 E_h, ewmean=-2.1750236185482548 E_h, ewvar=1.4553016490179410e-07 E_h^2, ewstd=3.8148416074824666e-04 E_h, pmove=0.54880371
I0514 09:48:56.307676 137054315607872 train.py:1104] Step 00577000: energy=-2.1747054353635740 E_h, variance=8.3993365099078052e-05 E_h^2, std=9.1647894192435249e-03 E_h, ewmean=-2.1750035733546955 E_h, ewvar=5.6688360256140099e-07 E_h^2, ewstd=7.5291673016436621e-04 E_h, pmove=0.54887695
I0514 09:52:33.428278 137054315607872 checkpoint.py:124] Saving checkpoint /home/sjtu/PyQMC/Ferminet/checkpoints_ferminet_x64_atoms/He_triplet/qmcjax_ckpt_577747.npz
I0514 09:53:47.022789 137054315607872 train.py:1104] Step 00578000: energy=-2.1765155932420965 E_h, variance=1.2463070812909162e-02 E_h^2, std=1.1163812437025786e-01 E_h, ewmean=-2.1755053332303524 E_h, ewvar=6.6928519851418201e-07 E_h^2, ewstd=8.1809852616551140e-04 E_h, pmove=0.54929199
I0514 09:58:37.698036 137054315607872 train.py:1104] Step 00579000: energy=-2.1748995213804032 E_h, variance=1.7014128144258081e-04 E_h^2, std=1.3043821581215408e-02 E_h, ewmean=-2.1750519683117822 E_h, ewvar=1.9156315238906553e-07 E_h^2, ewstd=4.3767928028302358e-04 E_h, pmove=0.54606934
I0514 10:03:28.114006 137054315607872 train.py:1049] Timing step 00580000: block_iters=10000, block_time=2906.713858 s, sec/iter=0.2906713858, iter/s=3.440311, elapsed=168660.160294 s
I0514 10:03:28.407025 137054315607872 train.py:1104] Step 00580000: energy=-2.1753019567191574 E_h, variance=3.1220914219156086e-04 E_h^2, std=1.7669440913383787e-02 E_h, ewmean=-2.1751565970636935 E_h, ewvar=3.8774177247621555e-07 E_h^2, ewstd=6.2268914594379714e-04 E_h, pmove=0.54995117
I0514 10:08:19.076428 137054315607872 train.py:1104] Step 00581000: energy=-2.1746636776222106 E_h, variance=1.8748610119123356e-04 E_h^2, std=1.3692556415484785e-02 E_h, ewmean=-2.1749909214764758 E_h, ewvar=1.0765495048304018e-07 E_h^2, ewstd=3.2810813839805953e-04 E_h, pmove=0.54291992
I0514 10:13:09.807292 137054315607872 train.py:1104] Step 00582000: energy=-2.1746796907762929 E_h, variance=4.4057868360696895e-05 E_h^2, std=6.6376101392516939e-03 E_h, ewmean=-2.1751702456078199 E_h, ewvar=6.4221627637897454e-07 E_h^2, ewstd=8.0138397561903773e-04 E_h, pmove=0.55053711
I0514 10:18:00.471156 137054315607872 train.py:1104] Step 00583000: energy=-2.1746627758216555 E_h, variance=2.7925965903176325e-05 E_h^2, std=5.2845024272088594e-03 E_h, ewmean=-2.1748953661468615 E_h, ewvar=1.6312463922092442e-07 E_h^2, ewstd=4.0388691390155789e-04 E_h, pmove=0.54606934
I0514 10:22:51.138336 137054315607872 train.py:1104] Step 00584000: energy=-2.1747064982618221 E_h, variance=7.4781669745095986e-05 E_h^2, std=8.6476395475930876e-03 E_h, ewmean=-2.1749341646298661 E_h, ewvar=1.1697762028849441e-07 E_h^2, ewstd=3.4201991212280962e-04 E_h, pmove=0.54692383
I0514 10:27:41.839066 137054315607872 train.py:1104] Step 00585000: energy=-2.1748518968149586 E_h, variance=1.4846340636337659e-04 E_h^2, std=1.2184556059347283e-02 E_h, ewmean=-2.1750834709968183 E_h, ewvar=1.9900334586353437e-07 E_h^2, ewstd=4.4609791062448875e-04 E_h, pmove=0.54606934
I0514 10:32:32.538626 137054315607872 train.py:1104] Step 00586000: energy=-2.1761264816746828 E_h, variance=4.4879640427829236e-03 E_h^2, std=6.6992268529905183e-02 E_h, ewmean=-2.1750117666738804 E_h, ewvar=2.2384539325172398e-07 E_h^2, ewstd=4.7312302126584790e-04 E_h, pmove=0.54958496
I0514 10:37:23.226621 137054315607872 train.py:1104] Step 00587000: energy=-2.1756666063078622 E_h, variance=4.1976451459832332e-03 E_h^2, std=6.4789236343572018e-02 E_h, ewmean=-2.1751323785943595 E_h, ewvar=2.5621946121677273e-07 E_h^2, ewstd=5.0618125332411589e-04 E_h, pmove=0.54267578
I0514 10:42:13.925879 137054315607872 train.py:1104] Step 00588000: energy=-2.1748168583069831 E_h, variance=1.0319389962772587e-04 E_h^2, std=1.0158439822518312e-02 E_h, ewmean=-2.1753722288813750 E_h, ewvar=2.5573840089914231e-06 E_h^2, ewstd=1.5991822938587780e-03 E_h, pmove=0.55361328
I0514 10:47:04.608764 137054315607872 train.py:1104] Step 00589000: energy=-2.1749591919303222 E_h, variance=2.0502657749989358e-04 E_h^2, std=1.4318749159751825e-02 E_h, ewmean=-2.1749001523309550 E_h, ewvar=1.4604603735271340e-07 E_h^2, ewstd=3.8215970137197013e-04 E_h, pmove=0.55090332
I0514 10:51:54.983888 137054315607872 train.py:1049] Timing step 00590000: block_iters=10000, block_time=2906.869884 s, sec/iter=0.2906869884, iter/s=3.440126, elapsed=171567.030178 s
I0514 10:51:55.276712 137054315607872 train.py:1104] Step 00590000: energy=-2.1745599254412342 E_h, variance=5.6311397898809845e-05 E_h^2, std=7.5040920769144249e-03 E_h, ewmean=-2.1750911261088852 E_h, ewvar=3.1553467689191192e-07 E_h^2, ewstd=5.6172473409305370e-04 E_h, pmove=0.55300293
I0514 10:56:45.943142 137054315607872 train.py:1104] Step 00591000: energy=-2.1756574913094342 E_h, variance=2.2177513169180287e-03 E_h^2, std=4.7093007091478338e-02 E_h, ewmean=-2.1750615473389527 E_h, ewvar=1.7514883646434096e-07 E_h^2, ewstd=4.1850786905904287e-04 E_h, pmove=0.54414063
I0514 11:01:36.608067 137054315607872 train.py:1104] Step 00592000: energy=-2.1752002614964807 E_h, variance=7.4381374509883600e-04 E_h^2, std=2.7272948962274616e-02 E_h, ewmean=-2.1748429949975123 E_h, ewvar=1.4689585443136844e-07 E_h^2, ewstd=3.8326994981522939e-04 E_h, pmove=0.54948730
I0514 11:06:27.266688 137054315607872 train.py:1104] Step 00593000: energy=-2.1746872212582704 E_h, variance=1.0640280867380819e-04 E_h^2, std=1.0315173710306977e-02 E_h, ewmean=-2.1748879372327772 E_h, ewvar=6.2629940984866271e-08 E_h^2, ewstd=2.5025974703269055e-04 E_h, pmove=0.54951172
I0514 11:11:17.954488 137054315607872 train.py:1104] Step 00594000: energy=-2.1748308189169530 E_h, variance=9.0439193635613680e-05 E_h^2, std=9.5099523466531458e-03 E_h, ewmean=-2.1749157228662535 E_h, ewvar=1.9533000678492612e-07 E_h^2, ewstd=4.4196154446391161e-04 E_h, pmove=0.54892578
I0514 11:16:08.601239 137054315607872 train.py:1104] Step 00595000: energy=-2.1747865349190900 E_h, variance=7.6095850990968213e-05 E_h^2, std=8.7232935861959963e-03 E_h, ewmean=-2.1747651873541840 E_h, ewvar=1.3802928310279935e-07 E_h^2, ewstd=3.7152292406095124e-04 E_h, pmove=0.54230957
I0514 11:20:59.280408 137054315607872 train.py:1104] Step 00596000: energy=-2.1753428723275556 E_h, variance=9.1686716301302661e-04 E_h^2, std=3.0279814448127430e-02 E_h, ewmean=-2.1749628681108910 E_h, ewvar=1.7152685230636680e-07 E_h^2, ewstd=4.1415800403513488e-04 E_h, pmove=0.54448242
I0514 11:25:49.958092 137054315607872 train.py:1104] Step 00597000: energy=-2.1748086012749948 E_h, variance=4.5638438598629121e-05 E_h^2, std=6.7556227395132954e-03 E_h, ewmean=-2.1749639338914433 E_h, ewvar=2.6320058382546794e-07 E_h^2, ewstd=5.1303078253206989e-04 E_h, pmove=0.55041504
I0514 11:30:40.663060 137054315607872 train.py:1104] Step 00598000: energy=-2.1748802789607358 E_h, variance=5.1062240742862548e-05 E_h^2, std=7.1457848234369997e-03 E_h, ewmean=-2.1747979066660648 E_h, ewvar=4.4335232015076095e-08 E_h^2, ewstd=2.1055933134172917e-04 E_h, pmove=0.54914551
I0514 11:32:33.735178 137054315607872 checkpoint.py:124] Saving checkpoint /home/sjtu/PyQMC/Ferminet/checkpoints_ferminet_x64_atoms/He_triplet/qmcjax_ckpt_598389.npz
I0514 11:35:31.392199 137054315607872 train.py:1104] Step 00599000: energy=-2.1747584375728537 E_h, variance=4.8450175034706359e-05 E_h^2, std=6.9606159953488570e-03 E_h, ewmean=-2.1750221548669337 E_h, ewvar=1.9419457715481769e-07 E_h^2, ewstd=4.4067513789050735e-04 E_h, pmove=0.54621582
I0514 11:40:21.784479 137054315607872 train.py:1049] Timing step 00600000: block_iters=10000, block_time=2906.800584 s, sec/iter=0.2906800584, iter/s=3.440208, elapsed=174473.830762 s
I0514 11:40:22.077255 137054315607872 train.py:1104] Step 00600000: energy=-2.1762569339124012 E_h, variance=8.4098006884735944e-03 E_h^2, std=9.1704965451569712e-02 E_h, ewmean=-2.1753267606591118 E_h, ewvar=7.9417725390879851e-07 E_h^2, ewstd=8.9116623247786854e-04 E_h, pmove=0.54714355
I0514 11:45:12.742852 137054315607872 train.py:1104] Step 00601000: energy=-2.1757079380653943 E_h, variance=4.0416906515218787e-03 E_h^2, std=6.3574292379246181e-02 E_h, ewmean=-2.1750091593287468 E_h, ewvar=1.5181673439939883e-07 E_h^2, ewstd=3.8963666973142918e-04 E_h, pmove=0.54970703
I0514 11:50:03.411688 137054315607872 train.py:1104] Step 00602000: energy=-2.1746501632063548 E_h, variance=3.2550211249372018e-05 E_h^2, std=5.7052792437681799e-03 E_h, ewmean=-2.1751389114168371 E_h, ewvar=3.1158009879100349e-07 E_h^2, ewstd=5.5819360332325866e-04 E_h, pmove=0.54895020
I0514 11:54:54.068557 137054315607872 train.py:1104] Step 00603000: energy=-2.1753763947946849 E_h, variance=2.7789218429230679e-03 E_h^2, std=5.2715480107109601e-02 E_h, ewmean=-2.1750443306550817 E_h, ewvar=1.8547689542790734e-07 E_h^2, ewstd=4.3067028621430027e-04 E_h, pmove=0.54775391
I0514 11:59:44.753536 137054315607872 train.py:1104] Step 00604000: energy=-2.1747282894610684 E_h, variance=5.3285128497428710e-05 E_h^2, std=7.2996663278144924e-03 E_h, ewmean=-2.1749479430177074 E_h, ewvar=1.3559275804081278e-07 E_h^2, ewstd=3.6822921942835117e-04 E_h, pmove=0.54838867
I0514 12:04:35.436567 137054315607872 train.py:1104] Step 00605000: energy=-2.1751950721646010 E_h, variance=6.7021586102186822e-04 E_h^2, std=2.5888527594706275e-02 E_h, ewmean=-2.1751343487453032 E_h, ewvar=7.5920335930827870e-08 E_h^2, ewstd=2.7553645118355552e-04 E_h, pmove=0.54470215
I0514 12:09:26.106028 137054315607872 train.py:1104] Step 00606000: energy=-2.1752109321879383 E_h, variance=1.0730452258960869e-03 E_h^2, std=3.2757369031961144e-02 E_h, ewmean=-2.1751059321059620 E_h, ewvar=2.4766733260894125e-07 E_h^2, ewstd=4.9766186573710998e-04 E_h, pmove=0.54523926
I0514 12:14:16.748137 137054315607872 train.py:1104] Step 00607000: energy=-2.1764329847930282 E_h, variance=4.4602982101857053e-03 E_h^2, std=6.6785464063564795e-02 E_h, ewmean=-2.1752196459802482 E_h, ewvar=5.5267121657674103e-07 E_h^2, ewstd=7.4341860117752034e-04 E_h, pmove=0.54074707
I0514 12:19:07.414684 137054315607872 train.py:1104] Step 00608000: energy=-2.1751472726702499 E_h, variance=4.5855661667839980e-04 E_h^2, std=2.1413935104935753e-02 E_h, ewmean=-2.1750245550520648 E_h, ewvar=5.3950009397196935e-07 E_h^2, ewstd=7.3450670110760004e-04 E_h, pmove=0.55073242
I0514 12:23:58.024756 137054315607872 train.py:1104] Step 00609000: energy=-2.1745667017887262 E_h, variance=5.0617365754163481e-05 E_h^2, std=7.1145882350395710e-03 E_h, ewmean=-2.1751195137718748 E_h, ewvar=3.9434828674472069e-07 E_h^2, ewstd=6.2797156523581601e-04 E_h, pmove=0.55134277
I0514 12:28:48.381470 137054315607872 train.py:1049] Timing step 00610000: block_iters=10000, block_time=2906.596995 s, sec/iter=0.2906596995, iter/s=3.440449, elapsed=177380.427757 s
I0514 12:28:48.674355 137054315607872 train.py:1104] Step 00610000: energy=-2.1755622513587198 E_h, variance=2.9496412940295223e-03 E_h^2, std=5.4310600199496253e-02 E_h, ewmean=-2.1749555514437171 E_h, ewvar=1.4038680400259039e-07 E_h^2, ewstd=3.7468227073427212e-04 E_h, pmove=0.55014648
I0514 12:33:39.336386 137054315607872 train.py:1104] Step 00611000: energy=-2.1755778495937759 E_h, variance=1.4989401415811540e-03 E_h^2, std=3.8716148330911665e-02 E_h, ewmean=-2.1751151765369374 E_h, ewvar=1.8158559884393772e-07 E_h^2, ewstd=4.2612861772466977e-04 E_h, pmove=0.54841309
I0514 12:38:29.999967 137054315607872 train.py:1104] Step 00612000: energy=-2.1751787390074759 E_h, variance=6.3990542226176133e-04 E_h^2, std=2.5296351955603428e-02 E_h, ewmean=-2.1751592203701451 E_h, ewvar=2.2511082483888259e-07 E_h^2, ewstd=4.7445845428117580e-04 E_h, pmove=0.54587402
I0514 12:43:20.710091 137054315607872 train.py:1104] Step 00613000: energy=-2.1748235590802838 E_h, variance=7.0510191359743617e-05 E_h^2, std=8.3970346765833721e-03 E_h, ewmean=-2.1749171054803287 E_h, ewvar=1.1483223531365276e-07 E_h^2, ewstd=3.3886905334310592e-04 E_h, pmove=0.55180664
I0514 12:48:11.421678 137054315607872 train.py:1104] Step 00614000: energy=-2.1747988444497368 E_h, variance=5.4298593518726585e-05 E_h^2, std=7.3687579359568182e-03 E_h, ewmean=-2.1748868438530851 E_h, ewvar=9.4791188491347268e-08 E_h^2, ewstd=3.0788177680945533e-04 E_h, pmove=0.55136719
I0514 12:53:02.096616 137054315607872 train.py:1104] Step 00615000: energy=-2.1752820085484101 E_h, variance=1.3819081151132677e-03 E_h^2, std=3.7174024736545110e-02 E_h, ewmean=-2.1754159989966615 E_h, ewvar=7.3371044115723190e-07 E_h^2, ewstd=8.5656899381032455e-04 E_h, pmove=0.54902344
I0514 12:57:52.801186 137054315607872 train.py:1104] Step 00616000: energy=-2.1750387591731419 E_h, variance=2.5665536899100019e-04 E_h^2, std=1.6020467190160224e-02 E_h, ewmean=-2.1751665704269443 E_h, ewvar=2.9531356139892707e-07 E_h^2, ewstd=5.4342760456101884e-04 E_h, pmove=0.54951172
I0514 13:02:43.518798 137054315607872 train.py:1104] Step 00617000: energy=-2.1747618667537543 E_h, variance=8.7386806668451552e-05 E_h^2, std=9.3480910708257196e-03 E_h, ewmean=-2.1749839717125607 E_h, ewvar=2.1145838247318712e-07 E_h^2, ewstd=4.5984604214148358e-04 E_h, pmove=0.55095215
I0514 13:07:34.230034 137054315607872 train.py:1104] Step 00618000: energy=-2.1750240763307613 E_h, variance=5.2332052168939944e-04 E_h^2, std=2.2876199896167182e-02 E_h, ewmean=-2.1750273810164149 E_h, ewvar=1.8939388092072732e-07 E_h^2, ewstd=4.3519407270863346e-04 E_h, pmove=0.55148926
I0514 13:12:24.909747 137054315607872 train.py:1104] Step 00619000: energy=-2.1750149507269492 E_h, variance=3.6815378722396112e-04 E_h^2, std=1.9187334031176950e-02 E_h, ewmean=-2.1752785120599643 E_h, ewvar=5.3485833501126417e-07 E_h^2, ewstd=7.3134009531220434e-04 E_h, pmove=0.54868164
I0514 13:12:33.921444 137054315607872 checkpoint.py:124] Saving checkpoint /home/sjtu/PyQMC/Ferminet/checkpoints_ferminet_x64_atoms/He_triplet/qmcjax_ckpt_619031.npz
I0514 13:17:15.377506 137054315607872 train.py:1049] Timing step 00620000: block_iters=10000, block_time=2906.996037 s, sec/iter=0.2906996037, iter/s=3.439977, elapsed=180287.423794 s
I0514 13:17:15.670489 137054315607872 train.py:1104] Step 00620000: energy=-2.1746553363954746 E_h, variance=7.3162669104749785e-05 E_h^2, std=8.5535179373606145e-03 E_h, ewmean=-2.1751342799046056 E_h, ewvar=3.0402817349037257e-07 E_h^2, ewstd=5.5138749848937681e-04 E_h, pmove=0.54660645
I0514 13:22:06.374715 137054315607872 train.py:1104] Step 00621000: energy=-2.1749624157747798 E_h, variance=5.2401529869976595e-04 E_h^2, std=2.2891380445481349e-02 E_h, ewmean=-2.1749844944708170 E_h, ewvar=2.4739356647107236e-07 E_h^2, ewstd=4.9738673732928622e-04 E_h, pmove=0.54714355
I0514 13:26:57.152998 137054315607872 train.py:1104] Step 00622000: energy=-2.1750983335489633 E_h, variance=9.3945427575446814e-04 E_h^2, std=3.0650518360289897e-02 E_h, ewmean=-2.1750011138523151 E_h, ewvar=1.9588546118785236e-07 E_h^2, ewstd=4.4258949511692252e-04 E_h, pmove=0.55056152
I0514 13:31:47.845674 137054315607872 train.py:1104] Step 00623000: energy=-2.1746255687428526 E_h, variance=3.2483885793652939e-05 E_h^2, std=5.6994636408747214e-03 E_h, ewmean=-2.1749208968591964 E_h, ewvar=2.6955484819528163e-07 E_h^2, ewstd=5.1918671804590847e-04 E_h, pmove=0.54912109
I0514 13:36:38.553242 137054315607872 train.py:1104] Step 00624000: energy=-2.1748072890629224 E_h, variance=4.9167191571060642e-05 E_h^2, std=7.0119320854569490e-03 E_h, ewmean=-2.1749482760282621 E_h, ewvar=1.3981221651085418e-06 E_h^2, ewstd=1.1824221602746380e-03 E_h, pmove=0.54968262
I0514 13:41:29.238998 137054315607872 train.py:1104] Step 00625000: energy=-2.1811736336642027 E_h, variance=9.1720769875107758e-02 E_h^2, std=3.0285437073799637e-01 E_h, ewmean=-2.1757389203329542 E_h, ewvar=3.6078912569152067e-06 E_h^2, ewstd=1.8994449865461244e-03 E_h, pmove=0.55031738
I0514 13:46:19.893220 137054315607872 train.py:1104] Step 00626000: energy=-2.1745942180619799 E_h, variance=1.2785272909200299e-04 E_h^2, std=1.1307198109699988e-02 E_h, ewmean=-2.1748114608734492 E_h, ewvar=8.0730545396773659e-08 E_h^2, ewstd=2.8413121158502399e-04 E_h, pmove=0.54614258
I0514 13:51:10.585851 137054315607872 train.py:1104] Step 00627000: energy=-2.1750057886227570 E_h, variance=1.0595682190056464e-04 E_h^2, std=1.0293533013526727e-02 E_h, ewmean=-2.1751803004797501 E_h, ewvar=2.5632902006342250e-07 E_h^2, ewstd=5.0628946272208996e-04 E_h, pmove=0.54929199
I0514 13:56:01.235136 137054315607872 train.py:1104] Step 00628000: energy=-2.1748305580124896 E_h, variance=2.3653005302951322e-04 E_h^2, std=1.5379533576461714e-02 E_h, ewmean=-2.1750735631660847 E_h, ewvar=4.1018612225026685e-07 E_h^2, ewstd=6.4045774431282100e-04 E_h, pmove=0.54711914
I0514 14:00:51.886398 137054315607872 train.py:1104] Step 00629000: energy=-2.1746467441439252 E_h, variance=3.5631099582751548e-05 E_h^2, std=5.9691791381019507e-03 E_h, ewmean=-2.1748729537180802 E_h, ewvar=1.2908467777211046e-07 E_h^2, ewstd=3.5928356178944570e-04 E_h, pmove=0.55239258
I0514 14:05:42.265288 137054315607872 train.py:1049] Timing step 00630000: block_iters=10000, block_time=2906.887780 s, sec/iter=0.2906887780, iter/s=3.440105, elapsed=183194.311574 s
I0514 14:05:42.558171 137054315607872 train.py:1104] Step 00630000: energy=-2.1747349747056033 E_h, variance=4.5095311941303776e-05 E_h^2, std=6.7153043074237358e-03 E_h, ewmean=-2.1750038149125746 E_h, ewvar=2.7872304719726432e-07 E_h^2, ewstd=5.2794227638754631e-04 E_h, pmove=0.54829102
I0514 14:10:33.221906 137054315607872 train.py:1104] Step 00631000: energy=-2.1755895850921028 E_h, variance=1.7758729207443058e-03 E_h^2, std=4.2141107255793668e-02 E_h, ewmean=-2.1750260426035641 E_h, ewvar=1.3493088519849644e-07 E_h^2, ewstd=3.6732939604460798e-04 E_h, pmove=0.54526367
I0514 14:15:23.866748 137054315607872 train.py:1104] Step 00632000: energy=-2.1749845531281879 E_h, variance=1.2871641823354599e-04 E_h^2, std=1.1345325831969129e-02 E_h, ewmean=-2.1750116517226203 E_h, ewvar=1.0685183849725411e-07 E_h^2, ewstd=3.2688199475843589e-04 E_h, pmove=0.54743652
I0514 14:20:14.561557 137054315607872 train.py:1104] Step 00633000: energy=-2.1749040998958162 E_h, variance=6.1637882871263272e-05 E_h^2, std=7.8509797395779381e-03 E_h, ewmean=-2.1748634360548538 E_h, ewvar=5.1834657429254639e-08 E_h^2, ewstd=2.2767225880474467e-04 E_h, pmove=0.54799805
I0514 14:25:05.263355 137054315607872 train.py:1104] Step 00634000: energy=-2.1745927548822754 E_h, variance=6.4755285183580295e-05 E_h^2, std=8.0470668683427938e-03 E_h, ewmean=-2.1749969128332856 E_h, ewvar=1.6033425169946300e-07 E_h^2, ewstd=4.0041759664063590e-04 E_h, pmove=0.55297852
I0514 14:29:55.986238 137054315607872 train.py:1104] Step 00635000: energy=-2.1756334451092720 E_h, variance=3.4618463476162372e-03 E_h^2, std=5.8837457011807003e-02 E_h, ewmean=-2.1750173944502684 E_h, ewvar=1.2129939174723200e-07 E_h^2, ewstd=3.4828062212421750e-04 E_h, pmove=0.55029297
I0514 14:34:46.692588 137054315607872 train.py:1104] Step 00636000: energy=-2.1750978449743341 E_h, variance=5.7375487120618629e-04 E_h^2, std=2.3953180816045836e-02 E_h, ewmean=-2.1750012698183108 E_h, ewvar=2.5881548779467548e-07 E_h^2, ewstd=5.0873911565229137e-04 E_h, pmove=0.54509277
I0514 14:39:37.407633 137054315607872 train.py:1104] Step 00637000: energy=-2.1752233514379871 E_h, variance=6.5652291385319840e-04 E_h^2, std=2.5622703094193601e-02 E_h, ewmean=-2.1751339004103705 E_h, ewvar=3.7749714319152706e-07 E_h^2, ewstd=6.1440796153006279e-04 E_h, pmove=0.54953613
I0514 14:44:28.080800 137054315607872 train.py:1104] Step 00638000: energy=-2.1747441170907313 E_h, variance=2.6815950918987056e-05 E_h^2, std=5.1784120074581802e-03 E_h, ewmean=-2.1748952495489537 E_h, ewvar=7.0587850141152556e-08 E_h^2, ewstd=2.6568374082949178e-04 E_h, pmove=0.54680176
I0514 14:49:18.754134 137054315607872 train.py:1104] Step 00639000: energy=-2.1744899898225616 E_h, variance=1.6400050637462992e-03 E_h^2, std=4.0496975982736036e-02 E_h, ewmean=-2.1749676083824094 E_h, ewvar=2.3459806967103965e-07 E_h^2, ewstd=4.8435324884947312e-04 E_h, pmove=0.54445801
I0514 14:52:34.079931 137054315607872 checkpoint.py:124] Saving checkpoint /home/sjtu/PyQMC/Ferminet/checkpoints_ferminet_x64_atoms/He_triplet/qmcjax_ckpt_639672.npz
I0514 14:54:09.181413 137054315607872 train.py:1049] Timing step 00640000: block_iters=10000, block_time=2906.916176 s, sec/iter=0.2906916176, iter/s=3.440072, elapsed=186101.227750 s
I0514 14:54:09.473931 137054315607872 train.py:1104] Step 00640000: energy=-2.1747938061802188 E_h, variance=7.6506634608090553e-05 E_h^2, std=8.7468071093451324e-03 E_h, ewmean=-2.1748657447914259 E_h, ewvar=1.4193448827146271e-07 E_h^2, ewstd=3.7674193856201185e-04 E_h, pmove=0.54348145
I0514 14:59:00.125327 137054315607872 train.py:1104] Step 00641000: energy=-2.1746988321358609 E_h, variance=2.7651223090364470e-05 E_h^2, std=5.2584430291070447e-03 E_h, ewmean=-2.1750091624693968 E_h, ewvar=3.5585394634864302e-07 E_h^2, ewstd=5.9653494981320499e-04 E_h, pmove=0.54824219
I0514 15:03:50.796462 137054315607872 train.py:1104] Step 00642000: energy=-2.1774491191806744 E_h, variance=2.1297042924733577e-02 E_h^2, std=1.4593506406869317e-01 E_h, ewmean=-2.1756272601423743 E_h, ewvar=2.2346860493155897e-06 E_h^2, ewstd=1.4948866342688297e-03 E_h, pmove=0.54873047
I0514 15:08:41.479601 137054315607872 train.py:1104] Step 00643000: energy=-2.1748147391129922 E_h, variance=6.7106225858541902e-05 E_h^2, std=8.1918389790413913e-03 E_h, ewmean=-2.1750376928031661 E_h, ewvar=2.3095459784329035e-07 E_h^2, ewstd=4.8057735885421229e-04 E_h, pmove=0.55053711
I0514 15:13:32.147697 137054315607872 train.py:1104] Step 00644000: energy=-2.1746140351847636 E_h, variance=3.4284478551276127e-05 E_h^2, std=5.8552949158241488e-03 E_h, ewmean=-2.1751415201269406 E_h, ewvar=2.8429872826418509e-07 E_h^2, ewstd=5.3319670691423548e-04 E_h, pmove=0.54858398
I0514 15:18:22.849153 137054315607872 train.py:1104] Step 00645000: energy=-2.1749726462634360 E_h, variance=1.8162611752586447e-04 E_h^2, std=1.3476873432879915e-02 E_h, ewmean=-2.1749656449675761 E_h, ewvar=1.8592256249487695e-07 E_h^2, ewstd=4.3118738675299506e-04 E_h, pmove=0.54770508
I0514 15:23:13.505490 137054315607872 train.py:1104] Step 00646000: energy=-2.1747791936152043 E_h, variance=3.9470392241210981e-05 E_h^2, std=6.2825466366124953e-03 E_h, ewmean=-2.1750058818033908 E_h, ewvar=2.3797832439205574e-07 E_h^2, ewstd=4.8783022086793242e-04 E_h, pmove=0.54282227
I0514 15:28:04.172179 137054315607872 train.py:1104] Step 00647000: energy=-2.1747742262509924 E_h, variance=4.7210662459895198e-05 E_h^2, std=6.8710015616280573e-03 E_h, ewmean=-2.1749395159268690 E_h, ewvar=1.9996872556341351e-07 E_h^2, ewstd=4.4717862824984549e-04 E_h, pmove=0.54611816
I0514 15:32:54.819310 137054315607872 train.py:1104] Step 00648000: energy=-2.1747748534277820 E_h, variance=3.1676430898655881e-05 E_h^2, std=5.6281818466229292e-03 E_h, ewmean=-2.1748688578392259 E_h, ewvar=9.6114312526339090e-08 E_h^2, ewstd=3.1002308386044272e-04 E_h, pmove=0.55573730
I0514 15:37:45.475339 137054315607872 train.py:1104] Step 00649000: energy=-2.1749934111562190 E_h, variance=4.2611730670847291e-04 E_h^2, std=2.0642609009242821e-02 E_h, ewmean=-2.1750087843797004 E_h, ewvar=1.3572549787677001e-07 E_h^2, ewstd=3.6840941610763700e-04 E_h, pmove=0.54763184
I0514 15:42:35.844997 137054315607872 train.py:1049] Timing step 00650000: block_iters=10000, block_time=2906.663531 s, sec/iter=0.2906663531, iter/s=3.440371, elapsed=189007.891281 s
I0514 15:42:36.137821 137054315607872 train.py:1104] Step 00650000: energy=-2.1747819963116468 E_h, variance=2.8175638581159977e-05 E_h^2, std=5.3080729630591910e-03 E_h, ewmean=-2.1750296354473240 E_h, ewvar=3.4011361025212053e-07 E_h^2, ewstd=5.8319260133520262e-04 E_h, pmove=0.55156250
I0514 15:47:26.811182 137054315607872 train.py:1104] Step 00651000: energy=-2.1752672026790338 E_h, variance=5.8597761545129453e-04 E_h^2, std=2.4206974520813097e-02 E_h, ewmean=-2.1750261317136093 E_h, ewvar=2.2962774755402819e-07 E_h^2, ewstd=4.7919489516691244e-04 E_h, pmove=0.55180664
I0514 15:52:17.490975 137054315607872 train.py:1104] Step 00652000: energy=-2.1746438475520371 E_h, variance=4.4231708952541547e-05 E_h^2, std=6.6506923664037829e-03 E_h, ewmean=-2.1749512585921407 E_h, ewvar=1.7150962147395311e-07 E_h^2, ewstd=4.1413720126783239e-04 E_h, pmove=0.54726562
I0514 15:57:08.135157 137054315607872 train.py:1104] Step 00653000: energy=-2.1750157708175437 E_h, variance=4.6683755176525480e-04 E_h^2, std=2.1606423854151683e-02 E_h, ewmean=-2.1751256531816465 E_h, ewvar=8.4631518321521600e-07 E_h^2, ewstd=9.1995390276644628e-04 E_h, pmove=0.55263672
I0514 16:01:58.807538 137054315607872 train.py:1104] Step 00654000: energy=-2.1764393257365118 E_h, variance=5.1447508297204469e-03 E_h^2, std=7.1726918445730314e-02 E_h, ewmean=-2.1754436479870800 E_h, ewvar=4.7008311161865925e-07 E_h^2, ewstd=6.8562607273838362e-04 E_h, pmove=0.54770508
I0514 16:06:49.484079 137054315607872 train.py:1104] Step 00655000: energy=-2.1754798256379706 E_h, variance=2.1920697847807617e-03 E_h^2, std=4.6819544901469959e-02 E_h, ewmean=-2.1751844141650056 E_h, ewvar=3.1509566620068313e-07 E_h^2, ewstd=5.6133382777157049e-04 E_h, pmove=0.54721680
I0514 16:11:40.196143 137054315607872 train.py:1104] Step 00656000: energy=-2.1745481947071958 E_h, variance=1.1459262196792684e-04 E_h^2, std=1.0704794344961834e-02 E_h, ewmean=-2.1749938268589157 E_h, ewvar=5.2101922794760767e-07 E_h^2, ewstd=7.2181661656379710e-04 E_h, pmove=0.55065918
I0514 16:16:30.928078 137054315607872 train.py:1104] Step 00657000: energy=-2.1746534966957940 E_h, variance=2.6169876053388042e-05 E_h^2, std=5.1156501105321930e-03 E_h, ewmean=-2.1748212325015812 E_h, ewvar=4.5058028648520811e-08 E_h^2, ewstd=2.1226876512695129e-04 E_h, pmove=0.54536133
I0514 16:21:21.615960 137054315607872 train.py:1104] Step 00658000: energy=-2.1753884309963780 E_h, variance=1.5631337631724976e-03 E_h^2, std=3.9536486479864366e-02 E_h, ewmean=-2.1751583358810000 E_h, ewvar=3.7593519447939524e-07 E_h^2, ewstd=6.1313554331762180e-04 E_h, pmove=0.54672852
I0514 16:26:12.322439 137054315607872 train.py:1104] Step 00659000: energy=-2.1748770664486359 E_h, variance=3.0242023438842086e-04 E_h^2, std=1.7390233879635456e-02 E_h, ewmean=-2.1755646541639004 E_h, ewvar=2.0853712223402324e-06 E_h^2, ewstd=1.4440814458818562e-03 E_h, pmove=0.55166016
I0514 16:31:02.708101 137054315607872 train.py:1049] Timing step 00660000: block_iters=10000, block_time=2906.863141 s, sec/iter=0.2906863141, iter/s=3.440134, elapsed=191914.754421 s
I0514 16:31:03.000454 137054315607872 train.py:1104] Step 00660000: energy=-2.1746558618619463 E_h, variance=3.9230796114981978e-05 E_h^2, std=6.2634492186799100e-03 E_h, ewmean=-2.1748425683240455 E_h, ewvar=9.0210445044074047e-08 E_h^2, ewstd=3.0035053694653862e-04 E_h, pmove=0.54648438
I0514 16:32:34.270088 137054315607872 checkpoint.py:124] Saving checkpoint /home/sjtu/PyQMC/Ferminet/checkpoints_ferminet_x64_atoms/He_triplet/qmcjax_ckpt_660314.npz
I0514 16:35:53.737280 137054315607872 train.py:1104] Step 00661000: energy=-2.1755649394942091 E_h, variance=7.6720191931859251e-04 E_h^2, std=2.7698410050372792e-02 E_h, ewmean=-2.1750336407169657 E_h, ewvar=1.4211157657754888e-07 E_h^2, ewstd=3.7697689130442583e-04 E_h, pmove=0.54897461
I0514 16:40:44.426785 137054315607872 train.py:1104] Step 00662000: energy=-2.1749539810381737 E_h, variance=2.7066949120246859e-04 E_h^2, std=1.6452036080755128e-02 E_h, ewmean=-2.1752490205812531 E_h, ewvar=6.0840863007566433e-07 E_h^2, ewstd=7.8000553208016688e-04 E_h, pmove=0.55505371
I0514 16:45:35.094274 137054315607872 train.py:1104] Step 00663000: energy=-2.1757468083013376 E_h, variance=2.6131678248255295e-03 E_h^2, std=5.1119153209198701e-02 E_h, ewmean=-2.1752303711707413 E_h, ewvar=3.7591901988564567e-07 E_h^2, ewstd=6.1312235311204049e-04 E_h, pmove=0.55144043
I0514 16:50:25.802628 137054315607872 train.py:1104] Step 00664000: energy=-2.1784590600780280 E_h, variance=5.1452459188757405e-02 E_h^2, std=2.2683134525183551e-01 E_h, ewmean=-2.1753018513834137 E_h, ewvar=1.3820237013578002e-06 E_h^2, ewstd=1.1755950413972493e-03 E_h, pmove=0.54645996
I0514 16:55:16.590235 137054315607872 train.py:1104] Step 00665000: energy=-2.1751298499195926 E_h, variance=1.9182858215720494e-04 E_h^2, std=1.3850219570721791e-02 E_h, ewmean=-2.1749225057744255 E_h, ewvar=1.2753507945345682e-07 E_h^2, ewstd=3.5712053910893560e-04 E_h, pmove=0.54655762
I0514 17:00:07.476426 137054315607872 train.py:1104] Step 00666000: energy=-2.1747384190019448 E_h, variance=1.5196959014296676e-04 E_h^2, std=1.2327594661691581e-02 E_h, ewmean=-2.1749745560174194 E_h, ewvar=1.2749230198615466e-07 E_h^2, ewstd=3.5706064188895792e-04 E_h, pmove=0.54863281
I0514 17:04:58.306318 137054315607872 train.py:1104] Step 00667000: energy=-2.1749339665288221 E_h, variance=1.1881106774284123e-04 E_h^2, std=1.0900048978919372e-02 E_h, ewmean=-2.1750687322360465 E_h, ewvar=3.8455733422854480e-07 E_h^2, ewstd=6.2012686946184229e-04 E_h, pmove=0.54448242
I0514 17:09:49.149062 137054315607872 train.py:1104] Step 00668000: energy=-2.1759206070200996 E_h, variance=2.7225870541275816e-03 E_h^2, std=5.2178415596179056e-02 E_h, ewmean=-2.1750169942187969 E_h, ewvar=1.9792258897350614e-07 E_h^2, ewstd=4.4488491654978159e-04 E_h, pmove=0.55061035
I0514 17:14:40.071127 137054315607872 train.py:1104] Step 00669000: energy=-2.1750797628942089 E_h, variance=4.2170796379600541e-04 E_h^2, std=2.0535529304013700e-02 E_h, ewmean=-2.1750575849418849 E_h, ewvar=3.3724377650512191e-07 E_h^2, ewstd=5.8072693798817525e-04 E_h, pmove=0.55102539
I0514 17:19:30.622865 137054315607872 train.py:1049] Timing step 00670000: block_iters=10000, block_time=2907.914722 s, sec/iter=0.2907914722, iter/s=3.438890, elapsed=194822.669143 s
I0514 17:19:30.915629 137054315607872 train.py:1104] Step 00670000: energy=-2.1747308620300072 E_h, variance=3.2913835009668724e-05 E_h^2, std=5.7370580448230365e-03 E_h, ewmean=-2.1749689343567651 E_h, ewvar=1.2526964161072688e-07 E_h^2, ewstd=3.5393451599233282e-04 E_h, pmove=0.54401855
I0514 17:24:21.740839 137054315607872 train.py:1104] Step 00671000: energy=-2.1750108989777557 E_h, variance=1.2486823586459363e-04 E_h^2, std=1.1174445662519177e-02 E_h, ewmean=-2.1751714216688560 E_h, ewvar=3.1391832077508770e-07 E_h^2, ewstd=5.6028414289098678e-04 E_h, pmove=0.54570313
I0514 17:29:12.542222 137054315607872 train.py:1104] Step 00672000: energy=-2.1752472181077001 E_h, variance=9.1661809756959011e-04 E_h^2, std=3.0275701438110234e-02 E_h, ewmean=-2.1749263425899983 E_h, ewvar=1.1226317388744148e-07 E_h^2, ewstd=3.3505697110706631e-04 E_h, pmove=0.55007324
I0514 17:34:03.357193 137054315607872 train.py:1104] Step 00673000: energy=-2.1744396396398473 E_h, variance=8.5096490318155082e-05 E_h^2, std=9.2247758952808765e-03 E_h, ewmean=-2.1749048774837059 E_h, ewvar=1.1175835093249754e-07 E_h^2, ewstd=3.3430278331551106e-04 E_h, pmove=0.54833984
I0514 17:38:54.167536 137054315607872 train.py:1104] Step 00674000: energy=-2.1747495641339687 E_h, variance=7.4057493537635564e-05 E_h^2, std=8.6056663622078432e-03 E_h, ewmean=-2.1749226439925415 E_h, ewvar=2.5549771738006952e-07 E_h^2, ewstd=5.0546782032100666e-04 E_h, pmove=0.54941406
I0514 17:43:44.987682 137054315607872 train.py:1104] Step 00675000: energy=-2.1748522445885068 E_h, variance=1.0776912322850844e-04 E_h^2, std=1.0381190838651818e-02 E_h, ewmean=-2.1750722975508903 E_h, ewvar=1.5701678248493177e-07 E_h^2, ewstd=3.9625343214277876e-04 E_h, pmove=0.54902344
I0514 17:48:35.812164 137054315607872 train.py:1104] Step 00676000: energy=-2.1751864769273750 E_h, variance=1.0258607817234078e-03 E_h^2, std=3.2029061517993430e-02 E_h, ewmean=-2.1749391014213066 E_h, ewvar=6.3994631726597432e-08 E_h^2, ewstd=2.5297160260906248e-04 E_h, pmove=0.54807129
I0514 17:53:26.718674 137054315607872 train.py:1104] Step 00677000: energy=-2.1746384492535484 E_h, variance=6.0471509853079607e-05 E_h^2, std=7.7763429613848445e-03 E_h, ewmean=-2.1754453733304921 E_h, ewvar=8.7186308366725421e-07 E_h^2, ewstd=9.3373608887482450e-04 E_h, pmove=0.54484863
I0514 17:58:17.623579 137054315607872 train.py:1104] Step 00678000: energy=-2.1747974211984671 E_h, variance=9.0775244675020381e-05 E_h^2, std=9.5276043513057556e-03 E_h, ewmean=-2.1751477729316280 E_h, ewvar=3.3741637004288478e-07 E_h^2, ewstd=5.8087552026478515e-04 E_h, pmove=0.54472656
I0514 18:03:08.476463 137054315607872 train.py:1104] Step 00679000: energy=-2.1746140218313954 E_h, variance=4.4070689159681711e-05 E_h^2, std=6.6385758382112130e-03 E_h, ewmean=-2.1748480984763714 E_h, ewvar=6.2064853886298486e-08 E_h^2, ewstd=2.4912818765908141e-04 E_h, pmove=0.54753418
I0514 18:07:59.021553 137054315607872 train.py:1049] Timing step 00680000: block_iters=10000, block_time=2908.398733 s, sec/iter=0.2908398733, iter/s=3.438318, elapsed=197731.067877 s
I0514 18:07:59.314502 137054315607872 train.py:1104] Step 00680000: energy=-2.1749909210449525 E_h, variance=1.1899201454387919e-04 E_h^2, std=1.0908346095714014e-02 E_h, ewmean=-2.1750116862144320 E_h, ewvar=2.8303151795672669e-07 E_h^2, ewstd=5.3200706570188212e-04 E_h, pmove=0.55124512
I0514 18:12:34.435904 137054315607872 checkpoint.py:124] Saving checkpoint /home/sjtu/PyQMC/Ferminet/checkpoints_ferminet_x64_atoms/He_triplet/qmcjax_ckpt_680946.npz
I0514 18:12:50.197097 137054315607872 train.py:1104] Step 00681000: energy=-2.1746615822922242 E_h, variance=3.3641082428881319e-05 E_h^2, std=5.8000933120839803e-03 E_h, ewmean=-2.1750343165840258 E_h, ewvar=2.6903993044370168e-07 E_h^2, ewstd=5.1869059220666580e-04 E_h, pmove=0.54560547
I0514 18:17:41.021544 137054315607872 train.py:1104] Step 00682000: energy=-2.1749776550463578 E_h, variance=2.6451976878253840e-04 E_h^2, std=1.6264063722899586e-02 E_h, ewmean=-2.1752766782919073 E_h, ewvar=6.4264635619371031e-07 E_h^2, ewstd=8.0165226638094793e-04 E_h, pmove=0.55063477
I0514 18:22:31.835718 137054315607872 train.py:1104] Step 00683000: energy=-2.1752661418341672 E_h, variance=3.7699379800205848e-04 E_h^2, std=1.9416328128718324e-02 E_h, ewmean=-2.1749142272212767 E_h, ewvar=7.9412012257372311e-08 E_h^2, ewstd=2.8180137021911782e-04 E_h, pmove=0.54777832
I0514 18:27:23.016152 137054315607872 train.py:1104] Step 00684000: energy=-2.1746253881790465 E_h, variance=2.7935073874617587e-05 E_h^2, std=5.2853641193977910e-03 E_h, ewmean=-2.1750385419856575 E_h, ewvar=9.0620202681860694e-08 E_h^2, ewstd=3.0103189645261960e-04 E_h, pmove=0.54355469
I0514 18:32:14.264928 137054315607872 train.py:1104] Step 00685000: energy=-2.1750116661752896 E_h, variance=5.3705364693798399e-04 E_h^2, std=2.3174417941730144e-02 E_h, ewmean=-2.1752385008150315 E_h, ewvar=2.6463330758063509e-07 E_h^2, ewstd=5.1442522059152106e-04 E_h, pmove=0.55275879
I0514 18:37:05.467892 137054315607872 train.py:1104] Step 00686000: energy=-2.1752919769700325 E_h, variance=1.0835482906321986e-03 E_h^2, std=3.2917294704033602e-02 E_h, ewmean=-2.1750213626865138 E_h, ewvar=1.8149150288828140e-07 E_h^2, ewstd=4.2601819548967790e-04 E_h, pmove=0.54687500
I0514 18:41:56.623937 137054315607872 train.py:1104] Step 00687000: energy=-2.1744822594493360 E_h, variance=8.4123280685194496e-05 E_h^2, std=9.1718744368419307e-03 E_h, ewmean=-2.1748515696531245 E_h, ewvar=7.5113705236050820e-08 E_h^2, ewstd=2.7406879653848012e-04 E_h, pmove=0.54995117
I0514 18:46:47.819236 137054315607872 train.py:1104] Step 00688000: energy=-2.1748168276433453 E_h, variance=9.0834522281438805e-05 E_h^2, std=9.5307146784193893e-03 E_h, ewmean=-2.1749483492303363 E_h, ewvar=1.5136101619948439e-07 E_h^2, ewstd=3.8905143130373444e-04 E_h, pmove=0.54924316
I0514 18:51:38.989620 137054315607872 train.py:1104] Step 00689000: energy=-2.1748436224051790 E_h, variance=8.2558725646916610e-05 E_h^2, std=9.0861832276768785e-03 E_h, ewmean=-2.1748380457433942 E_h, ewvar=5.0276763939534452e-08 E_h^2, ewstd=2.2422480669973707e-04 E_h, pmove=0.55187988
I0514 18:56:29.870683 137054315607872 train.py:1049] Timing step 00690000: block_iters=10000, block_time=2910.849146 s, sec/iter=0.2910849146, iter/s=3.435424, elapsed=200641.917023 s
I0514 18:56:30.163387 137054315607872 train.py:1104] Step 00690000: energy=-2.1753180804513450 E_h, variance=4.1185593814000235e-04 E_h^2, std=2.0294234110702535e-02 E_h, ewmean=-2.1750017767829117 E_h, ewvar=1.7159284176557781e-07 E_h^2, ewstd=4.1423766338368823e-04 E_h, pmove=0.54956055
I0514 19:01:21.392433 137054315607872 train.py:1104] Step 00691000: energy=-2.1745941411890328 E_h, variance=3.3364810660103194e-05 E_h^2, std=5.7762280651047007e-03 E_h, ewmean=-2.1749647031010402 E_h, ewvar=8.5129913024653368e-08 E_h^2, ewstd=2.9177030867559735e-04 E_h, pmove=0.54382324
I0514 19:06:12.635304 137054315607872 train.py:1104] Step 00692000: energy=-2.1747166822235977 E_h, variance=5.1862915186825872e-05 E_h^2, std=7.2015911566004542e-03 E_h, ewmean=-2.1749832275665888 E_h, ewvar=1.6953967060771863e-07 E_h^2, ewstd=4.1175195276734101e-04 E_h, pmove=0.54482422
I0514 19:11:03.869391 137054315607872 train.py:1104] Step 00693000: energy=-2.1749534713911105 E_h, variance=5.1028232307391693e-04 E_h^2, std=2.2589429454369071e-02 E_h, ewmean=-2.1749159431741454 E_h, ewvar=6.2845055893085393e-08 E_h^2, ewstd=2.5068916189792769e-04 E_h, pmove=0.54174805
I0514 19:15:55.108572 137054315607872 train.py:1104] Step 00694000: energy=-2.1740149794541228 E_h, variance=1.8388683780393284e-03 E_h^2, std=4.2882028613853242e-02 E_h, ewmean=-2.1749052671856828 E_h, ewvar=1.6487644342079421e-07 E_h^2, ewstd=4.0604980411372473e-04 E_h, pmove=0.54702148
I0514 19:20:46.314991 137054315607872 train.py:1104] Step 00695000: energy=-2.1783810772874990 E_h, variance=5.0091359673134342e-02 E_h^2, std=2.2381099095695534e-01 E_h, ewmean=-2.1758411226428471 E_h, ewvar=2.6687029835550419e-06 E_h^2, ewstd=1.6336165350396776e-03 E_h, pmove=0.54746094
I0514 19:25:37.525320 137054315607872 train.py:1104] Step 00696000: energy=-2.1759430939248570 E_h, variance=3.3424181837113818e-03 E_h^2, std=5.7813650496326398e-02 E_h, ewmean=-2.1752350643600304 E_h, ewvar=3.7827904175193151e-07 E_h^2, ewstd=6.1504393481436070e-04 E_h, pmove=0.54907227
I0514 19:30:28.737400 137054315607872 train.py:1104] Step 00697000: energy=-2.1771046971884536 E_h, variance=1.4857623166871030e-02 E_h^2, std=1.2189185028897966e-01 E_h, ewmean=-2.1751114113360699 E_h, ewvar=5.3020189789765865e-07 E_h^2, ewstd=7.2814963977032817e-04 E_h, pmove=0.54042969
I0514 19:35:19.938313 137054315607872 train.py:1104] Step 00698000: energy=-2.1745160309507492 E_h, variance=5.6091672859150100e-05 E_h^2, std=7.4894374194027485e-03 E_h, ewmean=-2.1749317235362118 E_h, ewvar=9.2568462234937353e-08 E_h^2, ewstd=3.0425065691784027e-04 E_h, pmove=0.54572754
I0514 19:40:11.106232 137054315607872 train.py:1104] Step 00699000: energy=-2.1747681930284086 E_h, variance=5.1346708361858095e-05 E_h^2, std=7.1656617532408059e-03 E_h, ewmean=-2.1751147638392907 E_h, ewvar=4.4182377468407847e-07 E_h^2, ewstd=6.6469825837298417e-04 E_h, pmove=0.55124512
I0514 19:45:02.014421 137054315607872 train.py:1049] Timing step 00700000: block_iters=10000, block_time=2912.143741 s, sec/iter=0.2912143741, iter/s=3.433896, elapsed=203554.060764 s
I0514 19:45:02.307263 137054315607872 train.py:1104] Step 00700000: energy=-2.1749006322685567 E_h, variance=9.3034673839983842e-05 E_h^2, std=9.6454483483135109e-03 E_h, ewmean=-2.1749213433661043 E_h, ewvar=9.4923955021046127e-08 E_h^2, ewstd=3.0809731420615487e-04 E_h, pmove=0.55024414
I0514 19:49:53.468082 137054315607872 train.py:1104] Step 00701000: energy=-2.1754897927974279 E_h, variance=1.6804147289425121e-03 E_h^2, std=4.0992861926712462e-02 E_h, ewmean=-2.1751523434563085 E_h, ewvar=2.1365149948923071e-07 E_h^2, ewstd=4.6222451199523236e-04 E_h, pmove=0.54558105
I0514 19:52:34.767047 137054315607872 checkpoint.py:124] Saving checkpoint /home/sjtu/PyQMC/Ferminet/checkpoints_ferminet_x64_atoms/He_triplet/qmcjax_ckpt_701554.npz
I0514 19:54:44.678265 137054315607872 train.py:1104] Step 00702000: energy=-2.1748099983868387 E_h, variance=6.1751274316674734e-05 E_h^2, std=7.8581979051608724e-03 E_h, ewmean=-2.1747868020109991 E_h, ewvar=6.3283474824005877e-08 E_h^2, ewstd=2.5156206952560613e-04 E_h, pmove=0.54943848
I0514 19:59:35.810694 137054315607872 train.py:1104] Step 00703000: energy=-2.1748270781560142 E_h, variance=9.0425868365567674e-05 E_h^2, std=9.5092517247976818e-03 E_h, ewmean=-2.1750432532684103 E_h, ewvar=1.9930650064166013e-07 E_h^2, ewstd=4.4643756634232758e-04 E_h, pmove=0.54899902
I0514 20:04:27.003676 137054315607872 train.py:1104] Step 00704000: energy=-2.1746419441285330 E_h, variance=9.0935910804616009e-05 E_h^2, std=9.5360322359257996e-03 E_h, ewmean=-2.1749108357988800 E_h, ewvar=1.3818500072931764e-07 E_h^2, ewstd=3.7173243163506417e-04 E_h, pmove=0.54638672
I0514 20:09:18.214547 137054315607872 train.py:1104] Step 00705000: energy=-2.1745775300306862 E_h, variance=3.7890079621341683e-05 E_h^2, std=6.1554918261128152e-03 E_h, ewmean=-2.1749435679771953 E_h, ewvar=2.1259365928281095e-07 E_h^2, ewstd=4.6107879942891642e-04 E_h, pmove=0.55197754
I0514 20:14:09.398564 137054315607872 train.py:1104] Step 00706000: energy=-2.1749612574685186 E_h, variance=1.0349033738923040e-03 E_h^2, std=3.2169914110738683e-02 E_h, ewmean=-2.1752964851585292 E_h, ewvar=1.0987942990624404e-06 E_h^2, ewstd=1.0482338952077634e-03 E_h, pmove=0.54943848
I0514 20:19:00.538262 137054315607872 train.py:1104] Step 00707000: energy=-2.1746368560947089 E_h, variance=7.1754349663493002e-05 E_h^2, std=8.4707939216754052e-03 E_h, ewmean=-2.1750619030469416 E_h, ewvar=2.8583898207807493e-07 E_h^2, ewstd=5.3463911386848132e-04 E_h, pmove=0.54921875
I0514 20:23:51.675160 137054315607872 train.py:1104] Step 00708000: energy=-2.1746610770845320 E_h, variance=3.3993146870781783e-05 E_h^2, std=5.8303642142478358e-03 E_h, ewmean=-2.1751285766915629 E_h, ewvar=5.4797262110805195e-07 E_h^2, ewstd=7.4025172820335378e-04 E_h, pmove=0.55097656
I0514 20:28:42.823354 137054315607872 train.py:1104] Step 00709000: energy=-2.1749264323272399 E_h, variance=1.4542720758907709e-04 E_h^2, std=1.2059320361822929e-02 E_h, ewmean=-2.1750028682006270 E_h, ewvar=3.1371985364906274e-07 E_h^2, ewstd=5.6010700196396643e-04 E_h, pmove=0.54975586
I0514 20:33:33.676335 137054315607872 train.py:1049] Timing step 00710000: block_iters=10000, block_time=2911.661907 s, sec/iter=0.2911661907, iter/s=3.434465, elapsed=206465.722671 s
I0514 20:33:33.969161 137054315607872 train.py:1104] Step 00710000: energy=-2.1749801774623010 E_h, variance=1.7953402866835357e-04 E_h^2, std=1.3399030885416810e-02 E_h, ewmean=-2.1751919330734175 E_h, ewvar=3.2155918313250637e-07 E_h^2, ewstd=5.6706188651019945e-04 E_h, pmove=0.54807129
I0514 20:38:25.125838 137054315607872 train.py:1104] Step 00711000: energy=-2.1748061460732027 E_h, variance=3.7914530809741591e-04 E_h^2, std=1.9471653964093956e-02 E_h, ewmean=-2.1749035285834477 E_h, ewvar=1.2204703135679846e-07 E_h^2, ewstd=3.4935230263560374e-04 E_h, pmove=0.54821777
I0514 20:43:16.273248 137054315607872 train.py:1104] Step 00712000: energy=-2.1746393512725417 E_h, variance=2.6004003888138164e-05 E_h^2, std=5.0994121120123406e-03 E_h, ewmean=-2.1750045324559184 E_h, ewvar=3.3059582392523240e-07 E_h^2, ewstd=5.7497462894047112e-04 E_h, pmove=0.54367676
I0514 20:48:07.405816 137054315607872 train.py:1104] Step 00713000: energy=-2.1746779575495210 E_h, variance=3.5782643316033437e-05 E_h^2, std=5.9818595199179862e-03 E_h, ewmean=-2.1750043593679891 E_h, ewvar=1.0144342139843068e-07 E_h^2, ewstd=3.1850183892472375e-04 E_h, pmove=0.54682617
I0514 20:52:58.590864 137054315607872 train.py:1104] Step 00714000: energy=-2.1746717085434266 E_h, variance=7.6194265399291285e-05 E_h^2, std=8.7289326609437928e-03 E_h, ewmean=-2.1748365467590771 E_h, ewvar=9.4804027437293714e-08 E_h^2, ewstd=3.0790262655146954e-04 E_h, pmove=0.54655762
I0514 20:57:49.735226 137054315607872 train.py:1104] Step 00715000: energy=-2.1749322406246474 E_h, variance=7.9754408225377515e-04 E_h^2, std=2.8240822974087976e-02 E_h, ewmean=-2.1750526349904860 E_h, ewvar=1.8802517589994386e-07 E_h^2, ewstd=4.3361869874342812e-04 E_h, pmove=0.55166016
I0514 21:02:40.874368 137054315607872 train.py:1104] Step 00716000: energy=-2.1754899430753669 E_h, variance=1.1115336576839844e-03 E_h^2, std=3.3339670929449561e-02 E_h, ewmean=-2.1750243529344226 E_h, ewvar=2.9518829439894923e-07 E_h^2, ewstd=5.4331233595322423e-04 E_h, pmove=0.54523926
I0514 21:07:32.028791 137054315607872 train.py:1104] Step 00717000: energy=-2.1750172519288098 E_h, variance=2.5765153569442352e-04 E_h^2, std=1.6051527519037666e-02 E_h, ewmean=-2.1751136208609085 E_h, ewvar=2.1582541794373459e-07 E_h^2, ewstd=4.6457014319016950e-04 E_h, pmove=0.54741211
I0514 21:12:23.173796 137054315607872 train.py:1104] Step 00718000: energy=-2.1746767920497510 E_h, variance=7.4835281131944341e-05 E_h^2, std=8.6507387622066327e-03 E_h, ewmean=-2.1750333871246057 E_h, ewvar=1.6490769631554009e-07 E_h^2, ewstd=4.0608828635598453e-04 E_h, pmove=0.55048828
I0514 21:17:14.327966 137054315607872 train.py:1104] Step 00719000: energy=-2.1745896528971471 E_h, variance=4.6430415927640658e-05 E_h^2, std=6.8139867865766113e-03 E_h, ewmean=-2.1752562647662748 E_h, ewvar=6.1293877116035797e-07 E_h^2, ewstd=7.8290406255195663e-04 E_h, pmove=0.55222168
I0514 21:22:05.193270 137054315607872 train.py:1049] Timing step 00720000: block_iters=10000, block_time=2911.516940 s, sec/iter=0.2911516940, iter/s=3.434636, elapsed=209377.239611 s
I0514 21:22:05.486100 137054315607872 train.py:1104] Step 00720000: energy=-2.1748535318810416 E_h, variance=1.7297601291273125e-04 E_h^2, std=1.3152034554118661e-02 E_h, ewmean=-2.1750712556812033 E_h, ewvar=1.6470776420130660e-07 E_h^2, ewstd=4.0584204341259005e-04 E_h, pmove=0.54873047
I0514 21:26:56.655793 137054315607872 train.py:1104] Step 00721000: energy=-2.1746743690197192 E_h, variance=3.1295686001769609e-05 E_h^2, std=5.5942547315768172e-03 E_h, ewmean=-2.1749581886568956 E_h, ewvar=1.0106600453541454e-07 E_h^2, ewstd=3.1790879908460311e-04 E_h, pmove=0.55012207
I0514 21:31:47.809390 137054315607872 train.py:1104] Step 00722000: energy=-2.1748892618065367 E_h, variance=3.5447166665093983e-04 E_h^2, std=1.8827417949653633e-02 E_h, ewmean=-2.1751644077217955 E_h, ewvar=3.0897694355999146e-07 E_h^2, ewstd=5.5585694522960799e-04 E_h, pmove=0.54523926
I0514 21:32:34.981648 137054315607872 checkpoint.py:124] Saving checkpoint /home/sjtu/PyQMC/Ferminet/checkpoints_ferminet_x64_atoms/He_triplet/qmcjax_ckpt_722162.npz
I0514 21:36:39.045268 137054315607872 train.py:1104] Step 00723000: energy=-2.1747855153284417 E_h, variance=8.6653707938694102e-05 E_h^2, std=9.3087973411549833e-03 E_h, ewmean=-2.1751218650676800 E_h, ewvar=2.9850737304973718e-07 E_h^2, ewstd=5.4635828267697855e-04 E_h, pmove=0.54870605
I0514 21:41:30.280590 137054315607872 train.py:1104] Step 00724000: energy=-2.1748789858347042 E_h, variance=3.9091249671307517e-04 E_h^2, std=1.9771507193764342e-02 E_h, ewmean=-2.1751129504656581 E_h, ewvar=1.5502854397569901e-07 E_h^2, ewstd=3.9373664291719030e-04 E_h, pmove=0.54736328
I0514 21:46:21.551100 137054315607872 train.py:1104] Step 00725000: energy=-2.1748763573059846 E_h, variance=9.7824168631772870e-05 E_h^2, std=9.8906101243438401e-03 E_h, ewmean=-2.1750447801766524 E_h, ewvar=3.4449455937465988e-07 E_h^2, ewstd=5.8693658888730039e-04 E_h, pmove=0.54482422
I0514 21:51:12.826179 137054315607872 train.py:1104] Step 00726000: energy=-2.1754701503066833 E_h, variance=7.0794683629874617e-04 E_h^2, std=2.6607270365423548e-02 E_h, ewmean=-2.1751169272514046 E_h, ewvar=6.9280214215435640e-07 E_h^2, ewstd=8.3234736868350613e-04 E_h, pmove=0.54731445
I0514 21:56:03.959180 137054315607872 train.py:1104] Step 00727000: energy=-2.1747030534746532 E_h, variance=8.8155143771504846e-05 E_h^2, std=9.3890970690213259e-03 E_h, ewmean=-2.1749538059548512 E_h, ewvar=8.8573484070795070e-08 E_h^2, ewstd=2.9761297698654721e-04 E_h, pmove=0.54360352
I0514 22:00:55.124360 137054315607872 train.py:1104] Step 00728000: energy=-2.1757288840392217 E_h, variance=2.1752199707119773e-03 E_h^2, std=4.6639253539395090e-02 E_h, ewmean=-2.1753420575680336 E_h, ewvar=5.5282074008880567e-07 E_h^2, ewstd=7.4351915919417010e-04 E_h, pmove=0.54597168
I0514 22:05:46.280915 137054315607872 train.py:1104] Step 00729000: energy=-2.1748328457447803 E_h, variance=2.8138757097086050e-05 E_h^2, std=5.3045977318818488e-03 E_h, ewmean=-2.1749311478338669 E_h, ewvar=1.9462375904358925e-07 E_h^2, ewstd=4.4116182863388040e-04 E_h, pmove=0.54309082
I0514 22:10:37.156376 137054315607872 train.py:1049] Timing step 00730000: block_iters=10000, block_time=2911.963102 s, sec/iter=0.2911963102, iter/s=3.434109, elapsed=212289.202713 s
I0514 22:10:37.449277 137054315607872 train.py:1104] Step 00730000: energy=-2.1747543116687691 E_h, variance=6.5546565618206500e-05 E_h^2, std=8.0960833504977268e-03 E_h, ewmean=-2.1752640585060035 E_h, ewvar=3.0483335805590843e-07 E_h^2, ewstd=5.5211715971875794e-04 E_h, pmove=0.55036621
I0514 22:15:28.604028 137054315607872 train.py:1104] Step 00731000: energy=-2.1749090217944831 E_h, variance=7.1957242109189714e-05 E_h^2, std=8.4827614671868327e-03 E_h, ewmean=-2.1750472832006320 E_h, ewvar=2.2567789807271346e-07 E_h^2, ewstd=4.7505567891849629e-04 E_h, pmove=0.54895020
I0514 22:20:19.748853 137054315607872 train.py:1104] Step 00732000: energy=-2.1749176677900586 E_h, variance=1.0847162872935085e-04 E_h^2, std=1.0414971374389410e-02 E_h, ewmean=-2.1749635531850307 E_h, ewvar=8.5780202521893166e-08 E_h^2, ewstd=2.9288257462999257e-04 E_h, pmove=0.54387207
I0514 22:25:10.882920 137054315607872 train.py:1104] Step 00733000: energy=-2.1747114114104495 E_h, variance=7.8530481982307169e-05 E_h^2, std=8.8617426041556393e-03 E_h, ewmean=-2.1749799350294539 E_h, ewvar=2.1383432185070574e-07 E_h^2, ewstd=4.6242223330059047e-04 E_h, pmove=0.54392090
I0514 22:30:02.025083 137054315607872 train.py:1104] Step 00734000: energy=-2.1751933298505923 E_h, variance=7.8736878320279720e-04 E_h^2, std=2.8060092359128066e-02 E_h, ewmean=-2.1751100503307459 E_h, ewvar=3.5352605965902299e-07 E_h^2, ewstd=5.9458057457254941e-04 E_h, pmove=0.54870605
I0514 22:34:53.175934 137054315607872 train.py:1104] Step 00735000: energy=-2.1746967748630963 E_h, variance=3.4532485765100982e-05 E_h^2, std=5.8764347835316769e-03 E_h, ewmean=-2.1750842673736481 E_h, ewvar=2.2787431875559120e-07 E_h^2, ewstd=4.7736183211018369e-04 E_h, pmove=0.54755859
I0514 22:39:44.355926 137054315607872 train.py:1104] Step 00736000: energy=-2.1746405978663064 E_h, variance=2.7400529004014329e-05 E_h^2, std=5.2345514615881206e-03 E_h, ewmean=-2.1749780476880947 E_h, ewvar=3.0932237574957334e-07 E_h^2, ewstd=5.5616757883714628e-04 E_h, pmove=0.54697266
I0514 22:44:35.492584 137054315607872 train.py:1104] Step 00737000: energy=-2.1749076308249222 E_h, variance=1.8174382075879412e-04 E_h^2, std=1.3481239585393998e-02 E_h, ewmean=-2.1748888561144546 E_h, ewvar=8.4591548874482237e-08 E_h^2, ewstd=2.9084626329812499e-04 E_h, pmove=0.54465332
I0514 22:49:26.698979 137054315607872 train.py:1104] Step 00738000: energy=-2.1753643759408900 E_h, variance=1.3888373730275034e-03 E_h^2, std=3.7267108460779505e-02 E_h, ewmean=-2.1750049523381620 E_h, ewvar=1.1673104640866821e-07 E_h^2, ewstd=3.4165925482660092e-04 E_h, pmove=0.54267578
I0514 22:54:17.922798 137054315607872 train.py:1104] Step 00739000: energy=-2.1749768458472207 E_h, variance=1.7166642103701217e-04 E_h^2, std=1.3102153297722179e-02 E_h, ewmean=-2.1749515978370821 E_h, ewvar=1.6419160827502464e-07 E_h^2, ewstd=4.0520563702276484e-04 E_h, pmove=0.54450684
I0514 22:59:08.869942 137054315607872 train.py:1049] Timing step 00740000: block_iters=10000, block_time=2911.713553 s, sec/iter=0.2911713553, iter/s=3.434404, elapsed=215200.916266 s
I0514 22:59:09.163420 137054315607872 train.py:1104] Step 00740000: energy=-2.1746241534269668 E_h, variance=1.0422047751734985e-04 E_h^2, std=1.0208843103767922e-02 E_h, ewmean=-2.1750966262988896 E_h, ewvar=6.1856748210997017e-07 E_h^2, ewstd=7.8649061158412453e-04 E_h, pmove=0.54333496
I0514 23:04:00.406455 137054315607872 train.py:1104] Step 00741000: energy=-2.1748620277443642 E_h, variance=6.0937929722454178e-05 E_h^2, std=7.8062750222147679e-03 E_h, ewmean=-2.1749889456795604 E_h, ewvar=1.1842988288586851e-07 E_h^2, ewstd=3.4413643062870938e-04 E_h, pmove=0.54509277
I0514 23:08:51.655886 137054315607872 train.py:1104] Step 00742000: energy=-2.1745756245771077 E_h, variance=2.4534804949208165e-05 E_h^2, std=4.9532620513362876e-03 E_h, ewmean=-2.1750268181153460 E_h, ewvar=1.9174079916250513e-07 E_h^2, ewstd=4.3788217497690531e-04 E_h, pmove=0.55080566
I0514 23:12:35.304142 137054315607872 checkpoint.py:124] Saving checkpoint /home/sjtu/PyQMC/Ferminet/checkpoints_ferminet_x64_atoms/He_triplet/qmcjax_ckpt_742768.npz
I0514 23:13:42.918853 137054315607872 train.py:1104] Step 00743000: energy=-2.1749468218045185 E_h, variance=4.4991337847593286e-04 E_h^2, std=2.1211161648432481e-02 E_h, ewmean=-2.1749920611172144 E_h, ewvar=1.8850117903344890e-07 E_h^2, ewstd=4.3416722473425937e-04 E_h, pmove=0.55161133
I0514 23:18:34.181745 137054315607872 train.py:1104] Step 00744000: energy=-2.1745664284466328 E_h, variance=1.2669906669253664e-04 E_h^2, std=1.1256067994310297e-02 E_h, ewmean=-2.1750164588103948 E_h, ewvar=1.7838554428570022e-07 E_h^2, ewstd=4.2235712884441788e-04 E_h, pmove=0.55239258
I0514 23:23:25.412448 137054315607872 train.py:1104] Step 00745000: energy=-2.1745943484191610 E_h, variance=8.5073185723837436e-05 E_h^2, std=9.2235126564578114e-03 E_h, ewmean=-2.1748907815374752 E_h, ewvar=8.4838697331018526e-08 E_h^2, ewstd=2.9127083158294193e-04 E_h, pmove=0.54812012
I0514 23:28:16.587046 137054315607872 train.py:1104] Step 00746000: energy=-2.1749583465378253 E_h, variance=1.4533454735996080e-04 E_h^2, std=1.2055477898447693e-02 E_h, ewmean=-2.1749657114589898 E_h, ewvar=1.0918072530480920e-07 E_h^2, ewstd=3.3042506760960072e-04 E_h, pmove=0.54880371
I0514 23:33:07.759601 137054315607872 train.py:1104] Step 00747000: energy=-2.1746465620342734 E_h, variance=2.7192829122459389e-05 E_h^2, std=5.2146744023437736e-03 E_h, ewmean=-2.1750482038464982 E_h, ewvar=3.7167354990943630e-07 E_h^2, ewstd=6.0965035053663042e-04 E_h, pmove=0.54301758
I0514 23:37:58.986021 137054315607872 train.py:1104] Step 00748000: energy=-2.1746925901836298 E_h, variance=7.3094034361764575e-05 E_h^2, std=8.5495049191028939e-03 E_h, ewmean=-2.1751664266430337 E_h, ewvar=7.4694389686665519e-07 E_h^2, ewstd=8.6425916070739751e-04 E_h, pmove=0.54997559
I0514 23:42:50.163838 137054315607872 train.py:1104] Step 00749000: energy=-2.1748509238263924 E_h, variance=1.5918711013673028e-04 E_h^2, std=1.2616937430958841e-02 E_h, ewmean=-2.1751927171280148 E_h, ewvar=5.3853511998838256e-07 E_h^2, ewstd=7.3384952135187949e-04 E_h, pmove=0.54711914
I0514 23:47:41.117373 137054315607872 train.py:1049] Timing step 00750000: block_iters=10000, block_time=2912.247410 s, sec/iter=0.2912247410, iter/s=3.433774, elapsed=218113.163676 s
I0514 23:47:41.410606 137054315607872 train.py:1104] Step 00750000: energy=-2.1748200393175736 E_h, variance=1.0536956259252830e-04 E_h^2, std=1.0264967734607269e-02 E_h, ewmean=-2.1750766242280237 E_h, ewvar=1.1728149182273439e-07 E_h^2, ewstd=3.4246385476825785e-04 E_h, pmove=0.54914551
I0514 23:52:32.626343 137054315607872 train.py:1104] Step 00751000: energy=-2.1759321984212345 E_h, variance=3.8713272263484126e-03 E_h^2, std=6.2219990568533619e-02 E_h, ewmean=-2.1751179303200869 E_h, ewvar=3.8864889490142092e-07 E_h^2, ewstd=6.2341711149231454e-04 E_h, pmove=0.54863281
I0514 23:57:23.779662 137054315607872 train.py:1104] Step 00752000: energy=-2.1748021750093303 E_h, variance=1.4133974626966614e-04 E_h^2, std=1.1888639378400968e-02 E_h, ewmean=-2.1751575173295525 E_h, ewvar=6.2891542445195028e-07 E_h^2, ewstd=7.9304188064184241e-04 E_h, pmove=0.54531250
I0515 00:02:14.933661 137054315607872 train.py:1104] Step 00753000: energy=-2.1749757067314990 E_h, variance=2.9600446786775522e-04 E_h^2, std=1.7204780378364475e-02 E_h, ewmean=-2.1749009105927652 E_h, ewvar=9.3211137076414635e-08 E_h^2, ewstd=3.0530499025796260e-04 E_h, pmove=0.55019531
I0515 00:07:06.102456 137054315607872 train.py:1104] Step 00754000: energy=-2.1755744207333541 E_h, variance=2.4557446626069916e-03 E_h^2, std=4.9555470561856149e-02 E_h, ewmean=-2.1750584560235460 E_h, ewvar=2.4103509929513270e-07 E_h^2, ewstd=4.9095325571293718e-04 E_h, pmove=0.54455566
I0515 00:11:57.273304 137054315607872 train.py:1104] Step 00755000: energy=-2.1746262719900269 E_h, variance=7.1787684922349396e-05 E_h^2, std=8.4727613516697962e-03 E_h, ewmean=-2.1749081299395447 E_h, ewvar=1.7268312440350763e-07 E_h^2, ewstd=4.1555159054383086e-04 E_h, pmove=0.54697266
I0515 00:16:48.494034 137054315607872 train.py:1104] Step 00756000: energy=-2.1749084742485527 E_h, variance=3.2032613295337259e-05 E_h^2, std=5.6597361506820496e-03 E_h, ewmean=-2.1750041669052580 E_h, ewvar=1.4429536597122376e-07 E_h^2, ewstd=3.7986229869680906e-04 E_h, pmove=0.55144043
I0515 00:21:39.668716 137054315607872 train.py:1104] Step 00757000: energy=-2.1747731355395525 E_h, variance=7.1766618188189539e-05 E_h^2, std=8.4715180568885971e-03 E_h, ewmean=-2.1749716673845834 E_h, ewvar=1.7521131007753367e-07 E_h^2, ewstd=4.1858250092130424e-04 E_h, pmove=0.54360352
I0515 00:26:30.830566 137054315607872 train.py:1104] Step 00758000: energy=-2.1747174408840575 E_h, variance=6.2728391813587773e-05 E_h^2, std=7.9201257448090912e-03 E_h, ewmean=-2.1747650581152436 E_h, ewvar=3.8079123004613725e-08 E_h^2, ewstd=1.9513872758787203e-04 E_h, pmove=0.55092773
I0515 00:31:21.990500 137054315607872 train.py:1104] Step 00759000: energy=-2.1751495375511190 E_h, variance=6.2284982597526353e-04 E_h^2, std=2.4956959469760405e-02 E_h, ewmean=-2.1751664635739694 E_h, ewvar=1.4320875075810316e-07 E_h^2, ewstd=3.7842932069027523e-04 E_h, pmove=0.55141602
I0515 00:36:12.867886 137054315607872 train.py:1049] Timing step 00760000: block_iters=10000, block_time=2911.750549 s, sec/iter=0.2911750549, iter/s=3.434360, elapsed=221024.914225 s
I0515 00:36:13.160771 137054315607872 train.py:1104] Step 00760000: energy=-2.1746183480215509 E_h, variance=6.8140649439261817e-05 E_h^2, std=8.2547349708674365e-03 E_h, ewmean=-2.1748881309211741 E_h, ewvar=1.1885295164985811e-07 E_h^2, ewstd=3.4475056439382096e-04 E_h, pmove=0.54506836
I0515 00:41:04.328437 137054315607872 train.py:1104] Step 00761000: energy=-2.1749742022009260 E_h, variance=2.4503595499644033e-04 E_h^2, std=1.5653624340594110e-02 E_h, ewmean=-2.1751387021222319 E_h, ewvar=7.6985194490588574e-07 E_h^2, ewstd=8.7741207246417902e-04 E_h, pmove=0.54807129
I0515 00:45:55.478912 137054315607872 train.py:1104] Step 00762000: energy=-2.1754415988320428 E_h, variance=2.8921694585983993e-03 E_h^2, std=5.3778894174186950e-02 E_h, ewmean=-2.1750206215604662 E_h, ewvar=1.7775787296794299e-07 E_h^2, ewstd=4.2161341649423704e-04 E_h, pmove=0.54599609
I0515 00:50:46.626950 137054315607872 train.py:1104] Step 00763000: energy=-2.1753439417064824 E_h, variance=8.8224013875096673e-04 E_h^2, std=2.9702527480855341e-02 E_h, ewmean=-2.1750056455027855 E_h, ewvar=1.1548290548480860e-07 E_h^2, ewstd=3.3982775855543142e-04 E_h, pmove=0.54736328
I0515 00:52:35.532351 137054315607872 checkpoint.py:124] Saving checkpoint /home/sjtu/PyQMC/Ferminet/checkpoints_ferminet_x64_atoms/He_triplet/qmcjax_ckpt_763374.npz
I0515 00:55:37.868893 137054315607872 train.py:1104] Step 00764000: energy=-2.1745235805231218 E_h, variance=1.0282487177365514e-04 E_h^2, std=1.0140259946059329e-02 E_h, ewmean=-2.1750595698325554 E_h, ewvar=2.1857076236724833e-07 E_h^2, ewstd=4.6751552099074566e-04 E_h, pmove=0.54841309
I0515 01:00:29.038003 137054315607872 train.py:1104] Step 00765000: energy=-2.1747842256697147 E_h, variance=2.9874064403839638e-05 E_h^2, std=5.4657171902541424e-03 E_h, ewmean=-2.1749396420575158 E_h, ewvar=1.7603027090634825e-07 E_h^2, ewstd=4.1955961543784008e-04 E_h, pmove=0.54721680
I0515 01:05:20.192317 137054315607872 train.py:1104] Step 00766000: energy=-2.1757833096524197 E_h, variance=2.7193381257288969e-03 E_h^2, std=5.2147273425644194e-02 E_h, ewmean=-2.1751412031734998 E_h, ewvar=9.4545413630943877e-07 E_h^2, ewstd=9.7234465921783037e-04 E_h, pmove=0.54836426
I0515 01:10:11.376484 137054315607872 train.py:1104] Step 00767000: energy=-2.1747945265920468 E_h, variance=1.0971987076953395e-04 E_h^2, std=1.0474725331460199e-02 E_h, ewmean=-2.1751611244474351 E_h, ewvar=4.7914112079926460e-07 E_h^2, ewstd=6.9220020283099063e-04 E_h, pmove=0.54902344
I0515 01:15:02.603574 137054315607872 train.py:1104] Step 00768000: energy=-2.1748910511047059 E_h, variance=3.7242287377079180e-04 E_h^2, std=1.9298260900163823e-02 E_h, ewmean=-2.1750265903345580 E_h, ewvar=2.0575745283842697e-07 E_h^2, ewstd=4.5360495239627505e-04 E_h, pmove=0.54670410
I0515 01:19:53.780946 137054315607872 train.py:1104] Step 00769000: energy=-2.1750251017249442 E_h, variance=5.2199211304929040e-04 E_h^2, std=2.2847146715712453e-02 E_h, ewmean=-2.1752964792429847 E_h, ewvar=2.0530556461826945e-06 E_h^2, ewstd=1.4328487869215978e-03 E_h, pmove=0.54545898
I0515 01:24:44.711707 137054315607872 train.py:1049] Timing step 00770000: block_iters=10000, block_time=2911.843819 s, sec/iter=0.2911843819, iter/s=3.434250, elapsed=223936.758044 s
I0515 01:24:45.004606 137054315607872 train.py:1104] Step 00770000: energy=-2.1756632094709616 E_h, variance=2.5860821102041175e-03 E_h^2, std=5.0853535867273945e-02 E_h, ewmean=-2.1750770386327751 E_h, ewvar=3.0558022743649973e-07 E_h^2, ewstd=5.5279311449809112e-04 E_h, pmove=0.54714355
I0515 01:29:36.205944 137054315607872 train.py:1104] Step 00771000: energy=-2.1750792407715771 E_h, variance=4.7755288665962117e-04 E_h^2, std=2.1852983472734819e-02 E_h, ewmean=-2.1751233501023672 E_h, ewvar=3.9570630694106412e-07 E_h^2, ewstd=6.2905191116557630e-04 E_h, pmove=0.55136719
I0515 01:34:27.386787 137054315607872 train.py:1104] Step 00772000: energy=-2.1754051365991653 E_h, variance=1.1790829447940975e-03 E_h^2, std=3.4337777225587819e-02 E_h, ewmean=-2.1750204315870447 E_h, ewvar=1.1521161251491810e-07 E_h^2, ewstd=3.3942836138855294e-04 E_h, pmove=0.54929199
I0515 01:39:18.542683 137054315607872 train.py:1104] Step 00773000: energy=-2.1751812483162372 E_h, variance=4.4858034103240107e-04 E_h^2, std=2.1179715319909309e-02 E_h, ewmean=-2.1751701945263364 E_h, ewvar=3.0552325120095898e-07 E_h^2, ewstd=5.5274157723203619e-04 E_h, pmove=0.54191895
I0515 01:44:09.688531 137054315607872 train.py:1104] Step 00774000: energy=-2.1745862885746838 E_h, variance=4.2620944829283417e-05 E_h^2, std=6.5284718601892906e-03 E_h, ewmean=-2.1751260604499612 E_h, ewvar=3.2907235472386328e-07 E_h^2, ewstd=5.7364828486090955e-04 E_h, pmove=0.54562988
I0515 01:49:00.847013 137054315607872 train.py:1104] Step 00775000: energy=-2.1753417214926407 E_h, variance=7.7794271116325177e-04 E_h^2, std=2.7891624390903657e-02 E_h, ewmean=-2.1751551278515024 E_h, ewvar=2.1764545439060347e-07 E_h^2, ewstd=4.6652487006654155e-04 E_h, pmove=0.54777832
I0515 01:53:52.021735 137054315607872 train.py:1104] Step 00776000: energy=-2.1748425748213984 E_h, variance=1.1763210946795468e-04 E_h^2, std=1.0845833737797878e-02 E_h, ewmean=-2.1749262923596397 E_h, ewvar=1.3798618464631645e-07 E_h^2, ewstd=3.7146491711373831e-04 E_h, pmove=0.55346680
I0515 01:58:43.192762 137054315607872 train.py:1104] Step 00777000: energy=-2.1754225335216151 E_h, variance=2.3767452853643302e-03 E_h^2, std=4.8751874685639837e-02 E_h, ewmean=-2.1749649594721512 E_h, ewvar=7.5037974866169683e-08 E_h^2, ewstd=2.7393060228125241e-04 E_h, pmove=0.54648438
I0515 02:03:34.379796 137054315607872 train.py:1104] Step 00778000: energy=-2.1746345874979602 E_h, variance=4.7250193595383936e-05 E_h^2, std=6.8738776244114163e-03 E_h, ewmean=-2.1753423513290495 E_h, ewvar=3.3029939697821524e-06 E_h^2, ewstd=1.8174140886936451e-03 E_h, pmove=0.54982910
I0515 02:08:25.593585 137054315607872 train.py:1104] Step 00779000: energy=-2.1747032149174546 E_h, variance=4.7711964866710839e-05 E_h^2, std=6.9073848066189885e-03 E_h, ewmean=-2.1751409921281444 E_h, ewvar=5.2702047705344137e-07 E_h^2, ewstd=7.2596176004899966e-04 E_h, pmove=0.54965820
I0515 02:13:16.552329 137054315607872 train.py:1049] Timing step 00780000: block_iters=10000, block_time=2911.840611 s, sec/iter=0.2911840611, iter/s=3.434254, elapsed=226848.598656 s
I0515 02:13:16.845380 137054315607872 train.py:1104] Step 00780000: energy=-2.1746210977986187 E_h, variance=4.2867355603220713e-05 E_h^2, std=6.5473166719825547e-03 E_h, ewmean=-2.1751512311016601 E_h, ewvar=8.0573755463857172e-07 E_h^2, ewstd=8.9762885127349357e-04 E_h, pmove=0.54851074
I0515 02:18:08.091732 137054315607872 train.py:1104] Step 00781000: energy=-2.1751750898645961 E_h, variance=3.7458179196281713e-04 E_h^2, std=1.9354115633704816e-02 E_h, ewmean=-2.1749423002021246 E_h, ewvar=1.2140612940320024e-07 E_h^2, ewstd=3.4843382356367222e-04 E_h, pmove=0.54973145
I0515 02:22:59.301912 137054315607872 train.py:1104] Step 00782000: energy=-2.1750336502479124 E_h, variance=1.7383518044292975e-04 E_h^2, std=1.3184657008922521e-02 E_h, ewmean=-2.1750184400695711 E_h, ewvar=9.9667038867318930e-08 E_h^2, ewstd=3.1570086928502263e-04 E_h, pmove=0.54750977
I0515 02:27:50.454985 137054315607872 train.py:1104] Step 00783000: energy=-2.1745575485445467 E_h, variance=7.4634696234352523e-05 E_h^2, std=8.6391374705089927e-03 E_h, ewmean=-2.1751751751854163 E_h, ewvar=6.9234676109510923e-07 E_h^2, ewstd=8.3207377142601314e-04 E_h, pmove=0.54956055
I0515 02:32:35.801099 137054315607872 checkpoint.py:124] Saving checkpoint /home/sjtu/PyQMC/Ferminet/checkpoints_ferminet_x64_atoms/He_triplet/qmcjax_ckpt_783980.npz
I0515 02:32:41.679992 137054315607872 train.py:1104] Step 00784000: energy=-2.1748531405951872 E_h, variance=8.1800461362996319e-05 E_h^2, std=9.0443607492733460e-03 E_h, ewmean=-2.1752247952426864 E_h, ewvar=3.3298252740001387e-07 E_h^2, ewstd=5.7704638236454953e-04 E_h, pmove=0.55541992
I0515 02:37:32.833995 137054315607872 train.py:1104] Step 00785000: energy=-2.1746930647863527 E_h, variance=1.6738067040439038e-04 E_h^2, std=1.2937568179700170e-02 E_h, ewmean=-2.1748673310623952 E_h, ewvar=9.3482929467152512e-08 E_h^2, ewstd=3.0574978244825052e-04 E_h, pmove=0.54882812
I0515 02:42:24.051785 137054315607872 train.py:1104] Step 00786000: energy=-2.1748384499995255 E_h, variance=7.1383058221188278e-05 E_h^2, std=8.4488495205671810e-03 E_h, ewmean=-2.1750319280441524 E_h, ewvar=8.1239844220766983e-07 E_h^2, ewstd=9.0133148297819369e-04 E_h, pmove=0.54460449
I0515 02:47:15.262528 137054315607872 train.py:1104] Step 00787000: energy=-2.1751688505311040 E_h, variance=7.1618386782786416e-04 E_h^2, std=2.6761611831649157e-02 E_h, ewmean=-2.1749714812711605 E_h, ewvar=8.8909763708612273e-08 E_h^2, ewstd=2.9817740308181012e-04 E_h, pmove=0.54521484
I0515 02:52:06.434586 137054315607872 train.py:1104] Step 00788000: energy=-2.1748824635180322 E_h, variance=1.9725757091225058e-04 E_h^2, std=1.4044841434215289e-02 E_h, ewmean=-2.1752714075491806 E_h, ewvar=4.9969163180292930e-07 E_h^2, ewstd=7.0688869831319928e-04 E_h, pmove=0.55168457
I0515 02:56:57.616558 137054315607872 train.py:1104] Step 00789000: energy=-2.1748733168511851 E_h, variance=2.9818393898618008e-04 E_h^2, std=1.7268003329458218e-02 E_h, ewmean=-2.1751565533941832 E_h, ewvar=5.2557309740345039e-07 E_h^2, ewstd=7.2496420422214671e-04 E_h, pmove=0.55058594
I0515 03:01:48.461276 137054315607872 train.py:1049] Timing step 00790000: block_iters=10000, block_time=2911.908959 s, sec/iter=0.2911908959, iter/s=3.434173, elapsed=229760.507615 s
I0515 03:01:48.754028 137054315607872 train.py:1104] Step 00790000: energy=-2.1749359259319982 E_h, variance=1.0050566014298506e-04 E_h^2, std=1.0025251126180584e-02 E_h, ewmean=-2.1749883363582057 E_h, ewvar=1.0351651425286576e-07 E_h^2, ewstd=3.2173982385285440e-04 E_h, pmove=0.54396973
I0515 03:06:39.918450 137054315607872 train.py:1104] Step 00791000: energy=-2.1747943375670298 E_h, variance=9.0241549433808853e-05 E_h^2, std=9.4995552229464337e-03 E_h, ewmean=-2.1751816564396176 E_h, ewvar=1.3973018876530354e-06 E_h^2, ewstd=1.1820752461891059e-03 E_h, pmove=0.54782715
I0515 03:11:31.076706 137054315607872 train.py:1104] Step 00792000: energy=-2.1748795640363094 E_h, variance=1.3556376233043820e-04 E_h^2, std=1.1643185231303253e-02 E_h, ewmean=-2.1750441420534372 E_h, ewvar=3.4766806663288207e-07 E_h^2, ewstd=5.8963384115303459e-04 E_h, pmove=0.54926758
I0515 03:16:22.256796 137054315607872 train.py:1104] Step 00793000: energy=-2.1749678812764675 E_h, variance=1.8860456994695192e-04 E_h^2, std=1.3733337902598623e-02 E_h, ewmean=-2.1750530439561606 E_h, ewvar=3.4363563948511809e-07 E_h^2, ewstd=5.8620443489035300e-04 E_h, pmove=0.55075684
I0515 03:21:13.419652 137054315607872 train.py:1104] Step 00794000: energy=-2.1750640670960353 E_h, variance=2.7112810648780364e-04 E_h^2, std=1.6465968130899671e-02 E_h, ewmean=-2.1750215062024623 E_h, ewvar=1.0524958067099709e-07 E_h^2, ewstd=3.2442191767973551e-04 E_h, pmove=0.54611816
I0515 03:26:04.581435 137054315607872 train.py:1104] Step 00795000: energy=-2.1749255296289869 E_h, variance=1.3072001068183741e-04 E_h^2, std=1.1433285209502883e-02 E_h, ewmean=-2.1752730912588936 E_h, ewvar=7.0799533138159326e-07 E_h^2, ewstd=8.4142458448846936e-04 E_h, pmove=0.55039063
I0515 03:30:55.789734 137054315607872 train.py:1104] Step 00796000: energy=-2.1751761739612978 E_h, variance=6.2968200339483238e-04 E_h^2, std=2.5093465352454460e-02 E_h, ewmean=-2.1750376568254319 E_h, ewvar=1.2821590140642936e-07 E_h^2, ewstd=3.5807248066059105e-04 E_h, pmove=0.54948730
I0515 03:35:47.006158 137054315607872 train.py:1104] Step 00797000: energy=-2.1748622071880295 E_h, variance=1.3046457765892216e-04 E_h^2, std=1.1422109159823423e-02 E_h, ewmean=-2.1752493564174826 E_h, ewvar=1.4054153722616203e-06 E_h^2, ewstd=1.1855021603783015e-03 E_h, pmove=0.54956055
I0515 03:40:38.222238 137054315607872 train.py:1104] Step 00798000: energy=-2.1747111538379937 E_h, variance=5.8735958299143556e-05 E_h^2, std=7.6639388240736604e-03 E_h, ewmean=-2.1752019673244258 E_h, ewvar=4.5557506328896163e-07 E_h^2, ewstd=6.7496300883008520e-04 E_h, pmove=0.54750977
I0515 03:45:29.479482 137054315607872 train.py:1104] Step 00799000: energy=-2.1746060059313157 E_h, variance=3.6880808688408650e-05 E_h^2, std=6.0729571617465445e-03 E_h, ewmean=-2.1748320723816681 E_h, ewvar=6.7093006896769199e-08 E_h^2, ewstd=2.5902317830026175e-04 E_h, pmove=0.54482422
I0515 03:50:20.418740 137054315607872 train.py:1049] Timing step 00800000: block_iters=10000, block_time=2911.957459 s, sec/iter=0.2911957459, iter/s=3.434116, elapsed=232672.465074 s
I0515 03:50:20.711858 137054315607872 train.py:1104] Step 00800000: energy=-2.1747140772788933 E_h, variance=8.1586562264142270e-05 E_h^2, std=9.0325280107034413e-03 E_h, ewmean=-2.1749996179284614 E_h, ewvar=7.0164044092906039e-07 E_h^2, ewstd=8.3763980381131628e-04 E_h, pmove=0.54914551
I0515 03:55:11.851334 137054315607872 train.py:1104] Step 00801000: energy=-2.1748499670273964 E_h, variance=2.1514448821516731e-04 E_h^2, std=1.4667804478352147e-02 E_h, ewmean=-2.1748977266001659 E_h, ewvar=2.5567760133220251e-07 E_h^2, ewstd=5.0564572709774040e-04 E_h, pmove=0.55034180
I0515 04:00:03.083147 137054315607872 train.py:1104] Step 00802000: energy=-2.1749741204877737 E_h, variance=1.8604585350930395e-04 E_h^2, std=1.3639862664605680e-02 E_h, ewmean=-2.1750447499239831 E_h, ewvar=3.8130733863966451e-07 E_h^2, ewstd=6.1750088148897772e-04 E_h, pmove=0.55114746
I0515 04:04:54.295368 137054315607872 train.py:1104] Step 00803000: energy=-2.1751321803971111 E_h, variance=6.8818034303335545e-04 E_h^2, std=2.6233191628800247e-02 E_h, ewmean=-2.1751738884423570 E_h, ewvar=3.5587096223443423e-07 E_h^2, ewstd=5.9654921191334607e-04 E_h, pmove=0.54509277
I0515 04:09:45.536897 137054315607872 train.py:1104] Step 00804000: energy=-2.1752531723043305 E_h, variance=8.0043690284097220e-04 E_h^2, std=2.8291993617293430e-02 E_h, ewmean=-2.1750392031938208 E_h, ewvar=3.6814799919721782e-07 E_h^2, ewstd=6.0675200798779218e-04 E_h, pmove=0.55119629
I0515 04:12:35.914920 137054315607872 checkpoint.py:124] Saving checkpoint /home/sjtu/PyQMC/Ferminet/checkpoints_ferminet_x64_atoms/He_triplet/qmcjax_ckpt_804585.npz
I0515 04:14:36.802043 137054315607872 train.py:1104] Step 00805000: energy=-2.1745715890917205 E_h, variance=6.0531260756842050e-05 E_h^2, std=7.7801838510951687e-03 E_h, ewmean=-2.1749678558349252 E_h, ewvar=1.8422817154919397e-07 E_h^2, ewstd=4.2921809322207512e-04 E_h, pmove=0.54624023
I0515 04:19:28.000194 137054315607872 train.py:1104] Step 00806000: energy=-2.1749009289135293 E_h, variance=1.5768714218149661e-04 E_h^2, std=1.2557354107513916e-02 E_h, ewmean=-2.1750773097957450 E_h, ewvar=2.3656493903063400e-07 E_h^2, ewstd=4.8637941879836361e-04 E_h, pmove=0.54724121
I0515 04:24:19.174165 137054315607872 train.py:1104] Step 00807000: energy=-2.1747954018033746 E_h, variance=1.3710273394416134e-04 E_h^2, std=1.1709087664893510e-02 E_h, ewmean=-2.1749478389737926 E_h, ewvar=8.3032414381674917e-08 E_h^2, ewstd=2.8815345630700827e-04 E_h, pmove=0.54763184
I0515 04:29:10.398866 137054315607872 train.py:1104] Step 00808000: energy=-2.1752060354319056 E_h, variance=6.2201188092172641e-04 E_h^2, std=2.4940166016322474e-02 E_h, ewmean=-2.1751911250694085 E_h, ewvar=2.2041582203262665e-07 E_h^2, ewstd=4.6948463450109489e-04 E_h, pmove=0.54753418
I0515 04:34:01.637869 137054315607872 train.py:1104] Step 00809000: energy=-2.1749136041534860 E_h, variance=2.5339544815016553e-04 E_h^2, std=1.5918399673025097e-02 E_h, ewmean=-2.1749924889673937 E_h, ewvar=1.1476193418509548e-07 E_h^2, ewstd=3.3876530841438809e-04 E_h, pmove=0.55021973
I0515 04:38:52.534477 137054315607872 train.py:1049] Timing step 00810000: block_iters=10000, block_time=2912.115703 s, sec/iter=0.2912115703, iter/s=3.433929, elapsed=235584.580778 s
I0515 04:38:52.827642 137054315607872 train.py:1104] Step 00810000: energy=-2.1750163305627868 E_h, variance=2.7801263402686731e-04 E_h^2, std=1.6673710865517229e-02 E_h, ewmean=-2.1749480277538460 E_h, ewvar=1.7984631962149653e-07 E_h^2, ewstd=4.2408291597457277e-04 E_h, pmove=0.54440918
I0515 04:43:43.985432 137054315607872 train.py:1104] Step 00811000: energy=-2.1746539065763226 E_h, variance=4.5400642069802740e-05 E_h^2, std=6.7379998567677884e-03 E_h, ewmean=-2.1750383221687279 E_h, ewvar=1.4077653999529663e-07 E_h^2, ewstd=3.7520199892230937e-04 E_h, pmove=0.54912109
I0515 04:48:35.148192 137054315607872 train.py:1104] Step 00812000: energy=-2.1747055366591725 E_h, variance=1.8626400945117964e-04 E_h^2, std=1.3647857320882998e-02 E_h, ewmean=-2.1749463053105069 E_h, ewvar=9.0875493869951065e-08 E_h^2, ewstd=3.0145562504280967e-04 E_h, pmove=0.54702148
I0515 04:53:26.304206 137054315607872 train.py:1104] Step 00813000: energy=-2.1752513187438871 E_h, variance=8.6353348906238585e-04 E_h^2, std=2.9385940329728872e-02 E_h, ewmean=-2.1750280588623427 E_h, ewvar=2.2010800118160985e-07 E_h^2, ewstd=4.6915669150254037e-04 E_h, pmove=0.55256348
I0515 04:58:17.458147 137054315607872 train.py:1104] Step 00814000: energy=-2.1754486517836074 E_h, variance=7.8081761611658370e-04 E_h^2, std=2.7943113930207989e-02 E_h, ewmean=-2.1749349671803042 E_h, ewvar=2.9109573846128949e-07 E_h^2, ewstd=5.3953288913771464e-04 E_h, pmove=0.54916992
I0515 05:03:08.593534 137054315607872 train.py:1104] Step 00815000: energy=-2.1741607025400995 E_h, variance=3.1586767605019575e-04 E_h^2, std=1.7772666543042881e-02 E_h, ewmean=-2.1747716663025192 E_h, ewvar=8.8974776027680596e-08 E_h^2, ewstd=2.9828639933406385e-04 E_h, pmove=0.54777832
I0515 05:07:59.737688 137054315607872 train.py:1104] Step 00816000: energy=-2.1756854107964250 E_h, variance=3.6269556960837643e-03 E_h^2, std=6.0224211875986922e-02 E_h, ewmean=-2.1751814446307196 E_h, ewvar=1.6783833742708150e-07 E_h^2, ewstd=4.0968077502743708e-04 E_h, pmove=0.55024414
I0515 05:12:50.905786 137054315607872 train.py:1104] Step 00817000: energy=-2.1750106416900414 E_h, variance=5.7778286266685743e-04 E_h^2, std=2.4037114274946928e-02 E_h, ewmean=-2.1750441995082994 E_h, ewvar=1.3771065919376208e-07 E_h^2, ewstd=3.7109386843999740e-04 E_h, pmove=0.55297852
I0515 05:17:42.073690 137054315607872 train.py:1104] Step 00818000: energy=-2.1750319590618590 E_h, variance=4.1199125640829678e-04 E_h^2, std=2.0297567746119159e-02 E_h, ewmean=-2.1750283307515752 E_h, ewvar=1.2390903628583029e-07 E_h^2, ewstd=3.5200715374240660e-04 E_h, pmove=0.54689941
I0515 05:22:33.209098 137054315607872 train.py:1104] Step 00819000: energy=-2.1762267698985034 E_h, variance=3.5213557425011303e-03 E_h^2, std=5.9341012314428294e-02 E_h, ewmean=-2.1750481737388903 E_h, ewvar=2.6850342528584851e-07 E_h^2, ewstd=5.1817316148740139e-04 E_h, pmove=0.54548340
I0515 05:27:24.068792 137054315607872 train.py:1049] Timing step 00820000: block_iters=10000, block_time=2911.534312 s, sec/iter=0.2911534312, iter/s=3.434615, elapsed=238496.115089 s
I0515 05:27:24.362004 137054315607872 train.py:1104] Step 00820000: energy=-2.1750258103001392 E_h, variance=1.7376931626113831e-04 E_h^2, std=1.3182159013649407e-02 E_h, ewmean=-2.1750514405215702 E_h, ewvar=2.3626557568227779e-07 E_h^2, ewstd=4.8607157464953431e-04 E_h, pmove=0.54670410
I0515 05:32:15.511532 137054315607872 train.py:1104] Step 00821000: energy=-2.1749336922536835 E_h, variance=1.9151389519172810e-04 E_h^2, std=1.3838854547675833e-02 E_h, ewmean=-2.1750116951321314 E_h, ewvar=1.8382933456318963e-07 E_h^2, ewstd=4.2875323271456467e-04 E_h, pmove=0.55319824
I0515 05:37:06.643374 137054315607872 train.py:1104] Step 00822000: energy=-2.1754175150340282 E_h, variance=1.9189827411784956e-03 E_h^2, std=4.3806195237414712e-02 E_h, ewmean=-2.1750403281962871 E_h, ewvar=1.2533897236263059e-07 E_h^2, ewstd=3.5403244535300800e-04 E_h, pmove=0.55190430
I0515 05:41:57.802885 137054315607872 train.py:1104] Step 00823000: energy=-2.1753859187593001 E_h, variance=1.7492837714086469e-03 E_h^2, std=4.1824439881588932e-02 E_h, ewmean=-2.1749911456797779 E_h, ewvar=9.7721017115088313e-08 E_h^2, ewstd=3.1260361020802100e-04 E_h, pmove=0.55078125
I0515 05:46:48.967356 137054315607872 train.py:1104] Step 00824000: energy=-2.1748794769809590 E_h, variance=7.5165225346825540e-05 E_h^2, std=8.6697880796952325e-03 E_h, ewmean=-2.1749904731764826 E_h, ewvar=1.7842737778255305e-07 E_h^2, ewstd=4.2240664978495903e-04 E_h, pmove=0.54582520
I0515 05:51:40.181647 137054315607872 train.py:1104] Step 00825000: energy=-2.1752391901159651 E_h, variance=1.1695379038479511e-03 E_h^2, std=3.4198507333624242e-02 E_h, ewmean=-2.1750436199218934 E_h, ewvar=1.6131997042610571e-07 E_h^2, ewstd=4.0164657402510693e-04 E_h, pmove=0.54399414
I0515 05:52:36.085727 137054315607872 checkpoint.py:124] Saving checkpoint /home/sjtu/PyQMC/Ferminet/checkpoints_ferminet_x64_atoms/He_triplet/qmcjax_ckpt_825192.npz
I0515 05:56:31.402390 137054315607872 train.py:1104] Step 00826000: energy=-2.1747194057822541 E_h, variance=4.3373568202162878e-05 E_h^2, std=6.5858612346573839e-03 E_h, ewmean=-2.1748401603889147 E_h, ewvar=1.2231169743495936e-07 E_h^2, ewstd=3.4973089288045368e-04 E_h, pmove=0.55227051
I0515 06:01:22.555021 137054315607872 train.py:1104] Step 00827000: energy=-2.1745174825451832 E_h, variance=3.6032823530044692e-05 E_h^2, std=6.0027346709682818e-03 E_h, ewmean=-2.1750615385600307 E_h, ewvar=2.5897927567450485e-07 E_h^2, ewstd=5.0890006452593902e-04 E_h, pmove=0.54794922
I0515 06:06:13.706991 137054315607872 train.py:1104] Step 00828000: energy=-2.1748806095772473 E_h, variance=1.0699292435006968e-04 E_h^2, std=1.0343738412685700e-02 E_h, ewmean=-2.1750388753900114 E_h, ewvar=1.9194618344111231e-07 E_h^2, ewstd=4.3811663223519866e-04 E_h, pmove=0.54987793
I0515 06:11:04.856260 137054315607872 train.py:1104] Step 00829000: energy=-2.1747470307591272 E_h, variance=1.7720922159743455e-04 E_h^2, std=1.3311995402547079e-02 E_h, ewmean=-2.1751681212988085 E_h, ewvar=4.6856005486316447e-07 E_h^2, ewstd=6.8451446651123773e-04 E_h, pmove=0.54362793
I0515 06:15:55.738806 137054315607872 train.py:1049] Timing step 00830000: block_iters=10000, block_time=2911.670038 s, sec/iter=0.2911670038, iter/s=3.434455, elapsed=241407.785127 s
I0515 06:15:56.031816 137054315607872 train.py:1104] Step 00830000: energy=-2.1749776465365067 E_h, variance=1.8752435903602590e-04 E_h^2, std=1.3693953374976340e-02 E_h, ewmean=-2.1752433083946725 E_h, ewvar=4.9328795378952304e-07 E_h^2, ewstd=7.0234461184629513e-04 E_h, pmove=0.54492188
I0515 06:20:47.204394 137054315607872 train.py:1104] Step 00831000: energy=-2.1748140350361949 E_h, variance=1.0282734427776520e-04 E_h^2, std=1.0140381860549691e-02 E_h, ewmean=-2.1751524711555357 E_h, ewvar=5.5177637821882940e-07 E_h^2, ewstd=7.4281651719575366e-04 E_h, pmove=0.55214844
I0515 06:25:38.369822 137054315607872 train.py:1104] Step 00832000: energy=-2.1757408228802726 E_h, variance=4.4687112749591199e-03 E_h^2, std=6.6848420138093917e-02 E_h, ewmean=-2.1750578466046164 E_h, ewvar=1.9003351037610888e-07 E_h^2, ewstd=4.3592833169697618e-04 E_h, pmove=0.54802246
I0515 06:30:29.537640 137054315607872 train.py:1104] Step 00833000: energy=-2.1749347142956621 E_h, variance=8.7903730748810152e-05 E_h^2, std=9.3756989472150911e-03 E_h, ewmean=-2.1752640463979911 E_h, ewvar=9.8496200425201889e-07 E_h^2, ewstd=9.9245251989806492e-04 E_h, pmove=0.54753418
I0515 06:35:20.699116 137054315607872 train.py:1104] Step 00834000: energy=-2.1749102771377160 E_h, variance=2.7330650573101193e-04 E_h^2, std=1.6531984325271178e-02 E_h, ewmean=-2.1750062609883316 E_h, ewvar=1.6508676677397969e-07 E_h^2, ewstd=4.0630870871048247e-04 E_h, pmove=0.54724121
I0515 06:40:11.862351 137054315607872 train.py:1104] Step 00835000: energy=-2.1750916132965710 E_h, variance=4.4779562465760550e-04 E_h^2, std=2.1161182024112109e-02 E_h, ewmean=-2.1750396911578900 E_h, ewvar=3.1046678998147153e-07 E_h^2, ewstd=5.5719546837844217e-04 E_h, pmove=0.55346680
I0515 06:45:03.032704 137054315607872 train.py:1104] Step 00836000: energy=-2.1753615089509792 E_h, variance=9.1241507615240033e-04 E_h^2, std=3.0206209231752341e-02 E_h, ewmean=-2.1751471713985149 E_h, ewvar=2.0247487029159432e-07 E_h^2, ewstd=4.4997207723545949e-04 E_h, pmove=0.54750977
I0515 06:49:54.192993 137054315607872 train.py:1104] Step 00837000: energy=-2.1747348378575735 E_h, variance=6.0477229657335701e-05 E_h^2, std=7.7767107222357001e-03 E_h, ewmean=-2.1750267591819772 E_h, ewvar=2.7624538502778807e-07 E_h^2, ewstd=5.2559051078552405e-04 E_h, pmove=0.54848633
I0515 06:54:45.349626 137054315607872 train.py:1104] Step 00838000: energy=-2.1756624306328396 E_h, variance=1.4976933818208942e-03 E_h^2, std=3.8700043692751748e-02 E_h, ewmean=-2.1750944783237212 E_h, ewvar=6.5441928340318874e-07 E_h^2, ewstd=8.0896185534497776e-04 E_h, pmove=0.54702148
I0515 06:59:36.515263 137054315607872 train.py:1104] Step 00839000: energy=-2.1748326130787845 E_h, variance=2.6503112199195152e-04 E_h^2, std=1.6279776472419745e-02 E_h, ewmean=-2.1750551202707409 E_h, ewvar=1.4100289668559662e-07 E_h^2, ewstd=3.7550352419863736e-04 E_h, pmove=0.54562988
I0515 07:04:27.393664 137054315607872 train.py:1049] Timing step 00840000: block_iters=10000, block_time=2911.654864 s, sec/iter=0.2911654864, iter/s=3.434473, elapsed=244319.439991 s
I0515 07:04:27.686766 137054315607872 train.py:1104] Step 00840000: energy=-2.1754055519053752 E_h, variance=1.2379308699364832e-03 E_h^2, std=3.5184241784305702e-02 E_h, ewmean=-2.1751403397219384 E_h, ewvar=1.2606098447552692e-07 E_h^2, ewstd=3.5505067874252392e-04 E_h, pmove=0.55383301
I0515 07:09:18.858719 137054315607872 train.py:1104] Step 00841000: energy=-2.1753731713426485 E_h, variance=5.7529321177634250e-04 E_h^2, std=2.3985270725516993e-02 E_h, ewmean=-2.1748913086668402 E_h, ewvar=1.0434371916872233e-07 E_h^2, ewstd=3.2302278428730433e-04 E_h, pmove=0.54494629
I0515 07:14:10.030819 137054315607872 train.py:1104] Step 00842000: energy=-2.1746988380429064 E_h, variance=2.3703950822947340e-05 E_h^2, std=4.8686703341823566e-03 E_h, ewmean=-2.1748770142121430 E_h, ewvar=7.4849464602605788e-08 E_h^2, ewstd=2.7358630192793971e-04 E_h, pmove=0.54750977
I0515 07:19:01.188800 137054315607872 train.py:1104] Step 00843000: energy=-2.1749976845460921 E_h, variance=1.8029929150822723e-04 E_h^2, std=1.3427557168309776e-02 E_h, ewmean=-2.1749895067182985 E_h, ewvar=2.6835995083532540e-07 E_h^2, ewstd=5.1803470041622253e-04 E_h, pmove=0.54592285
I0515 07:23:52.351893 137054315607872 train.py:1104] Step 00844000: energy=-2.1776290796917248 E_h, variance=1.7161352857544086e-02 E_h^2, std=1.3100134677759648e-01 E_h, ewmean=-2.1754480900290738 E_h, ewvar=1.0880276774040200e-06 E_h^2, ewstd=1.0430856519979652e-03 E_h, pmove=0.54846191
I0515 07:28:43.490857 137054315607872 train.py:1104] Step 00845000: energy=-2.1747627767046858 E_h, variance=3.5066065157934372e-05 E_h^2, std=5.9216606756833318e-03 E_h, ewmean=-2.1747822115657374 E_h, ewvar=7.4545671354515365e-08 E_h^2, ewstd=2.7303053190900714e-04 E_h, pmove=0.54594727
I0515 07:32:36.405164 137054315607872 checkpoint.py:124] Saving checkpoint /home/sjtu/PyQMC/Ferminet/checkpoints_ferminet_x64_atoms/He_triplet/qmcjax_ckpt_845800.npz
I0515 07:33:34.695478 137054315607872 train.py:1104] Step 00846000: energy=-2.1751247256725241 E_h, variance=6.5578043754216820e-04 E_h^2, std=2.5608210354145566e-02 E_h, ewmean=-2.1751521080762277 E_h, ewvar=2.4827168123633833e-07 E_h^2, ewstd=4.9826868378048640e-04 E_h, pmove=0.54614258
I0515 07:38:25.826654 137054315607872 train.py:1104] Step 00847000: energy=-2.1758167370502131 E_h, variance=4.0278498172311040e-03 E_h^2, std=6.3465343434279967e-02 E_h, ewmean=-2.1751794008794150 E_h, ewvar=3.5493728475274243e-07 E_h^2, ewstd=5.9576613259964889e-04 E_h, pmove=0.54865723
I0515 07:43:16.984157 137054315607872 train.py:1104] Step 00848000: energy=-2.1751680312460522 E_h, variance=8.8752464267616695e-04 E_h^2, std=2.9791351810150659e-02 E_h, ewmean=-2.1750399051844611 E_h, ewvar=1.4123642524314911e-07 E_h^2, ewstd=3.7581434943752360e-04 E_h, pmove=0.54343262
I0515 07:48:08.125577 137054315607872 train.py:1104] Step 00849000: energy=-2.1746110652565216 E_h, variance=6.7436446496749156e-05 E_h^2, std=8.2119697087086937e-03 E_h, ewmean=-2.1750454056059363 E_h, ewvar=1.6170134990011422e-07 E_h^2, ewstd=4.0212106373592796e-04 E_h, pmove=0.54816895
I0515 07:52:58.991476 137054315607872 train.py:1049] Timing step 00850000: block_iters=10000, block_time=2911.597785 s, sec/iter=0.2911597785, iter/s=3.434540, elapsed=247231.037776 s
I0515 07:52:59.284842 137054315607872 train.py:1104] Step 00850000: energy=-2.1749275278709992 E_h, variance=1.7819421393447518e-04 E_h^2, std=1.3348940554758463e-02 E_h, ewmean=-2.1750918724772412 E_h, ewvar=1.1768123768671801e-07 E_h^2, ewstd=3.4304699049360278e-04 E_h, pmove=0.54719238
I0515 07:57:50.491105 137054315607872 train.py:1104] Step 00851000: energy=-2.1759457800810331 E_h, variance=4.8498647346492804e-03 E_h^2, std=6.9640970230527954e-02 E_h, ewmean=-2.1751613958730380 E_h, ewvar=1.8264919812106802e-07 E_h^2, ewstd=4.2737477478329021e-04 E_h, pmove=0.54648438
I0515 08:02:41.732271 137054315607872 train.py:1104] Step 00852000: energy=-2.1759909212595590 E_h, variance=3.7330233506034194e-03 E_h^2, std=6.1098472571770722e-02 E_h, ewmean=-2.1751395850038668 E_h, ewvar=2.7722730451665364e-07 E_h^2, ewstd=5.2652379292549890e-04 E_h, pmove=0.54787598
I0515 08:07:32.920372 137054315607872 train.py:1104] Step 00853000: energy=-2.1773352197144642 E_h, variance=2.3590630129881558e-02 E_h^2, std=1.5359241560012513e-01 E_h, ewmean=-2.1751746926258804 E_h, ewvar=7.5803974912063779e-07 E_h^2, ewstd=8.7065478182838795e-04 E_h, pmove=0.54782715
I0515 08:12:24.124833 137054315607872 train.py:1104] Step 00854000: energy=-2.1753242769093131 E_h, variance=8.7763514943028464e-04 E_h^2, std=2.9624907585177118e-02 E_h, ewmean=-2.1750603529539636 E_h, ewvar=3.0421297213034633e-07 E_h^2, ewstd=5.5155504904800417e-04 E_h, pmove=0.54699707
I0515 08:17:15.293232 137054315607872 train.py:1104] Step 00855000: energy=-2.1749878876691158 E_h, variance=2.2529899349510408e-04 E_h^2, std=1.5009963141030829e-02 E_h, ewmean=-2.1751604785130274 E_h, ewvar=2.9314395653031965e-07 E_h^2, ewstd=5.4142770203446336e-04 E_h, pmove=0.54301758
I0515 08:22:06.451006 137054315607872 train.py:1104] Step 00856000: energy=-2.1752470520175478 E_h, variance=5.2667535987215345e-04 E_h^2, std=2.2949408704194395e-02 E_h, ewmean=-2.1749542033714171 E_h, ewvar=6.5110785876313772e-08 E_h^2, ewstd=2.5516815215914732e-04 E_h, pmove=0.54577637
I0515 08:26:57.598250 137054315607872 train.py:1104] Step 00857000: energy=-2.1746489456837628 E_h, variance=3.8399924344610723e-05 E_h^2, std=6.1967672495108874e-03 E_h, ewmean=-2.1749905807817540 E_h, ewvar=1.3416805573851236e-07 E_h^2, ewstd=3.6628957907441532e-04 E_h, pmove=0.54394531
I0515 08:31:48.749314 137054315607872 train.py:1104] Step 00858000: energy=-2.1758920839559002 E_h, variance=2.4821672373986714e-03 E_h^2, std=4.9821353227292725e-02 E_h, ewmean=-2.1750485448927090 E_h, ewvar=2.1969254731992191e-07 E_h^2, ewstd=4.6871371573693245e-04 E_h, pmove=0.54916992
I0515 08:36:39.896086 137054315607872 train.py:1104] Step 00859000: energy=-2.1747556437431501 E_h, variance=4.1791279023756479e-05 E_h^2, std=6.4646174692518724e-03 E_h, ewmean=-2.1751093002081077 E_h, ewvar=2.0355067204169840e-07 E_h^2, ewstd=4.5116590301318030e-04 E_h, pmove=0.54895020
I0515 08:41:30.738967 137054315607872 train.py:1049] Timing step 00860000: block_iters=10000, block_time=2911.747491 s, sec/iter=0.2911747491, iter/s=3.434364, elapsed=250142.785267 s
I0515 08:41:31.031898 137054315607872 train.py:1104] Step 00860000: energy=-2.1747341762077825 E_h, variance=8.3093046817240567e-05 E_h^2, std=9.1155387562798819e-03 E_h, ewmean=-2.1750097420284349 E_h, ewvar=1.9074496093943920e-07 E_h^2, ewstd=4.3674358717609032e-04 E_h, pmove=0.54685059
I0515 08:46:22.163789 137054315607872 train.py:1104] Step 00861000: energy=-2.1750684824388671 E_h, variance=2.6488904428571635e-04 E_h^2, std=1.6275412261620791e-02 E_h, ewmean=-2.1750467500141215 E_h, ewvar=2.2074276981875397e-07 E_h^2, ewstd=4.6983270407534848e-04 E_h, pmove=0.54938965
I0515 08:51:13.311689 137054315607872 train.py:1104] Step 00862000: energy=-2.1747712469449700 E_h, variance=3.1931018369364274e-05 E_h^2, std=5.6507537877140135e-03 E_h, ewmean=-2.1750461002410910 E_h, ewvar=1.5135656196223051e-07 E_h^2, ewstd=3.8904570677779045e-04 E_h, pmove=0.54997559
I0515 08:56:04.412368 137054315607872 train.py:1104] Step 00863000: energy=-2.1749227049491111 E_h, variance=1.9116906335068639e-05 E_h^2, std=4.3722884551535071e-03 E_h, ewmean=-2.1749336660568703 E_h, ewvar=1.0082057699676819e-07 E_h^2, ewstd=3.1752256139803384e-04 E_h, pmove=0.55061035
I0515 09:00:55.551377 137054315607872 train.py:1104] Step 00864000: energy=-2.1747319589637524 E_h, variance=3.1199780181435139e-05 E_h^2, std=5.5856763405549318e-03 E_h, ewmean=-2.1749524639929350 E_h, ewvar=2.5156208055679852e-07 E_h^2, ewstd=5.0155964805474382e-04 E_h, pmove=0.54780273
I0515 09:05:46.691215 137054315607872 train.py:1104] Step 00865000: energy=-2.1748545859553214 E_h, variance=3.7758449208131758e-05 E_h^2, std=6.1447904120589631e-03 E_h, ewmean=-2.1750521365810100 E_h, ewvar=2.3893748031952477e-07 E_h^2, ewstd=4.8881231604729926e-04 E_h, pmove=0.54816895
I0515 09:10:37.837492 137054315607872 train.py:1104] Step 00866000: energy=-2.1764595786748480 E_h, variance=1.6429255862581194e-02 E_h^2, std=1.2817665880565460e-01 E_h, ewmean=-2.1752273040125374 E_h, ewvar=1.4521526859143564e-06 E_h^2, ewstd=1.2050529805424973e-03 E_h, pmove=0.54995117
I0515 09:12:36.620253 137054315607872 checkpoint.py:124] Saving checkpoint /home/sjtu/PyQMC/Ferminet/checkpoints_ferminet_x64_atoms/He_triplet/qmcjax_ckpt_866408.npz
I0515 09:15:29.025498 137054315607872 train.py:1104] Step 00867000: energy=-2.1747730455072078 E_h, variance=5.9601840762332382e-05 E_h^2, std=7.7202228440850324e-03 E_h, ewmean=-2.1748198731930639 E_h, ewvar=4.3603437883847647e-08 E_h^2, ewstd=2.0881436225472530e-04 E_h, pmove=0.55065918
I0515 09:20:20.169333 137054315607872 train.py:1104] Step 00868000: energy=-2.1750548863610435 E_h, variance=5.2969504361683091e-04 E_h^2, std=2.3015104684029376e-02 E_h, ewmean=-2.1750090761059440 E_h, ewvar=1.9323621126650271e-07 E_h^2, ewstd=4.3958640932870380e-04 E_h, pmove=0.54716797
I0515 09:25:11.301928 137054315607872 train.py:1104] Step 00869000: energy=-2.1748427339419045 E_h, variance=1.2622495040289481e-04 E_h^2, std=1.1234987779383421e-02 E_h, ewmean=-2.1750582234227518 E_h, ewvar=5.8330588043279216e-07 E_h^2, ewstd=7.6374464347240569e-04 E_h, pmove=0.54726562
I0515 09:30:02.154611 137054315607872 train.py:1049] Timing step 00870000: block_iters=10000, block_time=2911.415653 s, sec/iter=0.2911415653, iter/s=3.434755, elapsed=253054.200921 s
I0515 09:30:02.447968 137054315607872 train.py:1104] Step 00870000: energy=-2.1747572084349889 E_h, variance=5.0296361809059568e-05 E_h^2, std=7.0919927953333097e-03 E_h, ewmean=-2.1750706202592620 E_h, ewvar=4.9857483589589559e-07 E_h^2, ewstd=7.0609831885927584e-04 E_h, pmove=0.54226074
I0515I0515 09:44:35.807575 137054315607872 train.py:1104] Step 00873000: energy=-2.1749463802587199 E_h, variance=1.8979494209330806e-04 E_h^2, std=1.3776608512014416e-02 E_h, ewmean=-2.1751128937670434 E_h, ewvar=1.0942453325027551e-07 E_h^2, ewstd=3.3079379264169318e-04 E_h, pmove=0.54768066
I0515 09:49:26.953149 137054315607872 train.py:1104] Step 00874000: energy=-2.1773695987471422 E_h, variance=1.5503448532062425e-02 E_h^2, std=1.2451284484767997e-01 E_h, ewmean=-2.1754757145986083 E_h, ewvar=9.7030653633456557e-07 E_h^2, ewstd=9.8504138813278576e-04 E_h, pmove=0.54746094
I0515 09:54:18.101529 137054315607872 train.py:1104] Step 00875000: energy=-2.1766941650484357 E_h, variance=1.3954351309267496e-02 E_h^2, std=1.1812853723494376e-01 E_h, ewmean=-2.1751616109948331 E_h, ewvar=3.7772810716363570e-07 E_h^2, ewstd=6.1459588931560196e-04 E_h, pmove=0.55244141
I0515 09:59:09.252279 137054315607872 train.py:1104] Step 00876000: energy=-2.1756399491882448 E_h, variance=2.0100092910845867e-03 E_h^2, std=4.4833127161559752e-02 E_h, ewmean=-2.1750798134312443 E_h, ewvar=1.7607779236284558e-07 E_h^2, ewstd=4.1961624415988186e-04 E_h, pmove=0.55029297
I0515 10:04:00.401486 137054315607872 train.py:1104] Step 00877000: energy=-2.1748325850098906 E_h, variance=6.4647222577646235e-05 E_h^2, std=8.0403496551857898e-03 E_h, ewmean=-2.1750765882019145 E_h, ewvar=4.6920065876854168e-07 E_h^2, ewstd=6.8498223244734002e-04 E_h, pmove=0.55078125
I0515 10:08:51.564118 137054315607872 train.py:1104] Step 00878000: energy=-2.1757581946316495 E_h, variance=2.2211601582987567e-03 E_h^2, std=4.7129185843792769e-02 E_h, ewmean=-2.1750823449042413 E_h, ewvar=1.7962583100052412e-07 E_h^2, ewstd=4.2382287691973889e-04 E_h, pmove=0.54611816
I0515 10:13:42.719152 137054315607872 train.py:1104] Step 00879000: energy=-2.1749424148033651 E_h, variance=1.4867518438810420e-04 E_h^2, std=1.2193243390833474e-02 E_h, ewmean=-2.1748982272334763 E_h, ewvar=9.9670505286489609e-08 E_h^2, ewstd=3.1570635927470581e-04 E_h, pmove=0.54582520
I0515 10:18:33.615518 137054315607872 train.py:1049] Timing step 00880000: block_iters=10000, block_time=2911.460918 s, sec/iter=0.2911460918, iter/s=3.434702, elapsed=255965.661839 s
I0515 10:18:33.908653 137054315607872 train.py:1104] Step 00880000: energy=-2.1746951968953203 E_h, variance=6.7200180349556883e-05 E_h^2, std=8.1975716129569064e-03 E_h, ewmean=-2.1749798560242386 E_h, ewvar=2.6988634839539242e-07 E_h^2, ewstd=5.1950586945230211e-04 E_h, pmove=0.55058594
I0515 10:23:25.027731 137054315607872 train.py:1104] Step 00881000: energy=-2.1747065246213770 E_h, variance=2.5717419617826954e-05 E_h^2, std=5.0712345260130647e-03 E_h, ewmean=-2.1750546956989059 E_h, ewvar=2.6981584899127323e-07 E_h^2, ewstd=5.1943801265528621e-04 E_h, pmove=0.54714355
I0515 10:28:16.198064 137054315607872 train.py:1104] Step 00882000: energy=-2.1748276423464352 E_h, variance=5.6473514432770125e-05 E_h^2, std=7.5148861889432579e-03 E_h, ewmean=-2.1752173876765446 E_h, ewvar=3.5126945791574806e-07 E_h^2, ewstd=5.9267989498189332e-04 E_h, pmove=0.54606934
I0515 10:33:07.339179 137054315607872 train.py:1104] Step 00883000: energy=-2.1747481248038714 E_h, variance=5.9161195346336937e-05 E_h^2, std=7.6916315139466309e-03 E_h, ewmean=-2.1750164768707454 E_h, ewvar=1.2004105449684387e-07 E_h^2, ewstd=3.4646941350838440e-04 E_h, pmove=0.54494629
I0515 10:37:58.480201 137054315607872 train.py:1104] Step 00884000: energy=-2.1747961081020817 E_h, variance=8.3837232271403124e-05 E_h^2, std=9.1562673765789044e-03 E_h, ewmean=-2.1749857778989745 E_h, ewvar=7.4751296383311731e-08 E_h^2, ewstd=2.7340683309550205e-04 E_h, pmove=0.55087891
I0515 10:42:49.621273 137054315607872 train.py:1104] Step 00885000: energy=-2.1749561886623736 E_h, variance=2.7643850217337401e-04 E_h^2, std=1.6626439852637547e-02 E_h, ewmean=-2.1750258106810474 E_h, ewvar=9.9758754450370298e-08 E_h^2, ewstd=3.1584609297942928e-04 E_h, pmove=0.54272461
I0515 10:47:40.777251 137054315607872 train.py:1104] Step 00886000: energy=-2.1754897969357785 E_h, variance=1.8657569114696919e-03 E_h^2, std=4.3194408335682666e-02 E_h, ewmean=-2.1750472514706218 E_h, ewvar=1.4628907251979341e-07 E_h^2, ewstd=3.8247754511839437e-04 E_h, pmove=0.54914551
I0515 10:52:31.938102 137054315607872 train.py:1104] Step 00887000: energy=-2.1746085119152920 E_h, variance=4.0428211143690266e-05 E_h^2, std=6.3583182637935217e-03 E_h, ewmean=-2.1749714814997039 E_h, ewvar=1.8275544375635838e-07 E_h^2, ewstd=4.2749905702394055e-04 E_h, pmove=0.54982910
I0515 10:52:36.888115 137054315607872 checkpoint.py:124] Saving checkpoint /home/sjtu/PyQMC/Ferminet/checkpoints_ferminet_x64_atoms/He_triplet/qmcjax_ckpt_887017.npz
I0515 10:57:23.159958 137054315607872 train.py:1104] Step 00888000: energy=-2.1747810008676307 E_h, variance=3.3102356088774037e-05 E_h^2, std=5.7534647030093129e-03 E_h, ewmean=-2.1749069911690913 E_h, ewvar=6.9401751063750001e-08 E_h^2, ewstd=2.6344212089897471e-04 E_h, pmove=0.54653320
I0515 11:02:14.313174 137054315607872 train.py:1104] Step 00889000: energy=-2.1749891728893767 E_h, variance=2.3892148996458923e-04 E_h^2, std=1.5457085429167726e-02 E_h, ewmean=-2.1750616924200834 E_h, ewvar=1.4420580953104753e-07 E_h^2, ewstd=3.7974440026292361e-04 E_h, pmove=0.54555664
I0515 11:07:05.217461 137054315607872 train.py:1049] Timing step 00890000: block_iters=10000, block_time=2911.601914 s, sec/iter=0.2911601914, iter/s=3.434535, elapsed=258877.263752 s
I0515 11:07:05.510857 137054315607872 train.py:1104] Step 00890000: energy=-2.1746625507360262 E_h, variance=4.7818702522578328e-05 E_h^2, std=6.9151068337790942e-03 E_h, ewmean=-2.1749248604109317 E_h, ewvar=2.0406855599388363e-07 E_h^2, ewstd=4.5173947801125774e-04 E_h, pmove=0.54824219
I0515 11:11:56.660725 137054315607872 train.py:1104] Step 00891000: energy=-2.1746929845878453 E_h, variance=8.3004008801463620e-05 E_h^2, std=9.1106535880508387e-03 E_h, ewmean=-2.1749667927914027 E_h, ewvar=1.6453525378719322e-07 E_h^2, ewstd=4.0562945379643382e-04 E_h, pmove=0.54462891
I0515 11:16:47.821456 137054315607872 train.py:1104] Step 00892000: energy=-2.1754615891345104 E_h, variance=7.2044006428537090e-04 E_h^2, std=2.6841014591206698e-02 E_h, ewmean=-2.1753056049553234 E_h, ewvar=3.5397321148297436e-07 E_h^2, ewstd=5.9495647864610593e-04 E_h, pmove=0.54602051
I0515 11:21:39.011539 137054315607872 train.py:1104] Step 00893000: energy=-2.1757444185455799 E_h, variance=3.9354013641055285e-03 E_h^2, std=6.2732777430188194e-02 E_h, ewmean=-2.1753723911707126 E_h, ewvar=5.8660966905317985e-07 E_h^2, ewstd=7.6590447776023597e-04 E_h, pmove=0.55583496
I0515 11:26:30.212986 137054315607872 train.py:1104] Step 00894000: energy=-2.1749753215334549 E_h, variance=6.0592252507875739e-05 E_h^2, std=7.7841025499331478e-03 E_h, ewmean=-2.1749722170343104 E_h, ewvar=1.0202113554840472e-07 E_h^2, ewstd=3.1940747572404237e-04 E_h, pmove=0.54699707
I0515 11:31:21.384504 137054315607872 train.py:1104] Step 00895000: energy=-2.1747084480433334 E_h, variance=3.2008568779879162e-05 E_h^2, std=5.6576115790922905e-03 E_h, ewmean=-2.1750565711700069 E_h, ewvar=2.6238094358131789e-07 E_h^2, ewstd=5.1223133795319270e-04 E_h, pmove=0.55424805
I0515 11:36:12.532623 137054315607872 train.py:1104] Step 00896000: energy=-2.1750601060304331 E_h, variance=1.6989139544172809e-04 E_h^2, std=1.3034239350331421e-02 E_h, ewmean=-2.1750969595615501 E_h, ewvar=1.3294180568076015e-07 E_h^2, ewstd=3.6461185619883528e-04 E_h, pmove=0.55534668
I0515 11:41:03.695089 137054315607872 train.py:1104] Step 00897000: energy=-2.1749026945702470 E_h, variance=1.8662052580850416e-04 E_h^2, std=1.3660912334412521e-02 E_h, ewmean=-2.1749268781646798 E_h, ewvar=1.2527134584740584e-07 E_h^2, ewstd=3.5393692354345548e-04 E_h, pmove=0.54792480
I0515 11:45:54.891648 137054315607872 train.py:1104] Step 00898000: energy=-2.1748656750651705 E_h, variance=1.3306817685152731e-04 E_h^2, std=1.1535518057353441e-02 E_h, ewmean=-2.1751377149943121 E_h, ewvar=6.9155240760663866e-07 E_h^2, ewstd=8.3159630086156503e-04 E_h, pmove=0.55014648
I0515 11:50:46.048980 137054315607872 train.py:1104] Step 00899000: energy=-2.1753381679899926 E_h, variance=1.5290977189575589e-03 E_h^2, std=3.9103679097465482e-02 E_h, ewmean=-2.1754796309594790 E_h, ewvar=1.1031697758631465e-06 E_h^2, ewstd=1.0503188924622590e-03 E_h, pmove=0.54929199
I0515 11:55:36.919635 137054315607872 train.py:1049] Timing step 00900000: block_iters=10000, block_time=2911.702226 s, sec/iter=0.2911702226, iter/s=3.434417, elapsed=261788.965978 s
I0515 11:55:37.212511 137054315607872 train.py:1104] Step 00900000: energy=-2.1763513395655512 E_h, variance=3.8035247709579572e-03 E_h^2, std=6.1672723070721934e-02 E_h, ewmean=-2.1749866229032260 E_h, ewvar=2.6108558474120665e-07 E_h^2, ewstd=5.1096534592984548e-04 E_h, pmove=0.54479980
I0515 12:00:28.442055 137054315607872 train.py:1104] Step 00901000: energy=-2.1746805820453590 E_h, variance=3.7657260046052314e-05 E_h^2, std=6.1365511524024887e-03 E_h, ewmean=-2.1748978333933051 E_h, ewvar=8.5432962191734023e-08 E_h^2, ewstd=2.9228917563217085e-04 E_h, pmove=0.54958496
I0515 12:05:19.608591 137054315607872 train.py:1104] Step 00902000: energy=-2.1749437842818220 E_h, variance=3.4913026783810718e-04 E_h^2, std=1.8685027905735306e-02 E_h, ewmean=-2.1749152241386764 E_h, ewvar=9.9009648161876935e-08 E_h^2, ewstd=3.1465798601319008e-04 E_h, pmove=0.54516602
I0515 12:10:10.735050 137054315607872 train.py:1104] Step 00903000: energy=-2.1748001906261893 E_h, variance=3.4706934464628306e-05 E_h^2, std=5.8912591578225712e-03 E_h, ewmean=-2.1749171348387311 E_h, ewvar=4.7287843624703930e-08 E_h^2, ewstd=2.1745768237683381e-04 E_h, pmove=0.54655762
I0515 12:15:01.874210 137054315607872 train.py:1104] Step 00904000: energy=-2.1747473877585777 E_h, variance=7.2951648740980180e-05 E_h^2, std=8.5411737332160721e-03 E_h, ewmean=-2.1751083163103542 E_h, ewvar=1.0209764446593257e-06 E_h^2, ewstd=1.0104337903392411e-03 E_h, pmove=0.54792480
I0515 12:19:52.985378 137054315607872 train.py:1104] Step 00905000: energy=-2.1752462583060077 E_h, variance=7.9266465438029734e-04 E_h^2, std=2.8154300814978470e-02 E_h, ewmean=-2.1751304432206884 E_h, ewvar=1.8284911950697863e-07 E_h^2, ewstd=4.2760860551090249e-04 E_h, pmove=0.55090332
I0515 12:24:44.099845 137054315607872 train.py:1104] Step 00906000: energy=-2.1747413645243543 E_h, variance=3.0102877653189914e-05 E_h^2, std=5.4866089393349254e-03 E_h, ewmean=-2.1749317284872594 E_h, ewvar=1.5736712846373799e-07 E_h^2, ewstd=3.9669525893781235e-04 E_h, pmove=0.54299316
I0515 12:29:35.229070 137054315607872 train.py:1104] Step 00907000: energy=-2.1760379550792641 E_h, variance=6.8273491854104803e-03 E_h^2, std=8.2627774902937337e-02 E_h, ewmean=-2.1752837433949828 E_h, ewvar=3.7005445333623382e-07 E_h^2, ewstd=6.0832101174974537e-04 E_h, pmove=0.54267578
I0515 12:32:37.189239 137054315607872 checkpoint.py:124] Saving checkpoint /home/sjtu/PyQMC/Ferminet/checkpoints_ferminet_x64_atoms/He_triplet/qmcjax_ckpt_907625.npz
I0515 12:34:26.427901 137054315607872 train.py:1104] Step 00908000: energy=-2.1751893611155895 E_h, variance=4.5805413531980273e-04 E_h^2, std=2.1402199310346651e-02 E_h, ewmean=-2.1749438032576087 E_h, ewvar=8.3094524660052010e-08 E_h^2, ewstd=2.8826120907963321e-04 E_h, pmove=0.54582520
I0515 12:39:17.573455 137054315607872 train.py:1104] Step 00909000: energy=-2.1747069841395024 E_h, variance=2.4505809643994545e-05 E_h^2, std=4.9503342961859194e-03 E_h, ewmean=-2.1752845687317772 E_h, ewvar=5.0612307752667850e-07 E_h^2, ewstd=7.1142327592417054e-04 E_h, pmove=0.54653320
I0515 12:44:08.410264 137054315607872 train.py:1049] Timing step 00910000: block_iters=10000, block_time=2911.490631 s, sec/iter=0.2911490631, iter/s=3.434667, elapsed=264700.456609 s
I0515 12:44:08.702920 137054315607872 train.py:1104] Step 00910000: energy=-2.1749895383424365 E_h, variance=1.9191222003020855e-04 E_h^2, std=1.3853238611610230e-02 E_h, ewmean=-2.1750058306392619 E_h, ewvar=1.1102917376424698e-07 E_h^2, ewstd=3.3321040464584381e-04 E_h, pmove=0.55476074
I0515 12:48:59.846070 137054315607872 train.py:1104] Step 00911000: energy=-2.1754288259035093 E_h, variance=1.1243321168966274e-03 E_h^2, std=3.3531061970904344e-02 E_h, ewmean=-2.1751628050093821 E_h, ewvar=6.5976905842331086e-07 E_h^2, ewstd=8.1226169331275919e-04 E_h, pmove=0.54758301
I0515 12:53:50.963237 137054315607872 train.py:1104] Step 00912000: energy=-2.1755894896263643 E_h, variance=2.1396424613721616e-03 E_h^2, std=4.6256269427745265e-02 E_h, ewmean=-2.1751627895574845 E_h, ewvar=2.8521422986780054e-07 E_h^2, ewstd=5.3405451956499775e-04 E_h, pmove=0.54904785
I0515 12:58:42.100230 137054315607872 train.py:1104] Step 00913000: energy=-2.1745651924609946 E_h, variance=3.8720077487874971e-05 E_h^2, std=6.2225459008250772e-03 E_h, ewmean=-2.1750264173021931 E_h, ewvar=2.8528434992258794e-07 E_h^2, ewstd=5.3412016431004356e-04 E_h, pmove=0.54487305
I0515 13:03:33.227162 137054315607872 train.py:1104] Step 00914000: energy=-2.1754223669987924 E_h, variance=7.9594482952414537e-04 E_h^2, std=2.8212494209554486e-02 E_h, ewmean=-2.1753621252537974 E_h, ewvar=3.3326914888211027e-07 E_h^2, ewstd=5.7729468114829381e-04 E_h, pmove=0.54892578
I0515 13:08:24.384206 137054315607872 train.py:1104] Step 00915000: energy=-2.1746929312577010 E_h, variance=3.0022915686000411e-05 E_h^2, std=5.4793170820824390e-03 E_h, ewmean=-2.1751336901853220 E_h, ewvar=4.1026306560687769e-07 E_h^2, ewstd=6.4051781053057197e-04 E_h, pmove=0.55046387
I0515 13:13:15.537183 137054315607872 train.py:1104] Step 00916000: energy=-2.1746887154170853 E_h, variance=6.3265701929811433e-05 E_h^2, std=7.9539739709035655e-03 E_h, ewmean=-2.1749396305907176 E_h, ewvar=9.7284257953086083e-08 E_h^2, ewstd=3.1190424484621253e-04 E_h, pmove=0.54665527
I0515 13:18:06.699205 137054315607872 train.py:1104] Step 00917000: energy=-2.1751626702011353 E_h, variance=9.3952553520409933e-04 E_h^2, std=3.0651680789217730e-02 E_h, ewmean=-2.1754549898887934 E_h, ewvar=8.0723764992504877e-07 E_h^2, ewstd=8.9846405043554677e-04 E_h, pmove=0.54755859
I0515 13:22:57.926390 137054315607872 train.py:1104] Step 00918000: energy=-2.1747421316368598 E_h, variance=2.9671784593137158e-05 E_h^2, std=5.4471813438820961e-03 E_h, ewmean=-2.1750049187193494 E_h, ewvar=1.2308976026831672e-07 E_h^2, ewstd=3.5084150305845618e-04 E_h, pmove=0.55063477
I0515 13:27:49.137453 137054315607872 train.py:1104] Step 00919000: energy=-2.1748603823450678 E_h, variance=1.9880971627805869e-04 E_h^2, std=1.4099989938934661e-02 E_h, ewmean=-2.1750562799441058 E_h, ewvar=1.7361764885134393e-07 E_h^2, ewstd=4.1667451188108918e-04 E_h, pmove=0.55312500
I0515 13:32:40.060249 137054315607872 train.py:1049] Timing step 00920000: block_iters=10000, block_time=2911.649961 s, sec/iter=0.2911649961, iter/s=3.434479, elapsed=267612.106570 s
I0515 13:32:40.353526 137054315607872 train.py:1104] Step 00920000: energy=-2.1750173882344130 E_h, variance=3.1377256703276235e-04 E_h^2, std=1.7713626591772853e-02 E_h, ewmean=-2.1750181939032869 E_h, ewvar=1.8372801753915643e-07 E_h^2, ewstd=4.2863506335711319e-04 E_h, pmove=0.54909668
I0515 13:37:31.533869 137054315607872 train.py:1104] Step 00921000: energy=-2.1747387874308792 E_h, variance=3.4774818649305744e-05 E_h^2, std=5.8970177759021334e-03 E_h, ewmean=-2.1750647782338288 E_h, ewvar=2.3388320303286723e-07 E_h^2, ewstd=4.8361472582301215e-04 E_h, pmove=0.54987793
I0515 13:42:22.715559 137054315607872 train.py:1104] Step 00922000: energy=-2.1746874149901188 E_h, variance=3.9604629019860052e-05 E_h^2, std=6.2932208780448863e-03 E_h, ewmean=-2.1751445117138695 E_h, ewvar=3.2194334308863103e-07 E_h^2, ewstd=5.6740051382478591e-04 E_h, pmove=0.54838867
I0515 13:47:13.884861 137054315607872 train.py:1104] Step 00923000: energy=-2.1763527845201249 E_h, variance=9.4951705321218733e-03 E_h^2, std=9.7443165651172656e-02 E_h, ewmean=-2.1751148431468521 E_h, ewvar=4.0275855039715175e-07 E_h^2, ewstd=6.3463261056862787e-04 E_h, pmove=0.54594727
I0515 13:52:05.115996 137054315607872 train.py:1104] Step 00924000: energy=-2.1751747815821578 E_h, variance=5.5725493180066709e-04 E_h^2, std=2.3606247728105097e-02 E_h, ewmean=-2.1749822738894524 E_h, ewvar=2.4909778467085373e-07 E_h^2, ewstd=4.9909696920623923e-04 E_h, pmove=0.54370117
I0515 13:56:56.375529 137054315607872 train.py:1104] Step 00925000: energy=-2.1746872749631749 E_h, variance=2.5295986721179001e-05 E_h^2, std=5.0295115787896347e-03 E_h, ewmean=-2.1751378285987393 E_h, ewvar=3.2856496783010133e-07 E_h^2, ewstd=5.7320586862845478e-04 E_h, pmove=0.54702148
I0515 14:01:47.609329 137054315607872 train.py:1104] Step 00926000: energy=-2.1749858081704496 E_h, variance=3.0557865974572759e-04 E_h^2, std=1.7480808326439817e-02 E_h, ewmean=-2.1749551103308158 E_h, ewvar=2.2749794762739670e-07 E_h^2, ewstd=4.7696744923254116e-04 E_h, pmove=0.54890137
I0515 14:06:38.793715 137054315607872 train.py:1104] Step 00927000: energy=-2.1747472506735033 E_h, variance=6.6216987910938552e-05 E_h^2, std=8.1373821288506874e-03 E_h, ewmean=-2.1748616289048246 E_h, ewvar=1.1221282280960667e-07 E_h^2, ewstd=3.3498182459591248e-04 E_h, pmove=0.55073242
I0515 14:11:30.005649 137054315607872 train.py:1104] Step 00928000: energy=-2.1750708891543975 E_h, variance=5.1501087812386127e-04 E_h^2, std=2.2693851108259729e-02 E_h, ewmean=-2.1749629408370499 E_h, ewvar=6.8675087953839152e-08 E_h^2, ewstd=2.6205932144046916e-04 E_h, pmove=0.54924316
I0515 14:12:37.273154 137054315607872 checkpoint.py:124] Saving checkpoint /home/sjtu/PyQMC/Ferminet/checkpoints_ferminet_x64_atoms/He_triplet/qmcjax_ckpt_928231.npz
I0515 14:16:21.254865 137054315607872 train.py:1104] Step 00929000: energy=-2.1748459324827198 E_h, variance=1.8474278791592305e-04 E_h^2, std=1.3592011915677644e-02 E_h, ewmean=-2.1750097677051201 E_h, ewvar=1.5684415925223121e-07 E_h^2, ewstd=3.9603555301542212e-04 E_h, pmove=0.55056152
I0515 14:21:12.131870 137054315607872 train.py:1049] Timing step 00930000: block_iters=10000, block_time=2912.071602 s, sec/iter=0.2912071602, iter/s=3.433981, elapsed=270524.178172 s
I0515 14:21:12.425322 137054315607872 train.py:1104] Step 00930000: energy=-2.1749445028578975 E_h, variance=1.9276883623846135e-04 E_h^2, std=1.3884121730900423e-02 E_h, ewmean=-2.1750381493122064 E_h, ewvar=1.9799529930274669e-07 E_h^2, ewstd=4.4496662717865334e-04 E_h, pmove=0.54873047
I0515 14:26:03.613457 137054315607872 train.py:1104] Step 00931000: energy=-2.1749681468869770 E_h, variance=3.7264308411831477e-04 E_h^2, std=1.9303965502412056e-02 E_h, ewmean=-2.1749410965988383 E_h, ewvar=9.4280938963692276e-08 E_h^2, ewstd=3.0705201344998910e-04 E_h, pmove=0.54636230
I0515 14:30:54.775062 137054315607872 train.py:1104] Step 00932000: energy=-2.1748461035989939 E_h, variance=7.4616194943581844e-05 E_h^2, std=8.6380666206959666e-03 E_h, ewmean=-2.1749511837616349 E_h, ewvar=9.9218413637145010e-08 E_h^2, ewstd=3.1498954528229187e-04 E_h, pmove=0.55063477
I0515 14:35:45.948955 137054315607872 train.py:1104] Step 00933000: energy=-2.1760687220570820 E_h, variance=4.0789700874295162e-03 E_h^2, std=6.3866815228485571e-02 E_h, ewmean=-2.1750967561505745 E_h, ewvar=2.0821353573906562e-07 E_h^2, ewstd=4.5630421402729300e-04 E_h, pmove=0.54907227
I0515 14:40:37.167558 137054315607872 train.py:1104] Step 00934000: energy=-2.1749500737975991 E_h, variance=3.1312711183792993e-04 E_h^2, std=1.7695398041240269e-02 E_h, ewmean=-2.1749625857536259 E_h, ewvar=1.2978444667380496e-07 E_h^2, ewstd=3.6025608485326790e-04 E_h, pmove=0.55056152
I0515 14:45:28.388808 137054315607872 train.py:1104] Step 00935000: energy=-2.1766435942049531 E_h, variance=9.2737035097822367e-03 E_h^2, std=9.6300070144222830e-02 E_h, ewmean=-2.1753825899105883 E_h, ewvar=4.1250807536249583e-07 E_h^2, ewstd=6.4226791556366554e-04 E_h, pmove=0.55332031
I0515 14:50:19.561825 137054315607872 train.py:1104] Step 00936000: energy=-2.1746309248802156 E_h, variance=4.3468767900851452e-05 E_h^2, std=6.5930848546679154e-03 E_h, ewmean=-2.1749495112760977 E_h, ewvar=8.8793976569189769e-08 E_h^2, ewstd=2.9798318168848016e-04 E_h, pmove=0.55170898
I0515 14:55:10.706748 137054315607872 train.py:1104] Step 00937000: energy=-2.1747255652713875 E_h, variance=2.8784016839815892e-05 E_h^2, std=5.3650737963066167e-03 E_h, ewmean=-2.1750674023431489 E_h, ewvar=2.2181494463458084e-07 E_h^2, ewstd=4.7097233956420504e-04 E_h, pmove=0.55192871
I0515 15:00:01.850458 137054315607872 train.py:1104] Step 00938000: energy=-2.1748866027930043 E_h, variance=1.2173227395700898e-04 E_h^2, std=1.1033234972437096e-02 E_h, ewmean=-2.1750329241147872 E_h, ewvar=2.9898041797144512e-07 E_h^2, ewstd=5.4679101855411368e-04 E_h, pmove=0.54724121
I0515 15:04:52.979644 137054315607872 train.py:1104] Step 00939000: energy=-2.1749528163215683 E_h, variance=7.7382705448871762e-05 E_h^2, std=8.7967440254262119e-03 E_h, ewmean=-2.1748832436841976 E_h, ewvar=5.3077707664429555e-08 E_h^2, ewstd=2.3038599711013157e-04 E_h, pmove=0.54775391
I0515 15:09:43.825286 137054315607872 train.py:1049] Timing step 00940000: block_iters=10000, block_time=2911.693408 s, sec/iter=0.2911693408, iter/s=3.434428, elapsed=273435.871580 s
I0515 15:09:44.118509 137054315607872 train.py:1104] Step 00940000: energy=-2.1747985249027977 E_h, variance=1.1144677085185356e-04 E_h^2, std=1.0556835266871107e-02 E_h, ewmean=-2.1750494371902622 E_h, ewvar=1.2045741776216364e-07 E_h^2, ewstd=3.4706975921587239e-04 E_h, pmove=0.55100098
I0515 15:14:35.261832 137054315607872 train.py:1104] Step 00941000: energy=-2.1749618591797990 E_h, variance=6.6581869046832822e-04 E_h^2, std=2.5803462761194051e-02 E_h, ewmean=-2.1748884300636320 E_h, ewvar=6.0930173853551497e-08 E_h^2, ewstd=2.4684038132678272e-04 E_h, pmove=0.55234375
