 I0512 11:11:42.845179 134251878557504 main.py:42] System config:

batch_size: 4096
config_module: .atom
debug:
  check_nan: false
  deterministic: false
log:
  features: false
  local_energies: false
  restore_path: ''
  save_frequency: 100.0
  save_path: /home/sjtu/PyQMC/Ferminet/checkpoints_ferminet_x64_atoms/Be_singlet
  stats_frequency: 1000
  timing_frequency: 10000
  walkers: false
mcmc:
  adapt_frequency: 100
  blocks: 1
  burn_in: 100
  init_means: !!python/tuple []
  init_width: 1.0
  move_width: 0.02
  num_leapfrog_steps: 10
  scale_by_nuclear_distance: false
  steps: 10
  use_hmc: false
network:
  bias_orbitals: false
  complex: false
  determinants: 16
  ferminet:
    electron_nuclear_aux_dims: !!python/tuple []
    hidden_dims: !!python/tuple
    - &id001 !!python/tuple
      - 256
      - 32
    - *id001
    - *id001
    - *id001
    nuclear_embedding_dim: 0
    schnet_electron_electron_convolutions: !!python/tuple []
    schnet_electron_nuclear_convolutions: !!python/tuple []
    separate_spin_channels: false
    use_last_layer: false
  full_det: true
  jastrow: default
  make_envelope_fn: ''
  make_envelope_kwargs: {}
  make_feature_layer_fn: ''
  make_feature_layer_kwargs: {}
  network_type: ferminet
  psiformer:
    heads_dim: 64
    mlp_hidden_dims: !!python/tuple
    - 256
    num_heads: 4
    num_layers: 4
    use_layer_norm: true
  rescale_inputs: false
observables:
  density: false
  density_basis: def2-tzvpd
  dipole: false
  s2: false
optim:
  adam:
    b1: 0.9
    b2: 0.999
    eps: 1.0e-08
    eps_root: 0.0
  center_at_clip: true
  clip_local_energy: 5.0
  clip_median: false
  iterations: 1000000
  kfac:
    cov_ema_decay: 0.95
    cov_update_every: 1
    damping: 0.001
    invert_every: 1
    l2_reg: 0.0
    mean_center: true
    min_damping: 0.0001
    momentum: 0.0
    momentum_type: regular
    norm_constraint: 0.001
    register_only_generic: false
  laplacian: default
  lr:
    decay: 1.0
    delay: 10000.0
    rate: 0.05
  max_vmap_batch_size: 0
  objective: vmc
  optimizer: kfac
  overlap:
    penalty: 1.0
    weights: null
  reset_if_nan: false
  spin_energy: 0.0
  vmc_weight: 0.0
pretrain:
  basis: ccpvdz
  excitation_type: ordered
  iterations: 1000
  method: hf
  scf_fraction: 1.0
system:
  atom: Be
  charge: 0
  delta_charge: 0.0
  electrons: !!python/tuple
  - 2
  - 2
  make_local_energy_fn: ''
  make_local_energy_kwargs: {}
  molecule:
  - !!python/object:ferminet.utils.system.Atom
    atomic_number: 4
    charge: 4.0
    coords: !!python/tuple
    - 0.0
    - 0.0
    - 0.0
    symbol: Be
    units: bohr
  ndim: 3
  pp:
    basis: ccecp-cc-pVDZ
    symbols: null
    type: ccecp
  pyscf_mol: null
  set_molecule: adjust_nuclear_charge
  spin_polarisation: 0
  states: 0
  type: 1
  units: bohr
  use_pp: false

I0512 11:11:43.087393 134251878557504 train.py:415] Starting QMC with 1 XLA devices per host across 1 hosts.
converged SCF energy = -14.5723376309534  <S^2> = -8.8817842e-16  2S+1 = 1
I0512 11:11:47.459818 134251878557504 train.py:615] No checkpoint found. Training new model.
I0512 11:11:53.403337 134251878557504 pretrain.py:352] Pretrain iter 00000000: loss=5.1186608379069423e-02, pmove=0.87353516
I0512 11:11:53.478497 134251878557504 pretrain.py:352] Pretrain iter 00000001: loss=3.4746533729007774e-02, pmove=0.87329102
I0512 11:11:53.552721 134251878557504 pretrain.py:352] Pretrain iter 00000002: loss=2.4886545484591238e-02, pmove=0.86962891
I0512 11:11:53.623132 134251878557504 pretrain.py:352] Pretrain iter 00000003: loss=1.9368405877543071e-02, pmove=0.88110352
I0512 11:11:53.693573 134251878557504 pretrain.py:352] Pretrain iter 00000004: loss=1.6053768327316115e-02, pmove=0.88256836
I0512 11:11:53.764089 134251878557504 pretrain.py:352] Pretrain iter 00000005: loss=1.4372680794868212e-02, pmove=0.87890625
I0512 11:11:53.834396 134251878557504 pretrain.py:352] Pretrain iter 00000006: loss=1.3379733782539146e-02, pmove=0.88793945
I0512 11:11:53.904773 134251878557504 pretrain.py:352] Pretrain iter 00000007: loss=1.2848887991866530e-02, pmove=0.88623047
I0512 11:11:53.975160 134251878557504 pretrain.py:352] Pretrain iter 00000008: loss=1.2682595733988930e-02, pmove=0.88574219
I0512 11:11:54.045550 134251878557504 pretrain.py:352] Pretrain iter 00000009: loss=1.2721158790328545e-02, pmove=0.88964844
I0512 11:11:54.115959 134251878557504 pretrain.py:352] Pretrain iter 00000010: loss=1.2479471318169294e-02, pmove=0.88623047
I0512 11:11:54.186204 134251878557504 pretrain.py:352] Pretrain iter 00000011: loss=1.2081054086804214e-02, pmove=0.88574219
I0512 11:11:54.256551 134251878557504 pretrain.py:352] Pretrain iter 00000012: loss=1.1643541832229444e-02, pmove=0.89233398
I0512 11:11:54.326931 134251878557504 pretrain.py:352] Pretrain iter 00000013: loss=1.1291402317623085e-02, pmove=0.89208984
I0512 11:11:54.397262 134251878557504 pretrain.py:352] Pretrain iter 00000014: loss=1.1049987420332530e-02, pmove=0.88745117
I0512 11:11:54.467633 134251878557504 pretrain.py:352] Pretrain iter 00000015: loss=1.0691116758954755e-02, pmove=0.88525391
I0512 11:11:54.537990 134251878557504 pretrain.py:352] Pretrain iter 00000016: loss=1.0442472375518753e-02, pmove=0.89331055
I0512 11:11:54.608344 134251878557504 pretrain.py:352] Pretrain iter 00000017: loss=1.0352125100933364e-02, pmove=0.89941406
I0512 11:11:54.678876 134251878557504 pretrain.py:352] Pretrain iter 00000018: loss=1.0122393560337917e-02, pmove=0.89526367
I0512 11:11:54.749152 134251878557504 pretrain.py:352] Pretrain iter 00000019: loss=1.0101835948210409e-02, pmove=0.88916016
I0512 11:11:54.819493 134251878557504 pretrain.py:352] Pretrain iter 00000020: loss=9.9726339841888431e-03, pmove=0.88793945
I0512 11:11:54.889851 134251878557504 pretrain.py:352] Pretrain iter 00000021: loss=9.8806946599940704e-03, pmove=0.89648438
I0512 11:11:54.960207 134251878557504 pretrain.py:352] Pretrain iter 00000022: loss=9.7604203657051525e-03, pmove=0.89819336
I0512 11:11:55.030409 134251878557504 pretrain.py:352] Pretrain iter 00000023: loss=9.7667215247450069e-03, pmove=0.89160156
I0512 11:11:55.100778 134251878557504 pretrain.py:352] Pretrain iter 00000024: loss=9.7812375519902746e-03, pmove=0.90258789
I0512 11:11:55.171194 134251878557504 pretrain.py:352] Pretrain iter 00000025: loss=9.6790835728950593e-03, pmove=0.89428711
I0512 11:11:55.241538 134251878557504 pretrain.py:352] Pretrain iter 00000026: loss=9.5316871934865120e-03, pmove=0.89428711
I0512 11:11:55.311897 134251878557504 pretrain.py:352] Pretrain iter 00000027: loss=9.4687092252553565e-03, pmove=0.88940430
I0512 11:11:55.382297 134251878557504 pretrain.py:352] Pretrain iter 00000028: loss=9.2759445206223260e-03, pmove=0.89868164
I0512 11:11:55.452652 134251878557504 pretrain.py:352] Pretrain iter 00000029: loss=9.1440121784608815e-03, pmove=0.89501953
I0512 11:11:55.523041 134251878557504 pretrain.py:352] Pretrain iter 00000030: loss=9.1270048798234200e-03, pmove=0.89355469
I0512 11:11:55.593382 134251878557504 pretrain.py:352] Pretrain iter 00000031: loss=9.1499953683246826e-03, pmove=0.90917969
I0512 11:11:55.663543 134251878557504 pretrain.py:352] Pretrain iter 00000032: loss=8.9733829362512087e-03, pmove=0.89794922
I0512 11:11:55.733931 134251878557504 pretrain.py:352] Pretrain iter 00000033: loss=8.8078438316114768e-03, pmove=0.90063477
I0512 11:11:55.804306 134251878557504 pretrain.py:352] Pretrain iter 00000034: loss=8.5500418129309617e-03, pmove=0.90063477
I0512 11:11:55.874659 134251878557504 pretrain.py:352] Pretrain iter 00000035: loss=8.4528393637985366e-03, pmove=0.89770508
I0512 11:11:55.944972 134251878557504 pretrain.py:352] Pretrain iter 00000036: loss=8.5154677396553254e-03, pmove=0.90234375
I0512 11:11:56.015326 134251878557504 pretrain.py:352] Pretrain iter 00000037: loss=8.3996247603850740e-03, pmove=0.88964844
I0512 11:11:56.085643 134251878557504 pretrain.py:352] Pretrain iter 00000038: loss=8.3452473389207301e-03, pmove=0.89843750
I0512 11:11:56.156053 134251878557504 pretrain.py:352] Pretrain iter 00000039: loss=8.2476290952431443e-03, pmove=0.89648438
I0512 11:11:56.226395 134251878557504 pretrain.py:352] Pretrain iter 00000040: loss=8.2368138069302786e-03, pmove=0.90161133
I0512 11:11:56.296784 134251878557504 pretrain.py:352] Pretrain iter 00000041: loss=8.0691988601788375e-03, pmove=0.90039062
I0512 11:11:56.367209 134251878557504 pretrain.py:352] Pretrain iter 00000042: loss=7.9530942091957744e-03, pmove=0.90820312
I0512 11:11:56.437406 134251878557504 pretrain.py:352] Pretrain iter 00000043: loss=7.8814740809550234e-03, pmove=0.89575195
I0512 11:11:56.507720 134251878557504 pretrain.py:352] Pretrain iter 00000044: loss=7.8164555186801717e-03, pmove=0.90429688
I0512 11:11:56.578130 134251878557504 pretrain.py:352] Pretrain iter 00000045: loss=7.6696725393113245e-03, pmove=0.89843750
I0512 11:11:56.648473 134251878557504 pretrain.py:352] Pretrain iter 00000046: loss=7.5221681826448030e-03, pmove=0.90429688
I0512 11:11:56.718850 134251878557504 pretrain.py:352] Pretrain iter 00000047: loss=7.4341146784665021e-03, pmove=0.90185547
I0512 11:11:56.789203 134251878557504 pretrain.py:352] Pretrain iter 00000048: loss=7.2897433671604422e-03, pmove=0.89379883
I0512 11:11:56.859376 134251878557504 pretrain.py:352] Pretrain iter 00000049: loss=7.1499981825444590e-03, pmove=0.89794922
I0512 11:11:56.929697 134251878557504 pretrain.py:352] Pretrain iter 00000050: loss=7.1271509427231795e-03, pmove=0.89868164
I0512 11:11:57.000173 134251878557504 pretrain.py:352] Pretrain iter 00000051: loss=7.0043199432159794e-03, pmove=0.90673828
I0512 11:11:57.070538 134251878557504 pretrain.py:352] Pretrain iter 00000052: loss=6.9221404667260244e-03, pmove=0.90771484
I0512 11:11:57.140802 134251878557504 pretrain.py:352] Pretrain iter 00000053: loss=6.9114425514162055e-03, pmove=0.90136719
I0512 11:11:57.211190 134251878557504 pretrain.py:352] Pretrain iter 00000054: loss=6.7220874467649634e-03, pmove=0.89526367
I0512 11:11:57.281447 134251878557504 pretrain.py:352] Pretrain iter 00000055: loss=6.5786520284487233e-03, pmove=0.90747070
I0512 11:11:57.351860 134251878557504 pretrain.py:352] Pretrain iter 00000056: loss=6.4297216224858487e-03, pmove=0.90527344
I0512 11:11:57.422257 134251878557504 pretrain.py:352] Pretrain iter 00000057: loss=6.2861314308353218e-03, pmove=0.90429688
I0512 11:11:57.492615 134251878557504 pretrain.py:352] Pretrain iter 00000058: loss=6.2614716456911683e-03, pmove=0.90551758
I0512 11:11:57.563032 134251878557504 pretrain.py:352] Pretrain iter 00000059: loss=6.1177293719628630e-03, pmove=0.90087891
I0512 11:11:57.633374 134251878557504 pretrain.py:352] Pretrain iter 00000060: loss=5.9761870095299732e-03, pmove=0.90673828
I0512 11:11:57.703615 134251878557504 pretrain.py:352] Pretrain iter 00000061: loss=5.8644756184379381e-03, pmove=0.90307617
I0512 11:11:57.773959 134251878557504 pretrain.py:352] Pretrain iter 00000062: loss=5.6955954312267465e-03, pmove=0.90527344
I0512 11:11:57.844335 134251878557504 pretrain.py:352] Pretrain iter 00000063: loss=5.5750784428281620e-03, pmove=0.90893555
I0512 11:11:57.914672 134251878557504 pretrain.py:352] Pretrain iter 00000064: loss=5.3945386228730300e-03, pmove=0.89965820
I0512 11:11:57.985055 134251878557504 pretrain.py:352] Pretrain iter 00000065: loss=5.2322319896534525e-03, pmove=0.90380859
I0512 11:11:58.055326 134251878557504 pretrain.py:352] Pretrain iter 00000066: loss=5.1066752694728665e-03, pmove=0.89868164
I0512 11:11:58.125680 134251878557504 pretrain.py:352] Pretrain iter 00000067: loss=4.8935738071104722e-03, pmove=0.91162109
I0512 11:11:58.196089 134251878557504 pretrain.py:352] Pretrain iter 00000068: loss=4.7751833246888718e-03, pmove=0.89746094
I0512 11:11:58.266448 134251878557504 pretrain.py:352] Pretrain iter 00000069: loss=4.6116070920539289e-03, pmove=0.90942383
I0512 11:11:58.336779 134251878557504 pretrain.py:352] Pretrain iter 00000070: loss=4.4523844546409605e-03, pmove=0.90087891
I0512 11:11:58.407223 134251878557504 pretrain.py:352] Pretrain iter 00000071: loss=4.3300669209837932e-03, pmove=0.90332031
I0512 11:11:58.477521 134251878557504 pretrain.py:352] Pretrain iter 00000072: loss=4.1602783778270586e-03, pmove=0.90380859
I0512 11:11:58.547943 134251878557504 pretrain.py:352] Pretrain iter 00000073: loss=4.0393416650107289e-03, pmove=0.90332031
I0512 11:11:58.618374 134251878557504 pretrain.py:352] Pretrain iter 00000074: loss=3.9673033856340188e-03, pmove=0.90258789
I0512 11:11:58.688717 134251878557504 pretrain.py:352] Pretrain iter 00000075: loss=3.9003291140967799e-03, pmove=0.89965820
I0512 11:11:58.758975 134251878557504 pretrain.py:352] Pretrain iter 00000076: loss=3.8824500304392943e-03, pmove=0.90966797
I0512 11:11:58.829339 134251878557504 pretrain.py:352] Pretrain iter 00000077: loss=3.7903735493713250e-03, pmove=0.90771484
I0512 11:11:58.899707 134251878557504 pretrain.py:352] Pretrain iter 00000078: loss=3.6590004308371020e-03, pmove=0.91137695
I0512 11:11:58.970057 134251878557504 pretrain.py:352] Pretrain iter 00000079: loss=3.5333752726492023e-03, pmove=0.91259766
I0512 11:11:59.040425 134251878557504 pretrain.py:352] Pretrain iter 00000080: loss=3.5494289282343716e-03, pmove=0.91406250
I0512 11:11:59.110594 134251878557504 pretrain.py:352] Pretrain iter 00000081: loss=3.5186654792281336e-03, pmove=0.90429688
I0512 11:11:59.180969 134251878557504 pretrain.py:352] Pretrain iter 00000082: loss=3.4565943550623193e-03, pmove=0.90576172
I0512 11:11:59.251318 134251878557504 pretrain.py:352] Pretrain iter 00000083: loss=3.3533254629536766e-03, pmove=0.90844727
I0512 11:11:59.321671 134251878557504 pretrain.py:352] Pretrain iter 00000084: loss=3.3287690517507691e-03, pmove=0.90356445
I0512 11:11:59.392012 134251878557504 pretrain.py:352] Pretrain iter 00000085: loss=3.2409578624077650e-03, pmove=0.90600586
I0512 11:11:59.462376 134251878557504 pretrain.py:352] Pretrain iter 00000086: loss=3.1367951348875902e-03, pmove=0.90405273
I0512 11:11:59.532555 134251878557504 pretrain.py:352] Pretrain iter 00000087: loss=3.0976190720698685e-03, pmove=0.90380859
I0512 11:11:59.602889 134251878557504 pretrain.py:352] Pretrain iter 00000088: loss=3.0487856113508970e-03, pmove=0.90673828
I0512 11:11:59.673257 134251878557504 pretrain.py:352] Pretrain iter 00000089: loss=2.9850852309454392e-03, pmove=0.90722656
I0512 11:11:59.743603 134251878557504 pretrain.py:352] Pretrain iter 00000090: loss=2.9873117397936091e-03, pmove=0.90649414
I0512 11:11:59.813935 134251878557504 pretrain.py:352] Pretrain iter 00000091: loss=2.8821793419724915e-03, pmove=0.90380859
I0512 11:11:59.884302 134251878557504 pretrain.py:352] Pretrain iter 00000092: loss=2.8449219599492362e-03, pmove=0.90307617
I0512 11:11:59.954438 134251878557504 pretrain.py:352] Pretrain iter 00000093: loss=2.8020399659850850e-03, pmove=0.90478516
I0512 11:12:00.024765 134251878557504 pretrain.py:352] Pretrain iter 00000094: loss=2.7491149991439373e-03, pmove=0.90795898
I0512 11:12:00.095179 134251878557504 pretrain.py:352] Pretrain iter 00000095: loss=2.6487330344035160e-03, pmove=0.90185547
I0512 11:12:00.165501 134251878557504 pretrain.py:352] Pretrain iter 00000096: loss=2.5673204943230500e-03, pmove=0.90966797
I0512 11:12:00.235936 134251878557504 pretrain.py:352] Pretrain iter 00000097: loss=2.4800861329389618e-03, pmove=0.90649414
I0512 11:12:00.306333 134251878557504 pretrain.py:352] Pretrain iter 00000098: loss=2.4326506243669702e-03, pmove=0.90747070
I0512 11:12:00.376729 134251878557504 pretrain.py:352] Pretrain iter 00000099: loss=2.3819654166408839e-03, pmove=0.90722656
I0512 11:12:00.447082 134251878557504 pretrain.py:352] Pretrain iter 00000100: loss=2.3454356554478053e-03, pmove=0.90991211
I0512 11:12:00.517290 134251878557504 pretrain.py:352] Pretrain iter 00000101: loss=2.2637916030196882e-03, pmove=0.91040039
I0512 11:12:00.587672 134251878557504 pretrain.py:352] Pretrain iter 00000102: loss=2.1765826991239938e-03, pmove=0.90844727
I0512 11:12:00.658157 134251878557504 pretrain.py:352] Pretrain iter 00000103: loss=2.1361039582479912e-03, pmove=0.92016602
I0512 11:12:00.728632 134251878557504 pretrain.py:352] Pretrain iter 00000104: loss=2.1060454358258649e-03, pmove=0.89965820
I0512 11:12:00.799027 134251878557504 pretrain.py:352] Pretrain iter 00000105: loss=2.0445290108414308e-03, pmove=0.90136719
I0512 11:12:00.869355 134251878557504 pretrain.py:352] Pretrain iter 00000106: loss=2.0186135046466524e-03, pmove=0.91577148
I0512 11:12:00.939770 134251878557504 pretrain.py:352] Pretrain iter 00000107: loss=2.0110779321451458e-03, pmove=0.91088867
I0512 11:12:01.010065 134251878557504 pretrain.py:352] Pretrain iter 00000108: loss=2.0215952209726657e-03, pmove=0.91113281
I0512 11:12:01.080421 134251878557504 pretrain.py:352] Pretrain iter 00000109: loss=1.9724277287621246e-03, pmove=0.90454102
I0512 11:12:01.150592 134251878557504 pretrain.py:352] Pretrain iter 00000110: loss=1.9134767325745482e-03, pmove=0.91552734
I0512 11:12:01.220939 134251878557504 pretrain.py:352] Pretrain iter 00000111: loss=1.8880433051684006e-03, pmove=0.89868164
I0512 11:12:01.291300 134251878557504 pretrain.py:352] Pretrain iter 00000112: loss=1.8488118512532692e-03, pmove=0.91040039
I0512 11:12:01.363440 134251878557504 pretrain.py:352] Pretrain iter 00000113: loss=1.8198862194719900e-03, pmove=0.91870117
I0512 11:12:01.433867 134251878557504 pretrain.py:352] Pretrain iter 00000114: loss=1.7912550402205039e-03, pmove=0.91381836
I0512 11:12:01.504304 134251878557504 pretrain.py:352] Pretrain iter 00000115: loss=1.7514872322498415e-03, pmove=0.90917969
I0512 11:12:01.574611 134251878557504 pretrain.py:352] Pretrain iter 00000116: loss=1.7228147342827718e-03, pmove=0.91088867
I0512 11:12:01.645061 134251878557504 pretrain.py:352] Pretrain iter 00000117: loss=1.7287623594115073e-03, pmove=0.90600586
I0512 11:12:01.715433 134251878557504 pretrain.py:352] Pretrain iter 00000118: loss=1.6933614303434640e-03, pmove=0.91455078
I0512 11:12:01.785898 134251878557504 pretrain.py:352] Pretrain iter 00000119: loss=1.6823521722246237e-03, pmove=0.91113281
I0512 11:12:01.856360 134251878557504 pretrain.py:352] Pretrain iter 00000120: loss=1.6512472432448364e-03, pmove=0.91406250
I0512 11:12:01.926742 134251878557504 pretrain.py:352] Pretrain iter 00000121: loss=1.5642223808977431e-03, pmove=0.92016602
I0512 11:12:01.997106 134251878557504 pretrain.py:352] Pretrain iter 00000122: loss=1.4955280919493690e-03, pmove=0.90942383
I0512 11:12:02.067546 134251878557504 pretrain.py:352] Pretrain iter 00000123: loss=1.4497023443796261e-03, pmove=0.91674805
I0512 11:12:02.137974 134251878557504 pretrain.py:352] Pretrain iter 00000124: loss=1.4715445839474052e-03, pmove=0.91235352
I0512 11:12:02.208400 134251878557504 pretrain.py:352] Pretrain iter 00000125: loss=1.4325653846237426e-03, pmove=0.91625977
I0512 11:12:02.278595 134251878557504 pretrain.py:352] Pretrain iter 00000126: loss=1.3878450146994599e-03, pmove=0.91625977
I0512 11:12:02.348973 134251878557504 pretrain.py:352] Pretrain iter 00000127: loss=1.3605782608331969e-03, pmove=0.90771484
I0512 11:12:02.419455 134251878557504 pretrain.py:352] Pretrain iter 00000128: loss=1.3536233652924239e-03, pmove=0.91284180
I0512 11:12:02.489973 134251878557504 pretrain.py:352] Pretrain iter 00000129: loss=1.3512689312606871e-03, pmove=0.90502930
I0512 11:12:02.559982 134251878557504 pretrain.py:352] Pretrain iter 00000130: loss=1.3440703906251481e-03, pmove=0.91235352
I0512 11:12:02.630422 134251878557504 pretrain.py:352] Pretrain iter 00000131: loss=1.2956691657303068e-03, pmove=0.91723633
I0512 11:12:02.700771 134251878557504 pretrain.py:352] Pretrain iter 00000132: loss=1.2552525956629386e-03, pmove=0.91308594
I0512 11:12:02.771150 134251878557504 pretrain.py:352] Pretrain iter 00000133: loss=1.2104414885837304e-03, pmove=0.91455078
I0512 11:12:02.841476 134251878557504 pretrain.py:352] Pretrain iter 00000134: loss=1.2097559380723911e-03, pmove=0.90942383
I0512 11:12:02.911797 134251878557504 pretrain.py:352] Pretrain iter 00000135: loss=1.2184459461883081e-03, pmove=0.91333008
I0512 11:12:02.981992 134251878557504 pretrain.py:352] Pretrain iter 00000136: loss=1.1683418543121560e-03, pmove=0.91162109
I0512 11:12:03.052353 134251878557504 pretrain.py:352] Pretrain iter 00000137: loss=1.1430568425898889e-03, pmove=0.91674805
I0512 11:12:03.122713 134251878557504 pretrain.py:352] Pretrain iter 00000138: loss=1.1120998149536322e-03, pmove=0.91577148
I0512 11:12:03.192960 134251878557504 pretrain.py:352] Pretrain iter 00000139: loss=1.1045778247914277e-03, pmove=0.91308594
I0512 11:12:03.263390 134251878557504 pretrain.py:352] Pretrain iter 00000140: loss=1.0904510306074737e-03, pmove=0.90576172
I0512 11:12:03.333818 134251878557504 pretrain.py:352] Pretrain iter 00000141: loss=1.0714461241692428e-03, pmove=0.91357422
I0512 11:12:03.404291 134251878557504 pretrain.py:352] Pretrain iter 00000142: loss=1.0121690262198410e-03, pmove=0.90869141
I0512 11:12:03.474703 134251878557504 pretrain.py:352] Pretrain iter 00000143: loss=1.0015665864706016e-03, pmove=0.91503906
I0512 11:12:03.545035 134251878557504 pretrain.py:352] Pretrain iter 00000144: loss=9.8381922909257925e-04, pmove=0.91210938
I0512 11:12:03.615447 134251878557504 pretrain.py:352] Pretrain iter 00000145: loss=9.5229732847405238e-04, pmove=0.91967773
I0512 11:12:03.685850 134251878557504 pretrain.py:352] Pretrain iter 00000146: loss=9.4230392593732586e-04, pmove=0.91088867
I0512 11:12:03.756337 134251878557504 pretrain.py:352] Pretrain iter 00000147: loss=9.3874910666509994e-04, pmove=0.92211914
I0512 11:12:03.826631 134251878557504 pretrain.py:352] Pretrain iter 00000148: loss=9.4704934970703822e-04, pmove=0.90844727
I0512 11:12:03.896934 134251878557504 pretrain.py:352] Pretrain iter 00000149: loss=9.1508582272439821e-04, pmove=0.91040039
I0512 11:12:03.967273 134251878557504 pretrain.py:352] Pretrain iter 00000150: loss=8.8595115100260631e-04, pmove=0.90380859
I0512 11:12:04.037641 134251878557504 pretrain.py:352] Pretrain iter 00000151: loss=8.5464845463164674e-04, pmove=0.92114258
I0512 11:12:04.107975 134251878557504 pretrain.py:352] Pretrain iter 00000152: loss=8.4128765256470217e-04, pmove=0.90893555
I0512 11:12:04.178398 134251878557504 pretrain.py:352] Pretrain iter 00000153: loss=8.1606292295778669e-04, pmove=0.91821289
I0512 11:12:04.248749 134251878557504 pretrain.py:352] Pretrain iter 00000154: loss=8.1209201331970769e-04, pmove=0.91357422
I0512 11:12:04.319126 134251878557504 pretrain.py:352] Pretrain iter 00000155: loss=8.3367296536634441e-04, pmove=0.91772461
I0512 11:12:04.389589 134251878557504 pretrain.py:352] Pretrain iter 00000156: loss=8.0562577379263427e-04, pmove=0.91308594
I0512 11:12:04.459983 134251878557504 pretrain.py:352] Pretrain iter 00000157: loss=8.1747921537260221e-04, pmove=0.91064453
I0512 11:12:04.530192 134251878557504 pretrain.py:352] Pretrain iter 00000158: loss=8.4145004729175915e-04, pmove=0.91577148
I0512 11:12:04.600611 134251878557504 pretrain.py:352] Pretrain iter 00000159: loss=8.1387903254302903e-04, pmove=0.91113281
I0512 11:12:04.670973 134251878557504 pretrain.py:352] Pretrain iter 00000160: loss=8.0639572673875501e-04, pmove=0.90576172
I0512 11:12:04.741373 134251878557504 pretrain.py:352] Pretrain iter 00000161: loss=7.8389054718163310e-04, pmove=0.91040039
I0512 11:12:04.811703 134251878557504 pretrain.py:352] Pretrain iter 00000162: loss=7.5848481056776723e-04, pmove=0.91528320
I0512 11:12:04.882156 134251878557504 pretrain.py:352] Pretrain iter 00000163: loss=7.4175329086530553e-04, pmove=0.91772461
I0512 11:12:04.952493 134251878557504 pretrain.py:352] Pretrain iter 00000164: loss=7.2103207614003593e-04, pmove=0.91259766
I0512 11:12:05.022917 134251878557504 pretrain.py:352] Pretrain iter 00000165: loss=6.9508958429199529e-04, pmove=0.91528320
I0512 11:12:05.093215 134251878557504 pretrain.py:352] Pretrain iter 00000166: loss=6.8438663866250834e-04, pmove=0.90966797
I0512 11:12:05.163576 134251878557504 pretrain.py:352] Pretrain iter 00000167: loss=6.7814232020639987e-04, pmove=0.91748047
I0512 11:12:05.234002 134251878557504 pretrain.py:352] Pretrain iter 00000168: loss=6.6103495138635881e-04, pmove=0.91137695
I0512 11:12:05.304342 134251878557504 pretrain.py:352] Pretrain iter 00000169: loss=6.6293188255998946e-04, pmove=0.91235352
I0512 11:12:05.374729 134251878557504 pretrain.py:352] Pretrain iter 00000170: loss=6.9615905576012071e-04, pmove=0.91796875
I0512 11:12:05.445193 134251878557504 pretrain.py:352] Pretrain iter 00000171: loss=7.0892821830706118e-04, pmove=0.91113281
I0512 11:12:05.515418 134251878557504 pretrain.py:352] Pretrain iter 00000172: loss=7.3151021275929921e-04, pmove=0.90820312
I0512 11:12:05.584795 134251878557504 pretrain.py:352] Pretrain iter 00000173: loss=7.2792255930274256e-04, pmove=0.90356445
I0512 11:12:05.653887 134251878557504 pretrain.py:352] Pretrain iter 00000174: loss=6.9626028285716020e-04, pmove=0.92358398
I0512 11:12:05.723095 134251878557504 pretrain.py:352] Pretrain iter 00000175: loss=6.4458874148752934e-04, pmove=0.90698242
I0512 11:12:05.792419 134251878557504 pretrain.py:352] Pretrain iter 00000176: loss=6.1505285776488022e-04, pmove=0.90991211
I0512 11:12:05.861726 134251878557504 pretrain.py:352] Pretrain iter 00000177: loss=6.2514874765270414e-04, pmove=0.91479492
I0512 11:12:05.930867 134251878557504 pretrain.py:352] Pretrain iter 00000178: loss=6.4821015430914963e-04, pmove=0.91186523
I0512 11:12:06.000197 134251878557504 pretrain.py:352] Pretrain iter 00000179: loss=6.8511882375741240e-04, pmove=0.91528320
I0512 11:12:06.069488 134251878557504 pretrain.py:352] Pretrain iter 00000180: loss=6.8361716602593028e-04, pmove=0.92285156
I0512 11:12:06.138751 134251878557504 pretrain.py:352] Pretrain iter 00000181: loss=6.5788997777533405e-04, pmove=0.91503906
I0512 11:12:06.208074 134251878557504 pretrain.py:352] Pretrain iter 00000182: loss=6.1162810379167525e-04, pmove=0.91333008
I0512 11:12:06.277358 134251878557504 pretrain.py:352] Pretrain iter 00000183: loss=5.9482223123869123e-04, pmove=0.91943359
I0512 11:12:06.346626 134251878557504 pretrain.py:352] Pretrain iter 00000184: loss=6.0647008304592529e-04, pmove=0.91333008
I0512 11:12:06.415982 134251878557504 pretrain.py:352] Pretrain iter 00000185: loss=6.1275366434855030e-04, pmove=0.90771484
I0512 11:12:06.485255 134251878557504 pretrain.py:352] Pretrain iter 00000186: loss=5.9857213970927769e-04, pmove=0.91723633
I0512 11:12:06.554598 134251878557504 pretrain.py:352] Pretrain iter 00000187: loss=5.7395082844869663e-04, pmove=0.90527344
I0512 11:12:06.623642 134251878557504 pretrain.py:352] Pretrain iter 00000188: loss=5.3659134878810159e-04, pmove=0.91186523
I0512 11:12:06.692778 134251878557504 pretrain.py:352] Pretrain iter 00000189: loss=5.2170291172288163e-04, pmove=0.91088867
I0512 11:12:06.762020 134251878557504 pretrain.py:352] Pretrain iter 00000190: loss=5.3071269077751984e-04, pmove=0.91577148
I0512 11:12:06.831277 134251878557504 pretrain.py:352] Pretrain iter 00000191: loss=5.4665285980807815e-04, pmove=0.92309570
I0512 11:12:06.900383 134251878557504 pretrain.py:352] Pretrain iter 00000192: loss=5.6121695392726380e-04, pmove=0.91259766
I0512 11:12:06.972931 134251878557504 pretrain.py:352] Pretrain iter 00000193: loss=5.4963238813317847e-04, pmove=0.90991211
I0512 11:12:07.042507 134251878557504 pretrain.py:352] Pretrain iter 00000194: loss=5.2393673609225401e-04, pmove=0.91674805
I0512 11:12:07.111831 134251878557504 pretrain.py:352] Pretrain iter 00000195: loss=5.0879836921865942e-04, pmove=0.90356445
I0512 11:12:07.181281 134251878557504 pretrain.py:352] Pretrain iter 00000196: loss=5.0182814145076728e-04, pmove=0.91552734
I0512 11:12:07.250627 134251878557504 pretrain.py:352] Pretrain iter 00000197: loss=5.0893294825531447e-04, pmove=0.91040039
I0512 11:12:07.319941 134251878557504 pretrain.py:352] Pretrain iter 00000198: loss=5.1568615808045130e-04, pmove=0.91357422
I0512 11:12:07.389317 134251878557504 pretrain.py:352] Pretrain iter 00000199: loss=5.1194396447259895e-04, pmove=0.91406250
I0512 11:12:07.458673 134251878557504 pretrain.py:352] Pretrain iter 00000200: loss=5.0601107982261098e-04, pmove=0.91503906
I0512 11:12:07.527961 134251878557504 pretrain.py:352] Pretrain iter 00000201: loss=4.9567878693467155e-04, pmove=0.91992188
I0512 11:12:07.597304 134251878557504 pretrain.py:352] Pretrain iter 00000202: loss=4.8065204546185491e-04, pmove=0.92309570
I0512 11:12:07.666716 134251878557504 pretrain.py:352] Pretrain iter 00000203: loss=4.6504175749678158e-04, pmove=0.91455078
I0512 11:12:07.736033 134251878557504 pretrain.py:352] Pretrain iter 00000204: loss=4.5558205900202554e-04, pmove=0.91845703
I0512 11:12:07.805326 134251878557504 pretrain.py:352] Pretrain iter 00000205: loss=4.4380695255007206e-04, pmove=0.91772461
I0512 11:12:07.874572 134251878557504 pretrain.py:352] Pretrain iter 00000206: loss=4.4794593523149202e-04, pmove=0.91479492
I0512 11:12:07.943955 134251878557504 pretrain.py:352] Pretrain iter 00000207: loss=4.5712414336527977e-04, pmove=0.91455078
I0512 11:12:08.013245 134251878557504 pretrain.py:352] Pretrain iter 00000208: loss=4.5666295012527152e-04, pmove=0.92578125
I0512 11:12:08.082546 134251878557504 pretrain.py:352] Pretrain iter 00000209: loss=4.7203738069833074e-04, pmove=0.90551758
I0512 11:12:08.151861 134251878557504 pretrain.py:352] Pretrain iter 00000210: loss=5.0032559746546277e-04, pmove=0.91357422
I0512 11:12:08.221184 134251878557504 pretrain.py:352] Pretrain iter 00000211: loss=5.4588000239770291e-04, pmove=0.90966797
I0512 11:12:08.290548 134251878557504 pretrain.py:352] Pretrain iter 00000212: loss=5.9732042529012824e-04, pmove=0.91845703
I0512 11:12:08.359897 134251878557504 pretrain.py:352] Pretrain iter 00000213: loss=6.7572694331192844e-04, pmove=0.91479492
I0512 11:12:08.429255 134251878557504 pretrain.py:352] Pretrain iter 00000214: loss=6.4707537066317712e-04, pmove=0.91406250
I0512 11:12:08.498535 134251878557504 pretrain.py:352] Pretrain iter 00000215: loss=5.6008742452291445e-04, pmove=0.91748047
I0512 11:12:08.567853 134251878557504 pretrain.py:352] Pretrain iter 00000216: loss=4.5365855258808305e-04, pmove=0.91650391
I0512 11:12:08.637229 134251878557504 pretrain.py:352] Pretrain iter 00000217: loss=4.4536444320781242e-04, pmove=0.91528320
I0512 11:12:08.706573 134251878557504 pretrain.py:352] Pretrain iter 00000218: loss=5.1834026909390531e-04, pmove=0.91625977
I0512 11:12:08.775894 134251878557504 pretrain.py:352] Pretrain iter 00000219: loss=5.5941209498366461e-04, pmove=0.91625977
I0512 11:12:08.845286 134251878557504 pretrain.py:352] Pretrain iter 00000220: loss=5.3533570328983290e-04, pmove=0.92260742
I0512 11:12:08.914603 134251878557504 pretrain.py:352] Pretrain iter 00000221: loss=4.5267466637374630e-04, pmove=0.91772461
I0512 11:12:08.984105 134251878557504 pretrain.py:352] Pretrain iter 00000222: loss=4.1869415369115610e-04, pmove=0.91162109
I0512 11:12:09.053439 134251878557504 pretrain.py:352] Pretrain iter 00000223: loss=4.6544961474267186e-04, pmove=0.91625977
I0512 11:12:09.122726 134251878557504 pretrain.py:352] Pretrain iter 00000224: loss=4.8828841898796273e-04, pmove=0.91577148
I0512 11:12:09.192126 134251878557504 pretrain.py:352] Pretrain iter 00000225: loss=4.8254147912445009e-04, pmove=0.90942383
I0512 11:12:09.261369 134251878557504 pretrain.py:352] Pretrain iter 00000226: loss=4.2829505658260100e-04, pmove=0.91723633
I0512 11:12:09.330602 134251878557504 pretrain.py:352] Pretrain iter 00000227: loss=4.0974097851977987e-04, pmove=0.91479492
I0512 11:12:09.399873 134251878557504 pretrain.py:352] Pretrain iter 00000228: loss=4.2467504954483130e-04, pmove=0.91503906
I0512 11:12:09.469218 134251878557504 pretrain.py:352] Pretrain iter 00000229: loss=4.4725389638216001e-04, pmove=0.91088867
I0512 11:12:09.538574 134251878557504 pretrain.py:352] Pretrain iter 00000230: loss=4.4925579778807288e-04, pmove=0.91894531
I0512 11:12:09.607830 134251878557504 pretrain.py:352] Pretrain iter 00000231: loss=4.1660983632349556e-04, pmove=0.91821289
I0512 11:12:09.677154 134251878557504 pretrain.py:352] Pretrain iter 00000232: loss=3.9330697501037962e-04, pmove=0.91455078
I0512 11:12:09.746253 134251878557504 pretrain.py:352] Pretrain iter 00000233: loss=3.9404139821452833e-04, pmove=0.91430664
I0512 11:12:09.815483 134251878557504 pretrain.py:352] Pretrain iter 00000234: loss=4.0541237114521110e-04, pmove=0.91552734
I0512 11:12:09.884758 134251878557504 pretrain.py:352] Pretrain iter 00000235: loss=4.1832863350798390e-04, pmove=0.91381836
I0512 11:12:09.954148 134251878557504 pretrain.py:352] Pretrain iter 00000236: loss=4.0567541026679800e-04, pmove=0.91333008
I0512 11:12:10.023444 134251878557504 pretrain.py:352] Pretrain iter 00000237: loss=3.8847274666310618e-04, pmove=0.91845703
I0512 11:12:10.092562 134251878557504 pretrain.py:352] Pretrain iter 00000238: loss=3.8914129494609182e-04, pmove=0.91455078
I0512 11:12:10.161862 134251878557504 pretrain.py:352] Pretrain iter 00000239: loss=3.8601156360691647e-04, pmove=0.90649414
I0512 11:12:10.230922 134251878557504 pretrain.py:352] Pretrain iter 00000240: loss=3.9160273716059744e-04, pmove=0.90405273
I0512 11:12:10.300107 134251878557504 pretrain.py:352] Pretrain iter 00000241: loss=4.0015233805448770e-04, pmove=0.91186523
I0512 11:12:10.369426 134251878557504 pretrain.py:352] Pretrain iter 00000242: loss=3.9399416911294700e-04, pmove=0.91772461
I0512 11:12:10.438609 134251878557504 pretrain.py:352] Pretrain iter 00000243: loss=3.8111388241873832e-04, pmove=0.90722656
I0512 11:12:10.507690 134251878557504 pretrain.py:352] Pretrain iter 00000244: loss=3.6652076723117774e-04, pmove=0.90966797
I0512 11:12:10.577003 134251878557504 pretrain.py:352] Pretrain iter 00000245: loss=3.5976361423332482e-04, pmove=0.91528320
I0512 11:12:10.646296 134251878557504 pretrain.py:352] Pretrain iter 00000246: loss=3.6164208533691062e-04, pmove=0.92358398
I0512 11:12:10.715538 134251878557504 pretrain.py:352] Pretrain iter 00000247: loss=3.6911230459853146e-04, pmove=0.91796875
I0512 11:12:10.784663 134251878557504 pretrain.py:352] Pretrain iter 00000248: loss=3.7660908006529925e-04, pmove=0.91967773
I0512 11:12:10.853724 134251878557504 pretrain.py:352] Pretrain iter 00000249: loss=3.7001064276980162e-04, pmove=0.91796875
I0512 11:12:10.922896 134251878557504 pretrain.py:352] Pretrain iter 00000250: loss=3.7091379616964140e-04, pmove=0.91577148
I0512 11:12:10.992137 134251878557504 pretrain.py:352] Pretrain iter 00000251: loss=3.6646235080775439e-04, pmove=0.91577148
I0512 11:12:11.061455 134251878557504 pretrain.py:352] Pretrain iter 00000252: loss=3.6536717139618220e-04, pmove=0.90649414
I0512 11:12:11.130721 134251878557504 pretrain.py:352] Pretrain iter 00000253: loss=3.6411827337033779e-04, pmove=0.91625977
I0512 11:12:11.200109 134251878557504 pretrain.py:352] Pretrain iter 00000254: loss=3.6293531710712620e-04, pmove=0.92065430
I0512 11:12:11.269042 134251878557504 pretrain.py:352] Pretrain iter 00000255: loss=3.6154707486365763e-04, pmove=0.91235352
I0512 11:12:11.337694 134251878557504 pretrain.py:352] Pretrain iter 00000256: loss=3.6144664561872967e-04, pmove=0.91992188
I0512 11:12:11.406989 134251878557504 pretrain.py:352] Pretrain iter 00000257: loss=3.5408998555621642e-04, pmove=0.91699219
I0512 11:12:11.476319 134251878557504 pretrain.py:352] Pretrain iter 00000258: loss=3.5459619463609608e-04, pmove=0.91845703
I0512 11:12:11.545605 134251878557504 pretrain.py:352] Pretrain iter 00000259: loss=3.5640725372764875e-04, pmove=0.91748047
I0512 11:12:11.614883 134251878557504 pretrain.py:352] Pretrain iter 00000260: loss=3.6652750187784794e-04, pmove=0.91528320
I0512 11:12:11.684149 134251878557504 pretrain.py:352] Pretrain iter 00000261: loss=3.7403067264720608e-04, pmove=0.92187500
I0512 11:12:11.753394 134251878557504 pretrain.py:352] Pretrain iter 00000262: loss=3.8931563481194248e-04, pmove=0.91772461
I0512 11:12:11.822525 134251878557504 pretrain.py:352] Pretrain iter 00000263: loss=4.1993251687780637e-04, pmove=0.91186523
I0512 11:12:11.891779 134251878557504 pretrain.py:352] Pretrain iter 00000264: loss=4.4838674482464960e-04, pmove=0.92016602
I0512 11:12:11.961023 134251878557504 pretrain.py:352] Pretrain iter 00000265: loss=5.2401496085632804e-04, pmove=0.91040039
I0512 11:12:12.030209 134251878557504 pretrain.py:352] Pretrain iter 00000266: loss=5.4324136909326319e-04, pmove=0.92089844
I0512 11:12:12.099372 134251878557504 pretrain.py:352] Pretrain iter 00000267: loss=5.7103460365209966e-04, pmove=0.91918945
I0512 11:12:12.168679 134251878557504 pretrain.py:352] Pretrain iter 00000268: loss=4.5666863212433912e-04, pmove=0.91357422
I0512 11:12:12.238003 134251878557504 pretrain.py:352] Pretrain iter 00000269: loss=3.5269575144670964e-04, pmove=0.90917969
I0512 11:12:12.307358 134251878557504 pretrain.py:352] Pretrain iter 00000270: loss=3.1300452008522399e-04, pmove=0.91796875
I0512 11:12:12.376667 134251878557504 pretrain.py:352] Pretrain iter 00000271: loss=3.5720834633157266e-04, pmove=0.92065430
I0512 11:12:12.445960 134251878557504 pretrain.py:352] Pretrain iter 00000272: loss=4.3466391907059194e-04, pmove=0.91259766
I0512 11:12:12.515272 134251878557504 pretrain.py:352] Pretrain iter 00000273: loss=4.4805770149349862e-04, pmove=0.91601562
I0512 11:12:12.584529 134251878557504 pretrain.py:352] Pretrain iter 00000274: loss=4.1272745353059296e-04, pmove=0.91796875
I0512 11:12:12.653770 134251878557504 pretrain.py:352] Pretrain iter 00000275: loss=3.3835501905918395e-04, pmove=0.91381836
I0512 11:12:12.723042 134251878557504 pretrain.py:352] Pretrain iter 00000276: loss=3.1392288305031452e-04, pmove=0.91723633
I0512 11:12:12.792274 134251878557504 pretrain.py:352] Pretrain iter 00000277: loss=3.3868688994820171e-04, pmove=0.91455078
I0512 11:12:12.861538 134251878557504 pretrain.py:352] Pretrain iter 00000278: loss=3.7479744777059264e-04, pmove=0.91113281
I0512 11:12:12.930901 134251878557504 pretrain.py:352] Pretrain iter 00000279: loss=4.0343762844027755e-04, pmove=0.91992188
I0512 11:12:13.000164 134251878557504 pretrain.py:352] Pretrain iter 00000280: loss=3.7996492448302350e-04, pmove=0.91528320
I0512 11:12:13.069450 134251878557504 pretrain.py:352] Pretrain iter 00000281: loss=3.3164173722740280e-04, pmove=0.91821289
I0512 11:12:13.138695 134251878557504 pretrain.py:352] Pretrain iter 00000282: loss=3.1031109365610248e-04, pmove=0.91625977
I0512 11:12:13.207964 134251878557504 pretrain.py:352] Pretrain iter 00000283: loss=3.2549499259535070e-04, pmove=0.91479492
I0512 11:12:13.277330 134251878557504 pretrain.py:352] Pretrain iter 00000284: loss=3.5737231776810838e-04, pmove=0.91918945
I0512 11:12:13.346486 134251878557504 pretrain.py:352] Pretrain iter 00000285: loss=3.6069110737633423e-04, pmove=0.91674805
I0512 11:12:13.415779 134251878557504 pretrain.py:352] Pretrain iter 00000286: loss=3.5592471990346548e-04, pmove=0.92163086
I0512 11:12:13.485050 134251878557504 pretrain.py:352] Pretrain iter 00000287: loss=3.3201236522316488e-04, pmove=0.92578125
I0512 11:12:13.554301 134251878557504 pretrain.py:352] Pretrain iter 00000288: loss=3.0766057486204557e-04, pmove=0.92114258
I0512 11:12:13.623435 134251878557504 pretrain.py:352] Pretrain iter 00000289: loss=3.0183000499950000e-04, pmove=0.90893555
I0512 11:12:13.692677 134251878557504 pretrain.py:352] Pretrain iter 00000290: loss=3.1403307843393656e-04, pmove=0.90673828
I0512 11:12:13.761908 134251878557504 pretrain.py:352] Pretrain iter 00000291: loss=3.2675041114883666e-04, pmove=0.92138672
I0512 11:12:13.831178 134251878557504 pretrain.py:352] Pretrain iter 00000292: loss=3.3452372110222208e-04, pmove=0.91601562
I0512 11:12:13.900451 134251878557504 pretrain.py:352] Pretrain iter 00000293: loss=3.3338578194874876e-04, pmove=0.92382812
I0512 11:12:13.969786 134251878557504 pretrain.py:352] Pretrain iter 00000294: loss=3.2145218507514088e-04, pmove=0.91967773
I0512 11:12:14.039080 134251878557504 pretrain.py:352] Pretrain iter 00000295: loss=3.1156890933706758e-04, pmove=0.91210938
I0512 11:12:14.108383 134251878557504 pretrain.py:352] Pretrain iter 00000296: loss=2.9846117631550400e-04, pmove=0.91552734
I0512 11:12:14.177654 134251878557504 pretrain.py:352] Pretrain iter 00000297: loss=2.9070952719978318e-04, pmove=0.91723633
I0512 11:12:14.246960 134251878557504 pretrain.py:352] Pretrain iter 00000298: loss=2.9499765176078377e-04, pmove=0.92138672
I0512 11:12:14.316194 134251878557504 pretrain.py:352] Pretrain iter 00000299: loss=2.8994760838518753e-04, pmove=0.90625000
I0512 11:12:14.385515 134251878557504 pretrain.py:352] Pretrain iter 00000300: loss=3.0107129593998907e-04, pmove=0.91601562
I0512 11:12:14.454858 134251878557504 pretrain.py:352] Pretrain iter 00000301: loss=3.1154243814385198e-04, pmove=0.92407227
I0512 11:12:14.524148 134251878557504 pretrain.py:352] Pretrain iter 00000302: loss=3.1750217885871099e-04, pmove=0.91503906
I0512 11:12:14.593411 134251878557504 pretrain.py:352] Pretrain iter 00000303: loss=3.1513488048064749e-04, pmove=0.92260742
I0512 11:12:14.662702 134251878557504 pretrain.py:352] Pretrain iter 00000304: loss=3.0862358278660712e-04, pmove=0.91015625
I0512 11:12:14.731990 134251878557504 pretrain.py:352] Pretrain iter 00000305: loss=3.0271476003888208e-04, pmove=0.92651367
I0512 11:12:14.801339 134251878557504 pretrain.py:352] Pretrain iter 00000306: loss=2.9264172850231940e-04, pmove=0.91235352
I0512 11:12:14.870557 134251878557504 pretrain.py:352] Pretrain iter 00000307: loss=2.8890751077539206e-04, pmove=0.92065430
I0512 11:12:14.939876 134251878557504 pretrain.py:352] Pretrain iter 00000308: loss=2.8552619129367516e-04, pmove=0.91870117
I0512 11:12:15.009151 134251878557504 pretrain.py:352] Pretrain iter 00000309: loss=2.8424143652045115e-04, pmove=0.92138672
I0512 11:12:15.078429 134251878557504 pretrain.py:352] Pretrain iter 00000310: loss=2.8447417715569663e-04, pmove=0.91625977
I0512 11:12:15.147756 134251878557504 pretrain.py:352] Pretrain iter 00000311: loss=2.8343156622995019e-04, pmove=0.91650391
I0512 11:12:15.217046 134251878557504 pretrain.py:352] Pretrain iter 00000312: loss=2.8402895951778508e-04, pmove=0.91015625
I0512 11:12:15.286456 134251878557504 pretrain.py:352] Pretrain iter 00000313: loss=2.8884420351951224e-04, pmove=0.90942383
I0512 11:12:15.355833 134251878557504 pretrain.py:352] Pretrain iter 00000314: loss=2.9686738766633114e-04, pmove=0.91015625
I0512 11:12:15.425162 134251878557504 pretrain.py:352] Pretrain iter 00000315: loss=3.1898902551012341e-04, pmove=0.90576172
I0512 11:12:15.494177 134251878557504 pretrain.py:352] Pretrain iter 00000316: loss=3.5282230396387716e-04, pmove=0.91479492
I0512 11:12:15.562626 134251878557504 pretrain.py:352] Pretrain iter 00000317: loss=3.9803414581330237e-04, pmove=0.90454102
I0512 11:12:15.631511 134251878557504 pretrain.py:352] Pretrain iter 00000318: loss=4.3520224253598098e-04, pmove=0.92358398
I0512 11:12:15.700849 134251878557504 pretrain.py:352] Pretrain iter 00000319: loss=5.3455484307825870e-04, pmove=0.91333008
I0512 11:12:15.770279 134251878557504 pretrain.py:352] Pretrain iter 00000320: loss=5.3547245444079440e-04, pmove=0.91137695
I0512 11:12:15.839591 134251878557504 pretrain.py:352] Pretrain iter 00000321: loss=5.2963056970976429e-04, pmove=0.91455078
I0512 11:12:15.909229 134251878557504 pretrain.py:352] Pretrain iter 00000322: loss=3.8357950161959514e-04, pmove=0.92407227
I0512 11:12:15.978582 134251878557504 pretrain.py:352] Pretrain iter 00000323: loss=2.8368126028977924e-04, pmove=0.91699219
I0512 11:12:16.047897 134251878557504 pretrain.py:352] Pretrain iter 00000324: loss=2.6419483518615866e-04, pmove=0.91748047
I0512 11:12:16.117096 134251878557504 pretrain.py:352] Pretrain iter 00000325: loss=3.1925373215389700e-04, pmove=0.92236328
I0512 11:12:16.186507 134251878557504 pretrain.py:352] Pretrain iter 00000326: loss=3.9524160157310888e-04, pmove=0.91943359
I0512 11:12:16.255776 134251878557504 pretrain.py:352] Pretrain iter 00000327: loss=3.9810983679829212e-04, pmove=0.91455078
I0512 11:12:16.325065 134251878557504 pretrain.py:352] Pretrain iter 00000328: loss=3.6004969234572739e-04, pmove=0.91748047
I0512 11:12:16.394257 134251878557504 pretrain.py:352] Pretrain iter 00000329: loss=2.8376892897908647e-04, pmove=0.91748047
I0512 11:12:16.463481 134251878557504 pretrain.py:352] Pretrain iter 00000330: loss=2.5433938487523142e-04, pmove=0.91674805
I0512 11:12:16.532708 134251878557504 pretrain.py:352] Pretrain iter 00000331: loss=2.8258381944709220e-04, pmove=0.91723633
I0512 11:12:16.601969 134251878557504 pretrain.py:352] Pretrain iter 00000332: loss=3.2350208665840835e-04, pmove=0.91479492
I0512 11:12:16.671283 134251878557504 pretrain.py:352] Pretrain iter 00000333: loss=3.3784998486048666e-04, pmove=0.91577148
I0512 11:12:16.740394 134251878557504 pretrain.py:352] Pretrain iter 00000334: loss=2.9877153066046037e-04, pmove=0.91845703
I0512 11:12:16.809644 134251878557504 pretrain.py:352] Pretrain iter 00000335: loss=2.6359220530965143e-04, pmove=0.91748047
I0512 11:12:16.878933 134251878557504 pretrain.py:352] Pretrain iter 00000336: loss=2.5203148975866770e-04, pmove=0.91406250
I0512 11:12:16.948237 134251878557504 pretrain.py:352] Pretrain iter 00000337: loss=2.6804666204324702e-04, pmove=0.92333984
I0512 11:12:17.017539 134251878557504 pretrain.py:352] Pretrain iter 00000338: loss=2.9150390339005030e-04, pmove=0.91259766
I0512 11:12:17.086801 134251878557504 pretrain.py:352] Pretrain iter 00000339: loss=2.9407311400009967e-04, pmove=0.92016602
I0512 11:12:17.156084 134251878557504 pretrain.py:352] Pretrain iter 00000340: loss=2.8165630847236069e-04, pmove=0.91406250
I0512 11:12:17.225385 134251878557504 pretrain.py:352] Pretrain iter 00000341: loss=2.5977062811748922e-04, pmove=0.91992188
I0512 11:12:17.294660 134251878557504 pretrain.py:352] Pretrain iter 00000342: loss=2.5044707750532339e-04, pmove=0.91772461
I0512 11:12:17.363944 134251878557504 pretrain.py:352] Pretrain iter 00000343: loss=2.5491073704627678e-04, pmove=0.91357422
I0512 11:12:17.433273 134251878557504 pretrain.py:352] Pretrain iter 00000344: loss=2.6818038185020870e-04, pmove=0.91870117
I0512 11:12:17.502646 134251878557504 pretrain.py:352] Pretrain iter 00000345: loss=2.7731924782283554e-04, pmove=0.91748047
I0512 11:12:17.571948 134251878557504 pretrain.py:352] Pretrain iter 00000346: loss=2.7316259575740670e-04, pmove=0.91284180
I0512 11:12:17.641274 134251878557504 pretrain.py:352] Pretrain iter 00000347: loss=2.6713698485553974e-04, pmove=0.91381836
I0512 11:12:17.710702 134251878557504 pretrain.py:352] Pretrain iter 00000348: loss=2.5504336812910309e-04, pmove=0.91577148
I0512 11:12:17.780077 134251878557504 pretrain.py:352] Pretrain iter 00000349: loss=2.5028059698374659e-04, pmove=0.91699219
I0512 11:12:17.849430 134251878557504 pretrain.py:352] Pretrain iter 00000350: loss=2.4792543167408593e-04, pmove=0.91723633
I0512 11:12:17.918711 134251878557504 pretrain.py:352] Pretrain iter 00000351: loss=2.4440269723077800e-04, pmove=0.92016602
I0512 11:12:17.987967 134251878557504 pretrain.py:352] Pretrain iter 00000352: loss=2.4857535929711757e-04, pmove=0.92138672
I0512 11:12:18.057231 134251878557504 pretrain.py:352] Pretrain iter 00000353: loss=2.5529086486902799e-04, pmove=0.92285156
I0512 11:12:18.126562 134251878557504 pretrain.py:352] Pretrain iter 00000354: loss=2.6188920090949755e-04, pmove=0.90991211
I0512 11:12:18.195615 134251878557504 pretrain.py:352] Pretrain iter 00000355: loss=2.6686768080612096e-04, pmove=0.92114258
I0512 11:12:18.265623 134251878557504 pretrain.py:352] Pretrain iter 00000356: loss=2.6471576768366122e-04, pmove=0.91674805
I0512 11:12:18.335256 134251878557504 pretrain.py:352] Pretrain iter 00000357: loss=2.5826623912841319e-04, pmove=0.91381836
I0512 11:12:18.404458 134251878557504 pretrain.py:352] Pretrain iter 00000358: loss=2.4784946592830881e-04, pmove=0.92553711
I0512 11:12:18.473351 134251878557504 pretrain.py:352] Pretrain iter 00000359: loss=2.4675099652434975e-04, pmove=0.91748047
I0512 11:12:18.542732 134251878557504 pretrain.py:352] Pretrain iter 00000360: loss=2.4199309656217126e-04, pmove=0.91699219
I0512 11:12:18.612170 134251878557504 pretrain.py:352] Pretrain iter 00000361: loss=2.4585769349379336e-04, pmove=0.91210938
I0512 11:12:18.681486 134251878557504 pretrain.py:352] Pretrain iter 00000362: loss=2.4232588117779701e-04, pmove=0.91918945
I0512 11:12:18.750929 134251878557504 pretrain.py:352] Pretrain iter 00000363: loss=2.4634628090628254e-04, pmove=0.91503906
I0512 11:12:18.820098 134251878557504 pretrain.py:352] Pretrain iter 00000364: loss=2.5211369775308252e-04, pmove=0.92065430
I0512 11:12:18.888832 134251878557504 pretrain.py:352] Pretrain iter 00000365: loss=2.5681951921140232e-04, pmove=0.91625977
I0512 11:12:18.958134 134251878557504 pretrain.py:352] Pretrain iter 00000366: loss=2.6109158624253718e-04, pmove=0.92114258
I0512 11:12:19.027452 134251878557504 pretrain.py:352] Pretrain iter 00000367: loss=2.7953181631932796e-04, pmove=0.91943359
I0512 11:12:19.097020 134251878557504 pretrain.py:352] Pretrain iter 00000368: loss=2.9912524555606378e-04, pmove=0.91723633
I0512 11:12:19.166364 134251878557504 pretrain.py:352] Pretrain iter 00000369: loss=3.3305055398693531e-04, pmove=0.91699219
I0512 11:12:19.235539 134251878557504 pretrain.py:352] Pretrain iter 00000370: loss=3.6556761886007751e-04, pmove=0.92211914
I0512 11:12:19.304947 134251878557504 pretrain.py:352] Pretrain iter 00000371: loss=4.2586375830393642e-04, pmove=0.91455078
I0512 11:12:19.374080 134251878557504 pretrain.py:352] Pretrain iter 00000372: loss=4.3705246020567977e-04, pmove=0.91528320
I0512 11:12:19.443140 134251878557504 pretrain.py:352] Pretrain iter 00000373: loss=4.6232959993592899e-04, pmove=0.91259766
I0512 11:12:19.512397 134251878557504 pretrain.py:352] Pretrain iter 00000374: loss=4.0138878327035160e-04, pmove=0.91015625
I0512 11:12:19.581561 134251878557504 pretrain.py:352] Pretrain iter 00000375: loss=3.4366337075192582e-04, pmove=0.91967773
I0512 11:12:19.650794 134251878557504 pretrain.py:352] Pretrain iter 00000376: loss=2.7033859452397059e-04, pmove=0.91503906
I0512 11:12:19.720143 134251878557504 pretrain.py:352] Pretrain iter 00000377: loss=2.3455158040673585e-04, pmove=0.91210938
I0512 11:12:19.789459 134251878557504 pretrain.py:352] Pretrain iter 00000378: loss=2.5000991826237004e-04, pmove=0.91625977
I0512 11:12:19.858752 134251878557504 pretrain.py:352] Pretrain iter 00000379: loss=2.9443475166574353e-04, pmove=0.92138672
I0512 11:12:19.928066 134251878557504 pretrain.py:352] Pretrain iter 00000380: loss=3.4855640311890433e-04, pmove=0.91748047
I0512 11:12:19.997314 134251878557504 pretrain.py:352] Pretrain iter 00000381: loss=3.6128027347305357e-04, pmove=0.91528320
I0512 11:12:20.066526 134251878557504 pretrain.py:352] Pretrain iter 00000382: loss=3.5941843676197676e-04, pmove=0.91796875
I0512 11:12:20.135837 134251878557504 pretrain.py:352] Pretrain iter 00000383: loss=3.0802662333299463e-04, pmove=0.91430664
I0512 11:12:20.205041 134251878557504 pretrain.py:352] Pretrain iter 00000384: loss=2.5980582949306294e-04, pmove=0.92309570
I0512 11:12:20.274331 134251878557504 pretrain.py:352] Pretrain iter 00000385: loss=2.2936020138349689e-04, pmove=0.92138672
I0512 11:12:20.343570 134251878557504 pretrain.py:352] Pretrain iter 00000386: loss=2.3576629867588027e-04, pmove=0.91992188
I0512 11:12:20.412765 134251878557504 pretrain.py:352] Pretrain iter 00000387: loss=2.6660531907021117e-04, pmove=0.91845703
I0512 11:12:20.481955 134251878557504 pretrain.py:352] Pretrain iter 00000388: loss=2.9051723143664623e-04, pmove=0.91528320
I0512 11:12:20.551220 134251878557504 pretrain.py:352] Pretrain iter 00000389: loss=3.0592566493722732e-04, pmove=0.91015625
I0512 11:12:20.620492 134251878557504 pretrain.py:352] Pretrain iter 00000390: loss=2.8519985365526451e-04, pmove=0.91772461
I0512 11:12:20.689737 134251878557504 pretrain.py:352] Pretrain iter 00000391: loss=2.6002862950658112e-04, pmove=0.92114258
I0512 11:12:20.758958 134251878557504 pretrain.py:352] Pretrain iter 00000392: loss=2.3702693704112798e-04, pmove=0.91845703
I0512 11:12:20.828260 134251878557504 pretrain.py:352] Pretrain iter 00000393: loss=2.2770857512278828e-04, pmove=0.91479492
I0512 11:12:20.897503 134251878557504 pretrain.py:352] Pretrain iter 00000394: loss=2.3257459622062082e-04, pmove=0.92260742
I0512 11:12:20.966769 134251878557504 pretrain.py:352] Pretrain iter 00000395: loss=2.5159532599807805e-04, pmove=0.91406250
I0512 11:12:21.036018 134251878557504 pretrain.py:352] Pretrain iter 00000396: loss=2.6978060366441453e-04, pmove=0.91406250
I0512 11:12:21.105350 134251878557504 pretrain.py:352] Pretrain iter 00000397: loss=2.7448062078380187e-04, pmove=0.91455078
I0512 11:12:21.174615 134251878557504 pretrain.py:352] Pretrain iter 00000398: loss=2.8709091062086576e-04, pmove=0.91748047
I0512 11:12:21.243860 134251878557504 pretrain.py:352] Pretrain iter 00000399: loss=2.8664642324529135e-04, pmove=0.91992188
I0512 11:12:21.313157 134251878557504 pretrain.py:352] Pretrain iter 00000400: loss=2.8364085476471131e-04, pmove=0.91894531
I0512 11:12:21.382498 134251878557504 pretrain.py:352] Pretrain iter 00000401: loss=2.6691823502250861e-04, pmove=0.91748047
I0512 11:12:21.452017 134251878557504 pretrain.py:352] Pretrain iter 00000402: loss=2.5452387967169653e-04, pmove=0.91845703
I0512 11:12:21.521356 134251878557504 pretrain.py:352] Pretrain iter 00000403: loss=2.4068703333602709e-04, pmove=0.91674805
I0512 11:12:21.590594 134251878557504 pretrain.py:352] Pretrain iter 00000404: loss=2.3759131682588261e-04, pmove=0.91992188
I0512 11:12:21.659877 134251878557504 pretrain.py:352] Pretrain iter 00000405: loss=2.2856071992954295e-04, pmove=0.91601562
I0512 11:12:21.729152 134251878557504 pretrain.py:352] Pretrain iter 00000406: loss=2.2583702745882555e-04, pmove=0.92163086
I0512 11:12:21.798458 134251878557504 pretrain.py:352] Pretrain iter 00000407: loss=2.2638040553314785e-04, pmove=0.91186523
I0512 11:12:21.867737 134251878557504 pretrain.py:352] Pretrain iter 00000408: loss=2.2929827736814100e-04, pmove=0.92016602
I0512 11:12:21.937035 134251878557504 pretrain.py:352] Pretrain iter 00000409: loss=2.3129733246522824e-04, pmove=0.92211914
I0512 11:12:22.006302 134251878557504 pretrain.py:352] Pretrain iter 00000410: loss=2.3992173819103777e-04, pmove=0.91259766
I0512 11:12:22.075653 134251878557504 pretrain.py:352] Pretrain iter 00000411: loss=2.5423563481814256e-04, pmove=0.91699219
I0512 11:12:22.144708 134251878557504 pretrain.py:352] Pretrain iter 00000412: loss=2.7265745664055305e-04, pmove=0.91870117
I0512 11:12:22.213821 134251878557504 pretrain.py:352] Pretrain iter 00000413: loss=3.0858505596807490e-04, pmove=0.91406250
I0512 11:12:22.283099 134251878557504 pretrain.py:352] Pretrain iter 00000414: loss=3.4226681358723819e-04, pmove=0.91918945
I0512 11:12:22.352402 134251878557504 pretrain.py:352] Pretrain iter 00000415: loss=4.0566230440935145e-04, pmove=0.91796875
I0512 11:12:22.421779 134251878557504 pretrain.py:352] Pretrain iter 00000416: loss=4.3835332688565098e-04, pmove=0.91552734
I0512 11:12:22.491098 134251878557504 pretrain.py:352] Pretrain iter 00000417: loss=5.0062351793938253e-04, pmove=0.91552734
I0512 11:12:22.560246 134251878557504 pretrain.py:352] Pretrain iter 00000418: loss=4.6708983698588762e-04, pmove=0.92163086
I0512 11:12:22.629482 134251878557504 pretrain.py:352] Pretrain iter 00000419: loss=4.3858716128886014e-04, pmove=0.92163086
I0512 11:12:22.698698 134251878557504 pretrain.py:352] Pretrain iter 00000420: loss=3.3691280501077400e-04, pmove=0.92236328
I0512 11:12:22.767949 134251878557504 pretrain.py:352] Pretrain iter 00000421: loss=2.5765957717226602e-04, pmove=0.91601562
I0512 11:12:22.837141 134251878557504 pretrain.py:352] Pretrain iter 00000422: loss=2.2470030458637770e-04, pmove=0.91772461
I0512 11:12:22.906373 134251878557504 pretrain.py:352] Pretrain iter 00000423: loss=2.4280060711354644e-04, pmove=0.91699219
I0512 11:12:22.975573 134251878557504 pretrain.py:352] Pretrain iter 00000424: loss=3.0101387075780845e-04, pmove=0.91625977
I0512 11:12:23.044649 134251878557504 pretrain.py:352] Pretrain iter 00000425: loss=3.5851404299056173e-04, pmove=0.91381836
I0512 11:12:23.113858 134251878557504 pretrain.py:352] Pretrain iter 00000426: loss=4.2740848037579085e-04, pmove=0.92456055
I0512 11:12:23.183074 134251878557504 pretrain.py:352] Pretrain iter 00000427: loss=4.0876668047734030e-04, pmove=0.91870117
I0512 11:12:23.252341 134251878557504 pretrain.py:352] Pretrain iter 00000428: loss=3.6855694512490615e-04, pmove=0.91284180
I0512 11:12:23.321745 134251878557504 pretrain.py:352] Pretrain iter 00000429: loss=2.7525856067487855e-04, pmove=0.91748047
I0512 11:12:23.392756 134251878557504 pretrain.py:352] Pretrain iter 00000430: loss=2.2185222325040612e-04, pmove=0.91699219
I0512 11:12:23.462129 134251878557504 pretrain.py:352] Pretrain iter 00000431: loss=2.1915049321814193e-04, pmove=0.91918945
I0512 11:12:23.531368 134251878557504 pretrain.py:352] Pretrain iter 00000432: loss=2.5623530110735915e-04, pmove=0.91235352
I0512 11:12:23.600606 134251878557504 pretrain.py:352] Pretrain iter 00000433: loss=2.9895643775639674e-04, pmove=0.92089844
I0512 11:12:23.669857 134251878557504 pretrain.py:352] Pretrain iter 00000434: loss=3.0970244313681926e-04, pmove=0.91625977
I0512 11:12:23.739223 134251878557504 pretrain.py:352] Pretrain iter 00000435: loss=3.0554207865318781e-04, pmove=0.91943359
I0512 11:12:23.808489 134251878557504 pretrain.py:352] Pretrain iter 00000436: loss=2.6940676403382837e-04, pmove=0.92553711
I0512 11:12:23.877804 134251878557504 pretrain.py:352] Pretrain iter 00000437: loss=2.4005827471661683e-04, pmove=0.92065430
I0512 11:12:23.947058 134251878557504 pretrain.py:352] Pretrain iter 00000438: loss=2.1519459080973332e-04, pmove=0.91503906
I0512 11:12:24.016368 134251878557504 pretrain.py:352] Pretrain iter 00000439: loss=2.1246488539988925e-04, pmove=0.91381836
I0512 11:12:24.085562 134251878557504 pretrain.py:352] Pretrain iter 00000440: loss=2.2533394646402161e-04, pmove=0.92236328
I0512 11:12:24.154857 134251878557504 pretrain.py:352] Pretrain iter 00000441: loss=2.4492685816134349e-04, pmove=0.91503906
I0512 11:12:24.224101 134251878557504 pretrain.py:352] Pretrain iter 00000442: loss=2.5495433967750135e-04, pmove=0.91967773
I0512 11:12:24.293352 134251878557504 pretrain.py:352] Pretrain iter 00000443: loss=2.4959367164297045e-04, pmove=0.91699219
I0512 11:12:24.362558 134251878557504 pretrain.py:352] Pretrain iter 00000444: loss=2.3634237505393486e-04, pmove=0.91650391
I0512 11:12:24.431864 134251878557504 pretrain.py:352] Pretrain iter 00000445: loss=2.2053688727671428e-04, pmove=0.92065430
I0512 11:12:24.501097 134251878557504 pretrain.py:352] Pretrain iter 00000446: loss=2.1215916777267362e-04, pmove=0.91796875
I0512 11:12:24.570382 134251878557504 pretrain.py:352] Pretrain iter 00000447: loss=2.0828074544188599e-04, pmove=0.91650391
I0512 11:12:24.639601 134251878557504 pretrain.py:352] Pretrain iter 00000448: loss=2.0949209455102460e-04, pmove=0.91430664
I0512 11:12:24.708883 134251878557504 pretrain.py:352] Pretrain iter 00000449: loss=2.1248014440333453e-04, pmove=0.92163086
I0512 11:12:24.778135 134251878557504 pretrain.py:352] Pretrain iter 00000450: loss=2.1663349658758890e-04, pmove=0.91503906
I0512 11:12:24.847398 134251878557504 pretrain.py:352] Pretrain iter 00000451: loss=2.2120149189865939e-04, pmove=0.91406250
I0512 11:12:24.916506 134251878557504 pretrain.py:352] Pretrain iter 00000452: loss=2.2099632714652455e-04, pmove=0.91503906
I0512 11:12:24.985780 134251878557504 pretrain.py:352] Pretrain iter 00000453: loss=2.1850091015835406e-04, pmove=0.91210938
I0512 11:12:25.055009 134251878557504 pretrain.py:352] Pretrain iter 00000454: loss=2.1721547576020387e-04, pmove=0.92578125
I0512 11:12:25.124259 134251878557504 pretrain.py:352] Pretrain iter 00000455: loss=2.1075664454023126e-04, pmove=0.90649414
I0512 11:12:25.193481 134251878557504 pretrain.py:352] Pretrain iter 00000456: loss=2.0773495842190103e-04, pmove=0.91528320
I0512 11:12:25.262694 134251878557504 pretrain.py:352] Pretrain iter 00000457: loss=2.0787164454039115e-04, pmove=0.91235352
I0512 11:12:25.331972 134251878557504 pretrain.py:352] Pretrain iter 00000458: loss=2.0563771739868917e-04, pmove=0.92553711
I0512 11:12:25.401409 134251878557504 pretrain.py:352] Pretrain iter 00000459: loss=2.0262559291515594e-04, pmove=0.91528320
I0512 11:12:25.470660 134251878557504 pretrain.py:352] Pretrain iter 00000460: loss=2.0305477491244122e-04, pmove=0.92675781
I0512 11:12:25.539998 134251878557504 pretrain.py:352] Pretrain iter 00000461: loss=2.0637765359427928e-04, pmove=0.92260742
I0512 11:12:25.609240 134251878557504 pretrain.py:352] Pretrain iter 00000462: loss=2.0957123693466240e-04, pmove=0.92114258
I0512 11:12:25.678387 134251878557504 pretrain.py:352] Pretrain iter 00000463: loss=2.1604916359916669e-04, pmove=0.91967773
I0512 11:12:25.747583 134251878557504 pretrain.py:352] Pretrain iter 00000464: loss=2.2135915466005635e-04, pmove=0.92456055
I0512 11:12:25.816795 134251878557504 pretrain.py:352] Pretrain iter 00000465: loss=2.4193507366260345e-04, pmove=0.91772461
I0512 11:12:25.886042 134251878557504 pretrain.py:352] Pretrain iter 00000466: loss=2.6764158544972342e-04, pmove=0.92041016
I0512 11:12:25.955341 134251878557504 pretrain.py:352] Pretrain iter 00000467: loss=3.2067714765780195e-04, pmove=0.91455078
I0512 11:12:26.024593 134251878557504 pretrain.py:352] Pretrain iter 00000468: loss=3.8466324061381689e-04, pmove=0.91601562
I0512 11:12:26.093958 134251878557504 pretrain.py:352] Pretrain iter 00000469: loss=5.2426733375357418e-04, pmove=0.91723633
I0512 11:12:26.163248 134251878557504 pretrain.py:352] Pretrain iter 00000470: loss=5.9390740926000432e-04, pmove=0.91723633
I0512 11:12:26.232465 134251878557504 pretrain.py:352] Pretrain iter 00000471: loss=7.1971933261433371e-04, pmove=0.92016602
I0512 11:12:26.301686 134251878557504 pretrain.py:352] Pretrain iter 00000472: loss=5.3985620544656971e-04, pmove=0.92553711
I0512 11:12:26.371035 134251878557504 pretrain.py:352] Pretrain iter 00000473: loss=3.6158445240266614e-04, pmove=0.91577148
I0512 11:12:26.440320 134251878557504 pretrain.py:352] Pretrain iter 00000474: loss=2.0989949083682200e-04, pmove=0.91357422
I0512 11:12:26.509557 134251878557504 pretrain.py:352] Pretrain iter 00000475: loss=2.3103779426838350e-04, pmove=0.91992188
I0512 11:12:26.578794 134251878557504 pretrain.py:352] Pretrain iter 00000476: loss=3.7180639792569687e-04, pmove=0.91870117
I0512 11:12:26.648093 134251878557504 pretrain.py:352] Pretrain iter 00000477: loss=4.4876253385807744e-04, pmove=0.91528320
I0512 11:12:26.717408 134251878557504 pretrain.py:352] Pretrain iter 00000478: loss=4.5467383220774385e-04, pmove=0.91577148
I0512 11:12:26.786603 134251878557504 pretrain.py:352] Pretrain iter 00000479: loss=3.0197495222418827e-04, pmove=0.91894531
I0512 11:12:26.855860 134251878557504 pretrain.py:352] Pretrain iter 00000480: loss=1.9658076422058513e-04, pmove=0.91552734
I0512 11:12:26.925090 134251878557504 pretrain.py:352] Pretrain iter 00000481: loss=2.1590258524320844e-04, pmove=0.91479492
I0512 11:12:26.994363 134251878557504 pretrain.py:352] Pretrain iter 00000482: loss=2.9898892122084595e-04, pmove=0.91943359
I0512 11:12:27.063573 134251878557504 pretrain.py:352] Pretrain iter 00000483: loss=3.5404477905016235e-04, pmove=0.91967773
I0512 11:12:27.132924 134251878557504 pretrain.py:352] Pretrain iter 00000484: loss=2.8852439535055326e-04, pmove=0.91503906
I0512 11:12:27.202186 134251878557504 pretrain.py:352] Pretrain iter 00000485: loss=2.1333927596900573e-04, pmove=0.91894531
I0512 11:12:27.271480 134251878557504 pretrain.py:352] Pretrain iter 00000486: loss=2.0148214210224935e-04, pmove=0.92260742
I0512 11:12:27.340699 134251878557504 pretrain.py:352] Pretrain iter 00000487: loss=2.4875578994318869e-04, pmove=0.92089844
I0512 11:12:27.410048 134251878557504 pretrain.py:352] Pretrain iter 00000488: loss=2.8948792581239344e-04, pmove=0.91528320
I0512 11:12:27.479166 134251878557504 pretrain.py:352] Pretrain iter 00000489: loss=2.6514492817017541e-04, pmove=0.92187500
I0512 11:12:27.548405 134251878557504 pretrain.py:352] Pretrain iter 00000490: loss=2.1971196493766933e-04, pmove=0.91674805
I0512 11:12:27.617614 134251878557504 pretrain.py:352] Pretrain iter 00000491: loss=1.9365746447490289e-04, pmove=0.91503906
I0512 11:12:27.686909 134251878557504 pretrain.py:352] Pretrain iter 00000492: loss=2.0885115025616946e-04, pmove=0.91284180
I0512 11:12:27.756081 134251878557504 pretrain.py:352] Pretrain iter 00000493: loss=2.4058213138016752e-04, pmove=0.91528320
I0512 11:12:27.825242 134251878557504 pretrain.py:352] Pretrain iter 00000494: loss=2.4283933400285549e-04, pmove=0.91845703
I0512 11:12:27.894449 134251878557504 pretrain.py:352] Pretrain iter 00000495: loss=2.2351862662090758e-04, pmove=0.91577148
I0512 11:12:27.963691 134251878557504 pretrain.py:352] Pretrain iter 00000496: loss=1.9714561807462942e-04, pmove=0.91333008
I0512 11:12:28.032920 134251878557504 pretrain.py:352] Pretrain iter 00000497: loss=1.8544870929589535e-04, pmove=0.92407227
I0512 11:12:28.102157 134251878557504 pretrain.py:352] Pretrain iter 00000498: loss=1.9916410440181452e-04, pmove=0.92163086
I0512 11:12:28.171463 134251878557504 pretrain.py:352] Pretrain iter 00000499: loss=2.1707220840233040e-04, pmove=0.91748047
I0512 11:12:28.240595 134251878557504 pretrain.py:352] Pretrain iter 00000500: loss=2.2393678873939036e-04, pmove=0.91308594
I0512 11:12:28.309650 134251878557504 pretrain.py:352] Pretrain iter 00000501: loss=2.1157936503433695e-04, pmove=0.91503906
I0512 11:12:28.378509 134251878557504 pretrain.py:352] Pretrain iter 00000502: loss=1.9838007744793468e-04, pmove=0.91943359
I0512 11:12:28.447193 134251878557504 pretrain.py:352] Pretrain iter 00000503: loss=1.9040800332732456e-04, pmove=0.91210938
I0512 11:12:28.516172 134251878557504 pretrain.py:352] Pretrain iter 00000504: loss=1.9242074426174799e-04, pmove=0.91845703
I0512 11:12:28.585476 134251878557504 pretrain.py:352] Pretrain iter 00000505: loss=1.9892090542062240e-04, pmove=0.91845703
I0512 11:12:28.654732 134251878557504 pretrain.py:352] Pretrain iter 00000506: loss=2.0713481676943533e-04, pmove=0.91699219
I0512 11:12:28.723943 134251878557504 pretrain.py:352] Pretrain iter 00000507: loss=2.1023656473775055e-04, pmove=0.91992188
I0512 11:12:28.793326 134251878557504 pretrain.py:352] Pretrain iter 00000508: loss=2.0363956611393181e-04, pmove=0.91918945
I0512 11:12:28.862494 134251878557504 pretrain.py:352] Pretrain iter 00000509: loss=1.9688517737108841e-04, pmove=0.91162109
I0512 11:12:28.931730 134251878557504 pretrain.py:352] Pretrain iter 00000510: loss=1.8950981521089941e-04, pmove=0.92456055
I0512 11:12:29.001003 134251878557504 pretrain.py:352] Pretrain iter 00000511: loss=1.8589350120110895e-04, pmove=0.91357422
I0512 11:12:29.070191 134251878557504 pretrain.py:352] Pretrain iter 00000512: loss=1.8767091263939212e-04, pmove=0.91699219
I0512 11:12:29.139498 134251878557504 pretrain.py:352] Pretrain iter 00000513: loss=1.9033612819947202e-04, pmove=0.91894531
I0512 11:12:29.208767 134251878557504 pretrain.py:352] Pretrain iter 00000514: loss=1.9160622397859683e-04, pmove=0.91772461
I0512 11:12:29.278035 134251878557504 pretrain.py:352] Pretrain iter 00000515: loss=1.9529351067771848e-04, pmove=0.92187500
I0512 11:12:29.347276 134251878557504 pretrain.py:352] Pretrain iter 00000516: loss=1.9646599392219839e-04, pmove=0.92187500
I0512 11:12:29.416454 134251878557504 pretrain.py:352] Pretrain iter 00000517: loss=1.9412909615658034e-04, pmove=0.91748047
I0512 11:12:29.485629 134251878557504 pretrain.py:352] Pretrain iter 00000518: loss=1.9214404369519530e-04, pmove=0.91967773
I0512 11:12:29.554865 134251878557504 pretrain.py:352] Pretrain iter 00000519: loss=1.8866964089035839e-04, pmove=0.91650391
I0512 11:12:29.624103 134251878557504 pretrain.py:352] Pretrain iter 00000520: loss=1.8831083300242148e-04, pmove=0.92065430
I0512 11:12:29.693369 134251878557504 pretrain.py:352] Pretrain iter 00000521: loss=1.8819406435550815e-04, pmove=0.91845703
I0512 11:12:29.762455 134251878557504 pretrain.py:352] Pretrain iter 00000522: loss=1.8502313850413430e-04, pmove=0.92285156
I0512 11:12:29.831671 134251878557504 pretrain.py:352] Pretrain iter 00000523: loss=1.8541758280086885e-04, pmove=0.92138672
I0512 11:12:29.900972 134251878557504 pretrain.py:352] Pretrain iter 00000524: loss=1.8877624648129160e-04, pmove=0.91186523
I0512 11:12:29.970272 134251878557504 pretrain.py:352] Pretrain iter 00000525: loss=1.8735276863294687e-04, pmove=0.91455078
I0512 11:12:30.039538 134251878557504 pretrain.py:352] Pretrain iter 00000526: loss=1.8644942054251855e-04, pmove=0.92309570
I0512 11:12:30.108762 134251878557504 pretrain.py:352] Pretrain iter 00000527: loss=1.8730509822354293e-04, pmove=0.92041016
I0512 11:12:30.178009 134251878557504 pretrain.py:352] Pretrain iter 00000528: loss=1.9207068252308115e-04, pmove=0.92114258
I0512 11:12:30.247185 134251878557504 pretrain.py:352] Pretrain iter 00000529: loss=1.9669335165185703e-04, pmove=0.91333008
I0512 11:12:30.316481 134251878557504 pretrain.py:352] Pretrain iter 00000530: loss=2.0291248339870981e-04, pmove=0.91748047
I0512 11:12:30.385798 134251878557504 pretrain.py:352] Pretrain iter 00000531: loss=2.1318720299529927e-04, pmove=0.91577148
I0512 11:12:30.454900 134251878557504 pretrain.py:352] Pretrain iter 00000532: loss=2.3071356640745264e-04, pmove=0.90991211
I0512 11:12:30.524358 134251878557504 pretrain.py:352] Pretrain iter 00000533: loss=2.5073473695382160e-04, pmove=0.91430664
I0512 11:12:30.593604 134251878557504 pretrain.py:352] Pretrain iter 00000534: loss=2.8206480005912334e-04, pmove=0.92138672
I0512 11:12:30.663080 134251878557504 pretrain.py:352] Pretrain iter 00000535: loss=3.0171535382380243e-04, pmove=0.91577148
I0512 11:12:30.732396 134251878557504 pretrain.py:352] Pretrain iter 00000536: loss=3.5417715998305806e-04, pmove=0.91064453
I0512 11:12:30.801641 134251878557504 pretrain.py:352] Pretrain iter 00000537: loss=3.8405574801113199e-04, pmove=0.90625000
I0512 11:12:30.870904 134251878557504 pretrain.py:352] Pretrain iter 00000538: loss=4.5572818328884122e-04, pmove=0.92626953
I0512 11:12:30.940182 134251878557504 pretrain.py:352] Pretrain iter 00000539: loss=4.4071322473015643e-04, pmove=0.92089844
I0512 11:12:31.009406 134251878557504 pretrain.py:352] Pretrain iter 00000540: loss=4.3489951633144004e-04, pmove=0.90966797
I0512 11:12:31.078598 134251878557504 pretrain.py:352] Pretrain iter 00000541: loss=3.2918948022607594e-04, pmove=0.91772461
I0512 11:12:31.147786 134251878557504 pretrain.py:352] Pretrain iter 00000542: loss=2.4257309268530154e-04, pmove=0.91992188
I0512 11:12:31.217054 134251878557504 pretrain.py:352] Pretrain iter 00000543: loss=1.8451762159054367e-04, pmove=0.91137695
I0512 11:12:31.286279 134251878557504 pretrain.py:352] Pretrain iter 00000544: loss=1.8124189946957701e-04, pmove=0.92138672
I0512 11:12:31.355488 134251878557504 pretrain.py:352] Pretrain iter 00000545: loss=2.2845123440390130e-04, pmove=0.91967773
I0512 11:12:31.424743 134251878557504 pretrain.py:352] Pretrain iter 00000546: loss=2.8001169456867968e-04, pmove=0.92553711
I0512 11:12:31.493953 134251878557504 pretrain.py:352] Pretrain iter 00000547: loss=3.2374070054887253e-04, pmove=0.91210938
I0512 11:12:31.563401 134251878557504 pretrain.py:352] Pretrain iter 00000548: loss=3.0037598706776034e-04, pmove=0.91723633
I0512 11:12:31.632454 134251878557504 pretrain.py:352] Pretrain iter 00000549: loss=2.6319106275451368e-04, pmove=0.91528320
I0512 11:12:31.701675 134251878557504 pretrain.py:352] Pretrain iter 00000550: loss=2.0422820626147999e-04, pmove=0.92041016
I0512 11:12:31.770938 134251878557504 pretrain.py:352] Pretrain iter 00000551: loss=1.7166491093053925e-04, pmove=0.91552734
I0512 11:12:31.840178 134251878557504 pretrain.py:352] Pretrain iter 00000552: loss=1.7719713282674207e-04, pmove=0.91552734
I0512 11:12:31.909391 134251878557504 pretrain.py:352] Pretrain iter 00000553: loss=2.1066064191682879e-04, pmove=0.92089844
I0512 11:12:31.978449 134251878557504 pretrain.py:352] Pretrain iter 00000554: loss=2.4693789533019911e-04, pmove=0.91699219
I0512 11:12:32.047660 134251878557504 pretrain.py:352] Pretrain iter 00000555: loss=2.5700058092121745e-04, pmove=0.91772461
I0512 11:12:32.116934 134251878557504 pretrain.py:352] Pretrain iter 00000556: loss=2.4890350357495878e-04, pmove=0.92456055
I0512 11:12:32.186199 134251878557504 pretrain.py:352] Pretrain iter 00000557: loss=2.1796913316473452e-04, pmove=0.91381836
I0512 11:12:32.255417 134251878557504 pretrain.py:352] Pretrain iter 00000558: loss=1.9047096673220935e-04, pmove=0.92041016
I0512 11:12:32.324691 134251878557504 pretrain.py:352] Pretrain iter 00000559: loss=1.7215950792238968e-04, pmove=0.91406250
I0512 11:12:32.394003 134251878557504 pretrain.py:352] Pretrain iter 00000560: loss=1.6676510588459683e-04, pmove=0.91796875
I0512 11:12:32.463243 134251878557504 pretrain.py:352] Pretrain iter 00000561: loss=1.7830466843720896e-04, pmove=0.92236328
I0512 11:12:32.532239 134251878557504 pretrain.py:352] Pretrain iter 00000562: loss=1.9536228620202267e-04, pmove=0.92138672
I0512 11:12:32.601246 134251878557504 pretrain.py:352] Pretrain iter 00000563: loss=2.1471127416997532e-04, pmove=0.91333008
I0512 11:12:32.670770 134251878557504 pretrain.py:352] Pretrain iter 00000564: loss=2.1959786194946637e-04, pmove=0.92114258
I0512 11:12:32.740015 134251878557504 pretrain.py:352] Pretrain iter 00000565: loss=2.2146738395766851e-04, pmove=0.91381836
I0512 11:12:32.809345 134251878557504 pretrain.py:352] Pretrain iter 00000566: loss=2.1451543187436968e-04, pmove=0.90087891
I0512 11:12:32.878486 134251878557504 pretrain.py:352] Pretrain iter 00000567: loss=1.9853320726852011e-04, pmove=0.91967773
I0512 11:12:32.947726 134251878557504 pretrain.py:352] Pretrain iter 00000568: loss=1.8275040849630451e-04, pmove=0.92382812
I0512 11:12:33.016859 134251878557504 pretrain.py:352] Pretrain iter 00000569: loss=1.7288959521754053e-04, pmove=0.91503906
I0512 11:12:33.085932 134251878557504 pretrain.py:352] Pretrain iter 00000570: loss=1.6829818665116956e-04, pmove=0.92333984
I0512 11:12:33.155068 134251878557504 pretrain.py:352] Pretrain iter 00000571: loss=1.6778356237901718e-04, pmove=0.91674805
I0512 11:12:33.224508 134251878557504 pretrain.py:352] Pretrain iter 00000572: loss=1.7139105568033750e-04, pmove=0.91430664
I0512 11:12:33.293797 134251878557504 pretrain.py:352] Pretrain iter 00000573: loss=1.8027821503882060e-04, pmove=0.91186523
I0512 11:12:33.363147 134251878557504 pretrain.py:352] Pretrain iter 00000574: loss=1.9170307803799432e-04, pmove=0.91992188
I0512 11:12:33.432430 134251878557504 pretrain.py:352] Pretrain iter 00000575: loss=2.0441062024132843e-04, pmove=0.91333008
I0512 11:12:33.501677 134251878557504 pretrain.py:352] Pretrain iter 00000576: loss=2.2003643604348973e-04, pmove=0.92358398
I0512 11:12:33.571152 134251878557504 pretrain.py:352] Pretrain iter 00000577: loss=2.3196168819810602e-04, pmove=0.92089844
I0512 11:12:33.640608 134251878557504 pretrain.py:352] Pretrain iter 00000578: loss=2.5381766147583828e-04, pmove=0.91772461
I0512 11:12:33.709786 134251878557504 pretrain.py:352] Pretrain iter 00000579: loss=2.6372027955356921e-04, pmove=0.91918945
I0512 11:12:33.779098 134251878557504 pretrain.py:352] Pretrain iter 00000580: loss=2.8956987700538931e-04, pmove=0.91064453
I0512 11:12:33.848390 134251878557504 pretrain.py:352] Pretrain iter 00000581: loss=3.0018756901222432e-04, pmove=0.91845703
I0512 11:12:33.917664 134251878557504 pretrain.py:352] Pretrain iter 00000582: loss=3.2856292033063659e-04, pmove=0.91772461
I0512 11:12:33.986897 134251878557504 pretrain.py:352] Pretrain iter 00000583: loss=3.1823821284795837e-04, pmove=0.91406250
I0512 11:12:34.056137 134251878557504 pretrain.py:352] Pretrain iter 00000584: loss=3.1485616518468171e-04, pmove=0.91528320
I0512 11:12:34.125651 134251878557504 pretrain.py:352] Pretrain iter 00000585: loss=2.7005046910993230e-04, pmove=0.91821289
I0512 11:12:34.195557 134251878557504 pretrain.py:352] Pretrain iter 00000586: loss=2.3421687479054836e-04, pmove=0.92065430
I0512 11:12:34.264894 134251878557504 pretrain.py:352] Pretrain iter 00000587: loss=1.9191771601661728e-04, pmove=0.92309570
I0512 11:12:34.334198 134251878557504 pretrain.py:352] Pretrain iter 00000588: loss=1.6747697536413674e-04, pmove=0.91699219
I0512 11:12:34.403557 134251878557504 pretrain.py:352] Pretrain iter 00000589: loss=1.5912125425985077e-04, pmove=0.91992188
I0512 11:12:34.472897 134251878557504 pretrain.py:352] Pretrain iter 00000590: loss=1.6843027279598839e-04, pmove=0.91796875
I0512 11:12:34.542293 134251878557504 pretrain.py:352] Pretrain iter 00000591: loss=1.8080351785179221e-04, pmove=0.92163086
I0512 11:12:34.611597 134251878557504 pretrain.py:352] Pretrain iter 00000592: loss=1.9686983121116900e-04, pmove=0.91992188
I0512 11:12:34.680953 134251878557504 pretrain.py:352] Pretrain iter 00000593: loss=2.1458910501903042e-04, pmove=0.91748047
I0512 11:12:34.750238 134251878557504 pretrain.py:352] Pretrain iter 00000594: loss=2.1562891889404510e-04, pmove=0.91772461
I0512 11:12:34.819584 134251878557504 pretrain.py:352] Pretrain iter 00000595: loss=2.1733078372334269e-04, pmove=0.91381836
I0512 11:12:34.888923 134251878557504 pretrain.py:352] Pretrain iter 00000596: loss=2.0397299265963168e-04, pmove=0.92114258
I0512 11:12:34.958143 134251878557504 pretrain.py:352] Pretrain iter 00000597: loss=1.9438786959185211e-04, pmove=0.91821289
I0512 11:12:35.027499 134251878557504 pretrain.py:352] Pretrain iter 00000598: loss=1.7790931067634893e-04, pmove=0.92138672
I0512 11:12:35.096986 134251878557504 pretrain.py:352] Pretrain iter 00000599: loss=1.6881995507855613e-04, pmove=0.91528320
I0512 11:12:35.166349 134251878557504 pretrain.py:352] Pretrain iter 00000600: loss=1.6047687660365991e-04, pmove=0.91650391
I0512 11:12:35.235754 134251878557504 pretrain.py:352] Pretrain iter 00000601: loss=1.6002578050695909e-04, pmove=0.92089844
I0512 11:12:35.305202 134251878557504 pretrain.py:352] Pretrain iter 00000602: loss=1.5919939943518833e-04, pmove=0.92431641
I0512 11:12:35.374512 134251878557504 pretrain.py:352] Pretrain iter 00000603: loss=1.6294561436987578e-04, pmove=0.91674805
I0512 11:12:35.443655 134251878557504 pretrain.py:352] Pretrain iter 00000604: loss=1.6915225078019099e-04, pmove=0.91748047
I0512 11:12:35.512996 134251878557504 pretrain.py:352] Pretrain iter 00000605: loss=1.7436217146603067e-04, pmove=0.91796875
I0512 11:12:35.582349 134251878557504 pretrain.py:352] Pretrain iter 00000606: loss=1.7745613191814288e-04, pmove=0.92187500
I0512 11:12:35.651931 134251878557504 pretrain.py:352] Pretrain iter 00000607: loss=1.8062811748743596e-04, pmove=0.91333008
I0512 11:12:35.721676 134251878557504 pretrain.py:352] Pretrain iter 00000608: loss=1.8959123800179668e-04, pmove=0.90991211
I0512 11:12:35.791212 134251878557504 pretrain.py:352] Pretrain iter 00000609: loss=1.9421947421255795e-04, pmove=0.91772461
I0512 11:12:35.860352 134251878557504 pretrain.py:352] Pretrain iter 00000610: loss=2.0480312583558228e-04, pmove=0.91357422
I0512 11:12:35.929020 134251878557504 pretrain.py:352] Pretrain iter 00000611: loss=2.1147770853101067e-04, pmove=0.91821289
I0512 11:12:35.998283 134251878557504 pretrain.py:352] Pretrain iter 00000612: loss=2.2578007682696200e-04, pmove=0.91723633
I0512 11:12:36.067619 134251878557504 pretrain.py:352] Pretrain iter 00000613: loss=2.3340045831130604e-04, pmove=0.92065430
I0512 11:12:36.136959 134251878557504 pretrain.py:352] Pretrain iter 00000614: loss=2.5400565215328327e-04, pmove=0.91699219
I0512 11:12:36.206232 134251878557504 pretrain.py:352] Pretrain iter 00000615: loss=2.5832843991778704e-04, pmove=0.91601562
I0512 11:12:36.275599 134251878557504 pretrain.py:352] Pretrain iter 00000616: loss=2.6992754756474489e-04, pmove=0.91308594
I0512 11:12:36.344611 134251878557504 pretrain.py:352] Pretrain iter 00000617: loss=2.6144419767018773e-04, pmove=0.91552734
I0512 11:12:36.414052 134251878557504 pretrain.py:352] Pretrain iter 00000618: loss=2.6530563929114083e-04, pmove=0.91699219
I0512 11:12:36.483441 134251878557504 pretrain.py:352] Pretrain iter 00000619: loss=2.4892916585383268e-04, pmove=0.91406250
I0512 11:12:36.552925 134251878557504 pretrain.py:352] Pretrain iter 00000620: loss=2.4019577188117639e-04, pmove=0.91333008
I0512 11:12:36.622325 134251878557504 pretrain.py:352] Pretrain iter 00000621: loss=2.1944911791510526e-04, pmove=0.91967773
I0512 11:12:36.691643 134251878557504 pretrain.py:352] Pretrain iter 00000622: loss=2.0155046724768330e-04, pmove=0.91918945
I0512 11:12:36.760985 134251878557504 pretrain.py:352] Pretrain iter 00000623: loss=1.8590120501515652e-04, pmove=0.90576172
I0512 11:12:36.830289 134251878557504 pretrain.py:352] Pretrain iter 00000624: loss=1.7586138213500558e-04, pmove=0.91992188
I0512 11:12:36.899627 134251878557504 pretrain.py:352] Pretrain iter 00000625: loss=1.6872318522948048e-04, pmove=0.91137695
I0512 11:12:36.968951 134251878557504 pretrain.py:352] Pretrain iter 00000626: loss=1.5957322620065010e-04, pmove=0.91894531
I0512 11:12:37.038299 134251878557504 pretrain.py:352] Pretrain iter 00000627: loss=1.5429075429165888e-04, pmove=0.91503906
I0512 11:12:37.107646 134251878557504 pretrain.py:352] Pretrain iter 00000628: loss=1.5323563050979384e-04, pmove=0.91723633
I0512 11:12:37.176976 134251878557504 pretrain.py:352] Pretrain iter 00000629: loss=1.5203048579117209e-04, pmove=0.91406250
I0512 11:12:37.246300 134251878557504 pretrain.py:352] Pretrain iter 00000630: loss=1.5192062144967232e-04, pmove=0.92187500
I0512 11:12:37.315625 134251878557504 pretrain.py:352] Pretrain iter 00000631: loss=1.5359308037934548e-04, pmove=0.91479492
I0512 11:12:37.385306 134251878557504 pretrain.py:352] Pretrain iter 00000632: loss=1.5321298347465418e-04, pmove=0.91918945
I0512 11:12:37.454791 134251878557504 pretrain.py:352] Pretrain iter 00000633: loss=1.5690976594854677e-04, pmove=0.92065430
I0512 11:12:37.524400 134251878557504 pretrain.py:352] Pretrain iter 00000634: loss=1.6230323015379027e-04, pmove=0.91748047
I0512 11:12:37.593805 134251878557504 pretrain.py:352] Pretrain iter 00000635: loss=1.7212787927267220e-04, pmove=0.91284180
I0512 11:12:37.663719 134251878557504 pretrain.py:352] Pretrain iter 00000636: loss=1.8853104993777974e-04, pmove=0.90283203
I0512 11:12:37.733293 134251878557504 pretrain.py:352] Pretrain iter 00000637: loss=2.2136533201404777e-04, pmove=0.91845703
I0512 11:12:37.802584 134251878557504 pretrain.py:352] Pretrain iter 00000638: loss=2.7335824274196045e-04, pmove=0.92138672
I0512 11:12:37.871981 134251878557504 pretrain.py:352] Pretrain iter 00000639: loss=3.8487278598863602e-04, pmove=0.91674805
I0512 11:12:37.941403 134251878557504 pretrain.py:352] Pretrain iter 00000640: loss=5.1327372667391415e-04, pmove=0.91943359
I0512 11:12:38.010684 134251878557504 pretrain.py:352] Pretrain iter 00000641: loss=7.9946931923217197e-04, pmove=0.91577148
I0512 11:12:38.080056 134251878557504 pretrain.py:352] Pretrain iter 00000642: loss=8.5365611555028814e-04, pmove=0.92236328
I0512 11:12:38.149277 134251878557504 pretrain.py:352] Pretrain iter 00000643: loss=9.5758539376810683e-04, pmove=0.91113281
I0512 11:12:38.218505 134251878557504 pretrain.py:352] Pretrain iter 00000644: loss=4.9429763439454177e-04, pmove=0.92041016
I0512 11:12:38.287927 134251878557504 pretrain.py:352] Pretrain iter 00000645: loss=1.9180508081688506e-04, pmove=0.92163086
I0512 11:12:38.357362 134251878557504 pretrain.py:352] Pretrain iter 00000646: loss=2.2111771364719752e-04, pmove=0.91210938
I0512 11:12:38.426586 134251878557504 pretrain.py:352] Pretrain iter 00000647: loss=4.4871723457140739e-04, pmove=0.91015625
I0512 11:12:38.495911 134251878557504 pretrain.py:352] Pretrain iter 00000648: loss=6.3249306648535089e-04, pmove=0.92504883
I0512 11:12:38.565231 134251878557504 pretrain.py:352] Pretrain iter 00000649: loss=4.0424984801356049e-04, pmove=0.91723633
I0512 11:12:38.634569 134251878557504 pretrain.py:352] Pretrain iter 00000650: loss=1.9396521827005258e-04, pmove=0.92285156
I0512 11:12:38.703891 134251878557504 pretrain.py:352] Pretrain iter 00000651: loss=1.7162587005319918e-04, pmove=0.91870117
I0512 11:12:38.773222 134251878557504 pretrain.py:352] Pretrain iter 00000652: loss=3.1314477194777806e-04, pmove=0.91210938
I0512 11:12:38.842508 134251878557504 pretrain.py:352] Pretrain iter 00000653: loss=4.2236626691688055e-04, pmove=0.91357422
I0512 11:12:38.911781 134251878557504 pretrain.py:352] Pretrain iter 00000654: loss=2.8244850054555382e-04, pmove=0.91650391
I0512 11:12:38.982994 134251878557504 pretrain.py:352] Pretrain iter 00000655: loss=1.6058824215883712e-04, pmove=0.92358398
I0512 11:12:39.052494 134251878557504 pretrain.py:352] Pretrain iter 00000656: loss=1.8637533767359323e-04, pmove=0.92016602
I0512 11:12:39.121875 134251878557504 pretrain.py:352] Pretrain iter 00000657: loss=2.8044193425977347e-04, pmove=0.91625977
I0512 11:12:39.191004 134251878557504 pretrain.py:352] Pretrain iter 00000658: loss=2.9840542439313610e-04, pmove=0.91577148
I0512 11:12:39.260143 134251878557504 pretrain.py:352] Pretrain iter 00000659: loss=2.0190093701848784e-04, pmove=0.91235352
I0512 11:12:39.329442 134251878557504 pretrain.py:352] Pretrain iter 00000660: loss=1.4842197840670400e-04, pmove=0.91748047
I0512 11:12:39.399111 134251878557504 pretrain.py:352] Pretrain iter 00000661: loss=1.8626105889560626e-04, pmove=0.92651367
I0512 11:12:39.468263 134251878557504 pretrain.py:352] Pretrain iter 00000662: loss=2.3296399421117922e-04, pmove=0.92773438
I0512 11:12:39.538004 134251878557504 pretrain.py:352] Pretrain iter 00000663: loss=2.3051656348538400e-04, pmove=0.91967773
I0512 11:12:39.607428 134251878557504 pretrain.py:352] Pretrain iter 00000664: loss=1.7141238305084312e-04, pmove=0.91162109
I0512 11:12:39.676957 134251878557504 pretrain.py:352] Pretrain iter 00000665: loss=1.4781858474748153e-04, pmove=0.92285156
I0512 11:12:39.746428 134251878557504 pretrain.py:352] Pretrain iter 00000666: loss=1.7539968191097036e-04, pmove=0.91040039
I0512 11:12:39.815611 134251878557504 pretrain.py:352] Pretrain iter 00000667: loss=2.0058941102568930e-04, pmove=0.91918945
I0512 11:12:39.885041 134251878557504 pretrain.py:352] Pretrain iter 00000668: loss=1.9270430128083790e-04, pmove=0.91625977
I0512 11:12:39.954273 134251878557504 pretrain.py:352] Pretrain iter 00000669: loss=1.5923911169523074e-04, pmove=0.92333984
I0512 11:12:40.023931 134251878557504 pretrain.py:352] Pretrain iter 00000670: loss=1.4365403735304042e-04, pmove=0.91918945
I0512 11:12:40.093592 134251878557504 pretrain.py:352] Pretrain iter 00000671: loss=1.5917070819995136e-04, pmove=0.92553711
I0512 11:12:40.163445 134251878557504 pretrain.py:352] Pretrain iter 00000672: loss=1.7690475968810217e-04, pmove=0.91333008
I0512 11:12:40.233460 134251878557504 pretrain.py:352] Pretrain iter 00000673: loss=1.7537339143183404e-04, pmove=0.91699219
I0512 11:12:40.303210 134251878557504 pretrain.py:352] Pretrain iter 00000674: loss=1.5522391416078344e-04, pmove=0.91918945
I0512 11:12:40.372930 134251878557504 pretrain.py:352] Pretrain iter 00000675: loss=1.4335239900839918e-04, pmove=0.92065430
I0512 11:12:40.442567 134251878557504 pretrain.py:352] Pretrain iter 00000676: loss=1.4723948097805059e-04, pmove=0.90820312
I0512 11:12:40.512049 134251878557504 pretrain.py:352] Pretrain iter 00000677: loss=1.5895144336422918e-04, pmove=0.92114258
I0512 11:12:40.581318 134251878557504 pretrain.py:352] Pretrain iter 00000678: loss=1.5897384230280199e-04, pmove=0.91381836
I0512 11:12:40.651046 134251878557504 pretrain.py:352] Pretrain iter 00000679: loss=1.4862566530138334e-04, pmove=0.91333008
I0512 11:12:40.720474 134251878557504 pretrain.py:352] Pretrain iter 00000680: loss=1.4179032430477675e-04, pmove=0.91259766
I0512 11:12:40.790181 134251878557504 pretrain.py:352] Pretrain iter 00000681: loss=1.4077527902129448e-04, pmove=0.90795898
I0512 11:12:40.859862 134251878557504 pretrain.py:352] Pretrain iter 00000682: loss=1.4526764012547284e-04, pmove=0.91674805
I0512 11:12:40.929538 134251878557504 pretrain.py:352] Pretrain iter 00000683: loss=1.5152532012825646e-04, pmove=0.91479492
I0512 11:12:40.999231 134251878557504 pretrain.py:352] Pretrain iter 00000684: loss=1.4960332856138093e-04, pmove=0.91162109
I0512 11:12:41.068715 134251878557504 pretrain.py:352] Pretrain iter 00000685: loss=1.4388570548662602e-04, pmove=0.91235352
I0512 11:12:41.138407 134251878557504 pretrain.py:352] Pretrain iter 00000686: loss=1.3865596023317624e-04, pmove=0.92187500
I0512 11:12:41.208059 134251878557504 pretrain.py:352] Pretrain iter 00000687: loss=1.3909185837456331e-04, pmove=0.92260742
I0512 11:12:41.277709 134251878557504 pretrain.py:352] Pretrain iter 00000688: loss=1.4273131811776087e-04, pmove=0.92187500
I0512 11:12:41.347311 134251878557504 pretrain.py:352] Pretrain iter 00000689: loss=1.4568981860509675e-04, pmove=0.91796875
I0512 11:12:41.417096 134251878557504 pretrain.py:352] Pretrain iter 00000690: loss=1.4476786844609262e-04, pmove=0.91674805
I0512 11:12:41.487352 134251878557504 pretrain.py:352] Pretrain iter 00000691: loss=1.4415887505895371e-04, pmove=0.91455078
I0512 11:12:41.557277 134251878557504 pretrain.py:352] Pretrain iter 00000692: loss=1.3966102412313376e-04, pmove=0.92211914
I0512 11:12:41.626978 134251878557504 pretrain.py:352] Pretrain iter 00000693: loss=1.3700685654095612e-04, pmove=0.91552734
I0512 11:12:41.696591 134251878557504 pretrain.py:352] Pretrain iter 00000694: loss=1.3572243913209805e-04, pmove=0.91406250
I0512 11:12:41.766272 134251878557504 pretrain.py:352] Pretrain iter 00000695: loss=1.3709552665753280e-04, pmove=0.91552734
I0512 11:12:41.835829 134251878557504 pretrain.py:352] Pretrain iter 00000696: loss=1.3796459157373124e-04, pmove=0.91552734
I0512 11:12:41.905542 134251878557504 pretrain.py:352] Pretrain iter 00000697: loss=1.4021814730551073e-04, pmove=0.91723633
I0512 11:12:41.975191 134251878557504 pretrain.py:352] Pretrain iter 00000698: loss=1.4050053146580832e-04, pmove=0.91967773
I0512 11:12:42.044868 134251878557504 pretrain.py:352] Pretrain iter 00000699: loss=1.3936036449330532e-04, pmove=0.91845703
I0512 11:12:42.114396 134251878557504 pretrain.py:352] Pretrain iter 00000700: loss=1.3603855566688542e-04, pmove=0.92065430
I0512 11:12:42.184099 134251878557504 pretrain.py:352] Pretrain iter 00000701: loss=1.3613925853029815e-04, pmove=0.91918945
I0512 11:12:42.253729 134251878557504 pretrain.py:352] Pretrain iter 00000702: loss=1.3656530234529320e-04, pmove=0.91992188
I0512 11:12:42.323240 134251878557504 pretrain.py:352] Pretrain iter 00000703: loss=1.3818852507095568e-04, pmove=0.92382812
I0512 11:12:42.393312 134251878557504 pretrain.py:352] Pretrain iter 00000704: loss=1.3691601422027275e-04, pmove=0.91894531
I0512 11:12:42.462954 134251878557504 pretrain.py:352] Pretrain iter 00000705: loss=1.3596319581276901e-04, pmove=0.90869141
I0512 11:12:42.532747 134251878557504 pretrain.py:352] Pretrain iter 00000706: loss=1.3481437114500332e-04, pmove=0.90332031
I0512 11:12:42.602576 134251878557504 pretrain.py:352] Pretrain iter 00000707: loss=1.3591403456438968e-04, pmove=0.92236328
I0512 11:12:42.672196 134251878557504 pretrain.py:352] Pretrain iter 00000708: loss=1.3516070690024082e-04, pmove=0.90747070
I0512 11:12:42.741912 134251878557504 pretrain.py:352] Pretrain iter 00000709: loss=1.3425791935232093e-04, pmove=0.91284180
I0512 11:12:42.811704 134251878557504 pretrain.py:352] Pretrain iter 00000710: loss=1.3491749839956876e-04, pmove=0.92553711
I0512 11:12:42.881615 134251878557504 pretrain.py:352] Pretrain iter 00000711: loss=1.3248056251686615e-04, pmove=0.90722656
I0512 11:12:42.951856 134251878557504 pretrain.py:352] Pretrain iter 00000712: loss=1.3355641617588564e-04, pmove=0.91699219
I0512 11:12:43.021514 134251878557504 pretrain.py:352] Pretrain iter 00000713: loss=1.3291209980150926e-04, pmove=0.91845703
I0512 11:12:43.091349 134251878557504 pretrain.py:352] Pretrain iter 00000714: loss=1.3299968272682491e-04, pmove=0.92114258
I0512 11:12:43.161204 134251878557504 pretrain.py:352] Pretrain iter 00000715: loss=1.3436479870737630e-04, pmove=0.91625977
I0512 11:12:43.230985 134251878557504 pretrain.py:352] Pretrain iter 00000716: loss=1.3526384181456778e-04, pmove=0.91943359
I0512 11:12:43.300763 134251878557504 pretrain.py:352] Pretrain iter 00000717: loss=1.3523350094876474e-04, pmove=0.91455078
I0512 11:12:43.370577 134251878557504 pretrain.py:352] Pretrain iter 00000718: loss=1.3498646527807339e-04, pmove=0.91162109
I0512 11:12:43.439869 134251878557504 pretrain.py:352] Pretrain iter 00000719: loss=1.3480794200522634e-04, pmove=0.91625977
I0512 11:12:43.509663 134251878557504 pretrain.py:352] Pretrain iter 00000720: loss=1.3637582478488546e-04, pmove=0.92407227
I0512 11:12:43.579473 134251878557504 pretrain.py:352] Pretrain iter 00000721: loss=1.3889902129368687e-04, pmove=0.91528320
I0512 11:12:43.648725 134251878557504 pretrain.py:352] Pretrain iter 00000722: loss=1.4388392987382213e-04, pmove=0.92504883
I0512 11:12:43.717547 134251878557504 pretrain.py:352] Pretrain iter 00000723: loss=1.4985837783041412e-04, pmove=0.91992188
I0512 11:12:43.786753 134251878557504 pretrain.py:352] Pretrain iter 00000724: loss=1.6071745565127843e-04, pmove=0.92089844
I0512 11:12:43.856558 134251878557504 pretrain.py:352] Pretrain iter 00000725: loss=1.7705053291498695e-04, pmove=0.91845703
I0512 11:12:43.926373 134251878557504 pretrain.py:352] Pretrain iter 00000726: loss=2.0735945044563062e-04, pmove=0.91577148
I0512 11:12:43.996137 134251878557504 pretrain.py:352] Pretrain iter 00000727: loss=2.4843164536089550e-04, pmove=0.92016602
I0512 11:12:44.065588 134251878557504 pretrain.py:352] Pretrain iter 00000728: loss=3.3596830578777647e-04, pmove=0.91601562
I0512 11:12:44.134725 134251878557504 pretrain.py:352] Pretrain iter 00000729: loss=4.2660333888678946e-04, pmove=0.91699219
I0512 11:12:44.204555 134251878557504 pretrain.py:352] Pretrain iter 00000730: loss=6.2468267411998997e-04, pmove=0.91479492
I0512 11:12:44.274353 134251878557504 pretrain.py:352] Pretrain iter 00000731: loss=6.6328381800653423e-04, pmove=0.92016602
I0512 11:12:44.343936 134251878557504 pretrain.py:352] Pretrain iter 00000732: loss=7.4880465364585624e-04, pmove=0.91284180
I0512 11:12:44.413727 134251878557504 pretrain.py:352] Pretrain iter 00000733: loss=4.6946766671200304e-04, pmove=0.91235352
I0512 11:12:44.483349 134251878557504 pretrain.py:352] Pretrain iter 00000734: loss=2.3871480364037046e-04, pmove=0.91308594
I0512 11:12:44.552872 134251878557504 pretrain.py:352] Pretrain iter 00000735: loss=1.3596120025219464e-04, pmove=0.91430664
I0512 11:12:44.622671 134251878557504 pretrain.py:352] Pretrain iter 00000736: loss=2.3101176216974988e-04, pmove=0.91528320
I0512 11:12:44.692480 134251878557504 pretrain.py:352] Pretrain iter 00000737: loss=4.1960590184111072e-04, pmove=0.91479492
I0512 11:12:44.762291 134251878557504 pretrain.py:352] Pretrain iter 00000738: loss=4.7791874698657733e-04, pmove=0.91259766
I0512 11:12:44.832320 134251878557504 pretrain.py:352] Pretrain iter 00000739: loss=4.6486160166488052e-04, pmove=0.91528320
I0512 11:12:44.902114 134251878557504 pretrain.py:352] Pretrain iter 00000740: loss=2.7863028951527973e-04, pmove=0.91772461
I0512 11:12:44.971671 134251878557504 pretrain.py:352] Pretrain iter 00000741: loss=1.5654915206989907e-04, pmove=0.91308594
I0512 11:12:45.041482 134251878557504 pretrain.py:352] Pretrain iter 00000742: loss=1.5281451495986490e-04, pmove=0.91796875
I0512 11:12:45.111207 134251878557504 pretrain.py:352] Pretrain iter 00000743: loss=2.3306787244699442e-04, pmove=0.91967773
I0512 11:12:45.180979 134251878557504 pretrain.py:352] Pretrain iter 00000744: loss=3.0628064526700875e-04, pmove=0.91357422
I0512 11:12:45.250761 134251878557504 pretrain.py:352] Pretrain iter 00000745: loss=2.6193571375229672e-04, pmove=0.91918945
I0512 11:12:45.320639 134251878557504 pretrain.py:352] Pretrain iter 00000746: loss=1.9000789963088282e-04, pmove=0.91650391
I0512 11:12:45.393317 134251878557504 pretrain.py:352] Pretrain iter 00000747: loss=1.3636393697909592e-04, pmove=0.91430664
I0512 11:12:45.463017 134251878557504 pretrain.py:352] Pretrain iter 00000748: loss=1.4787713917722346e-04, pmove=0.92065430
I0512 11:12:45.531998 134251878557504 pretrain.py:352] Pretrain iter 00000749: loss=1.9601370755031514e-04, pmove=0.91870117
I0512 11:12:45.601240 134251878557504 pretrain.py:352] Pretrain iter 00000750: loss=2.1917477314845345e-04, pmove=0.92285156
I0512 11:12:45.670957 134251878557504 pretrain.py:352] Pretrain iter 00000751: loss=2.1075484893212898e-04, pmove=0.92114258
I0512 11:12:45.740439 134251878557504 pretrain.py:352] Pretrain iter 00000752: loss=1.6295916580752134e-04, pmove=0.92163086
I0512 11:12:45.810182 134251878557504 pretrain.py:352] Pretrain iter 00000753: loss=1.3291613797919940e-04, pmove=0.92138672
I0512 11:12:45.879888 134251878557504 pretrain.py:352] Pretrain iter 00000754: loss=1.3488447933785933e-04, pmove=0.92041016
I0512 11:12:45.949591 134251878557504 pretrain.py:352] Pretrain iter 00000755: loss=1.6006317175216680e-04, pmove=0.91894531
I0512 11:12:46.019250 134251878557504 pretrain.py:352] Pretrain iter 00000756: loss=1.7967890855298942e-04, pmove=0.91308594
I0512 11:12:46.089156 134251878557504 pretrain.py:352] Pretrain iter 00000757: loss=1.6754378422103808e-04, pmove=0.92260742
I0512 11:12:46.158868 134251878557504 pretrain.py:352] Pretrain iter 00000758: loss=1.4700416026979272e-04, pmove=0.91259766
I0512 11:12:46.228602 134251878557504 pretrain.py:352] Pretrain iter 00000759: loss=1.2848203406948114e-04, pmove=0.91577148
I0512 11:12:46.298381 134251878557504 pretrain.py:352] Pretrain iter 00000760: loss=1.2878666314351702e-04, pmove=0.92089844
I0512 11:12:46.368292 134251878557504 pretrain.py:352] Pretrain iter 00000761: loss=1.3883035765368916e-04, pmove=0.91186523
I0512 11:12:46.437981 134251878557504 pretrain.py:352] Pretrain iter 00000762: loss=1.4671548934855390e-04, pmove=0.91479492
I0512 11:12:46.507416 134251878557504 pretrain.py:352] Pretrain iter 00000763: loss=1.4631817560046935e-04, pmove=0.91577148
I0512 11:12:46.577302 134251878557504 pretrain.py:352] Pretrain iter 00000764: loss=1.3697501497379925e-04, pmove=0.91821289
I0512 11:12:46.647078 134251878557504 pretrain.py:352] Pretrain iter 00000765: loss=1.2896245214178554e-04, pmove=0.91284180
I0512 11:12:46.716612 134251878557504 pretrain.py:352] Pretrain iter 00000766: loss=1.2843422490607740e-04, pmove=0.91210938
I0512 11:12:46.786422 134251878557504 pretrain.py:352] Pretrain iter 00000767: loss=1.3207236444595871e-04, pmove=0.91381836
I0512 11:12:46.856142 134251878557504 pretrain.py:352] Pretrain iter 00000768: loss=1.3723446865504321e-04, pmove=0.91210938
I0512 11:12:46.925739 134251878557504 pretrain.py:352] Pretrain iter 00000769: loss=1.3749640605340805e-04, pmove=0.92431641
I0512 11:12:46.995433 134251878557504 pretrain.py:352] Pretrain iter 00000770: loss=1.3526674383475116e-04, pmove=0.91796875
I0512 11:12:47.065275 134251878557504 pretrain.py:352] Pretrain iter 00000771: loss=1.2900959731160916e-04, pmove=0.92089844
I0512 11:12:47.134717 134251878557504 pretrain.py:352] Pretrain iter 00000772: loss=1.2642978599133954e-04, pmove=0.91748047
I0512 11:12:47.204490 134251878557504 pretrain.py:352] Pretrain iter 00000773: loss=1.2500945198003484e-04, pmove=0.91625977
I0512 11:12:47.274194 134251878557504 pretrain.py:352] Pretrain iter 00000774: loss=1.2789014044541124e-04, pmove=0.92700195
I0512 11:12:47.343894 134251878557504 pretrain.py:352] Pretrain iter 00000775: loss=1.2807134197096012e-04, pmove=0.91528320
I0512 11:12:47.413527 134251878557504 pretrain.py:352] Pretrain iter 00000776: loss=1.2698516032601695e-04, pmove=0.91772461
I0512 11:12:47.483469 134251878557504 pretrain.py:352] Pretrain iter 00000777: loss=1.2579181839076530e-04, pmove=0.91699219
I0512 11:12:47.553475 134251878557504 pretrain.py:352] Pretrain iter 00000778: loss=1.2434036899235421e-04, pmove=0.92236328
I0512 11:12:47.623328 134251878557504 pretrain.py:352] Pretrain iter 00000779: loss=1.2144417283092711e-04, pmove=0.92382812
I0512 11:12:47.692921 134251878557504 pretrain.py:352] Pretrain iter 00000780: loss=1.2155477315285346e-04, pmove=0.91723633
I0512 11:12:47.762581 134251878557504 pretrain.py:352] Pretrain iter 00000781: loss=1.2270325340505507e-04, pmove=0.91406250
I0512 11:12:47.832289 134251878557504 pretrain.py:352] Pretrain iter 00000782: loss=1.2273447821951647e-04, pmove=0.91601562
I0512 11:12:47.901989 134251878557504 pretrain.py:352] Pretrain iter 00000783: loss=1.2255321884777602e-04, pmove=0.92773438
I0512 11:12:47.971494 134251878557504 pretrain.py:352] Pretrain iter 00000784: loss=1.2286393135605710e-04, pmove=0.92016602
I0512 11:12:48.041121 134251878557504 pretrain.py:352] Pretrain iter 00000785: loss=1.2229889812252390e-04, pmove=0.91284180
I0512 11:12:48.110792 134251878557504 pretrain.py:352] Pretrain iter 00000786: loss=1.2180330430539486e-04, pmove=0.91259766
I0512 11:12:48.180456 134251878557504 pretrain.py:352] Pretrain iter 00000787: loss=1.2063058091389112e-04, pmove=0.92065430
I0512 11:12:48.250271 134251878557504 pretrain.py:352] Pretrain iter 00000788: loss=1.2011110952391052e-04, pmove=0.91186523
I0512 11:12:48.319992 134251878557504 pretrain.py:352] Pretrain iter 00000789: loss=1.2090591553537043e-04, pmove=0.91674805
I0512 11:12:48.389642 134251878557504 pretrain.py:352] Pretrain iter 00000790: loss=1.1931208816576714e-04, pmove=0.92016602
I0512 11:12:48.459393 134251878557504 pretrain.py:352] Pretrain iter 00000791: loss=1.1993605035188635e-04, pmove=0.90893555
I0512 11:12:48.529166 134251878557504 pretrain.py:352] Pretrain iter 00000792: loss=1.1981606356856825e-04, pmove=0.91015625
I0512 11:12:48.598956 134251878557504 pretrain.py:352] Pretrain iter 00000793: loss=1.1938752489643043e-04, pmove=0.92041016
I0512 11:12:48.668465 134251878557504 pretrain.py:352] Pretrain iter 00000794: loss=1.1969171020650305e-04, pmove=0.91918945
I0512 11:12:48.737876 134251878557504 pretrain.py:352] Pretrain iter 00000795: loss=1.1917871454250516e-04, pmove=0.92065430
I0512 11:12:48.807142 134251878557504 pretrain.py:352] Pretrain iter 00000796: loss=1.1824840990213648e-04, pmove=0.91333008
I0512 11:12:48.877548 134251878557504 pretrain.py:352] Pretrain iter 00000797: loss=1.1894634390426380e-04, pmove=0.91625977
I0512 11:12:48.947455 134251878557504 pretrain.py:352] Pretrain iter 00000798: loss=1.2028408618614825e-04, pmove=0.91210938
I0512 11:12:49.016376 134251878557504 pretrain.py:352] Pretrain iter 00000799: loss=1.2035941025814197e-04, pmove=0.91430664
I0512 11:12:49.085741 134251878557504 pretrain.py:352] Pretrain iter 00000800: loss=1.2151194940797606e-04, pmove=0.91748047
I0512 11:12:49.155142 134251878557504 pretrain.py:352] Pretrain iter 00000801: loss=1.2154703566849971e-04, pmove=0.92138672
I0512 11:12:49.224865 134251878557504 pretrain.py:352] Pretrain iter 00000802: loss=1.2339553228343995e-04, pmove=0.91577148
I0512 11:12:49.294614 134251878557504 pretrain.py:352] Pretrain iter 00000803: loss=1.2512503370736521e-04, pmove=0.92089844
I0512 11:12:49.364184 134251878557504 pretrain.py:352] Pretrain iter 00000804: loss=1.2821920847866941e-04, pmove=0.92187500
I0512 11:12:49.433983 134251878557504 pretrain.py:352] Pretrain iter 00000805: loss=1.3153140958970343e-04, pmove=0.92138672
I0512 11:12:49.503658 134251878557504 pretrain.py:352] Pretrain iter 00000806: loss=1.3636187286528639e-04, pmove=0.91064453
I0512 11:12:49.573424 134251878557504 pretrain.py:352] Pretrain iter 00000807: loss=1.3997834718331375e-04, pmove=0.91040039
I0512 11:12:49.643143 134251878557504 pretrain.py:352] Pretrain iter 00000808: loss=1.4904972938592381e-04, pmove=0.92236328
I0512 11:12:49.712868 134251878557504 pretrain.py:352] Pretrain iter 00000809: loss=1.5894360794829778e-04, pmove=0.92089844
I0512 11:12:49.782544 134251878557504 pretrain.py:352] Pretrain iter 00000810: loss=1.7617840581161617e-04, pmove=0.91430664
I0512 11:12:49.852247 134251878557504 pretrain.py:352] Pretrain iter 00000811: loss=1.9429566525107629e-04, pmove=0.90942383
I0512 11:12:49.921962 134251878557504 pretrain.py:352] Pretrain iter 00000812: loss=2.3058862439937541e-04, pmove=0.92114258
I0512 11:12:49.991669 134251878557504 pretrain.py:352] Pretrain iter 00000813: loss=2.5917174854671934e-04, pmove=0.91577148
I0512 11:12:50.061455 134251878557504 pretrain.py:352] Pretrain iter 00000814: loss=3.2009739563146225e-04, pmove=0.92114258
I0512 11:12:50.130872 134251878557504 pretrain.py:352] Pretrain iter 00000815: loss=3.4021862217098746e-04, pmove=0.91870117
I0512 11:12:50.200379 134251878557504 pretrain.py:352] Pretrain iter 00000816: loss=3.8711886030081842e-04, pmove=0.91552734
I0512 11:12:50.270061 134251878557504 pretrain.py:352] Pretrain iter 00000817: loss=3.3942578498570672e-04, pmove=0.91259766
I0512 11:12:50.339567 134251878557504 pretrain.py:352] Pretrain iter 00000818: loss=3.0408414394255561e-04, pmove=0.92138672
I0512 11:12:50.409450 134251878557504 pretrain.py:352] Pretrain iter 00000819: loss=2.1374398545240942e-04, pmove=0.91723633
I0512 11:12:50.479154 134251878557504 pretrain.py:352] Pretrain iter 00000820: loss=1.4998343270289895e-04, pmove=0.91430664
I0512 11:12:50.548532 134251878557504 pretrain.py:352] Pretrain iter 00000821: loss=1.1730423196152457e-04, pmove=0.91650391
I0512 11:12:50.618279 134251878557504 pretrain.py:352] Pretrain iter 00000822: loss=1.2315331396742517e-04, pmove=0.90942383
I0512 11:12:50.687952 134251878557504 pretrain.py:352] Pretrain iter 00000823: loss=1.5330333898549013e-04, pmove=0.91625977
I0512 11:12:50.757633 134251878557504 pretrain.py:352] Pretrain iter 00000824: loss=1.9233600751933849e-04, pmove=0.90722656
I0512 11:12:50.827425 134251878557504 pretrain.py:352] Pretrain iter 00000825: loss=2.3992569853134522e-04, pmove=0.91943359
I0512 11:12:50.897132 134251878557504 pretrain.py:352] Pretrain iter 00000826: loss=2.5839364198049854e-04, pmove=0.91723633
I0512 11:12:50.966794 134251878557504 pretrain.py:352] Pretrain iter 00000827: loss=2.7043808013148588e-04, pmove=0.92285156
I0512 11:12:51.036327 134251878557504 pretrain.py:352] Pretrain iter 00000828: loss=2.2921948216592317e-04, pmove=0.90820312
I0512 11:12:51.106205 134251878557504 pretrain.py:352] Pretrain iter 00000829: loss=1.8357161375285582e-04, pmove=0.91625977
I0512 11:12:51.181347 134251878557504 pretrain.py:352] Pretrain iter 00000830: loss=1.3657006234864494e-04, pmove=0.92138672
I0512 11:12:51.251283 134251878557504 pretrain.py:352] Pretrain iter 00000831: loss=1.1503259672274304e-04, pmove=0.92041016
I0512 11:12:51.321024 134251878557504 pretrain.py:352] Pretrain iter 00000832: loss=1.1895045351733411e-04, pmove=0.91625977
I0512 11:12:51.390737 134251878557504 pretrain.py:352] Pretrain iter 00000833: loss=1.4065455168240179e-04, pmove=0.90551758
I0512 11:12:51.460552 134251878557504 pretrain.py:352] Pretrain iter 00000834: loss=1.7364159578669582e-04, pmove=0.91650391
I0512 11:12:51.530316 134251878557504 pretrain.py:352] Pretrain iter 00000835: loss=2.0166338469663735e-04, pmove=0.91333008
I0512 11:12:51.599773 134251878557504 pretrain.py:352] Pretrain iter 00000836: loss=2.3516602384636475e-04, pmove=0.91552734
I0512 11:12:51.669489 134251878557504 pretrain.py:352] Pretrain iter 00000837: loss=2.3934287828094518e-04, pmove=0.91308594
I0512 11:12:51.738990 134251878557504 pretrain.py:352] Pretrain iter 00000838: loss=2.3812373617691893e-04, pmove=0.91699219
I0512 11:12:51.808653 134251878557504 pretrain.py:352] Pretrain iter 00000839: loss=1.9946073863048673e-04, pmove=0.91796875
I0512 11:12:51.878444 134251878557504 pretrain.py:352] Pretrain iter 00000840: loss=1.6314535603586367e-04, pmove=0.91748047
I0512 11:12:51.948094 134251878557504 pretrain.py:352] Pretrain iter 00000841: loss=1.3004598340528886e-04, pmove=0.90966797
I0512 11:12:52.017933 134251878557504 pretrain.py:352] Pretrain iter 00000842: loss=1.1592904821553245e-04, pmove=0.91503906
I0512 11:12:52.087764 134251878557504 pretrain.py:352] Pretrain iter 00000843: loss=1.1600842532883845e-04, pmove=0.91577148
I0512 11:12:52.157518 134251878557504 pretrain.py:352] Pretrain iter 00000844: loss=1.2630599939607935e-04, pmove=0.92065430
I0512 11:12:52.227114 134251878557504 pretrain.py:352] Pretrain iter 00000845: loss=1.4599128063634407e-04, pmove=0.91284180
I0512 11:12:52.296608 134251878557504 pretrain.py:352] Pretrain iter 00000846: loss=1.6342948436348078e-04, pmove=0.91674805
I0512 11:12:52.366375 134251878557504 pretrain.py:352] Pretrain iter 00000847: loss=1.8128933676941125e-04, pmove=0.91943359
I0512 11:12:52.436018 134251878557504 pretrain.py:352] Pretrain iter 00000848: loss=1.8266145944306349e-04, pmove=0.91552734
I0512 11:12:52.505648 134251878557504 pretrain.py:352] Pretrain iter 00000849: loss=1.8118982331905833e-04, pmove=0.91503906
I0512 11:12:52.575383 134251878557504 pretrain.py:352] Pretrain iter 00000850: loss=1.6243364418180479e-04, pmove=0.92041016
I0512 11:12:52.645100 134251878557504 pretrain.py:352] Pretrain iter 00000851: loss=1.4335987246579082e-04, pmove=0.91186523
I0512 11:12:52.715164 134251878557504 pretrain.py:352] Pretrain iter 00000852: loss=1.2524995650000349e-04, pmove=0.91894531
I0512 11:12:52.784633 134251878557504 pretrain.py:352] Pretrain iter 00000853: loss=1.1472130091427146e-04, pmove=0.91235352
I0512 11:12:52.854360 134251878557504 pretrain.py:352] Pretrain iter 00000854: loss=1.1590421734333080e-04, pmove=0.91601562
I0512 11:12:52.924090 134251878557504 pretrain.py:352] Pretrain iter 00000855: loss=1.2295343206765685e-04, pmove=0.91015625
I0512 11:12:52.993623 134251878557504 pretrain.py:352] Pretrain iter 00000856: loss=1.3504373359344343e-04, pmove=0.91796875
I0512 11:12:53.063373 134251878557504 pretrain.py:352] Pretrain iter 00000857: loss=1.4684998509114180e-04, pmove=0.91894531
I0512 11:12:53.133124 134251878557504 pretrain.py:352] Pretrain iter 00000858: loss=1.6079930796658798e-04, pmove=0.90747070
I0512 11:12:53.202837 134251878557504 pretrain.py:352] Pretrain iter 00000859: loss=1.6414302070365451e-04, pmove=0.91040039
I0512 11:12:53.272483 134251878557504 pretrain.py:352] Pretrain iter 00000860: loss=1.6634418525250080e-04, pmove=0.92138672
I0512 11:12:53.342056 134251878557504 pretrain.py:352] Pretrain iter 00000861: loss=1.5872875833352351e-04, pmove=0.91528320
I0512 11:12:53.411840 134251878557504 pretrain.py:352] Pretrain iter 00000862: loss=1.5261822229567398e-04, pmove=0.91674805
I0512 11:12:53.481624 134251878557504 pretrain.py:352] Pretrain iter 00000863: loss=1.4172318259255741e-04, pmove=0.92944336
I0512 11:12:53.551316 134251878557504 pretrain.py:352] Pretrain iter 00000864: loss=1.3422388422722263e-04, pmove=0.91894531
I0512 11:12:53.620993 134251878557504 pretrain.py:352] Pretrain iter 00000865: loss=1.2586798820408594e-04, pmove=0.91796875
I0512 11:12:53.690949 134251878557504 pretrain.py:352] Pretrain iter 00000866: loss=1.2095725774699703e-04, pmove=0.91308594
I0512 11:12:53.760566 134251878557504 pretrain.py:352] Pretrain iter 00000867: loss=1.1821841253710022e-04, pmove=0.92041016
I0512 11:12:53.830272 134251878557504 pretrain.py:352] Pretrain iter 00000868: loss=1.1570644383313969e-04, pmove=0.92187500
I0512 11:12:53.899975 134251878557504 pretrain.py:352] Pretrain iter 00000869: loss=1.1386249951586652e-04, pmove=0.91333008
I0512 11:12:53.969490 134251878557504 pretrain.py:352] Pretrain iter 00000870: loss=1.1209562385311612e-04, pmove=0.91625977
I0512 11:12:54.039250 134251878557504 pretrain.py:352] Pretrain iter 00000871: loss=1.1242319899202164e-04, pmove=0.92407227
I0512 11:12:54.108918 134251878557504 pretrain.py:352] Pretrain iter 00000872: loss=1.1352032039561793e-04, pmove=0.91284180
I0512 11:12:54.178743 134251878557504 pretrain.py:352] Pretrain iter 00000873: loss=1.1505601914081807e-04, pmove=0.91479492
I0512 11:12:54.248501 134251878557504 pretrain.py:352] Pretrain iter 00000874: loss=1.1679987231136446e-04, pmove=0.90478516
I0512 11:12:54.318305 134251878557504 pretrain.py:352] Pretrain iter 00000875: loss=1.1792207693377493e-04, pmove=0.91967773
I0512 11:12:54.387867 134251878557504 pretrain.py:352] Pretrain iter 00000876: loss=1.2070774017746734e-04, pmove=0.92285156
I0512 11:12:54.457579 134251878557504 pretrain.py:352] Pretrain iter 00000877: loss=1.2433711144998940e-04, pmove=0.91162109
I0512 11:12:54.527324 134251878557504 pretrain.py:352] Pretrain iter 00000878: loss=1.2809198706015745e-04, pmove=0.91455078
I0512 11:12:54.596921 134251878557504 pretrain.py:352] Pretrain iter 00000879: loss=1.3605692131575628e-04, pmove=0.91821289
I0512 11:12:54.666602 134251878557504 pretrain.py:352] Pretrain iter 00000880: loss=1.4351442780831240e-04, pmove=0.91137695
I0512 11:12:54.736293 134251878557504 pretrain.py:352] Pretrain iter 00000881: loss=1.5819163954038375e-04, pmove=0.91870117
I0512 11:12:54.805733 134251878557504 pretrain.py:352] Pretrain iter 00000882: loss=1.7122062719123238e-04, pmove=0.91674805
I0512 11:12:54.875490 134251878557504 pretrain.py:352] Pretrain iter 00000883: loss=1.9617767066901676e-04, pmove=0.92285156
I0512 11:12:54.945179 134251878557504 pretrain.py:352] Pretrain iter 00000884: loss=2.1884083152111632e-04, pmove=0.91455078
I0512 11:12:55.014733 134251878557504 pretrain.py:352] Pretrain iter 00000885: loss=2.6523336462515670e-04, pmove=0.91845703
I0512 11:12:55.084421 134251878557504 pretrain.py:352] Pretrain iter 00000886: loss=3.0101685827342323e-04, pmove=0.92138672
I0512 11:12:55.154062 134251878557504 pretrain.py:352] Pretrain iter 00000887: loss=3.8678024603818606e-04, pmove=0.92016602
I0512 11:12:55.223763 134251878557504 pretrain.py:352] Pretrain iter 00000888: loss=4.1440847985482716e-04, pmove=0.91918945
I0512 11:12:55.293382 134251878557504 pretrain.py:352] Pretrain iter 00000889: loss=4.8064097962007761e-04, pmove=0.91406250
I0512 11:12:55.363106 134251878557504 pretrain.py:352] Pretrain iter 00000890: loss=4.1316582207046916e-04, pmove=0.91577148
I0512 11:12:55.432722 134251878557504 pretrain.py:352] Pretrain iter 00000891: loss=3.6634792126505995e-04, pmove=0.92114258
I0512 11:12:55.502425 134251878557504 pretrain.py:352] Pretrain iter 00000892: loss=2.3575129152757164e-04, pmove=0.91674805
I0512 11:12:55.572214 134251878557504 pretrain.py:352] Pretrain iter 00000893: loss=1.4622103496794085e-04, pmove=0.91503906
I0512 11:12:55.641857 134251878557504 pretrain.py:352] Pretrain iter 00000894: loss=1.1065718514048910e-04, pmove=0.91479492
I0512 11:12:55.711507 134251878557504 pretrain.py:352] Pretrain iter 00000895: loss=1.3640265099834089e-04, pmove=0.91552734
I0512 11:12:55.781134 134251878557504 pretrain.py:352] Pretrain iter 00000896: loss=2.0014128816505037e-04, pmove=0.91870117
I0512 11:12:55.850859 134251878557504 pretrain.py:352] Pretrain iter 00000897: loss=2.5730668578585704e-04, pmove=0.91601562
I0512 11:12:55.920474 134251878557504 pretrain.py:352] Pretrain iter 00000898: loss=3.1567770040471935e-04, pmove=0.92138672
I0512 11:12:55.990189 134251878557504 pretrain.py:352] Pretrain iter 00000899: loss=2.9453435107837882e-04, pmove=0.91308594
I0512 11:12:56.059877 134251878557504 pretrain.py:352] Pretrain iter 00000900: loss=2.6063123405647618e-04, pmove=0.91137695
I0512 11:12:56.129334 134251878557504 pretrain.py:352] Pretrain iter 00000901: loss=1.7700231060024425e-04, pmove=0.91162109
I0512 11:12:56.199070 134251878557504 pretrain.py:352] Pretrain iter 00000902: loss=1.2186730329335308e-04, pmove=0.91918945
I0512 11:12:56.268782 134251878557504 pretrain.py:352] Pretrain iter 00000903: loss=1.1041968858161042e-04, pmove=0.91357422
I0512 11:12:56.338572 134251878557504 pretrain.py:352] Pretrain iter 00000904: loss=1.3822577660683560e-04, pmove=0.91333008
I0512 11:12:56.408118 134251878557504 pretrain.py:352] Pretrain iter 00000905: loss=1.8661626084165808e-04, pmove=0.91528320
I0512 11:12:56.477723 134251878557504 pretrain.py:352] Pretrain iter 00000906: loss=2.1593037708110061e-04, pmove=0.91992188
I0512 11:12:56.547245 134251878557504 pretrain.py:352] Pretrain iter 00000907: loss=2.3553753133742454e-04, pmove=0.92236328
I0512 11:12:56.616895 134251878557504 pretrain.py:352] Pretrain iter 00000908: loss=2.0554825124166027e-04, pmove=0.92211914
I0512 11:12:56.686638 134251878557504 pretrain.py:352] Pretrain iter 00000909: loss=1.6966277313391074e-04, pmove=0.91992188
I0512 11:12:56.756270 134251878557504 pretrain.py:352] Pretrain iter 00000910: loss=1.2753910133945023e-04, pmove=0.91381836
I0512 11:12:56.826104 134251878557504 pretrain.py:352] Pretrain iter 00000911: loss=1.0929514416036057e-04, pmove=0.91528320
I0512 11:12:56.895617 134251878557504 pretrain.py:352] Pretrain iter 00000912: loss=1.1886431695954894e-04, pmove=0.91748047
I0512 11:12:56.965303 134251878557504 pretrain.py:352] Pretrain iter 00000913: loss=1.4382691594421327e-04, pmove=0.90844727
I0512 11:12:57.034944 134251878557504 pretrain.py:352] Pretrain iter 00000914: loss=1.6557555893794351e-04, pmove=0.91870117
I0512 11:12:57.104489 134251878557504 pretrain.py:352] Pretrain iter 00000915: loss=1.6545938013641441e-04, pmove=0.91381836
I0512 11:12:57.174190 134251878557504 pretrain.py:352] Pretrain iter 00000916: loss=1.5563053085129692e-04, pmove=0.91943359
I0512 11:12:57.243877 134251878557504 pretrain.py:352] Pretrain iter 00000917: loss=1.3367597267926085e-04, pmove=0.91015625
I0512 11:12:57.313368 134251878557504 pretrain.py:352] Pretrain iter 00000918: loss=1.1695819066733770e-04, pmove=0.92211914
I0512 11:12:57.383058 134251878557504 pretrain.py:352] Pretrain iter 00000919: loss=1.0620686538053529e-04, pmove=0.91552734
I0512 11:12:57.452727 134251878557504 pretrain.py:352] Pretrain iter 00000920: loss=1.0747945043805725e-04, pmove=0.91552734
I0512 11:12:57.522288 134251878557504 pretrain.py:352] Pretrain iter 00000921: loss=1.1381953264240425e-04, pmove=0.91625977
I0512 11:12:57.592026 134251878557504 pretrain.py:352] Pretrain iter 00000922: loss=1.2051089276170514e-04, pmove=0.92114258
I0512 11:12:57.661712 134251878557504 pretrain.py:352] Pretrain iter 00000923: loss=1.2421271916235687e-04, pmove=0.92260742
I0512 11:12:57.731435 134251878557504 pretrain.py:352] Pretrain iter 00000924: loss=1.2240199988189634e-04, pmove=0.91748047
I0512 11:12:57.801123 134251878557504 pretrain.py:352] Pretrain iter 00000925: loss=1.1895327474516923e-04, pmove=0.91918945
I0512 11:12:57.871306 134251878557504 pretrain.py:352] Pretrain iter 00000926: loss=1.1342841331730894e-04, pmove=0.91772461
I0512 11:12:57.941187 134251878557504 pretrain.py:352] Pretrain iter 00000927: loss=1.0819124053390987e-04, pmove=0.91137695
I0512 11:12:58.010994 134251878557504 pretrain.py:352] Pretrain iter 00000928: loss=1.0446013732663709e-04, pmove=0.91821289
I0512 11:12:58.080590 134251878557504 pretrain.py:352] Pretrain iter 00000929: loss=1.0492712974508155e-04, pmove=0.92211914
I0512 11:12:58.150296 134251878557504 pretrain.py:352] Pretrain iter 00000930: loss=1.0570398310587965e-04, pmove=0.91845703
I0512 11:12:58.220089 134251878557504 pretrain.py:352] Pretrain iter 00000931: loss=1.0799276560026391e-04, pmove=0.92114258
I0512 11:12:58.289752 134251878557504 pretrain.py:352] Pretrain iter 00000932: loss=1.0938934585351428e-04, pmove=0.92089844
I0512 11:12:58.359513 134251878557504 pretrain.py:352] Pretrain iter 00000933: loss=1.1080188223342116e-04, pmove=0.91284180
I0512 11:12:58.429331 134251878557504 pretrain.py:352] Pretrain iter 00000934: loss=1.1103903770772421e-04, pmove=0.92773438
I0512 11:12:58.499081 134251878557504 pretrain.py:352] Pretrain iter 00000935: loss=1.0992496554482347e-04, pmove=0.91650391
I0512 11:12:58.568770 134251878557504 pretrain.py:352] Pretrain iter 00000936: loss=1.0844141269156397e-04, pmove=0.91748047
I0512 11:12:58.638502 134251878557504 pretrain.py:352] Pretrain iter 00000937: loss=1.0636326959274063e-04, pmove=0.92065430
I0512 11:12:58.708177 134251878557504 pretrain.py:352] Pretrain iter 00000938: loss=1.0508407482906093e-04, pmove=0.92138672
I0512 11:12:58.777877 134251878557504 pretrain.py:352] Pretrain iter 00000939: loss=1.0355480459316751e-04, pmove=0.91796875
I0512 11:12:58.847491 134251878557504 pretrain.py:352] Pretrain iter 00000940: loss=1.0169073776921441e-04, pmove=0.91918945
I0512 11:12:58.917190 134251878557504 pretrain.py:352] Pretrain iter 00000941: loss=1.0107227352295739e-04, pmove=0.91772461
I0512 11:12:58.986839 134251878557504 pretrain.py:352] Pretrain iter 00000942: loss=9.9880190219616872e-05, pmove=0.91918945
I0512 11:12:59.056561 134251878557504 pretrain.py:352] Pretrain iter 00000943: loss=1.0029998156822282e-04, pmove=0.91845703
I0512 11:12:59.126277 134251878557504 pretrain.py:352] Pretrain iter 00000944: loss=1.0103685290821691e-04, pmove=0.91772461
I0512 11:12:59.196306 134251878557504 pretrain.py:352] Pretrain iter 00000945: loss=1.0273881537477030e-04, pmove=0.91357422
I0512 11:12:59.266020 134251878557504 pretrain.py:352] Pretrain iter 00000946: loss=1.0323463809179718e-04, pmove=0.92480469
I0512 11:12:59.335744 134251878557504 pretrain.py:352] Pretrain iter 00000947: loss=1.0456984679048561e-04, pmove=0.91845703
I0512 11:12:59.405508 134251878557504 pretrain.py:352] Pretrain iter 00000948: loss=1.0607154485702534e-04, pmove=0.91992188
I0512 11:12:59.475062 134251878557504 pretrain.py:352] Pretrain iter 00000949: loss=1.0937150203224952e-04, pmove=0.91967773
I0512 11:12:59.544694 134251878557504 pretrain.py:352] Pretrain iter 00000950: loss=1.1314617334365123e-04, pmove=0.91113281
I0512 11:12:59.614473 134251878557504 pretrain.py:352] Pretrain iter 00000951: loss=1.1870844732585307e-04, pmove=0.91455078
I0512 11:12:59.684180 134251878557504 pretrain.py:352] Pretrain iter 00000952: loss=1.2661296603222309e-04, pmove=0.91113281
I0512 11:12:59.753860 134251878557504 pretrain.py:352] Pretrain iter 00000953: loss=1.4426127672658988e-04, pmove=0.92163086
I0512 11:12:59.823427 134251878557504 pretrain.py:352] Pretrain iter 00000954: loss=1.6759401412180650e-04, pmove=0.91455078
I0512 11:12:59.892948 134251878557504 pretrain.py:352] Pretrain iter 00000955: loss=2.1449781167059848e-04, pmove=0.91967773
I0512 11:12:59.962703 134251878557504 pretrain.py:352] Pretrain iter 00000956: loss=2.7227118992518261e-04, pmove=0.91796875
I0512 11:13:00.032070 134251878557504 pretrain.py:352] Pretrain iter 00000957: loss=4.0439857076376225e-04, pmove=0.91528320
I0512 11:13:00.101716 134251878557504 pretrain.py:352] Pretrain iter 00000958: loss=5.1645807672522537e-04, pmove=0.91796875
I0512 11:13:00.171412 134251878557504 pretrain.py:352] Pretrain iter 00000959: loss=7.5456813646230516e-04, pmove=0.91845703
I0512 11:13:00.240975 134251878557504 pretrain.py:352] Pretrain iter 00000960: loss=7.0683460411909973e-04, pmove=0.91699219
I0512 11:13:00.310619 134251878557504 pretrain.py:352] Pretrain iter 00000961: loss=6.5028132597240971e-04, pmove=0.91430664
I0512 11:13:00.380349 134251878557504 pretrain.py:352] Pretrain iter 00000962: loss=3.1173391366740103e-04, pmove=0.91162109
I0512 11:13:00.450040 134251878557504 pretrain.py:352] Pretrain iter 00000963: loss=1.2143245231025845e-04, pmove=0.91845703
I0512 11:13:00.519724 134251878557504 pretrain.py:352] Pretrain iter 00000964: loss=1.4833673338146263e-04, pmove=0.91870117
I0512 11:13:00.589111 134251878557504 pretrain.py:352] Pretrain iter 00000965: loss=3.1532972120669505e-04, pmove=0.92260742
I0512 11:13:00.658803 134251878557504 pretrain.py:352] Pretrain iter 00000966: loss=5.1134861357431767e-04, pmove=0.92163086
I0512 11:13:00.728293 134251878557504 pretrain.py:352] Pretrain iter 00000967: loss=4.6317084443924937e-04, pmove=0.92358398
I0512 11:13:00.798062 134251878557504 pretrain.py:352] Pretrain iter 00000968: loss=3.4916923867157033e-04, pmove=0.91992188
I0512 11:13:00.867572 134251878557504 pretrain.py:352] Pretrain iter 00000969: loss=1.5882630158516151e-04, pmove=0.91479492
I0512 11:13:00.937283 134251878557504 pretrain.py:352] Pretrain iter 00000970: loss=1.1115296749382604e-04, pmove=0.91406250
I0512 11:13:01.006983 134251878557504 pretrain.py:352] Pretrain iter 00000971: loss=2.0325606507771960e-04, pmove=0.92260742
I0512 11:13:01.076656 134251878557504 pretrain.py:352] Pretrain iter 00000972: loss=2.7858353584301351e-04, pmove=0.91113281
I0512 11:13:01.146376 134251878557504 pretrain.py:352] Pretrain iter 00000973: loss=2.7898919955710776e-04, pmove=0.92089844
I0512 11:13:01.216101 134251878557504 pretrain.py:352] Pretrain iter 00000974: loss=1.7078684297316699e-04, pmove=0.92041016
I0512 11:13:01.285749 134251878557504 pretrain.py:352] Pretrain iter 00000975: loss=1.0321273948259106e-04, pmove=0.91748047
I0512 11:13:01.355438 134251878557504 pretrain.py:352] Pretrain iter 00000976: loss=1.1771402726678802e-04, pmove=0.91772461
I0512 11:13:01.425045 134251878557504 pretrain.py:352] Pretrain iter 00000977: loss=1.7403897463047987e-04, pmove=0.91503906
I0512 11:13:01.494290 134251878557504 pretrain.py:352] Pretrain iter 00000978: loss=2.1211024315270292e-04, pmove=0.91503906
I0512 11:13:01.563830 134251878557504 pretrain.py:352] Pretrain iter 00000979: loss=1.7251195617856976e-04, pmove=0.92089844
I0512 11:13:01.633614 134251878557504 pretrain.py:352] Pretrain iter 00000980: loss=1.1876570683545779e-04, pmove=0.92089844
I0512 11:13:01.703362 134251878557504 pretrain.py:352] Pretrain iter 00000981: loss=9.9476807623627650e-05, pmove=0.92456055
I0512 11:13:01.772951 134251878557504 pretrain.py:352] Pretrain iter 00000982: loss=1.2629505300230329e-04, pmove=0.91235352
I0512 11:13:01.842399 134251878557504 pretrain.py:352] Pretrain iter 00000983: loss=1.5896180013884824e-04, pmove=0.91821289
I0512 11:13:01.912081 134251878557504 pretrain.py:352] Pretrain iter 00000984: loss=1.5248899913776259e-04, pmove=0.90893555
I0512 11:13:01.981720 134251878557504 pretrain.py:352] Pretrain iter 00000985: loss=1.2403954793867799e-04, pmove=0.91723633
I0512 11:13:02.051412 134251878557504 pretrain.py:352] Pretrain iter 00000986: loss=1.0109875465014786e-04, pmove=0.91674805
I0512 11:13:02.121073 134251878557504 pretrain.py:352] Pretrain iter 00000987: loss=1.0657424610477842e-04, pmove=0.91333008
I0512 11:13:02.190724 134251878557504 pretrain.py:352] Pretrain iter 00000988: loss=1.2790967446927454e-04, pmove=0.92431641
I0512 11:13:02.260546 134251878557504 pretrain.py:352] Pretrain iter 00000989: loss=1.3639721574535741e-04, pmove=0.92016602
I0512 11:13:02.330239 134251878557504 pretrain.py:352] Pretrain iter 00000990: loss=1.2634787800078375e-04, pmove=0.91943359
I0512 11:13:02.399872 134251878557504 pretrain.py:352] Pretrain iter 00000991: loss=1.0790824483855702e-04, pmove=0.91650391
I0512 11:13:02.469635 134251878557504 pretrain.py:352] Pretrain iter 00000992: loss=1.0056719474387705e-04, pmove=0.91333008
I0512 11:13:02.539312 134251878557504 pretrain.py:352] Pretrain iter 00000993: loss=1.0852640406094877e-04, pmove=0.90991211
I0512 11:13:02.608849 134251878557504 pretrain.py:352] Pretrain iter 00000994: loss=1.1643099784032173e-04, pmove=0.91137695
I0512 11:13:02.678547 134251878557504 pretrain.py:352] Pretrain iter 00000995: loss=1.1863418426905903e-04, pmove=0.91601562
I0512 11:13:02.748215 134251878557504 pretrain.py:352] Pretrain iter 00000996: loss=1.1096901365808802e-04, pmove=0.92089844
I0512 11:13:02.817762 134251878557504 pretrain.py:352] Pretrain iter 00000997: loss=1.0160716909324386e-04, pmove=0.91333008
I0512 11:13:02.887514 134251878557504 pretrain.py:352] Pretrain iter 00000998: loss=9.6956868527896533e-05, pmove=0.92065430
I0512 11:13:02.957242 134251878557504 pretrain.py:352] Pretrain iter 00000999: loss=1.0098491123700559e-04, pmove=0.91455078
I0512 11:13:04.024628 134251878557504 tag_graph_matcher.py:1786] ==================================================
I0512 11:13:04.025299 134251878557504 tag_graph_matcher.py:1787] Graph parameter registrations:
{'envelope': [{'pi': 'Auto[tag_variant=scale_and_shift(1)|match_type=scale_only_broadcast_1]',
               'sigma': 'Auto[tag_variant=scale_and_shift(0)|match_type=scale_only_broadcast_1]'},
              {'pi': 'Auto[tag_variant=scale_and_shift(3)|match_type=scale_only_broadcast_1]',
               'sigma': 'Auto[tag_variant=scale_and_shift(2)|match_type=scale_only_broadcast_1]'}],
 'layers': {'input': {},
            'streams': [{'double': {'b': 'Auto[tag_variant=repeated_dense(1)|match_type=repeated_dense2_with_bias]',
                                    'w': 'Auto[tag_variant=repeated_dense(1)|match_type=repeated_dense2_with_bias]'},
                         'single': {'b': 'Auto[tag_variant=repeated_dense(0)|match_type=repeated_dense1_with_bias]',
                                    'w': 'Auto[tag_variant=repeated_dense(0)|match_type=repeated_dense1_with_bias]'}},
                        {'double': {'b': 'Auto[tag_variant=repeated_dense(3)|match_type=repeated_dense2_with_bias]',
                                    'w': 'Auto[tag_variant=repeated_dense(3)|match_type=repeated_dense2_with_bias]'},
                         'single': {'b': 'Auto[tag_variant=repeated_dense(2)|match_type=repeated_dense1_with_bias]',
                                    'w': 'Auto[tag_variant=repeated_dense(2)|match_type=repeated_dense1_with_bias]'}},
                        {'double': {'b': 'Auto[tag_variant=repeated_dense(5)|match_type=repeated_dense2_with_bias]',
                                    'w': 'Auto[tag_variant=repeated_dense(5)|match_type=repeated_dense2_with_bias]'},
                         'single': {'b': 'Auto[tag_variant=repeated_dense(4)|match_type=repeated_dense1_with_bias]',
                                    'w': 'Auto[tag_variant=repeated_dense(4)|match_type=repeated_dense1_with_bias]'}},
                        {'single': {'b': 'Auto[tag_variant=repeated_dense(6)|match_type=repeated_dense1_with_bias]',
                                    'w': 'Auto[tag_variant=repeated_dense(6)|match_type=repeated_dense1_with_bias]'}}]},
 'orbital': [{'w': 'Auto[tag_variant=repeated_dense(7)|match_type=repeated_dense1_no_bias]'},
             {'w': 'Auto[tag_variant=repeated_dense(8)|match_type=repeated_dense1_no_bias]'}]}
I0512 11:13:04.025350 134251878557504 tag_graph_matcher.py:1793] ==================================================
I0512 11:13:04.036665 134251878557504 tracer.py:267] Graph registered losses:
I0512 11:13:04.036758 134251878557504 tracer.py:280] NormalMeanNegativeLogProbLoss(mean=Var(id=134243166616384):float64[4096,1], variance=Literal(0.5), weight=Literal(1.0), normalize_log_prob=Literal(True))
I0512 11:13:04.036792 134251878557504 tracer.py:282] ==================================================
I0512 11:13:04.037578 134251878557504 block_diagonal.py:333] BlockDiagonalCurvature blocks:
I0512 11:13:04.037681 134251878557504 block_diagonal.py:335] ScaleAndShiftDiagonal, tag name: Auto[tag_variant=scale_and_shift(1)|match_type=scale_only_broadcast_1], params shapes: ((1, 64),)
I0512 11:13:04.037763 134251878557504 block_diagonal.py:335] ScaleAndShiftDiagonal, tag name: Auto[tag_variant=scale_and_shift(0)|match_type=scale_only_broadcast_1], params shapes: ((1, 64),)
I0512 11:13:04.037845 134251878557504 block_diagonal.py:335] ScaleAndShiftDiagonal, tag name: Auto[tag_variant=scale_and_shift(3)|match_type=scale_only_broadcast_1], params shapes: ((1, 64),)
I0512 11:13:04.037922 134251878557504 block_diagonal.py:335] ScaleAndShiftDiagonal, tag name: Auto[tag_variant=scale_and_shift(2)|match_type=scale_only_broadcast_1], params shapes: ((1, 64),)
I0512 11:13:04.038020 134251878557504 block_diagonal.py:335] RepeatedDenseBlock(parameter_specs=['ab -> (a)b', 'a -> 1a'], parameters_concat_axis=0), tag name: Auto[tag_variant=repeated_dense(1)|match_type=repeated_dense2_with_bias], params shapes: ((4, 32), (32,))
I0512 11:13:04.038115 134251878557504 block_diagonal.py:335] RepeatedDenseBlock(parameter_specs=['ab -> (a)b', 'a -> 1a'], parameters_concat_axis=0), tag name: Auto[tag_variant=repeated_dense(0)|match_type=repeated_dense1_with_bias], params shapes: ((20, 256), (256,))
I0512 11:13:04.038210 134251878557504 block_diagonal.py:335] RepeatedDenseBlock(parameter_specs=['ab -> (a)b', 'a -> 1a'], parameters_concat_axis=0), tag name: Auto[tag_variant=repeated_dense(3)|match_type=repeated_dense2_with_bias], params shapes: ((32, 32), (32,))
I0512 11:13:04.038305 134251878557504 block_diagonal.py:335] RepeatedDenseBlock(parameter_specs=['ab -> (a)b', 'a -> 1a'], parameters_concat_axis=0), tag name: Auto[tag_variant=repeated_dense(2)|match_type=repeated_dense1_with_bias], params shapes: ((832, 256), (256,))
I0512 11:13:04.038393 134251878557504 block_diagonal.py:335] RepeatedDenseBlock(parameter_specs=['ab -> (a)b', 'a -> 1a'], parameters_concat_axis=0), tag name: Auto[tag_variant=repeated_dense(5)|match_type=repeated_dense2_with_bias], params shapes: ((32, 32), (32,))
I0512 11:13:04.038483 134251878557504 block_diagonal.py:335] RepeatedDenseBlock(parameter_specs=['ab -> (a)b', 'a -> 1a'], parameters_concat_axis=0), tag name: Auto[tag_variant=repeated_dense(4)|match_type=repeated_dense1_with_bias], params shapes: ((832, 256), (256,))
I0512 11:13:04.038578 134251878557504 block_diagonal.py:335] RepeatedDenseBlock(parameter_specs=['ab -> (a)b', 'a -> 1a'], parameters_concat_axis=0), tag name: Auto[tag_variant=repeated_dense(6)|match_type=repeated_dense1_with_bias], params shapes: ((832, 256), (256,))
I0512 11:13:04.038674 134251878557504 block_diagonal.py:335] RepeatedDenseBlock(parameter_specs=['ab -> (a)b'], parameters_concat_axis=0), tag name: Auto[tag_variant=repeated_dense(7)|match_type=repeated_dense1_no_bias], params shapes: ((256, 64),)
I0512 11:13:04.038766 134251878557504 block_diagonal.py:335] RepeatedDenseBlock(parameter_specs=['ab -> (a)b'], parameters_concat_axis=0), tag name: Auto[tag_variant=repeated_dense(8)|match_type=repeated_dense1_no_bias], params shapes: ((256, 64),)
I0512 11:13:04.038792 134251878557504 block_diagonal.py:336] ==================================================
I0512 11:13:04.267950 134251878557504 train.py:918] Burning in MCMC chain for 100 steps
I0512 11:13:31.350072 134251878557504 train.py:931] Completed burn-in MCMC steps
I0512 11:13:34.529983 134251878557504 train.py:935] Initial energy: -14.3903 E_h
I0512 11:13:47.715964 134251878557504 train.py:1104] Step 00000000: energy=-14.4172132955649488 E_h, variance=4.2649193875742597e+00 E_h^2, std=2.0651681257404348e+00 E_h, ewmean=-14.4172132955649488 E_h, ewvar=-0.0000000000000000e+00 E_h^2, ewstd=0.0000000000000000e+00 E_h, pmove=0.91274414I0512 11:32:24.821348 134251878557504 train.py:1104] Step 00001000: energy=-14.6620810073410954 E_h, variance=6.9229291204398566e-02 E_h^2, std=2.6311459709487534e-01 E_h, ewmean=-14.6653793695192345 E_h, ewvar=1.6442198123113506e-05 E_h^2, ewstd=4.0548980410256320e-03 E_h, pmove=0.80034180
I0512 11:51:02.252901 134251878557504 train.py:1104] Step 00002000: energy=-14.6622618429184719 E_h, variance=7.6831517804088950e-02 E_h^2, std=2.7718498841764311e-01 E_h, ewmean=-14.6658597852700314 E_h, ewvar=1.3980751198891253e-05 E_h^2, ewstd=3.7390842727720451e-03 E_h, pmove=0.53190918
I0512 12:09:39.652835 134251878557504 train.py:1104] Step 00003000: energy=-14.6694922332657889 E_h, variance=3.0802168685052884e-02 E_h^2, std=1.7550546625405400e-01 E_h, ewmean=-14.6695553243923715 E_h, ewvar=1.0881167023187540e-05 E_h^2, ewstd=3.2986613986869797e-03 E_h, pmove=0.53273926
I0512 12:28:16.999983 134251878557504 train.py:1104] Step 00004000: energy=-14.6658526933940561 E_h, variance=2.5094327945590092e-02 E_h^2, std=1.5841189332114586e-01 E_h, ewmean=-14.6671240554532538 E_h, ewvar=5.6683731849703050e-06 E_h^2, ewstd=2.3808345564046035e-03 E_h, pmove=0.53479004
I0512 12:46:54.287645 134251878557504 train.py:1104] Step 00005000: energy=-14.6675602012083743 E_h, variance=9.0861838303989747e-03 E_h^2, std=9.5321476228596963e-02 E_h, ewmean=-14.6676147640114429 E_h, ewvar=4.3071530863506550e-06 E_h^2, ewstd=2.0753681809140890e-03 E_h, pmove=0.52846680
I0512 12:53:35.421087 134251878557504 checkpoint.py:124] Saving checkpoint /home/sjtu/PyQMC/Ferminet/checkpoints_ferminet_x64_atoms/Be_singlet/qmcjax_ckpt_005359.npz
I0512 13:05:31.809159 134251878557504 train.py:1104] Step 00006000: energy=-14.6660898098606438 E_h, variance=2.1712564689520805e-02 E_h^2, std=1.4735183979007796e-01 E_h, ewmean=-14.6665662826537080 E_h, ewvar=5.0124571627524534e-06 E_h^2, ewstd=2.2388517509545946e-03 E_h, pmove=0.53054199
I0512 13:24:09.192610 134251878557504 train.py:1104] Step 00007000: energy=-14.6662090655785491 E_h, variance=1.7548785419048279e-02 E_h^2, std=1.3247182877520897e-01 E_h, ewmean=-14.6670103276134025 E_h, ewvar=2.4175917209412302e-06 E_h^2, ewstd=1.5548606757331122e-03 E_h, pmove=0.53454590
I0512 13:42:46.529457 134251878557504 train.py:1104] Step 00008000: energy=-14.6658893045500740 E_h, variance=1.3485369718418022e-02 E_h^2, std=1.1612652461181305e-01 E_h, ewmean=-14.6663340027673943 E_h, ewvar=5.2997906292066712e-06 E_h^2, ewstd=2.3021274137646403e-03 E_h, pmove=0.53823242
I0512 14:01:23.867554 134251878557504 train.py:1104] Step 00009000: energy=-14.6661145089187617 E_h, variance=6.4019924993792658e-03 E_h^2, std=8.0012452152019853e-02 E_h, ewmean=-14.6679024115048335 E_h, ewvar=4.1344182152819606e-06 E_h^2, ewstd=2.0333268835290505e-03 E_h, pmove=0.53552246
I0512 14:20:00.111400 134251878557504 train.py:1049] Timing step 00010000: block_iters=10000, block_time=11184.996669 s, sec/iter=1.1184996669, iter/s=0.894055, elapsed=11184.996661 s
I0512 14:20:01.232609 134251878557504 train.py:1104] Step 00010000: energy=-14.6667130319869692 E_h, variance=7.1872445256444990e-03 E_h^2, std=8.4777618070128027e-02 E_h, ewmean=-14.6660182612413426 E_h, ewvar=3.2816485503835198e-06 E_h^2, ewstd=1.8115321002906682e-03 E_h, pmove=0.53186035
I0512 14:33:35.776266 134251878557504 checkpoint.py:124] Saving checkpoint /home/sjtu/PyQMC/Ferminet/checkpoints_ferminet_x64_atoms/Be_singlet/qmcjax_ckpt_010729.npz
I0512 14:38:38.651171 134251878557504 train.py:1104] Step 00011000: energy=-14.6671919650958476 E_h, variance=5.7617489040363056e-03 E_h^2, std=7.5906184886584210e-02 E_h, ewmean=-14.6671790970781455 E_h, ewvar=2.1798293402978003e-06 E_h^2, ewstd=1.4764245122246516e-03 E_h, pmove=0.52944336
I0512 14:57:15.972723 134251878557504 train.py:1104] Step 00012000: energy=-14.6687022777017919 E_h, variance=7.8960865870074705e-03 E_h^2, std=8.8859926778089737e-02 E_h, ewmean=-14.6680800089048091 E_h, ewvar=3.5419342875585872e-06 E_h^2, ewstd=1.8820027331432297e-03 E_h, pmove=0.53710938
I0512 15:15:53.368468 134251878557504 train.py:1104] Step 00013000: energy=-14.6673585792842278 E_h, variance=6.7531750551408018e-03 E_h^2, std=8.2177704124298839e-02 E_h, ewmean=-14.6659572722785985 E_h, ewvar=3.5837426307579606e-05 E_h^2, ewstd=5.9864368624065190e-03 E_h, pmove=0.53134766
I0512 15:34:30.787703 134251878557504 train.py:1104] Step 00014000: energy=-14.6681641254700210 E_h, variance=7.8032160144847242e-03 E_h^2, std=8.8335813883637954e-02 E_h, ewmean=-14.6675588509012673 E_h, ewvar=2.6980894576877779e-06 E_h^2, ewstd=1.6425862101234680e-03 E_h, pmove=0.53693848
I0512 15:53:20.555385 134251878557504 train.py:1104] Step 00015000: energy=-14.6680389242105171 E_h, variance=5.5574940952005433e-03 E_h^2, std=7.4548602235055647e-02 E_h, ewmean=-14.6672148780482097 E_h, ewvar=1.9123946963603057e-06 E_h^2, ewstd=1.3828935954585608e-03 E_h, pmove=0.53134766
I0512 16:11:57.885762 134251878557504 train.py:1104] Step 00016000: energy=-14.6700290908960209 E_h, variance=1.2699956695051770e-02 E_h^2, std=1.1269408456104416e-01 E_h, ewmean=-14.6676612943045122 E_h, ewvar=3.5478266947688469e-06 E_h^2, ewstd=1.8835675445199322e-03 E_h, pmove=0.53452148
I0512 16:13:36.204401 134251878557504 checkpoint.py:124] Saving checkpoint /home/sjtu/PyQMC/Ferminet/checkpoints_ferminet_x64_atoms/Be_singlet/qmcjax_ckpt_016088.npz
I0512 16:30:35.327322 134251878557504 train.py:1104] Step 00017000: energy=-14.6694126000135086 E_h, variance=8.9136249728904871e-03 E_h^2, std=9.4411995916252545e-02 E_h, ewmean=-14.6676225513841327 E_h, ewvar=2.2591003732963007e-06 E_h^2, ewstd=1.5030303966641196e-03 E_h, pmove=0.53642578
I0512 16:49:12.682071 134251878557504 train.py:1104] Step 00018000: energy=-14.6665006859231823 E_h, variance=7.1080871960642377e-03 E_h^2, std=8.4309472754040146e-02 E_h, ewmean=-14.6667509465405708 E_h, ewvar=4.8589752624013748e-06 E_h^2, ewstd=2.2043083410451850e-03 E_h, pmove=0.53183594
I0512 17:07:49.989179 134251878557504 train.py:1104] Step 00019000: energy=-14.6659022003646431 E_h, variance=5.1966215879195084e-03 E_h^2, std=7.2087596630207529e-02 E_h, ewmean=-14.6660872605928514 E_h, ewvar=5.6015876926675430e-06 E_h^2, ewstd=2.3667673507693026e-03 E_h, pmove=0.53005371
I0512 17:26:26.272724 134251878557504 train.py:1049] Timing step 00020000: block_iters=10000, block_time=11186.161303 s, sec/iter=1.1186161303, iter/s=0.893962, elapsed=22371.157971 s
I0512 17:26:27.392072 134251878557504 train.py:1104] Step 00020000: energy=-14.6687067706965841 E_h, variance=1.1062417389129506e-02 E_h^2, std=1.0517802712130279e-01 E_h, ewmean=-14.6677920451083388 E_h, ewvar=1.8316652296578841e-06 E_h^2, ewstd=1.3533902724853183e-03 E_h, pmove=0.53017578
I0512 17:45:04.801381 134251878557504 train.py:1104] Step 00021000: energy=-14.6688051715683248 E_h, variance=6.4299156183769066e-03 E_h^2, std=8.0186754631777601e-02 E_h, ewmean=-14.6678788147236911 E_h, ewvar=1.9074871182159862e-06 E_h^2, ewstd=1.3811180681665078e-03 E_h, pmove=0.53522949
I0512 17:53:36.529248 134251878557504 checkpoint.py:124] Saving checkpoint /home/sjtu/PyQMC/Ferminet/checkpoints_ferminet_x64_atoms/Be_singlet/qmcjax_ckpt_021458.npz
I0512 18:03:42.194734 134251878557504 train.py:1104] Step 00022000: energy=-14.6651661828688109 E_h, variance=1.6006259053778116e-02 E_h^2, std=1.2651584507000740e-01 E_h, ewmean=-14.6671980321996269 E_h, ewvar=2.2483807986931935e-06 E_h^2, ewstd=1.4994601690919282e-03 E_h, pmove=0.53117676
I0512 18:22:19.600204 134251878557504 train.py:1104] Step 00023000: energy=-14.6675078872627580 E_h, variance=6.0783722028273767e-03 E_h^2, std=7.7963916030605956e-02 E_h, ewmean=-14.6669957511567883 E_h, ewvar=4.8658848637764591e-06 E_h^2, ewstd=2.2058750789145922e-03 E_h, pmove=0.53498535
I0512 18:40:56.984065 134251878557504 train.py:1104] Step 00024000: energy=-14.6678726483722333 E_h, variance=4.4648859926120273e-03 E_h^2, std=6.6819802398780159e-02 E_h, ewmean=-14.6674674215790244 E_h, ewvar=1.9820667913752131e-06 E_h^2, ewstd=1.4078589387347062e-03 E_h, pmove=0.53256836
I0512 18:59:34.312164 134251878557504 train.py:1104] Step 00025000: energy=-14.6689648002899773 E_h, variance=4.0428538457274272e-03 E_h^2, std=6.3583440027474347e-02 E_h, ewmean=-14.6671238366763710 E_h, ewvar=1.4174467582169696e-06 E_h^2, ewstd=1.1905657303219212e-03 E_h, pmove=0.53447266
I0512 19:18:11.688298 134251878557504 train.py:1104] Step 00026000: energy=-14.6658141756676912 E_h, variance=5.9010114100573651e-03 E_h^2, std=7.6818040915252225e-02 E_h, ewmean=-14.6669816739820060 E_h, ewvar=4.1127035566384174e-06 E_h^2, ewstd=2.0279801667270857e-03 E_h, pmove=0.53247070
I0512 19:33:36.851392 134251878557504 checkpoint.py:124] Saving checkpoint /home/sjtu/PyQMC/Ferminet/checkpoints_ferminet_x64_atoms/Be_singlet/qmcjax_ckpt_026828.npz
I0512 19:36:49.104784 134251878557504 train.py:1104] Step 00027000: energy=-14.6671292367564607 E_h, variance=3.1424661973961085e-02 E_h^2, std=1.7727002559361546e-01 E_h, ewmean=-14.6671326161993072 E_h, ewvar=2.2374228148952904e-06 E_h^2, ewstd=1.4958017298075605e-03 E_h, pmove=0.53208008
I0512 19:55:26.671655 134251878557504 train.py:1104] Step 00028000: energy=-14.6688014532328808 E_h, variance=7.1924086309749658e-03 E_h^2, std=8.4808069374175510e-02 E_h, ewmean=-14.6663009582061967 E_h, ewvar=9.5475852512662985e-06 E_h^2, ewstd=3.0899167062020134e-03 E_h, pmove=0.53081055
I0512 20:14:04.432898 134251878557504 train.py:1104] Step 00029000: energy=-14.6638830539126435 E_h, variance=3.2486081472777539e-02 E_h^2, std=1.8023895659034853e-01 E_h, ewmean=-14.6672455300190503 E_h, ewvar=3.8533727339547564e-06 E_h^2, ewstd=1.9630009510835079e-03 E_h, pmove=0.53413086
I0512 20:32:40.864407 134251878557504 train.py:1049] Timing step 00030000: block_iters=10000, block_time=11174.591684 s, sec/iter=1.1174591684, iter/s=0.894887, elapsed=33545.749655 s
I0512 20:32:41.983909 134251878557504 train.py:1104] Step 00030000: energy=-14.6677858683137536 E_h, variance=9.2884790345693722e-03 E_h^2, std=9.6376755675678216e-02 E_h, ewmean=-14.6677270873504622 E_h, ewvar=1.2809805395760403e-06 E_h^2, ewstd=1.1318041083049843e-03 E_h, pmove=0.53293457
I0512 20:51:19.819685 134251878557504 train.py:1104] Step 00031000: energy=-14.6659925098116393 E_h, variance=5.9177725042307578e-03 E_h^2, std=7.6927059635935380e-02 E_h, ewmean=-14.6676420319037550 E_h, ewvar=2.2772967414477545e-06 E_h^2, ewstd=1.5090714832133548e-03 E_h, pmove=0.53039551
I0512 21:09:57.495270 134251878557504 train.py:1104] Step 00032000: energy=-14.6650580972760309 E_h, variance=1.3745394026113340e-02 E_h^2, std=1.1724075241192092e-01 E_h, ewmean=-14.6668937886590065 E_h, ewvar=2.8680720628422826e-06 E_h^2, ewstd=1.6935383263576536e-03 E_h, pmove=0.53305664
I0512 21:13:37.689726 134251878557504 checkpoint.py:124] Saving checkpoint /home/sjtu/PyQMC/Ferminet/checkpoints_ferminet_x64_atoms/Be_singlet/qmcjax_ckpt_032197.npz
I0512 21:28:35.244661 134251878557504 train.py:1104] Step 00033000: energy=-14.6670741247759437 E_h, variance=1.1774773285750564e-02 E_h^2, std=1.0851162742190611e-01 E_h, ewmean=-14.6655441444024852 E_h, ewvar=1.7090670679005206e-05 E_h^2, ewstd=4.1340864382599946e-03 E_h, pmove=0.53510742
I0512 21:47:12.923790 134251878557504 train.py:1104] Step 00034000: energy=-14.6665504527663337 E_h, variance=4.1799411205182477e-03 E_h^2, std=6.4652464148849328e-02 E_h, ewmean=-14.6673148826734074 E_h, ewvar=1.8877166873549223e-06 E_h^2, ewstd=1.3739420247430101e-03 E_h, pmove=0.53771973
I0512 22:05:50.520434 134251878557504 train.py:1104] Step 00035000: energy=-14.6662585108513763 E_h, variance=6.1050722552617349e-03 E_h^2, std=7.8134961798555544e-02 E_h, ewmean=-14.6674906482867282 E_h, ewvar=3.6380004453230431e-06 E_h^2, ewstd=1.9073543051365792e-03 E_h, pmove=0.53520508
I0512 22:24:27.896545 134251878557504 train.py:1104] Step 00036000: energy=-14.6686701869564207 E_h, variance=7.6193079532500506e-03 E_h^2, std=8.7288647333144370e-02 E_h, ewmean=-14.6674191504327780 E_h, ewvar=2.7523384309909000e-06 E_h^2, ewstd=1.6590173088280001e-03 E_h, pmove=0.53349609
I0512 22:43:05.287731 134251878557504 train.py:1104] Step 00037000: energy=-14.6709017719293371 E_h, variance=6.6526798019867342e-02 E_h^2, std=2.5792789306290109e-01 E_h, ewmean=-14.6674002137243047 E_h, ewvar=4.3390320231869767e-06 E_h^2, ewstd=2.0830343307749340e-03 E_h, pmove=0.53862305
I0512 22:53:38.824845 134251878557504 checkpoint.py:124] Saving checkpoint /home/sjtu/PyQMC/Ferminet/checkpoints_ferminet_x64_atoms/Be_singlet/qmcjax_ckpt_037567.npz
I0512 23:01:42.734526 134251878557504 train.py:1104] Step 00038000: energy=-14.6672237723026910 E_h, variance=3.0089014350695980e-03 E_h^2, std=5.4853454176283171e-02 E_h, ewmean=-14.6676547367700181 E_h, ewvar=1.2451710281564435e-06 E_h^2, ewstd=1.1158723171386786e-03 E_h, pmove=0.53422852
I0512 23:20:20.176571 134251878557504 train.py:1104] Step 00039000: energy=-14.6676057389306642 E_h, variance=1.4061856617642633e-02 E_h^2, std=1.1858269948707793e-01 E_h, ewmean=-14.6680904399634073 E_h, ewvar=1.6631833497427605e-06 E_h^2, ewstd=1.2896446602621825e-03 E_h, pmove=0.52990723
I0512 23:38:56.405091 134251878557504 train.py:1049] Timing step 00040000: block_iters=10000, block_time=11175.540680 s, sec/iter=1.1175540680, iter/s=0.894811, elapsed=44721.290335 s
I0512 23:38:57.524554 134251878557504 train.py:1104] Step 00040000: energy=-14.6687082840259748 E_h, variance=2.9092568371572340e-03 E_h^2, std=5.3937527169469257e-02 E_h, ewmean=-14.6668831135137392 E_h, ewvar=5.1905702331478503e-06 E_h^2, ewstd=2.2782822988268708e-03 E_h, pmove=0.53671875
I0512 23:57:34.864195 134251878557504 train.py:1104] Step 00041000: energy=-14.6685647976552929 E_h, variance=3.2891651204603467e-03 E_h^2, std=5.7351243408145451e-02 E_h, ewmean=-14.6669575301208006 E_h, ewvar=2.7734568253631698e-06 E_h^2, ewstd=1.6653698764428188e-03 E_h, pmove=0.53383789
I0513 00:16:12.174717 134251878557504 train.py:1104] Step 00042000: energy=-14.6659232526995460 E_h, variance=4.3143456683444055e-02 E_h^2, std=2.0771003029089388e-01 E_h, ewmean=-14.6675843055909709 E_h, ewvar=9.3696625869704860e-07 E_h^2, ewstd=9.6797017448733850e-04 E_h, pmove=0.53105469
I0513 00:33:39.094499 134251878557504 checkpoint.py:124] Saving checkpoint /home/sjtu/PyQMC/Ferminet/checkpoints_ferminet_x64_atoms/Be_singlet/qmcjax_ckpt_042937.npz
I0513 00:34:49.586618 134251878557504 train.py:1104] Step 00043000: energy=-14.6693508034792028 E_h, variance=6.7525170073776232e-03 E_h^2, std=8.2173700217147483e-02 E_h, ewmean=-14.6668365324675456 E_h, ewvar=4.2466930061338200e-06 E_h^2, ewstd=2.0607505928990581e-03 E_h, pmove=0.53703613
I0513 00:53:26.961239 134251878557504 train.py:1104] Step 00044000: energy=-14.6679764063636675 E_h, variance=3.3303071164472791e-03 E_h^2, std=5.7708813160965967e-02 E_h, ewmean=-14.6671584362596334 E_h, ewvar=1.3954845539059989e-06 E_h^2, ewstd=1.1813062913173700e-03 E_h, pmove=0.53046875
I0513 01:12:04.289439 134251878557504 train.py:1104] Step 00045000: energy=-14.6692306885556327 E_h, variance=3.3030417900428433e-03 E_h^2, std=5.7472095751267355e-02 E_h, ewmean=-14.6672909922442987 E_h, ewvar=2.4296196819980951e-06 E_h^2, ewstd=1.5587237349825962e-03 E_h, pmove=0.53037109
I0513 01:30:41.615704 134251878557504 train.py:1104] Step 00046000: energy=-14.6662599571635361 E_h, variance=8.0570074026232834e-03 E_h^2, std=8.9760834458149308e-02 E_h, ewmean=-14.6672802457504314 E_h, ewvar=1.0522297714174326e-06 E_h^2, ewstd=1.0257825166269080e-03 E_h, pmove=0.53762207
I0513 01:49:18.940065 134251878557504 train.py:1104] Step 00047000: energy=-14.6697705502171605 E_h, variance=5.3775554683100166e-03 E_h^2, std=7.3331817571297225e-02 E_h, ewmean=-14.6672620564713085 E_h, ewvar=1.5606248904115651e-06 E_h^2, ewstd=1.2492497310031990e-03 E_h, pmove=0.53381348
I0513 02:07:56.343122 134251878557504 train.py:1104] Step 00048000: energy=-14.6668156993379348 E_h, variance=1.5162494072641398e-02 E_h^2, std=1.2313607949192389e-01 E_h, ewmean=-14.6674312692270590 E_h, ewvar=2.0161587223789128e-06 E_h^2, ewstd=1.4199150405495790e-03 E_h, pmove=0.53107910
I0513 02:13:39.489418 134251878557504 checkpoint.py:124] Saving checkpoint /home/sjtu/PyQMC/Ferminet/checkpoints_ferminet_x64_atoms/Be_singlet/qmcjax_ckpt_048304.npz
I0513 02:26:37.294545 134251878557504 train.py:1104] Step 00049000: energy=-14.6712485521332354 E_h, variance=8.0884894362730400e-02 E_h^2, std=2.8440269753068520e-01 E_h, ewmean=-14.6678917087936718 E_h, ewvar=2.5854208840620200e-06 E_h^2, ewstd=1.6079244024710926e-03 E_h, pmove=0.53581543
I0513 02:45:13.519537 134251878557504 train.py:1049] Timing step 00050000: block_iters=10000, block_time=11177.114451 s, sec/iter=1.1177114451, iter/s=0.894685, elapsed=55898.404786 s
I0513 02:45:14.639171 134251878557504 train.py:1104] Step 00050000: energy=-14.6702303010536923 E_h, variance=8.1347932853548487e-03 E_h^2, std=9.0193088900174884e-02 E_h, ewmean=-14.6677161073416293 E_h, ewvar=2.2855712480379112e-06 E_h^2, ewstd=1.5118105860318319e-03 E_h, pmove=0.53220215
I0513 03:03:51.993908 134251878557504 train.py:1104] Step 00051000: energy=-14.6668198170825903 E_h, variance=1.2190459022159357e-02 E_h^2, std=1.1041041174707826e-01 E_h, ewmean=-14.6665493575014914 E_h, ewvar=2.0706890442864644e-06 E_h^2, ewstd=1.4389888965125701e-03 E_h, pmove=0.53049316
I0513 03:22:29.372816 134251878557504 train.py:1104] Step 00052000: energy=-14.6679210872444052 E_h, variance=3.4361433479920423e-03 E_h^2, std=5.8618626288851589e-02 E_h, ewmean=-14.6673027800764331 E_h, ewvar=1.8808305303726721e-06 E_h^2, ewstd=1.3714337499028790e-03 E_h, pmove=0.53610840
I0513 03:41:06.710627 134251878557504 train.py:1104] Step 00053000: energy=-14.6684211379485703 E_h, variance=3.1315700383805481e-03 E_h^2, std=5.5960432793006061e-02 E_h, ewmean=-14.6675333427614962 E_h, ewvar=5.1610368153461168e-06 E_h^2, ewstd=2.2717915431100006e-03 E_h, pmove=0.52832031
I0513 03:53:39.801774 134251878557504 checkpoint.py:124] Saving checkpoint /home/sjtu/PyQMC/Ferminet/checkpoints_ferminet_x64_atoms/Be_singlet/qmcjax_ckpt_053674.npz
I0513 03:59:44.136402 134251878557504 train.py:1104] Step 00054000: energy=-14.6665866221722361 E_h, variance=2.4342465157387231e-03 E_h^2, std=4.9338083827188940e-02 E_h, ewmean=-14.6674917938640874 E_h, ewvar=2.2089968144695019e-06 E_h^2, ewstd=1.4862694286264190e-03 E_h, pmove=0.52685547
I0513 04:18:21.434807 134251878557504 train.py:1104] Step 00055000: energy=-14.6662575088054936 E_h, variance=3.4346630521123129e-03 E_h^2, std=5.8605998431153043e-02 E_h, ewmean=-14.6670700243358958 E_h, ewvar=1.6025719895973199e-06 E_h^2, ewstd=1.2659273239792716e-03 E_h, pmove=0.53725586
I0513 04:36:58.761582 134251878557504 train.py:1104] Step 00056000: energy=-14.6671609525359159 E_h, variance=9.9196316540053567e-03 E_h^2, std=9.9597347625352745e-02 E_h, ewmean=-14.6670855859292768 E_h, ewvar=2.0659830740273820e-06 E_h^2, ewstd=1.4373528008207943e-03 E_h, pmove=0.53642578
I0513 04:55:36.068060 134251878557504 train.py:1104] Step 00057000: energy=-14.6678571681608680 E_h, variance=3.3927697709050233e-03 E_h^2, std=5.8247487249709094e-02 E_h, ewmean=-14.6673184970358115 E_h, ewvar=1.3950076566509493e-06 E_h^2, ewstd=1.1811044224161339e-03 E_h, pmove=0.53864746
I0513 05:14:13.389375 134251878557504 train.py:1104] Step 00058000: energy=-14.6674626416531755 E_h, variance=2.2444186654383448e-03 E_h^2, std=4.7375295940377454e-02 E_h, ewmean=-14.6671024886572781 E_h, ewvar=1.1813737834816965e-06 E_h^2, ewstd=1.0869102002841341e-03 E_h, pmove=0.53513184
I0513 05:32:50.699881 134251878557504 train.py:1104] Step 00059000: energy=-14.6685793702178486 E_h, variance=4.3794300329977037e-03 E_h^2, std=6.6177262205365545e-02 E_h, ewmean=-14.6676772393038632 E_h, ewvar=9.7813811258873531e-07 E_h^2, ewstd=9.8900865142259272e-04 E_h, pmove=0.53813477
I0513 05:33:40.977418 134251878557504 checkpoint.py:124] Saving checkpoint /home/sjtu/PyQMC/Ferminet/checkpoints_ferminet_x64_atoms/Be_singlet/qmcjax_ckpt_059045.npz
I0513 05:51:26.998539 134251878557504 train.py:1049] Timing step 00060000: block_iters=10000, block_time=11173.479002 s, sec/iter=1.1173479002, iter/s=0.894976, elapsed=67071.883788 s
I0513 05:51:28.118209 134251878557504 train.py:1104] Step 00060000: energy=-14.6666616522233717 E_h, variance=5.4495617112331769e-03 E_h^2, std=7.3821146775386634e-02 E_h, ewmean=-14.6676974257508608 E_h, ewvar=1.1782208905110391e-06 E_h^2, ewstd=1.0854588386995793e-03 E_h, pmove=0.53630371
I0513 06:10:05.475018 134251878557504 train.py:1104] Step 00061000: energy=-14.6692951017648987 E_h, variance=1.5709459375110962e-02 E_h^2, std=1.2533738219346596e-01 E_h, ewmean=-14.6682486561134517 E_h, ewvar=1.9052834785218271e-06 E_h^2, ewstd=1.3803200637974612e-03 E_h, pmove=0.53608398
I0513 06:28:42.813396 134251878557504 train.py:1104] Step 00062000: energy=-14.6668240468456776 E_h, variance=4.4331457739033575e-03 E_h^2, std=6.6581872712498533e-02 E_h, ewmean=-14.6671250591092512 E_h, ewvar=2.6368641488965510e-06 E_h^2, ewstd=1.6238424027277250e-03 E_h, pmove=0.53105469
I0513 06:47:20.165632 134251878557504 train.py:1104] Step 00063000: energy=-14.6673682313167717 E_h, variance=9.9282556825034726e-03 E_h^2, std=9.9640632688193384e-02 E_h, ewmean=-14.6679401896457211 E_h, ewvar=1.8591933380987527e-06 E_h^2, ewstd=1.3635224010256498e-03 E_h, pmove=0.53776855
I0513 07:05:57.515771 134251878557504 train.py:1104] Step 00064000: energy=-14.6677536115489282 E_h, variance=3.4246768793964526e-03 E_h^2, std=5.8520738882864874e-02 E_h, ewmean=-14.6674669426076392 E_h, ewvar=8.7355137370583064e-07 E_h^2, ewstd=9.3463970261584259e-04 E_h, pmove=0.52998047
I0513 07:13:41.209564 134251878557504 checkpoint.py:124] Saving checkpoint /home/sjtu/PyQMC/Ferminet/checkpoints_ferminet_x64_atoms/Be_singlet/qmcjax_ckpt_064415.npz
I0513 07:24:34.922890 134251878557504 train.py:1104] Step 00065000: energy=-14.6674528885293682 E_h, variance=2.7658800552440872e-03 E_h^2, std=5.2591634840952486e-02 E_h, ewmean=-14.6671640163965957 E_h, ewvar=1.1736191788567069e-06 E_h^2, ewstd=1.0833370569018246e-03 E_h, pmove=0.53308105
I0513 07:43:12.216692 134251878557504 train.py:1104] Step 00066000: energy=-14.6680821213331818 E_h, variance=1.7890822316295094e-03 E_h^2, std=4.2297544037798569e-02 E_h, ewmean=-14.6674029182032282 E_h, ewvar=1.1767181814501776e-06 E_h^2, ewstd=1.0847664179214700e-03 E_h, pmove=0.53127441
I0513 08:01:49.528018 134251878557504 train.py:1104] Step 00067000: energy=-14.6683180966650433 E_h, variance=4.6965429528369480e-03 E_h^2, std=6.8531328258227622e-02 E_h, ewmean=-14.6673330984614836 E_h, ewvar=1.7126765298748070e-06 E_h^2, ewstd=1.3086926796902346e-03 E_h, pmove=0.53654785
I0513 08:20:26.817293 134251878557504 train.py:1104] Step 00068000: energy=-14.6684179189703539 E_h, variance=2.1328495626477257e-03 E_h^2, std=4.6182784266950883e-02 E_h, ewmean=-14.6671751127013046 E_h, ewvar=1.9091545517377160e-06 E_h^2, ewstd=1.3817215898066137e-03 E_h, pmove=0.53481445
I0513 08:39:04.148600 134251878557504 train.py:1104] Step 00069000: energy=-14.6679844927246066 E_h, variance=4.3225367011680447e-03 E_h^2, std=6.5746001408207674e-02 E_h, ewmean=-14.6675216090600120 E_h, ewvar=1.4437562940736132e-06 E_h^2, ewstd=1.2015641031895108e-03 E_h, pmove=0.53352051
I0513 08:53:42.387072 134251878557504 checkpoint.py:124] Saving checkpoint /home/sjtu/PyQMC/Ferminet/checkpoints_ferminet_x64_atoms/Be_singlet/qmcjax_ckpt_069786.npz
I0513 08:57:40.470180 134251878557504 train.py:1049] Timing step 00070000: block_iters=10000, block_time=11173.471647 s, sec/iter=1.1173471647, iter/s=0.894977, elapsed=78245.355435 s
I0513 08:57:41.589588 134251878557504 train.py:1104] Step 00070000: energy=-14.6676249043572806 E_h, variance=6.0903244122286222e-03 E_h^2, std=7.8040530573725744e-02 E_h, ewmean=-14.6672215077627950 E_h, ewvar=1.6468663200443681e-06 E_h^2, ewstd=1.2833028948944080e-03 E_h, pmove=0.53293457
I0513 09:16:18.971859 134251878557504 train.py:1104] Step 00071000: energy=-14.6645835265812536 E_h, variance=9.1631318666299186e-03 E_h^2, std=9.5724249104549880e-02 E_h, ewmean=-14.6668958154564493 E_h, ewvar=1.6225043084353657e-06 E_h^2, ewstd=1.2737756114933924e-03 E_h, pmove=0.53544922
I0513 09:34:56.458473 134251878557504 train.py:1104] Step 00072000: energy=-14.6664963553429590 E_h, variance=3.9416519643288121e-03 E_h^2, std=6.2782576916918700e-02 E_h, ewmean=-14.6670584753229836 E_h, ewvar=1.9628842817559883e-06 E_h^2, ewstd=1.4010297219388275e-03 E_h, pmove=0.53596191
I0513 09:53:34.647622 134251878557504 train.py:1104] Step 00073000: energy=-14.6667069884967614 E_h, variance=4.8160088018673643e-03 E_h^2, std=6.9397469707960999e-02 E_h, ewmean=-14.6672639441974155 E_h, ewvar=1.1390962085614675e-06 E_h^2, ewstd=1.0672845021649417e-03 E_h, pmove=0.53271484
I0513 10:12:12.312878 134251878557504 train.py:1104] Step 00074000: energy=-14.6692433922664733 E_h, variance=1.2372067088102887e-02 E_h^2, std=1.1122979406662087e-01 E_h, ewmean=-14.6679100461784699 E_h, ewvar=9.8972186829853565e-07 E_h^2, ewstd=9.9484766084990896e-04 E_h, pmove=0.53127441
I0513 10:30:49.651524 134251878557504 train.py:1104] Step 00075000: energy=-14.6669443547633804 E_h, variance=7.0477112319821773e-03 E_h^2, std=8.3950647597157799e-02 E_h, ewmean=-14.6674510116950625 E_h, ewvar=1.2892139435757968e-06 E_h^2, ewstd=1.1354355743835916e-03 E_h, pmove=0.53044434
I0513 10:33:43.441001 134251878557504 checkpoint.py:124] Saving checkpoint /home/sjtu/PyQMC/Ferminet/checkpoints_ferminet_x64_atoms/Be_singlet/qmcjax_ckpt_075154.npz
I0513 10:49:28.885625 134251878557504 train.py:1104] Step 00076000: energy=-14.6674101238988026 E_h, variance=2.3894933592911731e-03 E_h^2, std=4.8882444285153877e-02 E_h, ewmean=-14.6671841317347660 E_h, ewvar=1.6075050159797064e-06 E_h^2, ewstd=1.2678742114183514e-03 E_h, pmove=0.53588867
I0513 11:08:08.036281 134251878557504 train.py:1104] Step 00077000: energy=-14.6699904574797877 E_h, variance=2.6045045903754793e-02 E_h^2, std=1.6138477593551007e-01 E_h, ewmean=-14.6677458989962819 E_h, ewvar=1.5670583119121815e-06 E_h^2, ewstd=1.2518219968957972e-03 E_h, pmove=0.54101562
I0513 11:26:47.184917 134251878557504 train.py:1104] Step 00078000: energy=-14.6652282098854840 E_h, variance=1.7157584080918858e-02 E_h^2, std=1.3098696149204644e-01 E_h, ewmean=-14.6668296932162239 E_h, ewvar=1.5961318989582771e-06 E_h^2, ewstd=1.2633811376454363e-03 E_h, pmove=0.53378906
I0513 11:45:24.671201 134251878557504 train.py:1104] Step 00079000: energy=-14.6653441578964063 E_h, variance=7.5109952260378077e-03 E_h^2, std=8.6665998096357305e-02 E_h, ewmean=-14.6668301354452222 E_h, ewvar=1.2283043521834147e-06 E_h^2, ewstd=1.1082889299200884e-03 E_h, pmove=0.53627930
I0513 12:04:00.994347 134251878557504 train.py:1049] Timing step 00080000: block_iters=10000, block_time=11180.524161 s, sec/iter=1.1180524161, iter/s=0.894412, elapsed=89425.879596 s
I0513 12:04:02.113767 134251878557504 train.py:1104] Step 00080000: energy=-14.6669427727855997 E_h, variance=7.1663019448160396e-03 E_h^2, std=8.4654013164267877e-02 E_h, ewmean=-14.6679155806880246 E_h, ewvar=1.7031625060895778e-06 E_h^2, ewstd=1.3050526832620887e-03 E_h, pmove=0.53500977
I0513 12:13:44.290076 134251878557504 checkpoint.py:124] Saving checkpoint /home/sjtu/PyQMC/Ferminet/checkpoints_ferminet_x64_atoms/Be_singlet/qmcjax_ckpt_080521.npz
I0513 12:22:39.634147 134251878557504 train.py:1104] Step 00081000: energy=-14.6672417636909067 E_h, variance=2.2488102226236460e-03 E_h^2, std=4.7421621889425565e-02 E_h, ewmean=-14.6674866390984064 E_h, ewvar=1.2546267078052406e-06 E_h^2, ewstd=1.1201012042691681e-03 E_h, pmove=0.53342285
I0513 12:41:17.063606 134251878557504 train.py:1104] Step 00082000: energy=-14.6690199394012240 E_h, variance=1.1172325416525970e-02 E_h^2, std=1.0569922145657445e-01 E_h, ewmean=-14.6675060679836484 E_h, ewvar=2.2710167402414612e-06 E_h^2, ewstd=1.5069892966578964e-03 E_h, pmove=0.53376465
I0513 12:59:54.596139 134251878557504 train.py:1104] Step 00083000: energy=-14.6666000092119244 E_h, variance=6.6168210118903907e-03 E_h^2, std=8.1343844339263865e-02 E_h, ewmean=-14.6672276344405503 E_h, ewvar=1.3071155703175913e-06 E_h^2, ewstd=1.1432915508817474e-03 E_h, pmove=0.53488770
I0513 13:18:32.098248 134251878557504 train.py:1104] Step 00084000: energy=-14.6687996066936091 E_h, variance=2.3146168861147244e-03 E_h^2, std=4.8110465453108271e-02 E_h, ewmean=-14.6674801838893156 E_h, ewvar=1.3659160971341327e-06 E_h^2, ewstd=1.1687241321775351e-03 E_h, pmove=0.53447266
I0513 13:37:09.525976 134251878557504 train.py:1104] Step 00085000: energy=-14.6666295959995630 E_h, variance=3.2098809840372710e-03 E_h^2, std=5.6655811564545355e-02 E_h, ewmean=-14.6671213615622271 E_h, ewvar=5.2293628629167730e-07 E_h^2, ewstd=7.2314333730711874e-04 E_h, pmove=0.53684082
I0513 13:53:45.163153 134251878557504 checkpoint.py:124] Saving checkpoint /home/sjtu/PyQMC/Ferminet/checkpoints_ferminet_x64_atoms/Be_singlet/qmcjax_ckpt_085891.npz
I0513 13:55:47.058957 134251878557504 train.py:1104] Step 00086000: energy=-14.6685635162973593 E_h, variance=1.5503076749133068e-03 E_h^2, std=3.9373946651476366e-02 E_h, ewmean=-14.6673643195377554 E_h, ewvar=1.6439210344487086e-06 E_h^2, ewstd=1.2821548402781580e-03 E_h, pmove=0.53469238
I0513 14:14:24.521577 134251878557504 train.py:1104] Step 00087000: energy=-14.6659398474250722 E_h, variance=9.6209368191480637e-03 E_h^2, std=9.8086374278734886e-02 E_h, ewmean=-14.6669657729917926 E_h, ewvar=1.3959685306063374e-06 E_h^2, ewstd=1.1815111216600279e-03 E_h, pmove=0.53215332
I0513 14:33:01.951468 134251878557504 train.py:1104] Step 00088000: energy=-14.6686000453625311 E_h, variance=3.8714989974898478e-03 E_h^2, std=6.2221370906545025e-02 E_h, ewmean=-14.6672345854935031 E_h, ewvar=1.5032533531567277e-06 E_h^2, ewstd=1.2260723278651744e-03 E_h, pmove=0.53562012
I0513 14:51:46.286949 134251878557504 train.py:1104] Step 00089000: energy=-14.6676429289673109 E_h, variance=3.3399796280763044e-03 E_h^2, std=5.7792556857058197e-02 E_h, ewmean=-14.6672170465300979 E_h, ewvar=2.5150971473922849e-06 E_h^2, ewstd=1.5859057813729935e-03 E_h, pmove=0.53278809
I0513 15:10:26.064641 134251878557504 train.py:1049] Timing step 00090000: block_iters=10000, block_time=11185.070291 s, sec/iter=1.1185070291, iter/s=0.894049, elapsed=100610.949887 s
I0513 15:10:27.184206 134251878557504 train.py:1104] Step 00090000: energy=-14.6653605169783301 E_h, variance=1.1684297800744552e-02 E_h^2, std=1.0809393045284528e-01 E_h, ewmean=-14.6670399634048447 E_h, ewvar=2.0280324385526238e-06 E_h^2, ewstd=1.4240900387800710e-03 E_h, pmove=0.53391113
I0513 15:29:04.584386 134251878557504 train.py:1104] Step 00091000: energy=-14.6662990721743860 E_h, variance=3.1569306129755992e-03 E_h^2, std=5.6186569685073309e-02 E_h, ewmean=-14.6673564406781516 E_h, ewvar=1.0216076844637597e-06 E_h^2, ewstd=1.0107461028684502e-03 E_h, pmove=0.53366699
I0513 15:33:45.805721 134251878557504 checkpoint.py:124] Saving checkpoint /home/sjtu/PyQMC/Ferminet/checkpoints_ferminet_x64_atoms/Be_singlet/qmcjax_ckpt_091247.npz
I0513 15:47:55.995278 134251878557504 train.py:1104] Step 00092000: energy=-14.6685893773278089 E_h, variance=1.0004900475456279e-02 E_h^2, std=1.0002449937618423e-01 E_h, ewmean=-14.6674245292818242 E_h, ewvar=3.7268762028780489e-06 E_h^2, ewstd=1.9305119017706284e-03 E_h, pmove=0.53483887
I0513 16:06:44.576167 134251878557504 train.py:1104] Step 00093000: energy=-14.6671576176523040 E_h, variance=5.1232125640069560e-03 E_h^2, std=7.1576620233194554e-02 E_h, ewmean=-14.6677948763388279 E_h, ewvar=6.7876307028102567e-07 E_h^2, ewstd=8.2387078494204765e-04 E_h, pmove=0.52966309
I0513 16:25:29.179091 134251878557504 train.py:1104] Step 00094000: energy=-14.6686739456465922 E_h, variance=1.7158205801695036e-03 E_h^2, std=4.1422464680044131e-02 E_h, ewmean=-14.6672650888292395 E_h, ewvar=1.8437927780191634e-06 E_h^2, ewstd=1.3578633134521175e-03 E_h, pmove=0.53544922
I0513 16:44:06.739745 134251878557504 train.py:1104] Step 00095000: energy=-14.6683141263300989 E_h, variance=2.7339733962304350e-03 E_h^2, std=5.2287411450849572e-02 E_h, ewmean=-14.6677125247187288 E_h, ewvar=1.4960227314512758e-06 E_h^2, ewstd=1.2231200805527132e-03 E_h, pmove=0.53217773
I0513 17:02:45.994156 134251878557504 train.py:1104] Step 00096000: energy=-14.6693674179774760 E_h, variance=4.8836401481297947e-03 E_h^2, std=6.9883046213869315e-02 E_h, ewmean=-14.6668913549403150 E_h, ewvar=4.2309613565728973e-06 E_h^2, ewstd=2.0569300806232808e-03 E_h, pmove=0.53513184
I0513 17:13:46.483368 134251878557504 checkpoint.py:124] Saving checkpoint /home/sjtu/PyQMC/Ferminet/checkpoints_ferminet_x64_atoms/Be_singlet/qmcjax_ckpt_096591.npz
I0513 17:21:23.675407 134251878557504 train.py:1104] Step 00097000: energy=-14.6656301736142005 E_h, variance=3.2983604238750540e-02 E_h^2, std=1.8161388779151924e-01 E_h, ewmean=-14.6674104691394440 E_h, ewvar=2.3074013762858377e-06 E_h^2, ewstd=1.5190132903585268e-03 E_h, pmove=0.53674316
I0513 17:40:01.154804 134251878557504 train.py:1104] Step 00098000: energy=-14.6695022762022358 E_h, variance=7.3868953789536628e-03 E_h^2, std=8.5947049856022764e-02 E_h, ewmean=-14.6673817977625394 E_h, ewvar=2.9599180799846456e-06 E_h^2, ewstd=1.7204412457229236e-03 E_h, pmove=0.53491211
I0513 17:58:38.703118 134251878557504 train.py:1104] Step 00099000: energy=-14.6675944169068657 E_h, variance=2.5166234557722775e-03 E_h^2, std=5.0165959133383245e-02 E_h, ewmean=-14.6672627333208041 E_h, ewvar=1.6287138700262376e-06 E_h^2, ewstd=1.2762107467131898e-03 E_h, pmove=0.53347168
I0513 18:17:15.128093 134251878557504 train.py:1049] Timing step 00100000: block_iters=10000, block_time=11209.063452 s, sec/iter=1.1209063452, iter/s=0.892135, elapsed=111820.013338 s
I0513 18:17:16.248002 134251878557504 train.py:1104] Step 00100000: energy=-14.6676737330192939 E_h, variance=2.4771195495948929e-03 E_h^2, std=4.9770669571494543e-02 E_h, ewmean=-14.6673079133368347 E_h, ewvar=1.6022246656841871e-06 E_h^2, ewstd=1.2657901349292413e-03 E_h, pmove=0.53281250
I0513 18:35:53.707297 134251878557504 train.py:1104] Step 00101000: energy=-14.6671615793406858 E_h, variance=3.1447005675538536e-03 E_h^2, std=5.6077629831813094e-02 E_h, ewmean=-14.6671273865454204 E_h, ewvar=1.3162185489284779e-06 E_h^2, ewstd=1.1472656836707346e-03 E_h, pmove=0.53740234
I0513 18:53:47.568912 134251878557504 checkpoint.py:124] Saving checkpoint /home/sjtu/PyQMC/Ferminet/checkpoints_ferminet_x64_atoms/Be_singlet/qmcjax_ckpt_101961.npz
I0513 18:54:31.225503 134251878557504 train.py:1104] Step 00102000: energy=-14.6685160564710717 E_h, variance=3.9684588560882821e-03 E_h^2, std=6.2995705060649027e-02 E_h, ewmean=-14.6677914568345464 E_h, ewvar=1.4693109555167230e-06 E_h^2, ewstd=1.2121513748359662e-03 E_h, pmove=0.52690430
I0513 19:13:08.578278 134251878557504 train.py:1104] Step 00103000: energy=-14.6680695601013831 E_h, variance=2.9555448395648374e-03 E_h^2, std=5.4364922878312238e-02 E_h, ewmean=-14.6673432254071763 E_h, ewvar=1.1538992756972158e-06 E_h^2, ewstd=1.0741970376505494e-03 E_h, pmove=0.53195801
I0513 19:31:45.923994 134251878557504 train.py:1104] Step 00104000: energy=-14.6675793569697959 E_h, variance=1.1912660434167184e-03 E_h^2, std=3.4514722125735253e-02 E_h, ewmean=-14.6676340701494983 E_h, ewvar=1.4062746518089148e-06 E_h^2, ewstd=1.1858645166328719e-03 E_h, pmove=0.53366699
I0513 19:50:23.304652 134251878557504 train.py:1104] Step 00105000: energy=-14.6649932264088712 E_h, variance=9.0481677399017399e-03 E_h^2, std=9.5121857319449665e-02 E_h, ewmean=-14.6667198350058801 E_h, ewvar=2.5099639342036838e-06 E_h^2, ewstd=1.5842865694702091e-03 E_h, pmove=0.53229980
I0513 20:09:00.915253 134251878557504 train.py:1104] Step 00106000: energy=-14.6666677457424122 E_h, variance=4.7041835185825578e-03 E_h^2, std=6.8587050662516150e-02 E_h, ewmean=-14.6667075509604210 E_h, ewvar=2.5183131820439803e-06 E_h^2, ewstd=1.5869193999834964e-03 E_h, pmove=0.53547363
I0513 20:27:38.528063 134251878557504 train.py:1104] Step 00107000: energy=-14.6676820311678018 E_h, variance=4.5221870351381688e-03 E_h^2, std=6.7247208381747484e-02 E_h, ewmean=-14.6671388592290732 E_h, ewvar=9.1848376065126694e-07 E_h^2, ewstd=9.5837558433594652e-04 E_h, pmove=0.53015137
I0513 20:33:48.413782 134251878557504 checkpoint.py:124] Saving checkpoint /home/sjtu/PyQMC/Ferminet/checkpoints_ferminet_x64_atoms/Be_singlet/qmcjax_ckpt_107331.npz
I0513 20:46:16.297047 134251878557504 train.py:1104] Step 00108000: energy=-14.6676186498126953 E_h, variance=1.8990409904452992e-03 E_h^2, std=4.3577987452902173e-02 E_h, ewmean=-14.6672860720864584 E_h, ewvar=1.6283795994955350e-06 E_h^2, ewstd=1.2760797778726591e-03 E_h, pmove=0.53625488
I0513 21:04:54.074240 134251878557504 train.py:1104] Step 00109000: energy=-14.6690038013822459 E_h, variance=1.4261058137668921e-02 E_h^2, std=1.1941967232273300e-01 E_h, ewmean=-14.6675442684175028 E_h, ewvar=2.3791367279239208e-06 E_h^2, ewstd=1.5424450485913334e-03 E_h, pmove=0.53132324
I0513 21:23:30.788040 134251878557504 train.py:1049] Timing step 00110000: block_iters=10000, block_time=11175.659946 s, sec/iter=1.1175659946, iter/s=0.894802, elapsed=122995.673284 s
I0513 21:23:31.908086 134251878557504 train.py:1104] Step 00110000: energy=-14.6674539211924930 E_h, variance=2.0791914826044583e-03 E_h^2, std=4.5598152184101258e-02 E_h, ewmean=-14.6669605020098039 E_h, ewvar=1.6796770048374094e-06 E_h^2, ewstd=1.2960235356031962e-03 E_h, pmove=0.53151855
I0513 21:42:09.526647 134251878557504 train.py:1104] Step 00111000: energy=-14.6669439481810020 E_h, variance=2.4488555865305284e-03 E_h^2, std=4.9485913010982513e-02 E_h, ewmean=-14.6666646324769907 E_h, ewvar=5.1382840642760466e-06 E_h^2, ewstd=2.2667783447606971e-03 E_h, pmove=0.53530273
I0513 22:00:47.080754 134251878557504 train.py:1104] Step 00112000: energy=-14.6668115058316850 E_h, variance=3.4375447900378709e-03 E_h^2, std=5.8630578967275013e-02 E_h, ewmean=-14.6670745273466334 E_h, ewvar=1.7383389623100814e-06 E_h^2, ewstd=1.3184608307834106e-03 E_h, pmove=0.53730469
I0513 22:13:49.346693 134251878557504 checkpoint.py:124] Saving checkpoint /home/sjtu/PyQMC/Ferminet/checkpoints_ferminet_x64_atoms/Be_singlet/qmcjax_ckpt_112700.npz
I0513 22:19:24.744341 134251878557504 train.py:1104] Step 00113000: energy=-14.6633042999636238 E_h, variance=2.3768493295023438e-02 E_h^2, std=1.5417033857076218e-01 E_h, ewmean=-14.6666931393748889 E_h, ewvar=1.7787488369092345e-06 E_h^2, ewstd=1.3336974307950190e-03 E_h, pmove=0.53176270
I0513 22:38:02.224249 134251878557504 train.py:1104] Step 00114000: energy=-14.6684568589824842 E_h, variance=2.5058152133844869e-03 E_h^2, std=5.0058118356411350e-02 E_h, ewmean=-14.6666991199823986 E_h, ewvar=6.7502115342521904e-06 E_h^2, ewstd=2.5981169208201911e-03 E_h, pmove=0.53100586
I0513 22:56:39.731355 134251878557504 train.py:1104] Step 00115000: energy=-14.6673386787990108 E_h, variance=4.8709938336899995e-03 E_h^2, std=6.9792505569652677e-02 E_h, ewmean=-14.6672093608557805 E_h, ewvar=1.7009395419503926e-06 E_h^2, ewstd=1.3042007291634186e-03 E_h, pmove=0.53215332
I0513 23:15:17.116993 134251878557504 train.py:1104] Step 00116000: energy=-14.6675837692863524 E_h, variance=1.3945288821642947e-03 E_h^2, std=3.7343391412193602e-02 E_h, ewmean=-14.6669495713418030 E_h, ewvar=2.4268671943879604e-06 E_h^2, ewstd=1.5578405548668838e-03 E_h, pmove=0.53603516
I0513 23:33:54.537325 134251878557504 train.py:1104] Step 00117000: energy=-14.6683034671684283 E_h, variance=4.6807918257122808e-03 E_h^2, std=6.8416312570265592e-02 E_h, ewmean=-14.6676798351314481 E_h, ewvar=1.0079351027289620e-06 E_h^2, ewstd=1.0039597117060834e-03 E_h, pmove=0.53078613
I0513 23:52:32.000235 134251878557504 train.py:1104] Step 00118000: energy=-14.6669017511586794 E_h, variance=6.1602199651967209e-03 E_h^2, std=7.8487068776943891e-02 E_h, ewmean=-14.6672653228061929 E_h, ewvar=2.1540315048747559e-06 E_h^2, ewstd=1.4676619177708319e-03 E_h, pmove=0.52983398
I0513 23:53:50.218459 134251878557504 checkpoint.py:124] Saving checkpoint /home/sjtu/PyQMC/Ferminet/checkpoints_ferminet_x64_atoms/Be_singlet/qmcjax_ckpt_118070.npz
I0514 00:11:11.195506 134251878557504 train.py:1104] Step 00119000: energy=-14.6663767472190756 E_h, variance=8.6510435028163447e-03 E_h^2, std=9.3010985925407463e-02 E_h, ewmean=-14.6675277797186059 E_h, ewvar=1.5336439036168443e-06 E_h^2, ewstd=1.2384037724493754e-03 E_h, pmove=0.53386230
I0514 00:29:49.263740 134251878557504 train.py:1049] Timing step 00120000: block_iters=10000, block_time=11178.475666 s, sec/iter=1.1178475666, iter/s=0.894576, elapsed=134174.148949 s
I0514 00:29:50.383512 134251878557504 train.py:1104] Step 00120000: energy=-14.6681354876902184 E_h, variance=2.3132346700315788e-03 E_h^2, std=4.8096098282829333e-02 E_h, ewmean=-14.6675082423965364 E_h, ewvar=1.4552043675438054e-06 E_h^2, ewstd=1.2063185182793993e-03 E_h, pmove=0.53393555
I0514 00:48:27.874414 134251878557504 train.py:1104] Step 00121000: energy=-14.6692710484377979 E_h, variance=3.0211475911923417e-03 E_h^2, std=5.4964966944339569e-02 E_h, ewmean=-14.6670726493110006 E_h, ewvar=2.4256108340626680e-06 E_h^2, ewstd=1.5574372648882741e-03 E_h, pmove=0.53452148
I0514 01:07:05.367908 134251878557504 train.py:1104] Step 00122000: energy=-14.6677587603369233 E_h, variance=1.3878582620934533e-03 E_h^2, std=3.7253969749456946e-02 E_h, ewmean=-14.6670015655969426 E_h, ewvar=1.3378903609898466e-06 E_h^2, ewstd=1.1566721060827249e-03 E_h, pmove=0.54006348
I0514 01:25:42.890044 134251878557504 train.py:1104] Step 00123000: energy=-14.6684593739605109 E_h, variance=5.0983037978571876e-03 E_h^2, std=7.1402407507430640e-02 E_h, ewmean=-14.6674966162230653 E_h, ewvar=1.7371475572711178e-06 E_h^2, ewstd=1.3180089367189883e-03 E_h, pmove=0.53427734
I0514 01:33:51.224531 134251878557504 checkpoint.py:124] Saving checkpoint /home/sjtu/PyQMC/Ferminet/checkpoints_ferminet_x64_atoms/Be_singlet/qmcjax_ckpt_123437.npz
I0514 01:44:20.459465 134251878557504 train.py:1104] Step 00124000: energy=-14.6678974831467048 E_h, variance=4.1837783674828297e-03 E_h^2, std=6.4682133294154967e-02 E_h, ewmean=-14.6674766786508268 E_h, ewvar=7.2413287976358615e-07 E_h^2, ewstd=8.5095997541810749e-04 E_h, pmove=0.53549805
I0514 02:02:57.969698 134251878557504 train.py:1104] Step 00125000: energy=-14.6668625492712064 E_h, variance=3.7840855591163722e-02 E_h^2, std=1.9452726181994059e-01 E_h, ewmean=-14.6676478706083184 E_h, ewvar=1.0396405942674441e-06 E_h^2, ewstd=1.0196276743338444e-03 E_h, pmove=0.53078613
I0514 02:21:37.128314 134251878557504 train.py:1104] Step 00126000: energy=-14.6675179943409972 E_h, variance=1.3520956445110274e-02 E_h^2, std=1.1627964759625940e-01 E_h, ewmean=-14.6673950637267261 E_h, ewvar=1.1464117055658057e-06 E_h^2, ewstd=1.0707061714428500e-03 E_h, pmove=0.53190918
I0514 02:40:14.546077 134251878557504 train.py:1104] Step 00127000: energy=-14.6673236250041885 E_h, variance=5.8012474285723519e-03 E_h^2, std=7.6165920388139158e-02 E_h, ewmean=-14.6672243393559008 E_h, ewvar=3.4808165387448484e-06 E_h^2, ewstd=1.8656946531372298e-03 E_h, pmove=0.53828125
I0514 02:58:51.870156 134251878557504 train.py:1104] Step 00128000: energy=-14.6651219193457898 E_h, variance=1.8171596861942411e-02 E_h^2, std=1.3480206549583137e-01 E_h, ewmean=-14.6672568909051186 E_h, ewvar=2.0836388394479464e-06 E_h^2, ewstd=1.4434814995170344e-03 E_h, pmove=0.52961426
I0514 03:13:51.355658 134251878557504 checkpoint.py:124] Saving checkpoint /home/sjtu/PyQMC/Ferminet/checkpoints_ferminet_x64_atoms/Be_singlet/qmcjax_ckpt_128805.npz
I0514 03:17:29.340347 134251878557504 train.py:1104] Step 00129000: energy=-14.6691899133362647 E_h, variance=1.6108672147628724e-03 E_h^2, std=4.0135610307591843e-02 E_h, ewmean=-14.6673640601367179 E_h, ewvar=2.6984661802541965e-06 E_h^2, ewstd=1.6427008797264937e-03 E_h, pmove=0.53513184
I0514 03:36:05.554520 134251878557504 train.py:1049] Timing step 00130000: block_iters=10000, block_time=11176.290813 s, sec/iter=1.1176290813, iter/s=0.894751, elapsed=145350.439763 s
I0514 03:36:06.674184 134251878557504 train.py:1104] Step 00130000: energy=-14.6684868050468982 E_h, variance=2.9938086735048376e-03 E_h^2, std=5.4715707740143851e-02 E_h, ewmean=-14.6675877946059270 E_h, ewvar=6.8063360408148915e-07 E_h^2, ewstd=8.2500521457836199e-04 E_h, pmove=0.52778320
I0514 03:54:44.017241 134251878557504 train.py:1104] Step 00131000: energy=-14.6690580219153048 E_h, variance=6.0318977591282538e-03 E_h^2, std=7.7665293143902150e-02 E_h, ewmean=-14.6675623384336813 E_h, ewvar=3.7015469554404311e-06 E_h^2, ewstd=1.9239404760647953e-03 E_h, pmove=0.53686523
I0514 04:13:21.366478 134251878557504 train.py:1104] Step 00132000: energy=-14.6671658086068408 E_h, variance=4.7060731383251429e-03 E_h^2, std=6.8600824618404860e-02 E_h, ewmean=-14.6664679171539749 E_h, ewvar=7.6222100439028090e-06 E_h^2, ewstd=2.7608350265640302e-03 E_h, pmove=0.53056641
I0514 04:31:58.741322 134251878557504 train.py:1104] Step 00133000: energy=-14.6656099968070031 E_h, variance=1.4347430642810242e-02 E_h^2, std=1.1978076073731642e-01 E_h, ewmean=-14.6667970331914788 E_h, ewvar=1.7574320208419328e-06 E_h^2, ewstd=1.3256817192833024e-03 E_h, pmove=0.53085938
I0514 04:50:36.108865 134251878557504 train.py:1104] Step 00134000: energy=-14.6669849338273668 E_h, variance=3.3067961160086409e-03 E_h^2, std=5.7504748638774528e-02 E_h, ewmean=-14.6671339503457236 E_h, ewvar=2.3810723736878005e-06 E_h^2, ewstd=1.5430723812212442e-03 E_h, pmove=0.53452148
I0514 04:53:51.653853 134251878557504 checkpoint.py:124] Saving checkpoint /home/sjtu/PyQMC/Ferminet/checkpoints_ferminet_x64_atoms/Be_singlet/qmcjax_ckpt_134175.npz
I0514 05:09:13.573997 134251878557504 train.py:1104] Step 00135000: energy=-14.6669854885979269 E_h, variance=3.0686774265847902e-03 E_h^2, std=5.5395644473052126e-02 E_h, ewmean=-14.6671998760484659 E_h, ewvar=1.2653606969796026e-06 E_h^2, ewstd=1.1248825258575238e-03 E_h, pmove=0.53674316
I0514 05:27:50.955940 134251878557504 train.py:1104] Step 00136000: energy=-14.6678323341679402 E_h, variance=3.1814847136541380e-03 E_h^2, std=5.6404651524977423e-02 E_h, ewmean=-14.6676599021375331 E_h, ewvar=9.9125361791095612e-07 E_h^2, ewstd=9.9561720450731263e-04 E_h, pmove=0.53081055
I0514 05:46:28.319634 134251878557504 train.py:1104] Step 00137000: energy=-14.6678763706226540 E_h, variance=1.9259195708256306e-03 E_h^2, std=4.3885300167887997e-02 E_h, ewmean=-14.6673280843225911 E_h, ewvar=5.2925680415548764e-06 E_h^2, ewstd=2.3005582021663517e-03 E_h, pmove=0.53356934
I0514 06:05:05.697023 134251878557504 train.py:1104] Step 00138000: energy=-14.6700924710618850 E_h, variance=9.6847327027772614e-03 E_h^2, std=9.8411039537123379e-02 E_h, ewmean=-14.6673176137863361 E_h, ewvar=3.3146947575394576e-06 E_h^2, ewstd=1.8206303187466306e-03 E_h, pmove=0.53491211
I0514 06:23:43.105129 134251878557504 train.py:1104] Step 00139000: energy=-14.6761321558157647 E_h, variance=2.4769893730811879e-01 E_h^2, std=4.9769361790977268e-01 E_h, ewmean=-14.6682898358621081 E_h, ewvar=9.3575606906383108e-06 E_h^2, ewstd=3.0590130255751299e-03 E_h, pmove=0.53693848
I0514 06:33:52.093270 134251878557504 checkpoint.py:124] Saving checkpoint /home/sjtu/PyQMC/Ferminet/checkpoints_ferminet_x64_atoms/Be_singlet/qmcjax_ckpt_139545.npz
I0514 06:42:19.497829 134251878557504 train.py:1049] Timing step 00140000: block_iters=10000, block_time=11173.943296 s, sec/iter=1.1173943296, iter/s=0.894939, elapsed=156524.383059 s
I0514 06:42:20.617619 134251878557504 train.py:1104] Step 00140000: energy=-14.6674071458347708 E_h, variance=6.6432689487197103e-03 E_h^2, std=8.1506250979416980e-02 E_h, ewmean=-14.6675067378366109 E_h, ewvar=9.7371518997605515e-07 E_h^2, ewstd=9.8677007959101356e-04 E_h, pmove=0.52780762
I0514 07:00:58.052530 134251878557504 train.py:1104] Step 00141000: energy=-14.6676259770910118 E_h, variance=1.9762819215312002e-03 E_h^2, std=4.4455392491026327e-02 E_h, ewmean=-14.6678699695223127 E_h, ewvar=1.1652915936081885e-06 E_h^2, ewstd=1.0794867269254349e-03 E_h, pmove=0.53146973
I0514 07:19:35.511064 134251878557504 train.py:1104] Step 00142000: energy=-14.6679851548127012 E_h, variance=2.5996543134449990e-03 E_h^2, std=5.0986805287691825e-02 E_h, ewmean=-14.6669626096759362 E_h, ewvar=2.2102645465286771e-06 E_h^2, ewstd=1.4866958486955820e-03 E_h, pmove=0.53576660
I0514 07:38:12.887769 134251878557504 train.py:1104] Step 00143000: energy=-14.6661987366676296 E_h, variance=1.2276745382258956e-02 E_h^2, std=1.1080047555068956e-01 E_h, ewmean=-14.6670973666343318 E_h, ewvar=8.8068337223742749e-07 E_h^2, ewstd=9.3844731990529303e-04 E_h, pmove=0.53041992
I0514 07:56:50.283165 134251878557504 train.py:1104] Step 00144000: energy=-14.6671032909295782 E_h, variance=3.7434465793549244e-03 E_h^2, std=6.1183711716068061e-02 E_h, ewmean=-14.6673836401177375 E_h, ewvar=1.2920595256431004e-06 E_h^2, ewstd=1.1366879631821128e-03 E_h, pmove=0.53505859
I0514 08:13:52.699073 134251878557504 checkpoint.py:124] Saving checkpoint /home/sjtu/PyQMC/Ferminet/checkpoints_ferminet_x64_atoms/Be_singlet/qmcjax_ckpt_144915.npz
I0514 08:15:27.755433 134251878557504 train.py:1104] Step 00145000: energy=-14.6669281450585132 E_h, variance=9.3528383036176541e-03 E_h^2, std=9.6710073434041269e-02 E_h, ewmean=-14.6671881161435120 E_h, ewvar=1.1126691679284995e-06 E_h^2, ewstd=1.0548313457271260e-03 E_h, pmove=0.53542480
I0514 08:34:05.120630 134251878557504 train.py:1104] Step 00146000: energy=-14.6679549814316186 E_h, variance=1.5457785057883620e-03 E_h^2, std=3.9316389785792411e-02 E_h, ewmean=-14.6672936865749968 E_h, ewvar=2.0249121571815783e-06 E_h^2, ewstd=1.4229940819207852e-03 E_h, pmove=0.53186035
I0514 08:52:42.535013 134251878557504 train.py:1104] Step 00147000: energy=-14.6652019185923557 E_h, variance=1.0915522779586510e-02 E_h^2, std=1.0447737927219705e-01 E_h, ewmean=-14.6668888560851265 E_h, ewvar=1.1523208730220008e-06 E_h^2, ewstd=1.0734620966862318e-03 E_h, pmove=0.53823242
I0514 09:11:19.932107 134251878557504 train.py:1104] Step 00148000: energy=-14.6673465623799935 E_h, variance=1.6634675452569159e-03 E_h^2, std=4.0785629151171808e-02 E_h, ewmean=-14.6673977748710431 E_h, ewvar=7.6247448156798300e-07 E_h^2, ewstd=8.7319784789472712e-04 E_h, pmove=0.53200684
I0514 09:29:57.267080 134251878557504 train.py:1104] Step 00149000: energy=-14.6681275455426459 E_h, variance=6.0064956431934357e-03 E_h^2, std=7.7501584778592980e-02 E_h, ewmean=-14.6672467484975897 E_h, ewvar=1.1313816717715011e-06 E_h^2, ewstd=1.0636642664729793e-03 E_h, pmove=0.53361816
I0514 09:48:33.539930 134251878557504 train.py:1049] Timing step 00150000: block_iters=10000, block_time=11174.042109 s, sec/iter=1.1174042109, iter/s=0.894931, elapsed=167698.425169 s
I0514 09:48:34.659712 134251878557504 train.py:1104] Step 00150000: energy=-14.6688456073463556 E_h, variance=6.5515638157591840e-03 E_h^2, std=8.0941730990627972e-02 E_h, ewmean=-14.6675356902828256 E_h, ewvar=1.2408238764720341e-06 E_h^2, ewstd=1.1139227425957484e-03 E_h, pmove=0.53376465
I0514 09:53:53.118428 134251878557504 checkpoint.py:124] Saving checkpoint /home/sjtu/PyQMC/Ferminet/checkpoints_ferminet_x64_atoms/Be_singlet/qmcjax_ckpt_150285.npz
I0514 10:07:12.163151 134251878557504 train.py:1104] Step 00151000: energy=-14.6678843347188739 E_h, variance=6.1550154750597543e-03 E_h^2, std=7.8453906690870115e-02 E_h, ewmean=-14.6676187368342070 E_h, ewvar=4.2243795780288661e-07 E_h^2, ewstd=6.4995227348081999e-04 E_h, pmove=0.53217773
I0514 10:25:49.640568 134251878557504 train.py:1104] Step 00152000: energy=-14.6662870162414283 E_h, variance=1.0186355454837943e-02 E_h^2, std=1.0092747621355615e-01 E_h, ewmean=-14.6671078065538421 E_h, ewvar=1.4491756534288389e-06 E_h^2, ewstd=1.2038171179331349e-03 E_h, pmove=0.53234863
I0514 10:44:27.145419 134251878557504 train.py:1104] Step 00153000: energy=-14.6676153019165909 E_h, variance=7.8997309979178774e-03 E_h^2, std=8.8880430905334151e-02 E_h, ewmean=-14.6676758378673853 E_h, ewvar=7.3479247594420230e-07 E_h^2, ewstd=8.5720037094264153e-04 E_h, pmove=0.53295898
I0514 11:03:04.578401 134251878557504 train.py:1104] Step 00154000: energy=-14.6656655822705915 E_h, variance=2.2405199173947793e-03 E_h^2, std=4.7334130576094660e-02 E_h, ewmean=-14.6673863019789810 E_h, ewvar=9.9547969249595395e-07 E_h^2, ewstd=9.9773728631135858e-04 E_h, pmove=0.53452148
I0514 11:21:42.146426 134251878557504 train.py:1104] Step 00155000: energy=-14.6673501457496229 E_h, variance=2.7446790691861627e-03 E_h^2, std=5.2389684759369975e-02 E_h, ewmean=-14.6670070741879162 E_h, ewvar=1.2511284877903388e-06 E_h^2, ewstd=1.1185385499795431e-03 E_h, pmove=0.52912598
I0514 11:33:54.167099 134251878557504 checkpoint.py:124] Saving checkpoint /home/sjtu/PyQMC/Ferminet/checkpoints_ferminet_x64_atoms/Be_singlet/qmcjax_ckpt_155655.npz
I0514 11:40:19.863914 134251878557504 train.py:1104] Step 00156000: energy=-14.6687316217674173 E_h, variance=3.5452199578383647e-03 E_h^2, std=5.9541749704206413e-02 E_h, ewmean=-14.6676052646712289 E_h, ewvar=1.8136460379516056e-06 E_h^2, ewstd=1.3467167623340869e-03 E_h, pmove=0.53706055
I0514 11:58:57.266692 134251878557504 train.py:1104] Step 00157000: energy=-14.6683306216411395 E_h, variance=2.0356098324804247e-03 E_h^2, std=4.5117733015749194e-02 E_h, ewmean=-14.6676937241367966 E_h, ewvar=1.6516320982815177e-06 E_h^2, ewstd=1.2851583942384370e-03 E_h, pmove=0.53073730
I0514 12:17:34.655723 134251878557504 train.py:1104] Step 00158000: energy=-14.6659766537231810 E_h, variance=5.5754296869283222e-03 E_h^2, std=7.4668799956396262e-02 E_h, ewmean=-14.6674522474204707 E_h, ewvar=1.7451439875851107e-06 E_h^2, ewstd=1.3210389803427871e-03 E_h, pmove=0.53193359
I0514 12:36:12.071271 134251878557504 train.py:1104] Step 00159000: energy=-14.6671452969492329 E_h, variance=2.2386308273803141e-03 E_h^2, std=4.7314171527992693e-02 E_h, ewmean=-14.6675462368638794 E_h, ewvar=1.8309268178191678e-06 E_h^2, ewstd=1.3531174442076963e-03 E_h, pmove=0.53229980
I0514 12:54:48.364573 134251878557504 train.py:1049] Timing step 00160000: block_iters=10000, block_time=11174.824650 s, sec/iter=1.1174824650, iter/s=0.894869, elapsed=178873.249818 s
I0514 12:54:49.485401 134251878557504 train.py:1104] Step 00160000: energy=-14.6671989453390488 E_h, variance=6.7765057489469456e-03 E_h^2, std=8.2319534431062866e-02 E_h, ewmean=-14.6676981551634142 E_h, ewvar=1.8909360679947657e-06 E_h^2, ewstd=1.3751131109820624e-03 E_h, pmove=0.53498535
I0514 13:13:27.127940 134251878557504 train.py:1104] Step 00161000: energy=-14.6687560678574194 E_h, variance=1.6398942205746616e-03 E_h^2, std=4.0495607423209019e-02 E_h, ewmean=-14.6676184343669753 E_h, ewvar=1.1576675068710387e-06 E_h^2, ewstd=1.0759495837961177e-03 E_h, pmove=0.52897949
I0514 13:13:55.061825 134251878557504 checkpoint.py:124] Saving checkpoint /home/sjtu/PyQMC/Ferminet/checkpoints_ferminet_x64_atoms/Be_singlet/qmcjax_ckpt_161025.npz
I0514 13:32:04.925983 134251878557504 train.py:1104] Step 00162000: energy=-14.6651236669722458 E_h, variance=1.0236707396974761e-02 E_h^2, std=1.0117661487208772e-01 E_h, ewmean=-14.6675916473085284 E_h, ewvar=1.4475382562749257e-06 E_h^2, ewstd=1.2031368402118379e-03 E_h, pmove=0.53171387
I0514 13:50:42.391393 134251878557504 train.py:1104] Step 00163000: energy=-14.6642346053951975 E_h, variance=3.3830446237342895e-02 E_h^2, std=1.8393054731975028e-01 E_h, ewmean=-14.6668304412169057 E_h, ewvar=2.6379692475855237e-06 E_h^2, ewstd=1.6241826398485867e-03 E_h, pmove=0.53088379
I0514 14:09:19.876025 134251878557504 train.py:1104] Step 00164000: energy=-14.6673509513281992 E_h, variance=1.8564183916296175e-03 E_h^2, std=4.3086174019395337e-02 E_h, ewmean=-14.6673256023263381 E_h, ewvar=9.8740206597540443e-07 E_h^2, ewstd=9.9368106854030597e-04 E_h, pmove=0.53532715
I0514 14:27:57.376840 134251878557504 train.py:1104] Step 00165000: energy=-14.6685598377958790 E_h, variance=2.2542194600971358e-03 E_h^2, std=4.7478621084622245e-02 E_h, ewmean=-14.6674987201123006 E_h, ewvar=1.0296127066155450e-06 E_h^2, ewstd=1.0146983328140167e-03 E_h, pmove=0.53085938
I0514 14:46:34.964355 134251878557504 train.py:1104] Step 00166000: energy=-14.6671877793850136 E_h, variance=3.4918895950168901e-03 E_h^2, std=5.9092212642757679e-02 E_h, ewmean=-14.6672217626566184 E_h, ewvar=1.7373669181515915e-06 E_h^2, ewstd=1.3180921508572879e-03 E_h, pmove=0.53269043
I0514 14:53:55.662700 134251878557504 checkpoint.py:124] Saving checkpoint /home/sjtu/PyQMC/Ferminet/checkpoints_ferminet_x64_atoms/Be_singlet/qmcjax_ckpt_166392.npz
I0514 15:05:15.302523 134251878557504 train.py:1104] Step 00167000: energy=-14.6665391256144169 E_h, variance=7.9787320607822391e-03 E_h^2, std=8.9323748582234491e-02 E_h, ewmean=-14.6670213155517963 E_h, ewvar=2.0119989982631002e-06 E_h^2, ewstd=1.4184495050099952e-03 E_h, pmove=0.53315430
I0514 15:23:52.874499 134251878557504 train.py:1104] Step 00168000: energy=-14.6685073045429224 E_h, variance=2.6667212094283774e-03 E_h^2, std=5.1640306054751235e-02 E_h, ewmean=-14.6675149869820594 E_h, ewvar=1.7299333472524731e-06 E_h^2, ewstd=1.3152693059797576e-03 E_h, pmove=0.52849121
I0514 15:42:30.362949 134251878557504 train.py:1104] Step 00169000: energy=-14.6666426305678286 E_h, variance=2.5499796070845293e-03 E_h^2, std=5.0497322771455216e-02 E_h, ewmean=-14.6672137599471437 E_h, ewvar=8.1121292671327633e-07 E_h^2, ewstd=9.0067359610087174e-04 E_h, pmove=0.53278809
I0514 16:01:06.746286 134251878557504 train.py:1049] Timing step 00170000: block_iters=10000, block_time=11178.381703 s, sec/iter=1.1178381703, iter/s=0.894584, elapsed=190051.631522 s
I0514 16:01:07.866150 134251878557504 train.py:1104] Step 00170000: energy=-14.6660461914395626 E_h, variance=2.6923863183114273e-03 E_h^2, std=5.1888209819875526e-02 E_h, ewmean=-14.6673483149419610 E_h, ewvar=1.6582911973846783e-06 E_h^2, ewstd=1.2877465579005359e-03 E_h, pmove=0.53725586
I0514 16:19:45.373130 134251878557504 train.py:1104] Step 00171000: energy=-14.6666249257121120 E_h, variance=2.3816588524849759e-03 E_h^2, std=4.8802242289519605e-02 E_h, ewmean=-14.6675677404658451 E_h, ewvar=6.7877666484644269e-07 E_h^2, ewstd=8.2387903532402302e-04 E_h, pmove=0.53203125
I0514 16:33:55.788438 134251878557504 checkpoint.py:124] Saving checkpoint /home/sjtu/PyQMC/Ferminet/checkpoints_ferminet_x64_atoms/Be_singlet/qmcjax_ckpt_171761.npz
I0514 16:38:22.971389 134251878557504 train.py:1104] Step 00172000: energy=-14.6674665315967285 E_h, variance=2.0887061889108206e-03 E_h^2, std=4.5702365244162373e-02 E_h, ewmean=-14.6672840341021740 E_h, ewvar=8.1166949671935743e-07 E_h^2, ewstd=9.0092702075104697e-04 E_h, pmove=0.53085938
I0514 16:57:00.387163 134251878557504 train.py:1104] Step 00173000: energy=-14.6681527294496608 E_h, variance=2.5235044648454770e-03 E_h^2, std=5.0234494770480941e-02 E_h, ewmean=-14.6677661984021608 E_h, ewvar=8.4068000524204681e-07 E_h^2, ewstd=9.1688603721621091e-04 E_h, pmove=0.53444824
I0514 17:15:38.044064 134251878557504 train.py:1104] Step 00174000: energy=-14.6659103766929952 E_h, variance=5.8090789308804652e-03 E_h^2, std=7.6217313852434243e-02 E_h, ewmean=-14.6670530665281476 E_h, ewvar=1.3824479906507668e-06 E_h^2, ewstd=1.1757754847974875e-03 E_h, pmove=0.53068848
I0514 17:34:15.719385 134251878557504 train.py:1104] Step 00175000: energy=-14.6682286148537209 E_h, variance=2.2695351303547171e-03 E_h^2, std=4.7639638226530619e-02 E_h, ewmean=-14.6672782724134905 E_h, ewvar=2.5730939865161281e-06 E_h^2, ewstd=1.6040866518103466e-03 E_h, pmove=0.53298340
I0514 17:52:53.360397 134251878557504 train.py:1104] Step 00176000: energy=-14.6662901568533748 E_h, variance=3.9257158870221881e-03 E_h^2, std=6.2655533570644725e-02 E_h, ewmean=-14.6676866582270709 E_h, ewvar=1.0508666323889146e-06 E_h^2, ewstd=1.0251178626816111e-03 E_h, pmove=0.53068848
I0514 18:11:30.997246 134251878557504 train.py:1104] Step 00177000: energy=-14.6673098823048846 E_h, variance=2.1026992445648134e-02 E_h^2, std=1.4500687033947093e-01 E_h, ewmean=-14.6667169212410631 E_h, ewvar=1.4314611628963259e-06 E_h^2, ewstd=1.1964368612243296e-03 E_h, pmove=0.53676758
I0514 18:13:56.263377 134251878557504 checkpoint.py:124] Saving checkpoint /home/sjtu/PyQMC/Ferminet/checkpoints_ferminet_x64_atoms/Be_singlet/qmcjax_ckpt_177130.npz
I0514 18:30:08.601495 134251878557504 train.py:1104] Step 00178000: energy=-14.6684890879298955 E_h, variance=2.1285923903368647e-03 E_h^2, std=4.6136670776475243e-02 E_h, ewmean=-14.6672067677062987 E_h, ewvar=1.8390311563051193e-06 E_h^2, ewstd=1.3561088290786692e-03 E_h, pmove=0.53835449
I0514 18:48:46.117578 134251878557504 train.py:1104] Step 00179000: energy=-14.6685731690112249 E_h, variance=1.3818378615542970e-03 E_h^2, std=3.7173079796464226e-02 E_h, ewmean=-14.6674691330851825 E_h, ewvar=8.8672712876349470e-07 E_h^2, ewstd=9.4166189726647357e-04 E_h, pmove=0.53586426
I0514 19:07:22.527689 134251878557504 train.py:1049] Timing step 00180000: block_iters=10000, block_time=11175.781407 s, sec/iter=1.1175781407, iter/s=0.894792, elapsed=201227.412928 s
I0514 19:07:23.647051 134251878557504 train.py:1104] Step 00180000: energy=-14.6685131768163490 E_h, variance=4.7504547049419593e-03 E_h^2, std=6.8923542457871093e-02 E_h, ewmean=-14.6672979281305853 E_h, ewvar=2.3117868696745836e-06 E_h^2, ewstd=1.5204561386881845e-03 E_h, pmove=0.53505859
I0514 19:26:01.251116 134251878557504 train.py:1104] Step 00181000: energy=-14.6678595716699185 E_h, variance=1.2703824711093646e-03 E_h^2, std=3.5642425157519302e-02 E_h, ewmean=-14.6673939066620527 E_h, ewvar=1.4625173395372502e-06 E_h^2, ewstd=1.2093458312398692e-03 E_h, pmove=0.53259277
I0514 19:44:38.863220 134251878557504 train.py:1104] Step 00182000: energy=-14.6668533777051611 E_h, variance=7.2717409271283572e-03 E_h^2, std=8.5274503382478620e-02 E_h, ewmean=-14.6679175673100399 E_h, ewvar=8.7602281976341951e-07 E_h^2, ewstd=9.3596090717690738e-04 E_h, pmove=0.52978516
I0514 19:53:56.548380 134251878557504 checkpoint.py:124] Saving checkpoint /home/sjtu/PyQMC/Ferminet/checkpoints_ferminet_x64_atoms/Be_singlet/qmcjax_ckpt_182499.npz
I0514 20:03:16.755230 134251878557504 train.py:1104] Step 00183000: energy=-14.6687936931654654 E_h, variance=1.9198246261569541e-03 E_h^2, std=4.3815803383676008e-02 E_h, ewmean=-14.6672805126603301 E_h, ewvar=2.3689157743982318e-06 E_h^2, ewstd=1.5391282514456786e-03 E_h, pmove=0.53002930
I0514 20:21:54.370749 134251878557504 train.py:1104] Step 00184000: energy=-14.6676863375292861 E_h, variance=1.5646164135653762e-03 E_h^2, std=3.9555232442312564e-02 E_h, ewmean=-14.6670405790648548 E_h, ewvar=1.3228532865836059e-06 E_h^2, ewstd=1.1501535926056164e-03 E_h, pmove=0.53193359
I0514 20:40:31.810355 134251878557504 train.py:1104] Step 00185000: energy=-14.6679966148007583 E_h, variance=1.6756119116431479e-03 E_h^2, std=4.0934238867275249e-02 E_h, ewmean=-14.6677197885335673 E_h, ewvar=2.0586780930212820e-06 E_h^2, ewstd=1.4348094274227786e-03 E_h, pmove=0.53806152
I0514 20:59:09.224878 134251878557504 train.py:1104] Step 00186000: energy=-14.6716164658828401 E_h, variance=8.7995757685220596e-02 E_h^2, std=2.9664078897754537e-01 E_h, ewmean=-14.6675748417171494 E_h, ewvar=4.7453289947228444e-06 E_h^2, ewstd=2.1783776060919384e-03 E_h, pmove=0.53203125
I0514 21:17:46.685786 134251878557504 train.py:1104] Step 00187000: energy=-14.6667479795912215 E_h, variance=3.1948992480442676e-03 E_h^2, std=5.6523439810792366e-02 E_h, ewmean=-14.6673335379946810 E_h, ewvar=6.9105968464456233e-07 E_h^2, ewstd=8.3129999677887783e-04 E_h, pmove=0.53056641
I0514 21:33:57.742149 134251878557504 checkpoint.py:124] Saving checkpoint /home/sjtu/PyQMC/Ferminet/checkpoints_ferminet_x64_atoms/Be_singlet/qmcjax_ckpt_187869.npz
I0514 21:36:24.203205 134251878557504 train.py:1104] Step 00188000: energy=-14.6678751620609980 E_h, variance=1.9493568527841902e-03 E_h^2, std=4.4151521522867027e-02 E_h, ewmean=-14.6669514973949866 E_h, ewvar=2.3771812600237475e-06 E_h^2, ewstd=1.5418110325275752e-03 E_h, pmove=0.53503418
I0514 21:55:01.738290 134251878557504 train.py:1104] Step 00189000: energy=-14.6660695259510163 E_h, variance=3.9497504979527642e-03 E_h^2, std=6.2847040486826142e-02 E_h, ewmean=-14.6670426741511477 E_h, ewvar=1.6574756061976567e-06 E_h^2, ewstd=1.2874298451557105e-03 E_h, pmove=0.53610840
I0514 22:13:38.116448 134251878557504 train.py:1049] Timing step 00190000: block_iters=10000, block_time=11175.588760 s, sec/iter=1.1175588760, iter/s=0.894807, elapsed=212403.001688 s
I0514 22:13:39.236193 134251878557504 train.py:1104] Step 00190000: energy=-14.6658949134544159 E_h, variance=8.5582292925006458e-03 E_h^2, std=9.2510698259718291e-02 E_h, ewmean=-14.6670099295654399 E_h, ewvar=1.1949500673208555e-06 E_h^2, ewstd=1.0931377165393460e-03 E_h, pmove=0.53334961
I0514 22:32:16.700321 134251878557504 train.py:1104] Step 00191000: energy=-14.6669184178276009 E_h, variance=4.4718847999070666e-03 E_h^2, std=6.6872152648969410e-02 E_h, ewmean=-14.6674022386975178 E_h, ewvar=1.1222597642205585e-06 E_h^2, ewstd=1.0593676246801950e-03 E_h, pmove=0.53596191
I0514 22:50:54.109885 134251878557504 train.py:1104] Step 00192000: energy=-14.6682800513919744 E_h, variance=1.2197318534882180e-03 E_h^2, std=3.4924659676054369e-02 E_h, ewmean=-14.6675237433055479 E_h, ewvar=1.8285400759988392e-06 E_h^2, ewstd=1.3522352147458810e-03 E_h, pmove=0.53259277
I0514 23:09:31.526714 134251878557504 train.py:1104] Step 00193000: energy=-14.6658984087297455 E_h, variance=7.0847313402230107e-03 E_h^2, std=8.4170846141778874e-02 E_h, ewmean=-14.6675056495869516 E_h, ewvar=1.9248138402675879e-06 E_h^2, ewstd=1.3873766036183498e-03 E_h, pmove=0.53295898
I0514 23:13:58.579019 134251878557504 checkpoint.py:124] Saving checkpoint /home/sjtu/PyQMC/Ferminet/checkpoints_ferminet_x64_atoms/Be_singlet/qmcjax_ckpt_193239.npz
I0514 23:28:09.042073 134251878557504 train.py:1104] Step 00194000: energy=-14.6658793965274015 E_h, variance=3.9025353747951666e-03 E_h^2, std=6.2470275930198729e-02 E_h, ewmean=-14.6668746052517776 E_h, ewvar=1.5956691843915885e-06 E_h^2, ewstd=1.2631979988867890e-03 E_h, pmove=0.53620605
I0514 23:46:46.536715 134251878557504 train.py:1104] Step 00195000: energy=-14.6671377060924861 E_h, variance=1.3350293333829243e-03 E_h^2, std=3.6538053223768290e-02 E_h, ewmean=-14.6673032132184407 E_h, ewvar=1.5788462141258415e-06 E_h^2, ewstd=1.2565214738021158e-03 E_h, pmove=0.53398438
I0515 00:05:23.961310 134251878557504 train.py:1104] Step 00196000: energy=-14.6661984181698877 E_h, variance=3.8146305792573082e-03 E_h^2, std=6.1762695692928658e-02 E_h, ewmean=-14.6673375146962037 E_h, ewvar=1.0223842540834313e-06 E_h^2, ewstd=1.0111301865157777e-03 E_h, pmove=0.53627930
I0515 00:24:01.441535 134251878557504 train.py:1104] Step 00197000: energy=-14.6660908064008630 E_h, variance=2.8367587917807677e-03 E_h^2, std=5.3261231602177279e-02 E_h, ewmean=-14.6668804906047683 E_h, ewvar=1.3570884103147303e-06 E_h^2, ewstd=1.1649413763424881e-03 E_h, pmove=0.53625488
I0515 00:42:38.826042 134251878557504 train.py:1104] Step 00198000: energy=-14.6659354171172289 E_h, variance=4.0003808221241747e-03 E_h^2, std=6.3248563794952486e-02 E_h, ewmean=-14.6674378843595932 E_h, ewvar=1.7211687328500683e-06 E_h^2, ewstd=1.3119332044163180e-03 E_h, pmove=0.53110352
I0515 00:53:59.309605 134251878557504 checkpoint.py:124] Saving checkpoint /home/sjtu/PyQMC/Ferminet/checkpoints_ferminet_x64_atoms/Be_singlet/qmcjax_ckpt_198609.npz
I0515 01:01:16.304918 134251878557504 train.py:1104] Step 00199000: energy=-14.6666825358561610 E_h, variance=1.5058604489895044e-03 E_h^2, std=3.8805417778829600e-02 E_h, ewmean=-14.6674643589752716 E_h, ewvar=1.1076953214401694e-06 E_h^2, ewstd=1.0524710549179818e-03 E_h, pmove=0.53051758
I0515 01:19:52.625000 134251878557504 train.py:1049] Timing step 00200000: block_iters=10000, block_time=11174.508555 s, sec/iter=1.1174508555, iter/s=0.894894, elapsed=223577.510243 s
I0515 01:19:53.744706 134251878557504 train.py:1104] Step 00200000: energy=-14.6660320093950691 E_h, variance=5.6442570836564791e-03 E_h^2, std=7.5128270868272215e-02 E_h, ewmean=-14.6671972116797349 E_h, ewvar=1.9838942291504660e-06 E_h^2, ewstd=1.4085078023037239e-03 E_h, pmove=0.53342285
I0515 01:38:31.250819 134251878557504 train.py:1104] Step 00201000: energy=-14.6679239131432340 E_h, variance=9.3462281872251432e-03 E_h^2, std=9.6675892482175424e-02 E_h, ewmean=-14.6669902305083077 E_h, ewvar=1.9864811057727197e-06 E_h^2, ewstd=1.4094258071188847e-03 E_h, pmove=0.53586426
I0515 01:57:08.782607 134251878557504 train.py:1104] Step 00202000: energy=-14.6687088511685193 E_h, variance=3.9507765545254876e-03 E_h^2, std=6.2855203082366126e-02 E_h, ewmean=-14.6675211782943560 E_h, ewvar=1.7857582117163597e-06 E_h^2, ewstd=1.3363226450660633e-03 E_h, pmove=0.53132324
I0515 02:15:46.248596 134251878557504 train.py:1104] Step 00203000: energy=-14.6682652498147235 E_h, variance=1.6690613517604050e-03 E_h^2, std=4.0854147301839568e-02 E_h, ewmean=-14.6677900207450218 E_h, ewvar=1.4259692635760457e-06 E_h^2, ewstd=1.1941395494564468e-03 E_h, pmove=0.54243164
I0515 02:34:00.237081 134251878557504 checkpoint.py:124] Saving checkpoint /home/sjtu/PyQMC/Ferminet/checkpoints_ferminet_x64_atoms/Be_singlet/qmcjax_ckpt_203979.npz
I0515 02:34:23.788539 134251878557504 train.py:1104] Step 00204000: energy=-14.6672891159397523 E_h, variance=6.0146804544660209e-03 E_h^2, std=7.7554370956549060e-02 E_h, ewmean=-14.6672373917299943 E_h, ewvar=1.2056529374250437e-06 E_h^2, ewstd=1.0980222845757930e-03 E_h, pmove=0.53044434
I0515 02:53:01.293739 134251878557504 train.py:1104] Step 00205000: energy=-14.6680672990866476 E_h, variance=2.4221185357817749e-03 E_h^2, std=4.9215023476391583e-02 E_h, ewmean=-14.6675512525354392 E_h, ewvar=1.1647692760019655e-06 E_h^2, ewstd=1.0792447711256078e-03 E_h, pmove=0.53525391
I0515 03:11:38.695573 134251878557504 train.py:1104] Step 00206000: energy=-14.6671493539899949 E_h, variance=1.9195510723875608e-03 E_h^2, std=4.3812681638853844e-02 E_h, ewmean=-14.6679242066109925 E_h, ewvar=9.4536463294147861e-07 E_h^2, ewstd=9.7229863362111057e-04 E_h, pmove=0.53576660
I0515 03:30:16.080338 134251878557504 train.py:1104] Step 00207000: energy=-14.6661917366189485 E_h, variance=8.5533555953517301e-03 E_h^2, std=9.2484353246112552e-02 E_h, ewmean=-14.6669560499434120 E_h, ewvar=9.3875594150555698e-07 E_h^2, ewstd=9.6889418488581975e-04 E_h, pmove=0.53154297
I0515 03:48:53.483857 134251878557504 train.py:1104] Step 00208000: energy=-14.6665443870582468 E_h, variance=3.5648859168728323e-03 E_h^2, std=5.9706665598346996e-02 E_h, ewmean=-14.6674050677159027 E_h, ewvar=8.6989332667033199e-07 E_h^2, ewstd=9.3268072064899682e-04 E_h, pmove=0.53581543
I0515 04:07:30.899422 134251878557504 train.py:1104] Step 00209000: energy=-14.6675769091364678 E_h, variance=3.3559046501642079e-03 E_h^2, std=5.7930170465520021e-02 E_h, ewmean=-14.6673839274334785 E_h, ewvar=2.7413886572142790e-06 E_h^2, ewstd=1.6557139418433000e-03 E_h, pmove=0.53640137
I0515 04:14:00.868780 134251878557504 checkpoint.py:124] Saving checkpoint /home/sjtu/PyQMC/Ferminet/checkpoints_ferminet_x64_atoms/Be_singlet/qmcjax_ckpt_209349.npz
I0515 04:26:07.321831 134251878557504 train.py:1049] Timing step 00210000: block_iters=10000, block_time=11174.696819 s, sec/iter=1.1174696819, iter/s=0.894879, elapsed=234752.207062 s
I0515 04:26:08.441695 134251878557504 train.py:1104] Step 00210000: energy=-14.6688725489751324 E_h, variance=1.5941339874351174e-03 E_h^2, std=3.9926607512223190e-02 E_h, ewmean=-14.6672072974604468 E_h, ewvar=2.1955599428626276e-06 E_h^2, ewstd=1.4817421985158644e-03 E_h, pmove=0.53449707
I0515 04:44:45.876311 134251878557504 train.py:1104] Step 00211000: energy=-14.6659167073315828 E_h, variance=2.1759154660312790e-02 E_h^2, std=1.4750984597752378e-01 E_h, ewmean=-14.6672064332695271 E_h, ewvar=9.9084985780253007e-07 E_h^2, ewstd=9.9541441510685885e-04 E_h, pmove=0.53706055
I0515 05:03:23.294414 134251878557504 train.py:1104] Step 00212000: energy=-14.6669832663488346 E_h, variance=2.7463489829697785e-03 E_h^2, std=5.2405619765152844e-02 E_h, ewmean=-14.6671430206805908 E_h, ewvar=1.0159231674992549e-06 E_h^2, ewstd=1.0079301401879274e-03 E_h, pmove=0.53574219
I0515 05:22:00.713945 134251878557504 train.py:1104] Step 00213000: energy=-14.6684590960620476 E_h, variance=1.4356674569304465e-03 E_h^2, std=3.7890202650955121e-02 E_h, ewmean=-14.6675350667988145 E_h, ewvar=1.7883620655417439e-06 E_h^2, ewstd=1.3372965510842177e-03 E_h, pmove=0.53564453
I0515 05:40:38.115926 134251878557504 train.py:1104] Step 00214000: energy=-14.6662723103808261 E_h, variance=5.5177551360191786e-03 E_h^2, std=7.4281593521000736e-02 E_h, ewmean=-14.6669462472877932 E_h, ewvar=1.5315900061458051e-06 E_h^2, ewstd=1.2375742426803352e-03 E_h, pmove=0.53120117
I0515 05:54:01.519902 134251878557504 checkpoint.py:124] Saving checkpoint /home/sjtu/PyQMC/Ferminet/checkpoints_ferminet_x64_atoms/Be_singlet/qmcjax_ckpt_214719.npz
I0515 05:59:15.602926 134251878557504 train.py:1104] Step 00215000: energy=-14.6672028577152531 E_h, variance=3.0377733304703045e-03 E_h^2, std=5.5115998861222724e-02 E_h, ewmean=-14.6676285357209544 E_h, ewvar=6.3041835109723473e-07 E_h^2, ewstd=7.9398888600359810e-04 E_h, pmove=0.53369141
I0515 06:17:53.031823 134251878557504 train.py:1104] Step 00216000: energy=-14.6676458147493811 E_h, variance=1.1432002067821945e-03 E_h^2, std=3.3811243792297767e-02 E_h, ewmean=-14.6675727700641936 E_h, ewvar=1.2793003421661478e-06 E_h^2, ewstd=1.1310615996337899e-03 E_h, pmove=0.53505859
I0515 06:36:30.418888 134251878557504 train.py:1104] Step 00217000: energy=-14.6668964672096038 E_h, variance=5.0274355325669370e-03 E_h^2, std=7.0904411234893813e-02 E_h, ewmean=-14.6674444299933029 E_h, ewvar=8.3245703850278084e-07 E_h^2, ewstd=9.1239083648553862e-04 E_h, pmove=0.53068848
I0515 06:55:07.776860 134251878557504 train.py:1104] Step 00218000: energy=-14.6665064276393160 E_h, variance=4.9185471232603140e-03 E_h^2, std=7.0132354325662796e-02 E_h, ewmean=-14.6672055222954185 E_h, ewvar=6.7443274656710375e-07 E_h^2, ewstd=8.2123854425319304e-04 E_h, pmove=0.53513184
I0515 07:13:45.161041 134251878557504 train.py:1104] Step 00219000: energy=-14.6666440199564523 E_h, variance=2.4485051287346893e-03 E_h^2, std=4.9482371898835746e-02 E_h, ewmean=-14.6668173876179981 E_h, ewvar=1.7707002732778589e-06 E_h^2, ewstd=1.3306766223534021e-03 E_h, pmove=0.53759766
I0515 07:32:21.419797 134251878557504 train.py:1049] Timing step 00220000: block_iters=10000, block_time=11174.097982 s, sec/iter=1.1174097982, iter/s=0.894927, elapsed=245926.305044 s
I0515 07:32:22.539315 134251878557504 train.py:1104] Step 00220000: energy=-14.6681744470917224 E_h, variance=4.2530848428436055e-03 E_h^2, std=6.5215679424840814e-02 E_h, ewmean=-14.6675116083272599 E_h, ewvar=2.2528394463527193e-06 E_h^2, ewstd=1.5009461836963773e-03 E_h, pmove=0.53630371
I0515 07:34:01.982531 134251878557504 checkpoint.py:124] Saving checkpoint /home/sjtu/PyQMC/Ferminet/checkpoints_ferminet_x64_atoms/Be_singlet/qmcjax_ckpt_220089.npz
I0515 07:51:00.055372 134251878557504 train.py:1104] Step 00221000: energy=-14.6641851135125307 E_h, variance=1.4044946367053108e-02 E_h^2, std=1.1851137653007456e-01 E_h, ewmean=-14.6670587445448746 E_h, ewvar=3.9682504340074829e-06 E_h^2, ewstd=1.9920467951349643e-03 E_h, pmove=0.53259277
I0515 08:09:37.505916 134251878557504 train.py:1104] Step 00222000: energy=-14.6678782443024360 E_h, variance=1.8722927544052408e-03 E_h^2, std=4.3269998317601546e-02 E_h, ewmean=-14.6674721434692170 E_h, ewvar=1.2164164033854580e-06 E_h^2, ewstd=1.1029126907355169e-03 E_h, pmove=0.53666992
I0515 08:28:14.927344 134251878557504 train.py:1104] Step 00223000: energy=-14.6688622699638778 E_h, variance=4.1662037896138546e-03 E_h^2, std=6.4546136906974180e-02 E_h, ewmean=-14.6678273317449257 E_h, ewvar=1.1305255007778860e-06 E_h^2, ewstd=1.0632617273173552e-03 E_h, pmove=0.53254395
I0515 08:46:52.336241 134251878557504 train.py:1104] Step 00224000: energy=-14.6670786895981564 E_h, variance=2.4402692981591958e-03 E_h^2, std=4.9399081956643644e-02 E_h, ewmean=-14.6675587091441084 E_h, ewvar=5.7361449560826745e-07 E_h^2, ewstd=7.5737341886830667e-04 E_h, pmove=0.53452148
I0515 09:05:29.721562 134251878557504 train.py:1104] Step 00225000: energy=-14.6649653534201647 E_h, variance=3.0655745369064218e-02 E_h^2, std=1.7508782187537836e-01 E_h, ewmean=-14.6674180085290544 E_h, ewvar=1.8271027048907618e-06 E_h^2, ewstd=1.3517036305680183e-03 E_h, pmove=0.53349609
I0515 09:14:02.590467 134251878557504 checkpoint.py:124] Saving checkpoint /home/sjtu/PyQMC/Ferminet/checkpoints_ferminet_x64_atoms/Be_singlet/qmcjax_ckpt_225459.npz
Traceback (most recent call last):
  File "/home/sjtu/.conda/envs/ferminet/lib/python3.11/site-packages/numpy/lib/_npyio_impl.py", line 799, in _savez
    format.write_array(fid, val,
  File "/home/sjtu/.conda/envs/ferminet/lib/python3.11/site-packages/numpy/lib/_format_impl.py", line 762, in write_array
    pickle.dump(array, fp, protocol=4, **pickle_kwargs)
  File "/home/sjtu/.conda/envs/ferminet/lib/python3.11/zipfile.py", line 1179, in write
    self._fileobj.write(data)
OSError: [Errno 28] No space left on device

During handling of the above exception, another exception occurred:

Traceback (most recent call last):
  File "/home/sjtu/PyQMC/Ferminet/ferminet/checkpoint.py", line 126, in save
    np.savez(
  File "/home/sjtu/.conda/envs/ferminet/lib/python3.11/site-packages/numpy/lib/_npyio_impl.py", line 686, in savez
    _savez(file, args, kwds, False, allow_pickle=allow_pickle)
  File "/home/sjtu/.conda/envs/ferminet/lib/python3.11/site-packages/numpy/lib/_npyio_impl.py", line 803, in _savez
    zipf.close()
  File "/home/sjtu/.conda/envs/ferminet/lib/python3.11/zipfile.py", line 1912, in close
    self._write_end_record()
  File "/home/sjtu/.conda/envs/ferminet/lib/python3.11/zipfile.py", line 2010, in _write_end_record
    self.fp.flush()
OSError: [Errno 28] No space left on device

During