I0512 11:11:13.426050 129781289469760 main.py:42] System config:

batch_size: 4096
config_module: .atom
debug:
  check_nan: false
  deterministic: false
log:
  features: false
  local_energies: false
  restore_path: ''
  save_frequency: 100.0
  save_path: /home/sjtu/PyQMC/Ferminet/checkpoints_ferminet_x64_atoms/Li_doublet
  stats_frequency: 1000
  timing_frequency: 10000
  walkers: false
mcmc:
  adapt_frequency: 100
  blocks: 1
  burn_in: 100
  init_means: !!python/tuple []
  init_width: 1.0
  move_width: 0.02
  num_leapfrog_steps: 10
  scale_by_nuclear_distance: false
  steps: 10
  use_hmc: false
network:
  bias_orbitals: false
  complex: false
  determinants: 16
  ferminet:
    electron_nuclear_aux_dims: !!python/tuple []
    hidden_dims: !!python/tuple
    - &id001 !!python/tuple
      - 256
      - 32
    - *id001
    - *id001
    - *id001
    nuclear_embedding_dim: 0
    schnet_electron_electron_convolutions: !!python/tuple []
    schnet_electron_nuclear_convolutions: !!python/tuple []
    separate_spin_channels: false
    use_last_layer: false
  full_det: true
  jastrow: default
  make_envelope_fn: ''
  make_envelope_kwargs: {}
  make_feature_layer_fn: ''
  make_feature_layer_kwargs: {}
  network_type: ferminet
  psiformer:
    heads_dim: 64
    mlp_hidden_dims: !!python/tuple
    - 256
    num_heads: 4
    num_layers: 4
    use_layer_norm: true
  rescale_inputs: false
observables:
  density: false
  density_basis: def2-tzvpd
  dipole: false
  s2: false
optim:
  adam:
    b1: 0.9
    b2: 0.999
    eps: 1.0e-08
    eps_root: 0.0
  center_at_clip: true
  clip_local_energy: 5.0
  clip_median: false
  iterations: 1000000
  kfac:
    cov_ema_decay: 0.95
    cov_update_every: 1
    damping: 0.001
    invert_every: 1
    l2_reg: 0.0
    mean_center: true
    min_damping: 0.0001
    momentum: 0.0
    momentum_type: regular
    norm_constraint: 0.001
    register_only_generic: false
  laplacian: default
  lr:
    decay: 1.0
    delay: 10000.0
    rate: 0.05
  max_vmap_batch_size: 0
  objective: vmc
  optimizer: kfac
  overlap:
    penalty: 1.0
    weights: null
  reset_if_nan: false
  spin_energy: 0.0
  vmc_weight: 0.0
pretrain:
  basis: ccpvdz
  excitation_type: ordered
  iterations: 1000
  method: hf
  scf_fraction: 1.0
system:
  atom: Li
  charge: 0
  delta_charge: 0.0
  electrons: !!python/tuple
  - 2
  - 1
  make_local_energy_fn: ''
  make_local_energy_kwargs: {}
  molecule:
  - !!python/object:ferminet.utils.system.Atom
    atomic_number: 3
    charge: 3.0
    coords: !!python/tuple
    - 0.0
    - 0.0
    - 0.0
    symbol: Li
    units: bohr
  ndim: 3
  pp:
    basis: ccecp-cc-pVDZ
    symbols: null
    type: ccecp
  pyscf_mol: null
  set_molecule: adjust_nuclear_charge
  spin_polarisation: 1
  states: 0
  type: 1
  units: bohr
  use_pp: false

I0512 11:11:13.673881 129781289469760 train.py:415] Starting QMC with 1 XLA devices per host across 1 hosts.
converged SCF energy = -7.43242052759577  <S^2> = 0.75000054  2S+1 = 2.0000005
I0512 11:11:17.951485 129781289469760 train.py:615] No checkpoint found. Training new model.
I0512 11:11:23.956007 129781289469760 pretrain.py:352] Pretrain iter 00000000: loss=5.0108391214457697e-02, pmove=0.91503906
I0512 11:11:24.013571 129781289469760 pretrain.py:352] Pretrain iter 00000001: loss=2.9606023503007752e-02, pmove=0.91479492
I0512 11:11:24.069528 129781289469760 pretrain.py:352] Pretrain iter 00000002: loss=1.8742407233723727e-02, pmove=0.91284180
I0512 11:11:24.122136 129781289469760 pretrain.py:352] Pretrain iter 00000003: loss=1.3989556642923617e-02, pmove=0.91625977
I0512 11:11:24.174473 129781289469760 pretrain.py:352] Pretrain iter 00000004: loss=1.2240172611527421e-02, pmove=0.91088867
I0512 11:11:24.227034 129781289469760 pretrain.py:352] Pretrain iter 00000005: loss=1.1610614572507200e-02, pmove=0.91333008
I0512 11:11:24.279437 129781289469760 pretrain.py:352] Pretrain iter 00000006: loss=1.1175443994197207e-02, pmove=0.91723633
I0512 11:11:24.331966 129781289469760 pretrain.py:352] Pretrain iter 00000007: loss=1.0631517492975919e-02, pmove=0.91210938
I0512 11:11:24.384543 129781289469760 pretrain.py:352] Pretrain iter 00000008: loss=1.0051711854158884e-02, pmove=0.91503906
I0512 11:11:24.437028 129781289469760 pretrain.py:352] Pretrain iter 00000009: loss=9.4910189128850006e-03, pmove=0.91625977
I0512 11:11:24.489428 129781289469760 pretrain.py:352] Pretrain iter 00000010: loss=9.0202408975167368e-03, pmove=0.91552734
I0512 11:11:24.541871 129781289469760 pretrain.py:352] Pretrain iter 00000011: loss=8.6333689579336879e-03, pmove=0.91601562
I0512 11:11:24.594289 129781289469760 pretrain.py:352] Pretrain iter 00000012: loss=8.3529932772260559e-03, pmove=0.92016602
I0512 11:11:24.646635 129781289469760 pretrain.py:352] Pretrain iter 00000013: loss=8.0908419865913239e-03, pmove=0.92724609
I0512 11:11:24.698891 129781289469760 pretrain.py:352] Pretrain iter 00000014: loss=7.9071623779847586e-03, pmove=0.92700195
I0512 11:11:24.751261 129781289469760 pretrain.py:352] Pretrain iter 00000015: loss=7.7056515120504879e-03, pmove=0.92016602
I0512 11:11:24.803660 129781289469760 pretrain.py:352] Pretrain iter 00000016: loss=7.4428148594223769e-03, pmove=0.92675781
I0512 11:11:24.856048 129781289469760 pretrain.py:352] Pretrain iter 00000017: loss=7.1371221526219230e-03, pmove=0.91967773
I0512 11:11:24.908430 129781289469760 pretrain.py:352] Pretrain iter 00000018: loss=6.9128880105406723e-03, pmove=0.93359375
I0512 11:11:24.960761 129781289469760 pretrain.py:352] Pretrain iter 00000019: loss=6.7003120558017841e-03, pmove=0.92700195
I0512 11:11:25.013106 129781289469760 pretrain.py:352] Pretrain iter 00000020: loss=6.4958715624829199e-03, pmove=0.93066406
I0512 11:11:25.065459 129781289469760 pretrain.py:352] Pretrain iter 00000021: loss=6.2269274809425759e-03, pmove=0.92553711
I0512 11:11:25.117871 129781289469760 pretrain.py:352] Pretrain iter 00000022: loss=6.0918096269974914e-03, pmove=0.93334961
I0512 11:11:25.170238 129781289469760 pretrain.py:352] Pretrain iter 00000023: loss=5.9494615873777693e-03, pmove=0.93115234
I0512 11:11:25.222611 129781289469760 pretrain.py:352] Pretrain iter 00000024: loss=5.8265558759093760e-03, pmove=0.92382812
I0512 11:11:25.275052 129781289469760 pretrain.py:352] Pretrain iter 00000025: loss=5.6817420653548657e-03, pmove=0.93334961
I0512 11:11:25.327360 129781289469760 pretrain.py:352] Pretrain iter 00000026: loss=5.5813769043160689e-03, pmove=0.92675781
I0512 11:11:25.379776 129781289469760 pretrain.py:352] Pretrain iter 00000027: loss=5.5341810693061043e-03, pmove=0.91992188
I0512 11:11:25.431897 129781289469760 pretrain.py:352] Pretrain iter 00000028: loss=5.4954983080603009e-03, pmove=0.91723633
I0512 11:11:25.484304 129781289469760 pretrain.py:352] Pretrain iter 00000029: loss=5.4337818025664980e-03, pmove=0.92431641
I0512 11:11:25.536673 129781289469760 pretrain.py:352] Pretrain iter 00000030: loss=5.3033496526121099e-03, pmove=0.92724609
I0512 11:11:25.589107 129781289469760 pretrain.py:352] Pretrain iter 00000031: loss=5.1962682943084313e-03, pmove=0.93115234
I0512 11:11:25.641517 129781289469760 pretrain.py:352] Pretrain iter 00000032: loss=5.0849938123167732e-03, pmove=0.93261719
I0512 11:11:25.693913 129781289469760 pretrain.py:352] Pretrain iter 00000033: loss=4.9966034491150070e-03, pmove=0.92797852
I0512 11:11:25.746329 129781289469760 pretrain.py:352] Pretrain iter 00000034: loss=4.8767755690244463e-03, pmove=0.92724609
I0512 11:11:25.798711 129781289469760 pretrain.py:352] Pretrain iter 00000035: loss=4.8195836076747401e-03, pmove=0.92919922
I0512 11:11:25.850891 129781289469760 pretrain.py:352] Pretrain iter 00000036: loss=4.7258802760191147e-03, pmove=0.92358398
I0512 11:11:25.903285 129781289469760 pretrain.py:352] Pretrain iter 00000037: loss=4.7039733533334668e-03, pmove=0.93066406
I0512 11:11:25.955651 129781289469760 pretrain.py:352] Pretrain iter 00000038: loss=4.5907410522615733e-03, pmove=0.93017578
I0512 11:11:26.008068 129781289469760 pretrain.py:352] Pretrain iter 00000039: loss=4.5193239842727644e-03, pmove=0.92749023
I0512 11:11:26.060586 129781289469760 pretrain.py:352] Pretrain iter 00000040: loss=4.3753513246510937e-03, pmove=0.92968750
I0512 11:11:26.112980 129781289469760 pretrain.py:352] Pretrain iter 00000041: loss=4.2900841470258737e-03, pmove=0.92529297
I0512 11:11:26.165431 129781289469760 pretrain.py:352] Pretrain iter 00000042: loss=4.1997381672704455e-03, pmove=0.93188477
I0512 11:11:26.217765 129781289469760 pretrain.py:352] Pretrain iter 00000043: loss=4.1259854198965979e-03, pmove=0.92968750
I0512 11:11:26.270200 129781289469760 pretrain.py:352] Pretrain iter 00000044: loss=4.0399073851894729e-03, pmove=0.92749023
I0512 11:11:26.322567 129781289469760 pretrain.py:352] Pretrain iter 00000045: loss=3.9613641402040951e-03, pmove=0.92236328
I0512 11:11:26.375237 129781289469760 pretrain.py:352] Pretrain iter 00000046: loss=3.8695635453032148e-03, pmove=0.92358398
I0512 11:11:26.427729 129781289469760 pretrain.py:352] Pretrain iter 00000047: loss=3.8245651431648374e-03, pmove=0.93603516
I0512 11:11:26.480073 129781289469760 pretrain.py:352] Pretrain iter 00000048: loss=3.7397798072563659e-03, pmove=0.92529297
I0512 11:11:26.532476 129781289469760 pretrain.py:352] Pretrain iter 00000049: loss=3.6992141980900658e-03, pmove=0.93652344
I0512 11:11:26.584887 129781289469760 pretrain.py:352] Pretrain iter 00000050: loss=3.6340040507535087e-03, pmove=0.92822266
I0512 11:11:26.637182 129781289469760 pretrain.py:352] Pretrain iter 00000051: loss=3.5335096514869588e-03, pmove=0.92944336
I0512 11:11:26.689563 129781289469760 pretrain.py:352] Pretrain iter 00000052: loss=3.4059587813574563e-03, pmove=0.92895508
I0512 11:11:26.741917 129781289469760 pretrain.py:352] Pretrain iter 00000053: loss=3.3915872121352462e-03, pmove=0.92871094
I0512 11:11:26.794318 129781289469760 pretrain.py:352] Pretrain iter 00000054: loss=3.3441506032118422e-03, pmove=0.92358398
I0512 11:11:26.846665 129781289469760 pretrain.py:352] Pretrain iter 00000055: loss=3.2717185732756421e-03, pmove=0.93334961
I0512 11:11:26.899070 129781289469760 pretrain.py:352] Pretrain iter 00000056: loss=3.1730173516643259e-03, pmove=0.92797852
I0512 11:11:26.951421 129781289469760 pretrain.py:352] Pretrain iter 00000057: loss=3.0963906336663087e-03, pmove=0.92773438
I0512 11:11:27.003746 129781289469760 pretrain.py:352] Pretrain iter 00000058: loss=3.0311843949521666e-03, pmove=0.93237305
I0512 11:11:27.056165 129781289469760 pretrain.py:352] Pretrain iter 00000059: loss=2.9761405152391434e-03, pmove=0.93212891
I0512 11:11:27.108508 129781289469760 pretrain.py:352] Pretrain iter 00000060: loss=2.9215480548034256e-03, pmove=0.93334961
I0512 11:11:27.160899 129781289469760 pretrain.py:352] Pretrain iter 00000061: loss=2.8334788250466572e-03, pmove=0.93188477
I0512 11:11:27.213274 129781289469760 pretrain.py:352] Pretrain iter 00000062: loss=2.7407163061139708e-03, pmove=0.93286133
I0512 11:11:27.265639 129781289469760 pretrain.py:352] Pretrain iter 00000063: loss=2.6824474360423287e-03, pmove=0.93041992
I0512 11:11:27.318078 129781289469760 pretrain.py:352] Pretrain iter 00000064: loss=2.6252385011388620e-03, pmove=0.92773438
I0512 11:11:27.370482 129781289469760 pretrain.py:352] Pretrain iter 00000065: loss=2.5451298767780145e-03, pmove=0.93481445
I0512 11:11:27.423687 129781289469760 pretrain.py:352] Pretrain iter 00000066: loss=2.4745577854082654e-03, pmove=0.93774414
I0512 11:11:27.475545 129781289469760 pretrain.py:352] Pretrain iter 00000067: loss=2.4050702520681325e-03, pmove=0.93432617
I0512 11:11:27.527929 129781289469760 pretrain.py:352] Pretrain iter 00000068: loss=2.3523601515680775e-03, pmove=0.93212891
I0512 11:11:27.580313 129781289469760 pretrain.py:352] Pretrain iter 00000069: loss=2.2842217189240938e-03, pmove=0.93261719
I0512 11:11:27.632628 129781289469760 pretrain.py:352] Pretrain iter 00000070: loss=2.2423316866767903e-03, pmove=0.93408203
I0512 11:11:27.684947 129781289469760 pretrain.py:352] Pretrain iter 00000071: loss=2.1673493381823860e-03, pmove=0.93652344
I0512 11:11:27.737319 129781289469760 pretrain.py:352] Pretrain iter 00000072: loss=2.0983028519700416e-03, pmove=0.92993164
I0512 11:11:27.789694 129781289469760 pretrain.py:352] Pretrain iter 00000073: loss=2.0214720749467110e-03, pmove=0.92749023
I0512 11:11:27.842088 129781289469760 pretrain.py:352] Pretrain iter 00000074: loss=1.9624015116944224e-03, pmove=0.93823242
I0512 11:11:27.894474 129781289469760 pretrain.py:352] Pretrain iter 00000075: loss=1.9163803137330696e-03, pmove=0.93725586
I0512 11:11:27.946801 129781289469760 pretrain.py:352] Pretrain iter 00000076: loss=1.8682165993187015e-03, pmove=0.92602539
I0512 11:11:27.999240 129781289469760 pretrain.py:352] Pretrain iter 00000077: loss=1.7934648384718612e-03, pmove=0.94018555
I0512 11:11:28.051582 129781289469760 pretrain.py:352] Pretrain iter 00000078: loss=1.7505632534033783e-03, pmove=0.93310547
I0512 11:11:28.103936 129781289469760 pretrain.py:352] Pretrain iter 00000079: loss=1.6746929315479967e-03, pmove=0.93432617
I0512 11:11:28.156069 129781289469760 pretrain.py:352] Pretrain iter 00000080: loss=1.6533154270128680e-03, pmove=0.93481445
I0512 11:11:28.208478 129781289469760 pretrain.py:352] Pretrain iter 00000081: loss=1.6227234892378414e-03, pmove=0.93066406
I0512 11:11:28.260789 129781289469760 pretrain.py:352] Pretrain iter 00000082: loss=1.5953574619382224e-03, pmove=0.93652344
I0512 11:11:28.313227 129781289469760 pretrain.py:352] Pretrain iter 00000083: loss=1.5482220019248881e-03, pmove=0.92944336
I0512 11:11:28.365677 129781289469760 pretrain.py:352] Pretrain iter 00000084: loss=1.5305324819208891e-03, pmove=0.93139648
I0512 11:11:28.418241 129781289469760 pretrain.py:352] Pretrain iter 00000085: loss=1.5054331032240966e-03, pmove=0.92993164
I0512 11:11:28.470654 129781289469760 pretrain.py:352] Pretrain iter 00000086: loss=1.4742781541952047e-03, pmove=0.93139648
I0512 11:11:28.522934 129781289469760 pretrain.py:352] Pretrain iter 00000087: loss=1.4426820195674447e-03, pmove=0.93481445
I0512 11:11:28.575319 129781289469760 pretrain.py:352] Pretrain iter 00000088: loss=1.3972577393018602e-03, pmove=0.94433594
I0512 11:11:28.627722 129781289469760 pretrain.py:352] Pretrain iter 00000089: loss=1.3759127610893170e-03, pmove=0.93359375
I0512 11:11:28.680076 129781289469760 pretrain.py:352] Pretrain iter 00000090: loss=1.3441286022644295e-03, pmove=0.94213867
I0512 11:11:28.732471 129781289469760 pretrain.py:352] Pretrain iter 00000091: loss=1.3378248419332467e-03, pmove=0.92163086
I0512 11:11:28.784802 129781289469760 pretrain.py:352] Pretrain iter 00000092: loss=1.3251113919920112e-03, pmove=0.93066406
I0512 11:11:28.836993 129781289469760 pretrain.py:352] Pretrain iter 00000093: loss=1.2984321860220519e-03, pmove=0.93359375
I0512 11:11:28.889415 129781289469760 pretrain.py:352] Pretrain iter 00000094: loss=1.2718443787227939e-03, pmove=0.93774414
I0512 11:11:28.941756 129781289469760 pretrain.py:352] Pretrain iter 00000095: loss=1.2591638714476525e-03, pmove=0.93554688
I0512 11:11:28.994173 129781289469760 pretrain.py:352] Pretrain iter 00000096: loss=1.2377158357209041e-03, pmove=0.92846680
I0512 11:11:29.046697 129781289469760 pretrain.py:352] Pretrain iter 00000097: loss=1.2012747348080959e-03, pmove=0.93310547
I0512 11:11:29.099105 129781289469760 pretrain.py:352] Pretrain iter 00000098: loss=1.2005641607064474e-03, pmove=0.93334961
I0512 11:11:29.151423 129781289469760 pretrain.py:352] Pretrain iter 00000099: loss=1.1856534435942460e-03, pmove=0.93823242
I0512 11:11:29.203750 129781289469760 pretrain.py:352] Pretrain iter 00000100: loss=1.1591200168353871e-03, pmove=0.93286133
I0512 11:11:29.256175 129781289469760 pretrain.py:352] Pretrain iter 00000101: loss=1.1485301480449149e-03, pmove=0.93676758
I0512 11:11:29.308535 129781289469760 pretrain.py:352] Pretrain iter 00000102: loss=1.1316517905178461e-03, pmove=0.93847656
I0512 11:11:29.360891 129781289469760 pretrain.py:352] Pretrain iter 00000103: loss=1.1105748117442827e-03, pmove=0.93847656
I0512 11:11:29.413443 129781289469760 pretrain.py:352] Pretrain iter 00000104: loss=1.0752810919786773e-03, pmove=0.93188477
I0512 11:11:29.465649 129781289469760 pretrain.py:352] Pretrain iter 00000105: loss=1.0542919894905255e-03, pmove=0.93115234
I0512 11:11:29.518080 129781289469760 pretrain.py:352] Pretrain iter 00000106: loss=1.0352916932425832e-03, pmove=0.93725586
I0512 11:11:29.570409 129781289469760 pretrain.py:352] Pretrain iter 00000107: loss=1.0220030916552646e-03, pmove=0.93310547
I0512 11:11:29.622766 129781289469760 pretrain.py:352] Pretrain iter 00000108: loss=1.0097394521939051e-03, pmove=0.93139648
I0512 11:11:29.674961 129781289469760 pretrain.py:352] Pretrain iter 00000109: loss=9.8901761092670595e-04, pmove=0.93554688
I0512 11:11:29.727366 129781289469760 pretrain.py:352] Pretrain iter 00000110: loss=9.7069407849995006e-04, pmove=0.93115234
I0512 11:11:29.779705 129781289469760 pretrain.py:352] Pretrain iter 00000111: loss=9.4543647690385323e-04, pmove=0.93188477
I0512 11:11:29.832119 129781289469760 pretrain.py:352] Pretrain iter 00000112: loss=9.1810800413634041e-04, pmove=0.93383789
I0512 11:11:29.884461 129781289469760 pretrain.py:352] Pretrain iter 00000113: loss=9.1103934137866513e-04, pmove=0.94018555
I0512 11:11:29.936786 129781289469760 pretrain.py:352] Pretrain iter 00000114: loss=8.9582087417389091e-04, pmove=0.93017578
I0512 11:11:29.989162 129781289469760 pretrain.py:352] Pretrain iter 00000115: loss=8.9925003748832504e-04, pmove=0.94018555
I0512 11:11:30.041509 129781289469760 pretrain.py:352] Pretrain iter 00000116: loss=8.8826504636642313e-04, pmove=0.93115234
I0512 11:11:30.093890 129781289469760 pretrain.py:352] Pretrain iter 00000117: loss=8.9067672762293323e-04, pmove=0.93310547
I0512 11:11:30.146260 129781289469760 pretrain.py:352] Pretrain iter 00000118: loss=8.5922046988811535e-04, pmove=0.93334961
I0512 11:11:30.198660 129781289469760 pretrain.py:352] Pretrain iter 00000119: loss=8.4684756835011607e-04, pmove=0.94018555
I0512 11:11:30.250854 129781289469760 pretrain.py:352] Pretrain iter 00000120: loss=8.3312263808407955e-04, pmove=0.92797852
I0512 11:11:30.303264 129781289469760 pretrain.py:352] Pretrain iter 00000121: loss=8.2051503613067914e-04, pmove=0.93457031
I0512 11:11:30.355644 129781289469760 pretrain.py:352] Pretrain iter 00000122: loss=8.1297466964609785e-04, pmove=0.93725586
I0512 11:11:30.408204 129781289469760 pretrain.py:352] Pretrain iter 00000123: loss=8.0384567635212499e-04, pmove=0.93334961
I0512 11:11:30.460628 129781289469760 pretrain.py:352] Pretrain iter 00000124: loss=7.8605845625195740e-04, pmove=0.93457031
I0512 11:11:30.513068 129781289469760 pretrain.py:352] Pretrain iter 00000125: loss=7.6788793605192605e-04, pmove=0.93603516
I0512 11:11:30.565469 129781289469760 pretrain.py:352] Pretrain iter 00000126: loss=7.5420980016461180e-04, pmove=0.93701172
I0512 11:11:30.617754 129781289469760 pretrain.py:352] Pretrain iter 00000127: loss=7.4545405773118821e-04, pmove=0.93676758
I0512 11:11:30.670198 129781289469760 pretrain.py:352] Pretrain iter 00000128: loss=7.4666339962610017e-04, pmove=0.93920898
I0512 11:11:30.722459 129781289469760 pretrain.py:352] Pretrain iter 00000129: loss=7.3241983699250015e-04, pmove=0.93505859
I0512 11:11:30.774794 129781289469760 pretrain.py:352] Pretrain iter 00000130: loss=7.2438311327992547e-04, pmove=0.93334961
I0512 11:11:30.827192 129781289469760 pretrain.py:352] Pretrain iter 00000131: loss=7.3007575898661656e-04, pmove=0.93432617
I0512 11:11:30.879537 129781289469760 pretrain.py:352] Pretrain iter 00000132: loss=7.0098753006222006e-04, pmove=0.93750000
I0512 11:11:30.931856 129781289469760 pretrain.py:352] Pretrain iter 00000133: loss=6.9485809828134012e-04, pmove=0.93432617
I0512 11:11:30.984239 129781289469760 pretrain.py:352] Pretrain iter 00000134: loss=6.9456296542302735e-04, pmove=0.93090820
I0512 11:11:31.036615 129781289469760 pretrain.py:352] Pretrain iter 00000135: loss=6.7747383239783062e-04, pmove=0.93554688
I0512 11:11:31.088900 129781289469760 pretrain.py:352] Pretrain iter 00000136: loss=6.6711582573978126e-04, pmove=0.93725586
I0512 11:11:31.141262 129781289469760 pretrain.py:352] Pretrain iter 00000137: loss=6.6050516854022218e-04, pmove=0.93579102
I0512 11:11:31.193607 129781289469760 pretrain.py:352] Pretrain iter 00000138: loss=6.5374445715540906e-04, pmove=0.94555664
I0512 11:11:31.245969 129781289469760 pretrain.py:352] Pretrain iter 00000139: loss=6.5331751637339526e-04, pmove=0.93310547
I0512 11:11:31.298364 129781289469760 pretrain.py:352] Pretrain iter 00000140: loss=6.5162515384617557e-04, pmove=0.92993164
I0512 11:11:31.351345 129781289469760 pretrain.py:352] Pretrain iter 00000141: loss=6.3771644337119922e-04, pmove=0.93505859
I0512 11:11:31.403903 129781289469760 pretrain.py:352] Pretrain iter 00000142: loss=6.3305916647253535e-04, pmove=0.93774414
I0512 11:11:31.456364 129781289469760 pretrain.py:352] Pretrain iter 00000143: loss=6.1161845251798800e-04, pmove=0.93627930
I0512 11:11:31.508659 129781289469760 pretrain.py:352] Pretrain iter 00000144: loss=6.1672511897830544e-04, pmove=0.93432617
I0512 11:11:31.561063 129781289469760 pretrain.py:352] Pretrain iter 00000145: loss=6.1414670402737067e-04, pmove=0.93286133
I0512 11:11:31.613445 129781289469760 pretrain.py:352] Pretrain iter 00000146: loss=6.1817430817086131e-04, pmove=0.93872070
I0512 11:11:31.665824 129781289469760 pretrain.py:352] Pretrain iter 00000147: loss=6.0926628763738095e-04, pmove=0.93554688
I0512 11:11:31.718611 129781289469760 pretrain.py:352] Pretrain iter 00000148: loss=5.9257386761413342e-04, pmove=0.93701172
I0512 11:11:31.770895 129781289469760 pretrain.py:352] Pretrain iter 00000149: loss=5.9472133164938839e-04, pmove=0.93212891
I0512 11:11:31.822246 129781289469760 pretrain.py:352] Pretrain iter 00000150: loss=5.9584140456576062e-04, pmove=0.93969727
I0512 11:11:31.873980 129781289469760 pretrain.py:352] Pretrain iter 00000151: loss=5.8649596171502004e-04, pmove=0.93896484
I0512 11:11:31.926249 129781289469760 pretrain.py:352] Pretrain iter 00000152: loss=5.8345734303176045e-04, pmove=0.93994141
I0512 11:11:31.978341 129781289469760 pretrain.py:352] Pretrain iter 00000153: loss=5.7755621754894610e-04, pmove=0.93774414
I0512 11:11:32.030625 129781289469760 pretrain.py:352] Pretrain iter 00000154: loss=5.7640243205661461e-04, pmove=0.92993164
I0512 11:11:32.082967 129781289469760 pretrain.py:352] Pretrain iter 00000155: loss=5.6292072797750701e-04, pmove=0.93750000
I0512 11:11:32.135289 129781289469760 pretrain.py:352] Pretrain iter 00000156: loss=5.4785584726533101e-04, pmove=0.93627930
I0512 11:11:32.187591 129781289469760 pretrain.py:352] Pretrain iter 00000157: loss=5.3520571199904075e-04, pmove=0.94091797
I0512 11:11:32.239865 129781289469760 pretrain.py:352] Pretrain iter 00000158: loss=5.2709170476410085e-04, pmove=0.93310547
I0512 11:11:32.291383 129781289469760 pretrain.py:352] Pretrain iter 00000159: loss=5.2512292677894075e-04, pmove=0.93554688
I0512 11:11:32.342779 129781289469760 pretrain.py:352] Pretrain iter 00000160: loss=5.1558601277173577e-04, pmove=0.94140625
I0512 11:11:32.394572 129781289469760 pretrain.py:352] Pretrain iter 00000161: loss=5.0952508978028177e-04, pmove=0.94165039
I0512 11:11:32.447026 129781289469760 pretrain.py:352] Pretrain iter 00000162: loss=5.0745638819901394e-04, pmove=0.94140625
I0512 11:11:32.499477 129781289469760 pretrain.py:352] Pretrain iter 00000163: loss=5.1412853208870142e-04, pmove=0.93823242
I0512 11:11:32.551631 129781289469760 pretrain.py:352] Pretrain iter 00000164: loss=5.0567501928689416e-04, pmove=0.93652344
I0512 11:11:32.604065 129781289469760 pretrain.py:352] Pretrain iter 00000165: loss=5.0331064197722927e-04, pmove=0.94042969
I0512 11:11:32.656593 129781289469760 pretrain.py:352] Pretrain iter 00000166: loss=4.9138455485837180e-04, pmove=0.93969727
I0512 11:11:32.709032 129781289469760 pretrain.py:352] Pretrain iter 00000167: loss=4.8365596943016043e-04, pmove=0.93676758
I0512 11:11:32.761366 129781289469760 pretrain.py:352] Pretrain iter 00000168: loss=4.7482247378762129e-04, pmove=0.93750000
I0512 11:11:32.813707 129781289469760 pretrain.py:352] Pretrain iter 00000169: loss=4.6365470047534551e-04, pmove=0.93823242
I0512 11:11:32.866079 129781289469760 pretrain.py:352] Pretrain iter 00000170: loss=4.6354220016484043e-04, pmove=0.92626953
I0512 11:11:32.918700 129781289469760 pretrain.py:352] Pretrain iter 00000171: loss=4.5880476726424253e-04, pmove=0.92602539
I0512 11:11:32.971003 129781289469760 pretrain.py:352] Pretrain iter 00000172: loss=4.4897493893860600e-04, pmove=0.93310547
I0512 11:11:33.023355 129781289469760 pretrain.py:352] Pretrain iter 00000173: loss=4.4610923826601020e-04, pmove=0.93164062
I0512 11:11:33.075616 129781289469760 pretrain.py:352] Pretrain iter 00000174: loss=4.4662770275249785e-04, pmove=0.93945312
I0512 11:11:33.127941 129781289469760 pretrain.py:352] Pretrain iter 00000175: loss=4.4837706196822799e-04, pmove=0.92919922
I0512 11:11:33.180293 129781289469760 pretrain.py:352] Pretrain iter 00000176: loss=4.5579704728364957e-04, pmove=0.94262695
I0512 11:11:33.232944 129781289469760 pretrain.py:352] Pretrain iter 00000177: loss=4.5338541745251033e-04, pmove=0.93676758
I0512 11:11:33.286912 129781289469760 pretrain.py:352] Pretrain iter 00000178: loss=4.4816197326831174e-04, pmove=0.93872070
I0512 11:11:33.342080 129781289469760 pretrain.py:352] Pretrain iter 00000179: loss=4.4233240195421154e-04, pmove=0.93920898
I0512 11:11:33.393784 129781289469760 pretrain.py:352] Pretrain iter 00000180: loss=4.3781349074873896e-04, pmove=0.93798828
I0512 11:11:33.445462 129781289469760 pretrain.py:352] Pretrain iter 00000181: loss=4.3203185227190272e-04, pmove=0.94165039
I0512 11:11:33.499986 129781289469760 pretrain.py:352] Pretrain iter 00000182: loss=4.2529639722169404e-04, pmove=0.93823242
I0512 11:11:33.551673 129781289469760 pretrain.py:352] Pretrain iter 00000183: loss=4.1556161287395981e-04, pmove=0.93188477
I0512 11:11:33.603329 129781289469760 pretrain.py:352] Pretrain iter 00000184: loss=4.1549644988563927e-04, pmove=0.93994141
I0512 11:11:33.659028 129781289469760 pretrain.py:352] Pretrain iter 00000185: loss=4.1074365626018019e-04, pmove=0.94409180
I0512 11:11:33.711675 129781289469760 pretrain.py:352] Pretrain iter 00000186: loss=4.0851044798778050e-04, pmove=0.93725586
I0512 11:11:33.764438 129781289469760 pretrain.py:352] Pretrain iter 00000187: loss=4.0331500254621927e-04, pmove=0.93334961
I0512 11:11:33.817221 129781289469760 pretrain.py:352] Pretrain iter 00000188: loss=4.0043106443191914e-04, pmove=0.93383789
I0512 11:11:33.869708 129781289469760 pretrain.py:352] Pretrain iter 00000189: loss=3.9880663636127046e-04, pmove=0.93872070
I0512 11:11:33.922074 129781289469760 pretrain.py:352] Pretrain iter 00000190: loss=3.9372959985800127e-04, pmove=0.93237305
I0512 11:11:33.974507 129781289469760 pretrain.py:352] Pretrain iter 00000191: loss=3.9352903748867909e-04, pmove=0.94018555
I0512 11:11:34.027219 129781289469760 pretrain.py:352] Pretrain iter 00000192: loss=3.9821464759327971e-04, pmove=0.93261719
I0512 11:11:34.079885 129781289469760 pretrain.py:352] Pretrain iter 00000193: loss=4.0258003019033080e-04, pmove=0.93652344
I0512 11:11:34.132382 129781289469760 pretrain.py:352] Pretrain iter 00000194: loss=4.0195878221031600e-04, pmove=0.94238281
I0512 11:11:34.184492 129781289469760 pretrain.py:352] Pretrain iter 00000195: loss=4.1289786146318466e-04, pmove=0.93090820
I0512 11:11:34.236273 129781289469760 pretrain.py:352] Pretrain iter 00000196: loss=4.0356792223863373e-04, pmove=0.93212891
I0512 11:11:34.288424 129781289469760 pretrain.py:352] Pretrain iter 00000197: loss=3.8452094130168174e-04, pmove=0.93603516
I0512 11:11:34.341041 129781289469760 pretrain.py:352] Pretrain iter 00000198: loss=3.6416698302103314e-04, pmove=0.93823242
I0512 11:11:34.393453 129781289469760 pretrain.py:352] Pretrain iter 00000199: loss=3.6328631565798769e-04, pmove=0.93774414
I0512 11:11:34.445698 129781289469760 pretrain.py:352] Pretrain iter 00000200: loss=3.6516985016678646e-04, pmove=0.93530273
I0512 11:11:34.498110 129781289469760 pretrain.py:352] Pretrain iter 00000201: loss=3.6743237904966470e-04, pmove=0.94213867
I0512 11:11:34.550559 129781289469760 pretrain.py:352] Pretrain iter 00000202: loss=3.6840865846103930e-04, pmove=0.94091797
I0512 11:11:34.603104 129781289469760 pretrain.py:352] Pretrain iter 00000203: loss=3.6155769116191983e-04, pmove=0.93676758
I0512 11:11:34.655311 129781289469760 pretrain.py:352] Pretrain iter 00000204: loss=3.4776065191114108e-04, pmove=0.94018555
I0512 11:11:34.707205 129781289469760 pretrain.py:352] Pretrain iter 00000205: loss=3.4130959239245820e-04, pmove=0.94018555
I0512 11:11:34.759417 129781289469760 pretrain.py:352] Pretrain iter 00000206: loss=3.4199552961890119e-04, pmove=0.94311523
I0512 11:11:34.811738 129781289469760 pretrain.py:352] Pretrain iter 00000207: loss=3.4259498723157903e-04, pmove=0.94189453
I0512 11:11:34.864134 129781289469760 pretrain.py:352] Pretrain iter 00000208: loss=3.4165917055436893e-04, pmove=0.93701172
I0512 11:11:34.916580 129781289469760 pretrain.py:352] Pretrain iter 00000209: loss=3.3917093315525366e-04, pmove=0.93554688
I0512 11:11:34.968888 129781289469760 pretrain.py:352] Pretrain iter 00000210: loss=3.2990050238209382e-04, pmove=0.94311523
I0512 11:11:35.020544 129781289469760 pretrain.py:352] Pretrain iter 00000211: loss=3.3119870049237775e-04, pmove=0.93383789
I0512 11:11:35.072210 129781289469760 pretrain.py:352] Pretrain iter 00000212: loss=3.2923570839377245e-04, pmove=0.93017578
I0512 11:11:35.124241 129781289469760 pretrain.py:352] Pretrain iter 00000213: loss=3.2998358129977514e-04, pmove=0.94140625
I0512 11:11:35.176674 129781289469760 pretrain.py:352] Pretrain iter 00000214: loss=3.2997310248384645e-04, pmove=0.94018555
I0512 11:11:35.229311 129781289469760 pretrain.py:352] Pretrain iter 00000215: loss=3.2881309146374685e-04, pmove=0.93994141
I0512 11:11:35.281602 129781289469760 pretrain.py:352] Pretrain iter 00000216: loss=3.2359740648833709e-04, pmove=0.93603516
I0512 11:11:35.334356 129781289469760 pretrain.py:352] Pretrain iter 00000217: loss=3.1685734720424949e-04, pmove=0.93969727
I0512 11:11:35.386887 129781289469760 pretrain.py:352] Pretrain iter 00000218: loss=3.1324760346926106e-04, pmove=0.94238281
I0512 11:11:35.438932 129781289469760 pretrain.py:352] Pretrain iter 00000219: loss=3.0918531832812993e-04, pmove=0.93481445
I0512 11:11:35.490476 129781289469760 pretrain.py:352] Pretrain iter 00000220: loss=3.0145900062735214e-04, pmove=0.94165039
I0512 11:11:35.542383 129781289469760 pretrain.py:352] Pretrain iter 00000221: loss=3.0149580872734251e-04, pmove=0.93798828
I0512 11:11:35.594774 129781289469760 pretrain.py:352] Pretrain iter 00000222: loss=3.0388595250608892e-04, pmove=0.93750000
I0512 11:11:35.647341 129781289469760 pretrain.py:352] Pretrain iter 00000223: loss=2.9863988609698372e-04, pmove=0.94140625
I0512 11:11:35.700030 129781289469760 pretrain.py:352] Pretrain iter 00000224: loss=2.9524291727877825e-04, pmove=0.93725586
I0512 11:11:35.752220 129781289469760 pretrain.py:352] Pretrain iter 00000225: loss=2.9581389859202281e-04, pmove=0.93457031
I0512 11:11:35.804100 129781289469760 pretrain.py:352] Pretrain iter 00000226: loss=2.9013348696989348e-04, pmove=0.94213867
I0512 11:11:35.856575 129781289469760 pretrain.py:352] Pretrain iter 00000227: loss=2.8426771429530519e-04, pmove=0.93554688
I0512 11:11:35.908943 129781289469760 pretrain.py:352] Pretrain iter 00000228: loss=2.8036032860911990e-04, pmove=0.93530273
I0512 11:11:35.961442 129781289469760 pretrain.py:352] Pretrain iter 00000229: loss=2.7695211782817128e-04, pmove=0.93579102
I0512 11:11:36.013601 129781289469760 pretrain.py:352] Pretrain iter 00000230: loss=2.7126981431258897e-04, pmove=0.93579102
I0512 11:11:36.066097 129781289469760 pretrain.py:352] Pretrain iter 00000231: loss=2.7258004921230065e-04, pmove=0.93481445
I0512 11:11:36.118574 129781289469760 pretrain.py:352] Pretrain iter 00000232: loss=2.7052379178463270e-04, pmove=0.93945312
I0512 11:11:36.170821 129781289469760 pretrain.py:352] Pretrain iter 00000233: loss=2.6916752890440840e-04, pmove=0.94555664
I0512 11:11:36.223252 129781289469760 pretrain.py:352] Pretrain iter 00000234: loss=2.6704405962367825e-04, pmove=0.93994141
I0512 11:11:36.275451 129781289469760 pretrain.py:352] Pretrain iter 00000235: loss=2.6498900985287739e-04, pmove=0.94311523
I0512 11:11:36.327035 129781289469760 pretrain.py:352] Pretrain iter 00000236: loss=2.6239381771369226e-04, pmove=0.93676758
I0512 11:11:36.378525 129781289469760 pretrain.py:352] Pretrain iter 00000237: loss=2.6204645611934194e-04, pmove=0.93139648
I0512 11:11:36.430423 129781289469760 pretrain.py:352] Pretrain iter 00000238: loss=2.6477102855343090e-04, pmove=0.93286133
I0512 11:11:36.482805 129781289469760 pretrain.py:352] Pretrain iter 00000239: loss=2.6166927905721008e-04, pmove=0.93261719
I0512 11:11:36.535360 129781289469760 pretrain.py:352] Pretrain iter 00000240: loss=2.5636160090387948e-04, pmove=0.94140625
I0512 11:11:36.587799 129781289469760 pretrain.py:352] Pretrain iter 00000241: loss=2.5649692818172732e-04, pmove=0.94384766
I0512 11:11:36.640300 129781289469760 pretrain.py:352] Pretrain iter 00000242: loss=2.5501269842220147e-04, pmove=0.93310547
I0512 11:11:36.692598 129781289469760 pretrain.py:352] Pretrain iter 00000243: loss=2.5285701222299735e-04, pmove=0.93432617
I0512 11:11:36.744509 129781289469760 pretrain.py:352] Pretrain iter 00000244: loss=2.5334129083818754e-04, pmove=0.93432617
I0512 11:11:36.797967 129781289469760 pretrain.py:352] Pretrain iter 00000245: loss=2.5658455758338850e-04, pmove=0.94409180
I0512 11:11:36.850921 129781289469760 pretrain.py:352] Pretrain iter 00000246: loss=2.5728507556848810e-04, pmove=0.93554688
I0512 11:11:36.903494 129781289469760 pretrain.py:352] Pretrain iter 00000247: loss=2.6550959996938004e-04, pmove=0.93627930
I0512 11:11:36.955850 129781289469760 pretrain.py:352] Pretrain iter 00000248: loss=2.8855089216934149e-04, pmove=0.94458008
I0512 11:11:37.007909 129781289469760 pretrain.py:352] Pretrain iter 00000249: loss=3.4425621379958468e-04, pmove=0.93774414
I0512 11:11:37.060406 129781289469760 pretrain.py:352] Pretrain iter 00000250: loss=4.0576012405953344e-04, pmove=0.93603516
I0512 11:11:37.112631 129781289469760 pretrain.py:352] Pretrain iter 00000251: loss=4.7189957772310982e-04, pmove=0.94238281
I0512 11:11:37.165284 129781289469760 pretrain.py:352] Pretrain iter 00000252: loss=3.4277453418929551e-04, pmove=0.93359375
I0512 11:11:37.217837 129781289469760 pretrain.py:352] Pretrain iter 00000253: loss=2.4293943748471817e-04, pmove=0.93627930
I0512 11:11:37.270546 129781289469760 pretrain.py:352] Pretrain iter 00000254: loss=2.7941029413028085e-04, pmove=0.94628906
I0512 11:11:37.323066 129781289469760 pretrain.py:352] Pretrain iter 00000255: loss=3.3740679742953625e-04, pmove=0.93505859
I0512 11:11:37.375637 129781289469760 pretrain.py:352] Pretrain iter 00000256: loss=3.0989782872146743e-04, pmove=0.94067383
I0512 11:11:37.428233 129781289469760 pretrain.py:352] Pretrain iter 00000257: loss=2.3546966807369831e-04, pmove=0.93505859
I0512 11:11:37.480607 129781289469760 pretrain.py:352] Pretrain iter 00000258: loss=2.6516561200564873e-04, pmove=0.94067383
I0512 11:11:37.532766 129781289469760 pretrain.py:352] Pretrain iter 00000259: loss=3.1367558056111033e-04, pmove=0.93725586
I0512 11:11:37.585333 129781289469760 pretrain.py:352] Pretrain iter 00000260: loss=2.6118837497018292e-04, pmove=0.94116211
I0512 11:11:37.637924 129781289469760 pretrain.py:352] Pretrain iter 00000261: loss=2.3178331357846736e-04, pmove=0.93725586
I0512 11:11:37.690634 129781289469760 pretrain.py:352] Pretrain iter 00000262: loss=2.7749017901538176e-04, pmove=0.94189453
I0512 11:11:37.742825 129781289469760 pretrain.py:352] Pretrain iter 00000263: loss=2.7913027713079563e-04, pmove=0.93701172
I0512 11:11:37.801846 129781289469760 pretrain.py:352] Pretrain iter 00000264: loss=2.3604153610378573e-04, pmove=0.93994141
I0512 11:11:37.853282 129781289469760 pretrain.py:352] Pretrain iter 00000265: loss=2.3396262648465058e-04, pmove=0.93872070
I0512 11:11:37.905973 129781289469760 pretrain.py:352] Pretrain iter 00000266: loss=2.6118851536828465e-04, pmove=0.94409180
I0512 11:11:37.957396 129781289469760 pretrain.py:352] Pretrain iter 00000267: loss=2.4667669885362848e-04, pmove=0.93505859
I0512 11:11:38.012079 129781289469760 pretrain.py:352] Pretrain iter 00000268: loss=2.1928004756342068e-04, pmove=0.93896484
I0512 11:11:38.063417 129781289469760 pretrain.py:352] Pretrain iter 00000269: loss=2.3306685107811589e-04, pmove=0.93579102
I0512 11:11:38.115239 129781289469760 pretrain.py:352] Pretrain iter 00000270: loss=2.4562893486877870e-04, pmove=0.93676758
I0512 11:11:38.167752 129781289469760 pretrain.py:352] Pretrain iter 00000271: loss=2.1878062634400714e-04, pmove=0.94067383
I0512 11:11:38.219976 129781289469760 pretrain.py:352] Pretrain iter 00000272: loss=2.1153094498895609e-04, pmove=0.94580078
I0512 11:11:38.272410 129781289469760 pretrain.py:352] Pretrain iter 00000273: loss=2.2746905338518869e-04, pmove=0.93432617
I0512 11:11:38.325009 129781289469760 pretrain.py:352] Pretrain iter 00000274: loss=2.2277064112586977e-04, pmove=0.94189453
I0512 11:11:38.377507 129781289469760 pretrain.py:352] Pretrain iter 00000275: loss=2.0678223918467958e-04, pmove=0.94555664
I0512 11:11:38.429895 129781289469760 pretrain.py:352] Pretrain iter 00000276: loss=2.1070210626656044e-04, pmove=0.93774414
I0512 11:11:38.482188 129781289469760 pretrain.py:352] Pretrain iter 00000277: loss=2.1692390192421061e-04, pmove=0.94091797
I0512 11:11:38.534514 129781289469760 pretrain.py:352] Pretrain iter 00000278: loss=2.1070848474809273e-04, pmove=0.94116211
I0512 11:11:38.586598 129781289469760 pretrain.py:352] Pretrain iter 00000279: loss=2.0440392609886050e-04, pmove=0.93896484
I0512 11:11:38.638143 129781289469760 pretrain.py:352] Pretrain iter 00000280: loss=2.1354049136722481e-04, pmove=0.94384766
I0512 11:11:38.689765 129781289469760 pretrain.py:352] Pretrain iter 00000281: loss=2.1447777019563974e-04, pmove=0.94165039
I0512 11:11:38.741643 129781289469760 pretrain.py:352] Pretrain iter 00000282: loss=2.0803092112898727e-04, pmove=0.94653320
I0512 11:11:38.793997 129781289469760 pretrain.py:352] Pretrain iter 00000283: loss=2.0587904823756304e-04, pmove=0.93823242
I0512 11:11:38.846376 129781289469760 pretrain.py:352] Pretrain iter 00000284: loss=2.0938816763096637e-04, pmove=0.93408203
I0512 11:11:38.898660 129781289469760 pretrain.py:352] Pretrain iter 00000285: loss=2.0758660322943651e-04, pmove=0.93457031
I0512 11:11:38.950856 129781289469760 pretrain.py:352] Pretrain iter 00000286: loss=1.9970475220096974e-04, pmove=0.94116211
I0512 11:11:39.003010 129781289469760 pretrain.py:352] Pretrain iter 00000287: loss=2.0023581743117071e-04, pmove=0.93652344
I0512 11:11:39.055293 129781289469760 pretrain.py:352] Pretrain iter 00000288: loss=2.0277448774595351e-04, pmove=0.93774414
I0512 11:11:39.107132 129781289469760 pretrain.py:352] Pretrain iter 00000289: loss=2.0080615417964118e-04, pmove=0.94165039
I0512 11:11:39.158914 129781289469760 pretrain.py:352] Pretrain iter 00000290: loss=1.9619857740432674e-04, pmove=0.93554688
I0512 11:11:39.211286 129781289469760 pretrain.py:352] Pretrain iter 00000291: loss=1.9411077789396533e-04, pmove=0.94018555
I0512 11:11:39.263638 129781289469760 pretrain.py:352] Pretrain iter 00000292: loss=1.9702627471105818e-04, pmove=0.93334961
I0512 11:11:39.316017 129781289469760 pretrain.py:352] Pretrain iter 00000293: loss=1.9807418836052985e-04, pmove=0.93872070
I0512 11:11:39.368466 129781289469760 pretrain.py:352] Pretrain iter 00000294: loss=1.9266845650685533e-04, pmove=0.93994141
I0512 11:11:39.420543 129781289469760 pretrain.py:352] Pretrain iter 00000295: loss=1.8905319062837719e-04, pmove=0.93774414
I0512 11:11:39.472404 129781289469760 pretrain.py:352] Pretrain iter 00000296: loss=1.9092899041904090e-04, pmove=0.94506836
I0512 11:11:39.524772 129781289469760 pretrain.py:352] Pretrain iter 00000297: loss=1.9003107710972161e-04, pmove=0.93676758
I0512 11:11:39.577529 129781289469760 pretrain.py:352] Pretrain iter 00000298: loss=1.8756469045928798e-04, pmove=0.94067383
I0512 11:11:39.630039 129781289469760 pretrain.py:352] Pretrain iter 00000299: loss=1.8433969500615552e-04, pmove=0.94384766
I0512 11:11:39.682368 129781289469760 pretrain.py:352] Pretrain iter 00000300: loss=1.8429866972161809e-04, pmove=0.93725586
I0512 11:11:39.734695 129781289469760 pretrain.py:352] Pretrain iter 00000301: loss=1.8539006649365486e-04, pmove=0.94213867
I0512 11:11:39.786930 129781289469760 pretrain.py:352] Pretrain iter 00000302: loss=1.8402567141466498e-04, pmove=0.93554688
I0512 11:11:39.839242 129781289469760 pretrain.py:352] Pretrain iter 00000303: loss=1.8112529695094121e-04, pmove=0.93994141
I0512 11:11:39.891694 129781289469760 pretrain.py:352] Pretrain iter 00000304: loss=1.8142696367758982e-04, pmove=0.94262695
I0512 11:11:39.943846 129781289469760 pretrain.py:352] Pretrain iter 00000305: loss=1.8175526821216989e-04, pmove=0.93505859
I0512 11:11:39.995579 129781289469760 pretrain.py:352] Pretrain iter 00000306: loss=1.8192915869304330e-04, pmove=0.94384766
I0512 11:11:40.048023 129781289469760 pretrain.py:352] Pretrain iter 00000307: loss=1.7977320354737927e-04, pmove=0.94042969
I0512 11:11:40.099950 129781289469760 pretrain.py:352] Pretrain iter 00000308: loss=1.8080983964005994e-04, pmove=0.94775391
I0512 11:11:40.152011 129781289469760 pretrain.py:352] Pretrain iter 00000309: loss=1.7983995326234812e-04, pmove=0.93579102
I0512 11:11:40.204842 129781289469760 pretrain.py:352] Pretrain iter 00000310: loss=1.7900871521376257e-04, pmove=0.93847656
I0512 11:11:40.256757 129781289469760 pretrain.py:352] Pretrain iter 00000311: loss=1.7770851774795532e-04, pmove=0.94677734
I0512 11:11:40.308959 129781289469760 pretrain.py:352] Pretrain iter 00000312: loss=1.7729026892161166e-04, pmove=0.93750000
I0512 11:11:40.360993 129781289469760 pretrain.py:352] Pretrain iter 00000313: loss=1.7613970297031443e-04, pmove=0.94018555
I0512 11:11:40.413230 129781289469760 pretrain.py:352] Pretrain iter 00000314: loss=1.7368439434097040e-04, pmove=0.93823242
I0512 11:11:40.465387 129781289469760 pretrain.py:352] Pretrain iter 00000315: loss=1.7351345925584272e-04, pmove=0.93920898
I0512 11:11:40.517897 129781289469760 pretrain.py:352] Pretrain iter 00000316: loss=1.7259723235753577e-04, pmove=0.94189453
I0512 11:11:40.570363 129781289469760 pretrain.py:352] Pretrain iter 00000317: loss=1.7351275085626837e-04, pmove=0.93945312
I0512 11:11:40.622400 129781289469760 pretrain.py:352] Pretrain iter 00000318: loss=1.7094227501209935e-04, pmove=0.94189453
I0512 11:11:40.674353 129781289469760 pretrain.py:352] Pretrain iter 00000319: loss=1.6974394863462314e-04, pmove=0.93798828
I0512 11:11:40.726495 129781289469760 pretrain.py:352] Pretrain iter 00000320: loss=1.7002499721215176e-04, pmove=0.93798828
I0512 11:11:40.778908 129781289469760 pretrain.py:352] Pretrain iter 00000321: loss=1.6823781577694809e-04, pmove=0.94116211
I0512 11:11:40.831305 129781289469760 pretrain.py:352] Pretrain iter 00000322: loss=1.6896299770669879e-04, pmove=0.93945312
I0512 11:11:40.883389 129781289469760 pretrain.py:352] Pretrain iter 00000323: loss=1.6915314416192511e-04, pmove=0.94555664
I0512 11:11:40.935918 129781289469760 pretrain.py:352] Pretrain iter 00000324: loss=1.6783126300091400e-04, pmove=0.93847656
I0512 11:11:40.988149 129781289469760 pretrain.py:352] Pretrain iter 00000325: loss=1.6584140021997295e-04, pmove=0.93872070
I0512 11:11:41.040527 129781289469760 pretrain.py:352] Pretrain iter 00000326: loss=1.6373143785582847e-04, pmove=0.94506836
I0512 11:11:41.092574 129781289469760 pretrain.py:352] Pretrain iter 00000327: loss=1.6472039109749259e-04, pmove=0.94189453
I0512 11:11:41.144737 129781289469760 pretrain.py:352] Pretrain iter 00000328: loss=1.6338119126076310e-04, pmove=0.94702148
I0512 11:11:41.197064 129781289469760 pretrain.py:352] Pretrain iter 00000329: loss=1.6498894987864885e-04, pmove=0.93676758
I0512 11:11:41.249542 129781289469760 pretrain.py:352] Pretrain iter 00000330: loss=1.6408895828414207e-04, pmove=0.94213867
I0512 11:11:41.302051 129781289469760 pretrain.py:352] Pretrain iter 00000331: loss=1.6465333249057873e-04, pmove=0.93896484
I0512 11:11:41.354503 129781289469760 pretrain.py:352] Pretrain iter 00000332: loss=1.6496348316987321e-04, pmove=0.94140625
I0512 11:11:41.406878 129781289469760 pretrain.py:352] Pretrain iter 00000333: loss=1.6458235431602493e-04, pmove=0.94042969
I0512 11:11:41.458990 129781289469760 pretrain.py:352] Pretrain iter 00000334: loss=1.6321832034445625e-04, pmove=0.93823242
I0512 11:11:41.510769 129781289469760 pretrain.py:352] Pretrain iter 00000335: loss=1.6194180390071447e-04, pmove=0.93261719
I0512 11:11:41.562649 129781289469760 pretrain.py:352] Pretrain iter 00000336: loss=1.5952256886788953e-04, pmove=0.93750000
I0512 11:11:41.614846 129781289469760 pretrain.py:352] Pretrain iter 00000337: loss=1.5866094746289780e-04, pmove=0.93945312
I0512 11:11:41.667218 129781289469760 pretrain.py:352] Pretrain iter 00000338: loss=1.5609453544265250e-04, pmove=0.94311523
I0512 11:11:41.719086 129781289469760 pretrain.py:352] Pretrain iter 00000339: loss=1.5527960446090359e-04, pmove=0.94775391
I0512 11:11:41.770601 129781289469760 pretrain.py:352] Pretrain iter 00000340: loss=1.5371763451842399e-04, pmove=0.93334961
I0512 11:11:41.822341 129781289469760 pretrain.py:352] Pretrain iter 00000341: loss=1.5328293949434148e-04, pmove=0.93627930
I0512 11:11:41.874392 129781289469760 pretrain.py:352] Pretrain iter 00000342: loss=1.5258014122947137e-04, pmove=0.93579102
I0512 11:11:41.926270 129781289469760 pretrain.py:352] Pretrain iter 00000343: loss=1.5238152920296925e-04, pmove=0.93090820
I0512 11:11:41.977770 129781289469760 pretrain.py:352] Pretrain iter 00000344: loss=1.5279154494216119e-04, pmove=0.94433594
I0512 11:11:42.029232 129781289469760 pretrain.py:352] Pretrain iter 00000345: loss=1.5235631248787320e-04, pmove=0.94140625
I0512 11:11:42.080956 129781289469760 pretrain.py:352] Pretrain iter 00000346: loss=1.5199627383068697e-04, pmove=0.94042969
I0512 11:11:42.133108 129781289469760 pretrain.py:352] Pretrain iter 00000347: loss=1.5419402265323703e-04, pmove=0.93554688
I0512 11:11:42.185313 129781289469760 pretrain.py:352] Pretrain iter 00000348: loss=1.5849226101908299e-04, pmove=0.93847656
I0512 11:11:42.237347 129781289469760 pretrain.py:352] Pretrain iter 00000349: loss=1.6379495989058516e-04, pmove=0.94921875
I0512 11:11:42.289413 129781289469760 pretrain.py:352] Pretrain iter 00000350: loss=1.7098456034399313e-04, pmove=0.94531250
I0512 11:11:42.341530 129781289469760 pretrain.py:352] Pretrain iter 00000351: loss=1.8630462044153686e-04, pmove=0.93774414
I0512 11:11:42.393606 129781289469760 pretrain.py:352] Pretrain iter 00000352: loss=2.0544582361095890e-04, pmove=0.93823242
I0512 11:11:42.445346 129781289469760 pretrain.py:352] Pretrain iter 00000353: loss=2.4558737331620918e-04, pmove=0.93261719
I0512 11:11:42.496803 129781289469760 pretrain.py:352] Pretrain iter 00000354: loss=2.6712718523640725e-04, pmove=0.94238281
I0512 11:11:42.548230 129781289469760 pretrain.py:352] Pretrain iter 00000355: loss=2.9297108087066005e-04, pmove=0.94409180
I0512 11:11:42.600009 129781289469760 pretrain.py:352] Pretrain iter 00000356: loss=2.3946061991065865e-04, pmove=0.93237305
I0512 11:11:42.651871 129781289469760 pretrain.py:352] Pretrain iter 00000357: loss=1.8352444704344061e-04, pmove=0.93823242
I0512 11:11:42.703989 129781289469760 pretrain.py:352] Pretrain iter 00000358: loss=1.4978654043069662e-04, pmove=0.94482422
I0512 11:11:42.755947 129781289469760 pretrain.py:352] Pretrain iter 00000359: loss=1.6821345043881164e-04, pmove=0.94653320
I0512 11:11:42.807830 129781289469760 pretrain.py:352] Pretrain iter 00000360: loss=2.0475985140081969e-04, pmove=0.94067383
I0512 11:11:42.859990 129781289469760 pretrain.py:352] Pretrain iter 00000361: loss=2.0830337228069739e-04, pmove=0.94653320
I0512 11:11:42.912183 129781289469760 pretrain.py:352] Pretrain iter 00000362: loss=1.8533368826996534e-04, pmove=0.93481445
I0512 11:11:42.964710 129781289469760 pretrain.py:352] Pretrain iter 00000363: loss=1.5241451631144051e-04, pmove=0.93823242
I0512 11:11:43.017317 129781289469760 pretrain.py:352] Pretrain iter 00000364: loss=1.4722607415388323e-04, pmove=0.93798828
I0512 11:11:43.069741 129781289469760 pretrain.py:352] Pretrain iter 00000365: loss=1.6967649504404970e-04, pmove=0.93847656
I0512 11:11:43.121883 129781289469760 pretrain.py:352] Pretrain iter 00000366: loss=1.8306759188574287e-04, pmove=0.93530273
I0512 11:11:43.173913 129781289469760 pretrain.py:352] Pretrain iter 00000367: loss=1.7597069230763866e-04, pmove=0.94189453
I0512 11:11:43.226457 129781289469760 pretrain.py:352] Pretrain iter 00000368: loss=1.5159244085101621e-04, pmove=0.94213867
I0512 11:11:43.279016 129781289469760 pretrain.py:352] Pretrain iter 00000369: loss=1.4299315423849142e-04, pmove=0.93920898
I0512 11:11:43.331559 129781289469760 pretrain.py:352] Pretrain iter 00000370: loss=1.5413463623730785e-04, pmove=0.93823242
I0512 11:11:43.383715 129781289469760 pretrain.py:352] Pretrain iter 00000371: loss=1.6592801880982916e-04, pmove=0.93847656
I0512 11:11:43.444961 129781289469760 pretrain.py:352] Pretrain iter 00000372: loss=1.6815339797519090e-04, pmove=0.94824219
I0512 11:11:43.496430 129781289469760 pretrain.py:352] Pretrain iter 00000373: loss=1.5585322624086064e-04, pmove=0.94018555
I0512 11:11:43.552848 129781289469760 pretrain.py:352] Pretrain iter 00000374: loss=1.4408116232278773e-04, pmove=0.94335938
I0512 11:11:43.604393 129781289469760 pretrain.py:352] Pretrain iter 00000375: loss=1.4629162929581137e-04, pmove=0.93725586
I0512 11:11:43.655872 129781289469760 pretrain.py:352] Pretrain iter 00000376: loss=1.5497301086437316e-04, pmove=0.93969727
I0512 11:11:43.707462 129781289469760 pretrain.py:352] Pretrain iter 00000377: loss=1.5975268849944773e-04, pmove=0.93725586
I0512 11:11:43.758950 129781289469760 pretrain.py:352] Pretrain iter 00000378: loss=1.5375725490946460e-04, pmove=0.93652344
I0512 11:11:43.810437 129781289469760 pretrain.py:352] Pretrain iter 00000379: loss=1.4543349878610778e-04, pmove=0.94213867
I0512 11:11:43.861903 129781289469760 pretrain.py:352] Pretrain iter 00000380: loss=1.4165203141413733e-04, pmove=0.93676758
I0512 11:11:43.913804 129781289469760 pretrain.py:352] Pretrain iter 00000381: loss=1.4356456068465365e-04, pmove=0.94384766
I0512 11:11:43.966567 129781289469760 pretrain.py:352] Pretrain iter 00000382: loss=1.4954697253819008e-04, pmove=0.93603516
I0512 11:11:44.019156 129781289469760 pretrain.py:352] Pretrain iter 00000383: loss=1.5003570305622139e-04, pmove=0.94311523
I0512 11:11:44.071505 129781289469760 pretrain.py:352] Pretrain iter 00000384: loss=1.4821571455856663e-04, pmove=0.94165039
I0512 11:11:44.123843 129781289469760 pretrain.py:352] Pretrain iter 00000385: loss=1.4246575100748389e-04, pmove=0.94042969
I0512 11:11:44.176203 129781289469760 pretrain.py:352] Pretrain iter 00000386: loss=1.3950257356535505e-04, pmove=0.93920898
I0512 11:11:44.228578 129781289469760 pretrain.py:352] Pretrain iter 00000387: loss=1.3952659175856593e-04, pmove=0.93505859
I0512 11:11:44.280898 129781289469760 pretrain.py:352] Pretrain iter 00000388: loss=1.4245780085871311e-04, pmove=0.94213867
I0512 11:11:44.333245 129781289469760 pretrain.py:352] Pretrain iter 00000389: loss=1.4385346594452227e-04, pmove=0.93969727
I0512 11:11:44.385529 129781289469760 pretrain.py:352] Pretrain iter 00000390: loss=1.4273405632879817e-04, pmove=0.93432617
I0512 11:11:44.437976 129781289469760 pretrain.py:352] Pretrain iter 00000391: loss=1.4039915020532136e-04, pmove=0.94458008
I0512 11:11:44.490204 129781289469760 pretrain.py:352] Pretrain iter 00000392: loss=1.3716533523977208e-04, pmove=0.93676758
I0512 11:11:44.542406 129781289469760 pretrain.py:352] Pretrain iter 00000393: loss=1.3476301328334947e-04, pmove=0.93725586
I0512 11:11:44.594378 129781289469760 pretrain.py:352] Pretrain iter 00000394: loss=1.3464001749048077e-04, pmove=0.94360352
I0512 11:11:44.646149 129781289469760 pretrain.py:352] Pretrain iter 00000395: loss=1.3582875858942118e-04, pmove=0.94262695
I0512 11:11:44.698521 129781289469760 pretrain.py:352] Pretrain iter 00000396: loss=1.3534845871836839e-04, pmove=0.93750000
I0512 11:11:44.750885 129781289469760 pretrain.py:352] Pretrain iter 00000397: loss=1.3453331001496565e-04, pmove=0.94311523
I0512 11:11:44.803053 129781289469760 pretrain.py:352] Pretrain iter 00000398: loss=1.3467411194808231e-04, pmove=0.93627930
I0512 11:11:44.855343 129781289469760 pretrain.py:352] Pretrain iter 00000399: loss=1.3327061094819471e-04, pmove=0.94140625
I0512 11:11:44.907640 129781289469760 pretrain.py:352] Pretrain iter 00000400: loss=1.3107668296615004e-04, pmove=0.94140625
I0512 11:11:44.960085 129781289469760 pretrain.py:352] Pretrain iter 00000401: loss=1.2980808725641721e-04, pmove=0.94213867
I0512 11:11:45.012511 129781289469760 pretrain.py:352] Pretrain iter 00000402: loss=1.2825217989608756e-04, pmove=0.94580078
I0512 11:11:45.064953 129781289469760 pretrain.py:352] Pretrain iter 00000403: loss=1.2878299758546722e-04, pmove=0.94311523
I0512 11:11:45.117425 129781289469760 pretrain.py:352] Pretrain iter 00000404: loss=1.2950595340155592e-04, pmove=0.94311523
I0512 11:11:45.169709 129781289469760 pretrain.py:352] Pretrain iter 00000405: loss=1.2902645179627199e-04, pmove=0.93896484
I0512 11:11:45.222190 129781289469760 pretrain.py:352] Pretrain iter 00000406: loss=1.2841989088544344e-04, pmove=0.93872070
I0512 11:11:45.274453 129781289469760 pretrain.py:352] Pretrain iter 00000407: loss=1.2695430115921953e-04, pmove=0.93359375
I0512 11:11:45.326093 129781289469760 pretrain.py:352] Pretrain iter 00000408: loss=1.2764408116705894e-04, pmove=0.94042969
I0512 11:11:45.377759 129781289469760 pretrain.py:352] Pretrain iter 00000409: loss=1.2628785806672747e-04, pmove=0.94506836
I0512 11:11:45.429767 129781289469760 pretrain.py:352] Pretrain iter 00000410: loss=1.2571265602068346e-04, pmove=0.93310547
I0512 11:11:45.482208 129781289469760 pretrain.py:352] Pretrain iter 00000411: loss=1.2460428797989262e-04, pmove=0.93554688
I0512 11:11:45.534536 129781289469760 pretrain.py:352] Pretrain iter 00000412: loss=1.2507854082117223e-04, pmove=0.93627930
I0512 11:11:45.586981 129781289469760 pretrain.py:352] Pretrain iter 00000413: loss=1.2506975402153516e-04, pmove=0.93627930
I0512 11:11:45.639428 129781289469760 pretrain.py:352] Pretrain iter 00000414: loss=1.2547531674922665e-04, pmove=0.94946289
I0512 11:11:45.691802 129781289469760 pretrain.py:352] Pretrain iter 00000415: loss=1.2594480857516438e-04, pmove=0.93164062
I0512 11:11:45.744716 129781289469760 pretrain.py:352] Pretrain iter 00000416: loss=1.2547316313484496e-04, pmove=0.94287109
I0512 11:11:45.797115 129781289469760 pretrain.py:352] Pretrain iter 00000417: loss=1.2591573203502747e-04, pmove=0.93798828
I0512 11:11:45.849565 129781289469760 pretrain.py:352] Pretrain iter 00000418: loss=1.2545930999275954e-04, pmove=0.93701172
I0512 11:11:45.902504 129781289469760 pretrain.py:352] Pretrain iter 00000419: loss=1.2640031928643706e-04, pmove=0.94189453
I0512 11:11:45.955289 129781289469760 pretrain.py:352] Pretrain iter 00000420: loss=1.2729705488696667e-04, pmove=0.93823242
I0512 11:11:46.007876 129781289469760 pretrain.py:352] Pretrain iter 00000421: loss=1.2922946005826513e-04, pmove=0.94409180
I0512 11:11:46.060132 129781289469760 pretrain.py:352] Pretrain iter 00000422: loss=1.3403014727111988e-04, pmove=0.93676758
I0512 11:11:46.112026 129781289469760 pretrain.py:352] Pretrain iter 00000423: loss=1.4582595011686011e-04, pmove=0.94042969
I0512 11:11:46.164433 129781289469760 pretrain.py:352] Pretrain iter 00000424: loss=1.6710051808741506e-04, pmove=0.93530273
I0512 11:11:46.216689 129781289469760 pretrain.py:352] Pretrain iter 00000425: loss=2.1357583102426253e-04, pmove=0.93676758
I0512 11:11:46.269136 129781289469760 pretrain.py:352] Pretrain iter 00000426: loss=2.7311289434953746e-04, pmove=0.93579102
I0512 11:11:46.321514 129781289469760 pretrain.py:352] Pretrain iter 00000427: loss=3.8729445760079736e-04, pmove=0.94189453
I0512 11:11:46.373878 129781289469760 pretrain.py:352] Pretrain iter 00000428: loss=3.8437829855534369e-04, pmove=0.93286133
I0512 11:11:46.426320 129781289469760 pretrain.py:352] Pretrain iter 00000429: loss=3.4515902606804225e-04, pmove=0.94238281
I0512 11:11:46.478559 129781289469760 pretrain.py:352] Pretrain iter 00000430: loss=1.7587058568601532e-04, pmove=0.94628906
I0512 11:11:46.530869 129781289469760 pretrain.py:352] Pretrain iter 00000431: loss=1.3515357292530797e-04, pmove=0.93945312
I0512 11:11:46.583350 129781289469760 pretrain.py:352] Pretrain iter 00000432: loss=2.1773591146597164e-04, pmove=0.94018555
I0512 11:11:46.636096 129781289469760 pretrain.py:352] Pretrain iter 00000433: loss=2.5255475945077060e-04, pmove=0.93579102
I0512 11:11:46.688924 129781289469760 pretrain.py:352] Pretrain iter 00000434: loss=2.0361705444445913e-04, pmove=0.94702148
I0512 11:11:46.741639 129781289469760 pretrain.py:352] Pretrain iter 00000435: loss=1.2516255529520696e-04, pmove=0.94384766
I0512 11:11:46.794291 129781289469760 pretrain.py:352] Pretrain iter 00000436: loss=1.4617600639099830e-04, pmove=0.92895508
I0512 11:11:46.846863 129781289469760 pretrain.py:352] Pretrain iter 00000437: loss=2.0796624071869112e-04, pmove=0.93823242
I0512 11:11:46.899552 129781289469760 pretrain.py:352] Pretrain iter 00000438: loss=1.8424020980833641e-04, pmove=0.93457031
I0512 11:11:46.952119 129781289469760 pretrain.py:352] Pretrain iter 00000439: loss=1.3112401797740704e-04, pmove=0.94311523
I0512 11:11:47.004715 129781289469760 pretrain.py:352] Pretrain iter 00000440: loss=1.2571080454183768e-04, pmove=0.94433594
I0512 11:11:47.057466 129781289469760 pretrain.py:352] Pretrain iter 00000441: loss=1.6132708424560873e-04, pmove=0.93872070
I0512 11:11:47.110213 129781289469760 pretrain.py:352] Pretrain iter 00000442: loss=1.6838452274342487e-04, pmove=0.93457031
I0512 11:11:47.162986 129781289469760 pretrain.py:352] Pretrain iter 00000443: loss=1.3038768289138600e-04, pmove=0.93896484
I0512 11:11:47.215646 129781289469760 pretrain.py:352] Pretrain iter 00000444: loss=1.2188969160255693e-04, pmove=0.94067383
I0512 11:11:47.268237 129781289469760 pretrain.py:352] Pretrain iter 00000445: loss=1.4415534262891594e-04, pmove=0.93359375
I0512 11:11:47.320727 129781289469760 pretrain.py:352] Pretrain iter 00000446: loss=1.4530278431062246e-04, pmove=0.94067383
I0512 11:11:47.373472 129781289469760 pretrain.py:352] Pretrain iter 00000447: loss=1.2288738932220237e-04, pmove=0.94580078
I0512 11:11:47.426202 129781289469760 pretrain.py:352] Pretrain iter 00000448: loss=1.1678286462909745e-04, pmove=0.94091797
I0512 11:11:47.478783 129781289469760 pretrain.py:352] Pretrain iter 00000449: loss=1.3103940059812670e-04, pmove=0.93945312
I0512 11:11:47.531600 129781289469760 pretrain.py:352] Pretrain iter 00000450: loss=1.3592692285846296e-04, pmove=0.94360352
I0512 11:11:47.583759 129781289469760 pretrain.py:352] Pretrain iter 00000451: loss=1.2080334687770336e-04, pmove=0.93554688
I0512 11:11:47.636289 129781289469760 pretrain.py:352] Pretrain iter 00000452: loss=1.1436008364316153e-04, pmove=0.93847656
I0512 11:11:47.689012 129781289469760 pretrain.py:352] Pretrain iter 00000453: loss=1.2343008135313495e-04, pmove=0.94482422
I0512 11:11:47.741707 129781289469760 pretrain.py:352] Pretrain iter 00000454: loss=1.2685954419113784e-04, pmove=0.94067383
I0512 11:11:47.794073 129781289469760 pretrain.py:352] Pretrain iter 00000455: loss=1.1899351090420020e-04, pmove=0.93017578
I0512 11:11:47.846225 129781289469760 pretrain.py:352] Pretrain iter 00000456: loss=1.1463276133659598e-04, pmove=0.93847656
I0512 11:11:47.898504 129781289469760 pretrain.py:352] Pretrain iter 00000457: loss=1.2022009010793036e-04, pmove=0.94018555
I0512 11:11:47.951263 129781289469760 pretrain.py:352] Pretrain iter 00000458: loss=1.2527409610543842e-04, pmove=0.93554688
I0512 11:11:48.003900 129781289469760 pretrain.py:352] Pretrain iter 00000459: loss=1.1949893107594994e-04, pmove=0.94116211
I0512 11:11:48.056495 129781289469760 pretrain.py:352] Pretrain iter 00000460: loss=1.1218147616977894e-04, pmove=0.93603516
I0512 11:11:48.109132 129781289469760 pretrain.py:352] Pretrain iter 00000461: loss=1.1491211217332922e-04, pmove=0.94116211
I0512 11:11:48.161773 129781289469760 pretrain.py:352] Pretrain iter 00000462: loss=1.2098565818369837e-04, pmove=0.94140625
I0512 11:11:48.214468 129781289469760 pretrain.py:352] Pretrain iter 00000463: loss=1.2058037421297587e-04, pmove=0.93627930
I0512 11:11:48.266894 129781289469760 pretrain.py:352] Pretrain iter 00000464: loss=1.1444223698995725e-04, pmove=0.93969727
I0512 11:11:48.319543 129781289469760 pretrain.py:352] Pretrain iter 00000465: loss=1.1246212323250155e-04, pmove=0.93872070
I0512 11:11:48.372173 129781289469760 pretrain.py:352] Pretrain iter 00000466: loss=1.1420442007346557e-04, pmove=0.94213867
I0512 11:11:48.424891 129781289469760 pretrain.py:352] Pretrain iter 00000467: loss=1.1662685328128809e-04, pmove=0.94042969
I0512 11:11:48.477604 129781289469760 pretrain.py:352] Pretrain iter 00000468: loss=1.1505793803775890e-04, pmove=0.94897461
I0512 11:11:48.530289 129781289469760 pretrain.py:352] Pretrain iter 00000469: loss=1.1280509199676115e-04, pmove=0.93750000
I0512 11:11:48.582777 129781289469760 pretrain.py:352] Pretrain iter 00000470: loss=1.1258943712797240e-04, pmove=0.94091797
I0512 11:11:48.635419 129781289469760 pretrain.py:352] Pretrain iter 00000471: loss=1.1519907933856181e-04, pmove=0.93945312
I0512 11:11:48.688063 129781289469760 pretrain.py:352] Pretrain iter 00000472: loss=1.1594433344035370e-04, pmove=0.93750000
I0512 11:11:48.740726 129781289469760 pretrain.py:352] Pretrain iter 00000473: loss=1.1487496027241636e-04, pmove=0.94091797
I0512 11:11:48.793376 129781289469760 pretrain.py:352] Pretrain iter 00000474: loss=1.1325056684907570e-04, pmove=0.93701172
I0512 11:11:48.846009 129781289469760 pretrain.py:352] Pretrain iter 00000475: loss=1.1310866007750936e-04, pmove=0.94189453
I0512 11:11:48.898631 129781289469760 pretrain.py:352] Pretrain iter 00000476: loss=1.1415317127417073e-04, pmove=0.93896484
I0512 11:11:48.951196 129781289469760 pretrain.py:352] Pretrain iter 00000477: loss=1.1312913754542822e-04, pmove=0.93554688
I0512 11:11:49.003787 129781289469760 pretrain.py:352] Pretrain iter 00000478: loss=1.1375602906466238e-04, pmove=0.93994141
I0512 11:11:49.060114 129781289469760 pretrain.py:352] Pretrain iter 00000479: loss=1.1190227014726713e-04, pmove=0.94287109
I0512 11:11:49.113575 129781289469760 pretrain.py:352] Pretrain iter 00000480: loss=1.1124287102927384e-04, pmove=0.94287109
I0512 11:11:49.166307 129781289469760 pretrain.py:352] Pretrain iter 00000481: loss=1.1091227224831681e-04, pmove=0.93920898
I0512 11:11:49.219386 129781289469760 pretrain.py:352] Pretrain iter 00000482: loss=1.1188787097013456e-04, pmove=0.93237305
I0512 11:11:49.272208 129781289469760 pretrain.py:352] Pretrain iter 00000483: loss=1.1281825517429449e-04, pmove=0.93725586
I0512 11:11:49.324873 129781289469760 pretrain.py:352] Pretrain iter 00000484: loss=1.1309546944543721e-04, pmove=0.94042969
I0512 11:11:49.377366 129781289469760 pretrain.py:352] Pretrain iter 00000485: loss=1.1141086605950999e-04, pmove=0.93383789
I0512 11:11:49.429951 129781289469760 pretrain.py:352] Pretrain iter 00000486: loss=1.0938672004956788e-04, pmove=0.94140625
I0512 11:11:49.482498 129781289469760 pretrain.py:352] Pretrain iter 00000487: loss=1.0771605361050058e-04, pmove=0.93261719
I0512 11:11:49.535138 129781289469760 pretrain.py:352] Pretrain iter 00000488: loss=1.0799982633480124e-04, pmove=0.93286133
I0512 11:11:49.587690 129781289469760 pretrain.py:352] Pretrain iter 00000489: loss=1.0983211966607108e-04, pmove=0.94042969
I0512 11:11:49.640275 129781289469760 pretrain.py:352] Pretrain iter 00000490: loss=1.1088459483744080e-04, pmove=0.93847656
I0512 11:11:49.693102 129781289469760 pretrain.py:352] Pretrain iter 00000491: loss=1.1015362958871019e-04, pmove=0.94970703
I0512 11:11:49.745776 129781289469760 pretrain.py:352] Pretrain iter 00000492: loss=1.0963670019180615e-04, pmove=0.93823242
I0512 11:11:49.798479 129781289469760 pretrain.py:352] Pretrain iter 00000493: loss=1.0850049168401206e-04, pmove=0.93579102
I0512 11:11:49.851108 129781289469760 pretrain.py:352] Pretrain iter 00000494: loss=1.0836719290116856e-04, pmove=0.93920898
I0512 11:11:49.903694 129781289469760 pretrain.py:352] Pretrain iter 00000495: loss=1.0814314338592271e-04, pmove=0.94140625
I0512 11:11:49.956420 129781289469760 pretrain.py:352] Pretrain iter 00000496: loss=1.0686380551004625e-04, pmove=0.94213867
I0512 11:11:50.008887 129781289469760 pretrain.py:352] Pretrain iter 00000497: loss=1.0674457784236214e-04, pmove=0.94042969
I0512 11:11:50.061497 129781289469760 pretrain.py:352] Pretrain iter 00000498: loss=1.0897403211298892e-04, pmove=0.93310547
I0512 11:11:50.114158 129781289469760 pretrain.py:352] Pretrain iter 00000499: loss=1.0860169431588697e-04, pmove=0.93847656
I0512 11:11:50.166788 129781289469760 pretrain.py:352] Pretrain iter 00000500: loss=1.0853289497248840e-04, pmove=0.94409180
I0512 11:11:50.219401 129781289469760 pretrain.py:352] Pretrain iter 00000501: loss=1.0774883817588859e-04, pmove=0.93652344
I0512 11:11:50.272092 129781289469760 pretrain.py:352] Pretrain iter 00000502: loss=1.0670394699660873e-04, pmove=0.93579102
I0512 11:11:50.324557 129781289469760 pretrain.py:352] Pretrain iter 00000503: loss=1.0724650959465315e-04, pmove=0.93041992
I0512 11:11:50.376946 129781289469760 pretrain.py:352] Pretrain iter 00000504: loss=1.0771048815513475e-04, pmove=0.94384766
I0512 11:11:50.428908 129781289469760 pretrain.py:352] Pretrain iter 00000505: loss=1.0689903503107541e-04, pmove=0.94091797
I0512 11:11:50.481501 129781289469760 pretrain.py:352] Pretrain iter 00000506: loss=1.0669937579662966e-04, pmove=0.93188477
I0512 11:11:50.534138 129781289469760 pretrain.py:352] Pretrain iter 00000507: loss=1.0604558333323658e-04, pmove=0.93823242
I0512 11:11:50.586750 129781289469760 pretrain.py:352] Pretrain iter 00000508: loss=1.0460326338532691e-04, pmove=0.93920898
I0512 11:11:50.639435 129781289469760 pretrain.py:352] Pretrain iter 00000509: loss=1.0516969279589596e-04, pmove=0.94018555
I0512 11:11:50.691866 129781289469760 pretrain.py:352] Pretrain iter 00000510: loss=1.0583251985689994e-04, pmove=0.94213867
I0512 11:11:50.744348 129781289469760 pretrain.py:352] Pretrain iter 00000511: loss=1.0519853964383232e-04, pmove=0.93701172
I0512 11:11:50.796939 129781289469760 pretrain.py:352] Pretrain iter 00000512: loss=1.0562492313751198e-04, pmove=0.94335938
I0512 11:11:50.849413 129781289469760 pretrain.py:352] Pretrain iter 00000513: loss=1.0765527574630377e-04, pmove=0.93603516
I0512 11:11:50.901980 129781289469760 pretrain.py:352] Pretrain iter 00000514: loss=1.1055117062518013e-04, pmove=0.93847656
I0512 11:11:50.954656 129781289469760 pretrain.py:352] Pretrain iter 00000515: loss=1.1613030728804131e-04, pmove=0.94287109
I0512 11:11:51.007277 129781289469760 pretrain.py:352] Pretrain iter 00000516: loss=1.2557555784286045e-04, pmove=0.94335938
I0512 11:11:51.059868 129781289469760 pretrain.py:352] Pretrain iter 00000517: loss=1.4406790494067846e-04, pmove=0.93750000
I0512 11:11:51.112453 129781289469760 pretrain.py:352] Pretrain iter 00000518: loss=1.6811141356822733e-04, pmove=0.94189453
I0512 11:11:51.164961 129781289469760 pretrain.py:352] Pretrain iter 00000519: loss=2.1425185864459070e-04, pmove=0.94726562
I0512 11:11:51.217568 129781289469760 pretrain.py:352] Pretrain iter 00000520: loss=2.4620877925892202e-04, pmove=0.93969727
I0512 11:11:51.270188 129781289469760 pretrain.py:352] Pretrain iter 00000521: loss=2.9898081573645106e-04, pmove=0.94775391
I0512 11:11:51.322864 129781289469760 pretrain.py:352] Pretrain iter 00000522: loss=2.5786783920427324e-04, pmove=0.93847656
I0512 11:11:51.375456 129781289469760 pretrain.py:352] Pretrain iter 00000523: loss=2.0107517168511390e-04, pmove=0.93872070
I0512 11:11:51.427979 129781289469760 pretrain.py:352] Pretrain iter 00000524: loss=1.2006925036128074e-04, pmove=0.94384766
I0512 11:11:51.480568 129781289469760 pretrain.py:352] Pretrain iter 00000525: loss=1.0385222264175668e-04, pmove=0.94482422
I0512 11:11:51.533177 129781289469760 pretrain.py:352] Pretrain iter 00000526: loss=1.4636657862802398e-04, pmove=0.93969727
I0512 11:11:51.585876 129781289469760 pretrain.py:352] Pretrain iter 00000527: loss=1.8514457376695315e-04, pmove=0.94042969
I0512 11:11:51.638274 129781289469760 pretrain.py:352] Pretrain iter 00000528: loss=1.9060284144738204e-04, pmove=0.93896484
I0512 11:11:51.690915 129781289469760 pretrain.py:352] Pretrain iter 00000529: loss=1.3724512796597501e-04, pmove=0.94750977
I0512 11:11:51.743310 129781289469760 pretrain.py:352] Pretrain iter 00000530: loss=9.9208493811011805e-05, pmove=0.94140625
I0512 11:11:51.795886 129781289469760 pretrain.py:352] Pretrain iter 00000531: loss=1.0775354162410231e-04, pmove=0.93945312
I0512 11:11:51.848549 129781289469760 pretrain.py:352] Pretrain iter 00000532: loss=1.3818251476578204e-04, pmove=0.93627930
I0512 11:11:51.900844 129781289469760 pretrain.py:352] Pretrain iter 00000533: loss=1.5499654126895340e-04, pmove=0.94165039
I0512 11:11:51.953081 129781289469760 pretrain.py:352] Pretrain iter 00000534: loss=1.2890571837355412e-04, pmove=0.93798828
I0512 11:11:52.005685 129781289469760 pretrain.py:352] Pretrain iter 00000535: loss=1.0185135277254156e-04, pmove=0.94238281
I0512 11:11:52.058329 129781289469760 pretrain.py:352] Pretrain iter 00000536: loss=9.9637647949196706e-05, pmove=0.94213867
I0512 11:11:52.110985 129781289469760 pretrain.py:352] Pretrain iter 00000537: loss=1.1659645165381495e-04, pmove=0.94580078
I0512 11:11:52.163535 129781289469760 pretrain.py:352] Pretrain iter 00000538: loss=1.2683026121573378e-04, pmove=0.93969727
I0512 11:11:52.216092 129781289469760 pretrain.py:352] Pretrain iter 00000539: loss=1.1471489099002331e-04, pmove=0.94384766
I0512 11:11:52.268671 129781289469760 pretrain.py:352] Pretrain iter 00000540: loss=9.8768707386189068e-05, pmove=0.94018555
I0512 11:11:52.321310 129781289469760 pretrain.py:352] Pretrain iter 00000541: loss=9.4572034467487351e-05, pmove=0.93676758
I0512 11:11:52.373753 129781289469760 pretrain.py:352] Pretrain iter 00000542: loss=1.0349473814215556e-04, pmove=0.93798828
I0512 11:11:52.426417 129781289469760 pretrain.py:352] Pretrain iter 00000543: loss=1.1309562018697950e-04, pmove=0.94409180
I0512 11:11:52.479041 129781289469760 pretrain.py:352] Pretrain iter 00000544: loss=1.1067801814028867e-04, pmove=0.94384766
I0512 11:11:52.531618 129781289469760 pretrain.py:352] Pretrain iter 00000545: loss=1.0072692931549477e-04, pmove=0.94018555
I0512 11:11:52.584278 129781289469760 pretrain.py:352] Pretrain iter 00000546: loss=9.4667558180773568e-05, pmove=0.93969727
I0512 11:11:52.636682 129781289469760 pretrain.py:352] Pretrain iter 00000547: loss=9.7896813155241071e-05, pmove=0.94213867
I0512 11:11:52.689286 129781289469760 pretrain.py:352] Pretrain iter 00000548: loss=1.0383211151028114e-04, pmove=0.94433594
I0512 11:11:52.741842 129781289469760 pretrain.py:352] Pretrain iter 00000549: loss=1.0514950967321825e-04, pmove=0.93676758
I0512 11:11:52.794390 129781289469760 pretrain.py:352] Pretrain iter 00000550: loss=9.8525904221626634e-05, pmove=0.94018555
I0512 11:11:52.847020 129781289469760 pretrain.py:352] Pretrain iter 00000551: loss=9.3568099859384104e-05, pmove=0.93066406
I0512 11:11:52.899594 129781289469760 pretrain.py:352] Pretrain iter 00000552: loss=9.3317675359949064e-05, pmove=0.94238281
I0512 11:11:52.952203 129781289469760 pretrain.py:352] Pretrain iter 00000553: loss=9.7657540339450758e-05, pmove=0.93847656
I0512 11:11:53.004808 129781289469760 pretrain.py:352] Pretrain iter 00000554: loss=1.0103449695746239e-04, pmove=0.93652344
I0512 11:11:53.057422 129781289469760 pretrain.py:352] Pretrain iter 00000555: loss=1.0043175102241682e-04, pmove=0.93261719
I0512 11:11:53.109850 129781289469760 pretrain.py:352] Pretrain iter 00000556: loss=9.6125849333460474e-05, pmove=0.94140625
I0512 11:11:53.162495 129781289469760 pretrain.py:352] Pretrain iter 00000557: loss=9.3587794189162836e-05, pmove=0.93603516
I0512 11:11:53.215154 129781289469760 pretrain.py:352] Pretrain iter 00000558: loss=9.3623232125289972e-05, pmove=0.93750000
I0512 11:11:53.267654 129781289469760 pretrain.py:352] Pretrain iter 00000559: loss=9.6040760380316676e-05, pmove=0.94433594
I0512 11:11:53.320251 129781289469760 pretrain.py:352] Pretrain iter 00000560: loss=9.8964744688212269e-05, pmove=0.93847656
I0512 11:11:53.372920 129781289469760 pretrain.py:352] Pretrain iter 00000561: loss=9.9713388400666825e-05, pmove=0.94018555
I0512 11:11:53.425511 129781289469760 pretrain.py:352] Pretrain iter 00000562: loss=9.8016608362796532e-05, pmove=0.94653320
I0512 11:11:53.478151 129781289469760 pretrain.py:352] Pretrain iter 00000563: loss=9.7172220125359534e-05, pmove=0.94116211
I0512 11:11:53.530756 129781289469760 pretrain.py:352] Pretrain iter 00000564: loss=9.4988355863445407e-05, pmove=0.94262695
I0512 11:11:53.583460 129781289469760 pretrain.py:352] Pretrain iter 00000565: loss=9.4874263702345577e-05, pmove=0.94604492
I0512 11:11:53.636065 129781289469760 pretrain.py:352] Pretrain iter 00000566: loss=9.4514350371511193e-05, pmove=0.94458008
I0512 11:11:53.688622 129781289469760 pretrain.py:352] Pretrain iter 00000567: loss=9.7089221490811523e-05, pmove=0.93945312
I0512 11:11:53.741306 129781289469760 pretrain.py:352] Pretrain iter 00000568: loss=9.6471184640569698e-05, pmove=0.94165039
I0512 11:11:53.793905 129781289469760 pretrain.py:352] Pretrain iter 00000569: loss=9.7481973279162963e-05, pmove=0.93750000
I0512 11:11:53.846456 129781289469760 pretrain.py:352] Pretrain iter 00000570: loss=9.4829360181987083e-05, pmove=0.93652344
I0512 11:11:53.899121 129781289469760 pretrain.py:352] Pretrain iter 00000571: loss=9.3067501232965962e-05, pmove=0.94360352
I0512 11:11:53.951738 129781289469760 pretrain.py:352] Pretrain iter 00000572: loss=9.1550485789498949e-05, pmove=0.93408203
I0512 11:11:54.004348 129781289469760 pretrain.py:352] Pretrain iter 00000573: loss=9.0600529723980589e-05, pmove=0.93774414
I0512 11:11:54.056985 129781289469760 pretrain.py:352] Pretrain iter 00000574: loss=9.1162878274491741e-05, pmove=0.93359375
I0512 11:11:54.109548 129781289469760 pretrain.py:352] Pretrain iter 00000575: loss=9.1316527684196528e-05, pmove=0.94360352
I0512 11:11:54.162142 129781289469760 pretrain.py:352] Pretrain iter 00000576: loss=9.3227345982228280e-05, pmove=0.94360352
I0512 11:11:54.214511 129781289469760 pretrain.py:352] Pretrain iter 00000577: loss=9.3876177103302896e-05, pmove=0.93847656
I0512 11:11:54.267108 129781289469760 pretrain.py:352] Pretrain iter 00000578: loss=9.3719390873319187e-05, pmove=0.94824219
I0512 11:11:54.319717 129781289469760 pretrain.py:352] Pretrain iter 00000579: loss=9.2835419852665426e-05, pmove=0.94384766
I0512 11:11:54.372215 129781289469760 pretrain.py:352] Pretrain iter 00000580: loss=9.1780604813136306e-05, pmove=0.93823242
I0512 11:11:54.424884 129781289469760 pretrain.py:352] Pretrain iter 00000581: loss=9.0862488303802746e-05, pmove=0.94140625
I0512 11:11:54.477297 129781289469760 pretrain.py:352] Pretrain iter 00000582: loss=8.9925752511077597e-05, pmove=0.94311523
I0512 11:11:54.529237 129781289469760 pretrain.py:352] Pretrain iter 00000583: loss=8.9828544672387875e-05, pmove=0.93847656
I0512 11:11:54.581475 129781289469760 pretrain.py:352] Pretrain iter 00000584: loss=8.9409221405157755e-05, pmove=0.94555664
I0512 11:11:54.633966 129781289469760 pretrain.py:352] Pretrain iter 00000585: loss=8.9556036722734914e-05, pmove=0.93725586
I0512 11:11:54.685983 129781289469760 pretrain.py:352] Pretrain iter 00000586: loss=9.0088783641036226e-05, pmove=0.93969727
I0512 11:11:54.737955 129781289469760 pretrain.py:352] Pretrain iter 00000587: loss=8.8795355799206537e-05, pmove=0.93408203
I0512 11:11:54.789845 129781289469760 pretrain.py:352] Pretrain iter 00000588: loss=8.9073899000378337e-05, pmove=0.94824219
I0512 11:11:54.841712 129781289469760 pretrain.py:352] Pretrain iter 00000589: loss=8.7980394947266265e-05, pmove=0.93652344
I0512 11:11:54.893597 129781289469760 pretrain.py:352] Pretrain iter 00000590: loss=8.7777017430824996e-05, pmove=0.94042969
I0512 11:11:54.945995 129781289469760 pretrain.py:352] Pretrain iter 00000591: loss=8.7454674373025148e-05, pmove=0.93652344
I0512 11:11:54.998605 129781289469760 pretrain.py:352] Pretrain iter 00000592: loss=8.7762460019122327e-05, pmove=0.94067383
I0512 11:11:55.051326 129781289469760 pretrain.py:352] Pretrain iter 00000593: loss=8.7246432873440053e-05, pmove=0.93847656
I0512 11:11:55.103946 129781289469760 pretrain.py:352] Pretrain iter 00000594: loss=8.6630298283258528e-05, pmove=0.94140625
I0512 11:11:55.156563 129781289469760 pretrain.py:352] Pretrain iter 00000595: loss=8.7295531552663170e-05, pmove=0.94042969
I0512 11:11:55.209198 129781289469760 pretrain.py:352] Pretrain iter 00000596: loss=8.8343787173631580e-05, pmove=0.93334961
I0512 11:11:55.261827 129781289469760 pretrain.py:352] Pretrain iter 00000597: loss=8.9337070071314516e-05, pmove=0.94897461
I0512 11:11:55.314420 129781289469760 pretrain.py:352] Pretrain iter 00000598: loss=9.1444376905165051e-05, pmove=0.94384766
I0512 11:11:55.366913 129781289469760 pretrain.py:352] Pretrain iter 00000599: loss=9.5243926057347867e-05, pmove=0.94091797
I0512 11:11:55.419499 129781289469760 pretrain.py:352] Pretrain iter 00000600: loss=1.0033348410032073e-04, pmove=0.93701172
I0512 11:11:55.471912 129781289469760 pretrain.py:352] Pretrain iter 00000601: loss=1.1033935238947355e-04, pmove=0.94335938
I0512 11:11:55.524532 129781289469760 pretrain.py:352] Pretrain iter 00000602: loss=1.2185607699617818e-04, pmove=0.93945312
I0512 11:11:55.577182 129781289469760 pretrain.py:352] Pretrain iter 00000603: loss=1.4263300929126771e-04, pmove=0.93481445
I0512 11:11:55.629850 129781289469760 pretrain.py:352] Pretrain iter 00000604: loss=1.6327075537471810e-04, pmove=0.94555664
I0512 11:11:55.682431 129781289469760 pretrain.py:352] Pretrain iter 00000605: loss=2.0033669434081422e-04, pmove=0.94262695
I0512 11:11:55.735072 129781289469760 pretrain.py:352] Pretrain iter 00000606: loss=2.1633356956512676e-04, pmove=0.93359375
I0512 11:11:55.787675 129781289469760 pretrain.py:352] Pretrain iter 00000607: loss=2.4455268064077512e-04, pmove=0.93505859
I0512 11:11:55.840271 129781289469760 pretrain.py:352] Pretrain iter 00000608: loss=2.0810045542118665e-04, pmove=0.93676758
I0512 11:11:55.892773 129781289469760 pretrain.py:352] Pretrain iter 00000609: loss=1.6911877342095302e-04, pmove=0.94018555
I0512 11:11:55.945383 129781289469760 pretrain.py:352] Pretrain iter 00000610: loss=1.1048744227851542e-04, pmove=0.94506836
I0512 11:11:55.997998 129781289469760 pretrain.py:352] Pretrain iter 00000611: loss=8.3158694913840954e-05, pmove=0.93872070
I0512 11:11:56.050578 129781289469760 pretrain.py:352] Pretrain iter 00000612: loss=9.2483583000380775e-05, pmove=0.93457031
I0512 11:11:56.103247 129781289469760 pretrain.py:352] Pretrain iter 00000613: loss=1.2082100496436929e-04, pmove=0.93432617
I0512 11:11:56.155717 129781289469760 pretrain.py:352] Pretrain iter 00000614: loss=1.4943964461521352e-04, pmove=0.93847656
I0512 11:11:56.208325 129781289469760 pretrain.py:352] Pretrain iter 00000615: loss=1.4792325002591113e-04, pmove=0.94140625
I0512 11:11:56.260924 129781289469760 pretrain.py:352] Pretrain iter 00000616: loss=1.3410290411977290e-04, pmove=0.93652344
I0512 11:11:56.313582 129781289469760 pretrain.py:352] Pretrain iter 00000617: loss=1.0418968013867504e-04, pmove=0.93750000
I0512 11:11:56.366189 129781289469760 pretrain.py:352] Pretrain iter 00000618: loss=8.5262942050672982e-05, pmove=0.94238281
I0512 11:11:56.418774 129781289469760 pretrain.py:352] Pretrain iter 00000619: loss=8.4506206600369862e-05, pmove=0.94238281
I0512 11:11:56.471255 129781289469760 pretrain.py:352] Pretrain iter 00000620: loss=9.6130593495716971e-05, pmove=0.93872070
I0512 11:11:56.523877 129781289469760 pretrain.py:352] Pretrain iter 00000621: loss=1.0860784482576680e-04, pmove=0.93774414
I0512 11:11:56.576492 129781289469760 pretrain.py:352] Pretrain iter 00000622: loss=1.0852144189174042e-04, pmove=0.94165039
I0512 11:11:56.629101 129781289469760 pretrain.py:352] Pretrain iter 00000623: loss=9.9702779050519206e-05, pmove=0.93750000
I0512 11:11:56.681553 129781289469760 pretrain.py:352] Pretrain iter 00000624: loss=8.7979703437267886e-05, pmove=0.94580078
I0512 11:11:56.734137 129781289469760 pretrain.py:352] Pretrain iter 00000625: loss=8.2661094673906491e-05, pmove=0.94653320
I0512 11:11:56.786628 129781289469760 pretrain.py:352] Pretrain iter 00000626: loss=8.3691403731436163e-05, pmove=0.94482422
I0512 11:11:56.839292 129781289469760 pretrain.py:352] Pretrain iter 00000627: loss=8.8241254226582776e-05, pmove=0.93725586
I0512 11:11:56.891807 129781289469760 pretrain.py:352] Pretrain iter 00000628: loss=9.3239368350368863e-05, pmove=0.94458008
I0512 11:11:56.944456 129781289469760 pretrain.py:352] Pretrain iter 00000629: loss=9.3688068480924912e-05, pmove=0.93750000
I0512 11:11:56.997072 129781289469760 pretrain.py:352] Pretrain iter 00000630: loss=8.9037866559841619e-05, pmove=0.94287109
I0512 11:11:57.049764 129781289469760 pretrain.py:352] Pretrain iter 00000631: loss=8.3026558402090003e-05, pmove=0.94042969
I0512 11:11:57.102389 129781289469760 pretrain.py:352] Pretrain iter 00000632: loss=7.9429262437441273e-05, pmove=0.93945312
I0512 11:11:57.155033 129781289469760 pretrain.py:352] Pretrain iter 00000633: loss=8.0018218089009436e-05, pmove=0.94116211
I0512 11:11:57.207568 129781289469760 pretrain.py:352] Pretrain iter 00000634: loss=8.2469288160808284e-05, pmove=0.94775391
I0512 11:11:57.260114 129781289469760 pretrain.py:352] Pretrain iter 00000635: loss=8.5934408842955727e-05, pmove=0.93530273
I0512 11:11:57.312736 129781289469760 pretrain.py:352] Pretrain iter 00000636: loss=8.7595431328123423e-05, pmove=0.93920898
I0512 11:11:57.365478 129781289469760 pretrain.py:352] Pretrain iter 00000637: loss=8.7167223873523209e-05, pmove=0.93920898
I0512 11:11:57.418101 129781289469760 pretrain.py:352] Pretrain iter 00000638: loss=8.5013279806720254e-05, pmove=0.94335938
I0512 11:11:57.470491 129781289469760 pretrain.py:352] Pretrain iter 00000639: loss=8.3442997784613062e-05, pmove=0.93750000
I0512 11:11:57.523074 129781289469760 pretrain.py:352] Pretrain iter 00000640: loss=8.1662631475400390e-05, pmove=0.94702148
I0512 11:11:57.575622 129781289469760 pretrain.py:352] Pretrain iter 00000641: loss=8.0792587242572178e-05, pmove=0.93896484
I0512 11:11:57.628251 129781289469760 pretrain.py:352] Pretrain iter 00000642: loss=8.1806709104045687e-05, pmove=0.93383789
I0512 11:11:57.680876 129781289469760 pretrain.py:352] Pretrain iter 00000643: loss=8.3535124825212442e-05, pmove=0.93969727
I0512 11:11:57.733359 129781289469760 pretrain.py:352] Pretrain iter 00000644: loss=8.5502804831629072e-05, pmove=0.94213867
I0512 11:11:57.785944 129781289469760 pretrain.py:352] Pretrain iter 00000645: loss=8.6661272732897995e-05, pmove=0.93530273
I0512 11:11:57.838469 129781289469760 pretrain.py:352] Pretrain iter 00000646: loss=8.7425012981245904e-05, pmove=0.94116211
I0512 11:11:57.891305 129781289469760 pretrain.py:352] Pretrain iter 00000647: loss=8.7505105491800161e-05, pmove=0.94750977
I0512 11:11:57.943582 129781289469760 pretrain.py:352] Pretrain iter 00000648: loss=8.6502735677021248e-05, pmove=0.94335938
I0512 11:11:57.996202 129781289469760 pretrain.py:352] Pretrain iter 00000649: loss=8.5746804812885622e-05, pmove=0.93383789
I0512 11:11:58.048643 129781289469760 pretrain.py:352] Pretrain iter 00000650: loss=8.4282888724377989e-05, pmove=0.94409180
I0512 11:11:58.101393 129781289469760 pretrain.py:352] Pretrain iter 00000651: loss=8.4406483570692933e-05, pmove=0.93896484
I0512 11:11:58.153990 129781289469760 pretrain.py:352] Pretrain iter 00000652: loss=8.2493508248598126e-05, pmove=0.94091797
I0512 11:11:58.206464 129781289469760 pretrain.py:352] Pretrain iter 00000653: loss=8.2577889530403281e-05, pmove=0.94091797
I0512 11:11:58.259041 129781289469760 pretrain.py:352] Pretrain iter 00000654: loss=8.0962256071472364e-05, pmove=0.94262695
I0512 11:11:58.311654 129781289469760 pretrain.py:352] Pretrain iter 00000655: loss=8.0416957667510557e-05, pmove=0.93774414
I0512 11:11:58.363893 129781289469760 pretrain.py:352] Pretrain iter 00000656: loss=8.0895389010460350e-05, pmove=0.93432617
I0512 11:11:58.415893 129781289469760 pretrain.py:352] Pretrain iter 00000657: loss=8.1317742089730900e-05, pmove=0.93676758
I0512 11:11:58.468467 129781289469760 pretrain.py:352] Pretrain iter 00000658: loss=8.2282477317221415e-05, pmove=0.94458008
I0512 11:11:58.520871 129781289469760 pretrain.py:352] Pretrain iter 00000659: loss=8.3197119669236851e-05, pmove=0.94409180
I0512 11:11:58.573417 129781289469760 pretrain.py:352] Pretrain iter 00000660: loss=8.4811169667683411e-05, pmove=0.94262695
I0512 11:11:58.626074 129781289469760 pretrain.py:352] Pretrain iter 00000661: loss=8.7306781365792077e-05, pmove=0.94091797
I0512 11:11:58.678690 129781289469760 pretrain.py:352] Pretrain iter 00000662: loss=9.0014091316722503e-05, pmove=0.94311523
I0512 11:11:58.731366 129781289469760 pretrain.py:352] Pretrain iter 00000663: loss=9.4099010599420452e-05, pmove=0.94677734
I0512 11:11:58.783967 129781289469760 pretrain.py:352] Pretrain iter 00000664: loss=9.8244437339893971e-05, pmove=0.93994141
I0512 11:11:58.836501 129781289469760 pretrain.py:352] Pretrain iter 00000665: loss=1.0295164305755013e-04, pmove=0.94018555
I0512 11:11:58.889181 129781289469760 pretrain.py:352] Pretrain iter 00000666: loss=1.0855426194776363e-04, pmove=0.94189453
I0512 11:11:58.941658 129781289469760 pretrain.py:352] Pretrain iter 00000667: loss=1.1839073075011131e-04, pmove=0.94531250
I0512 11:11:58.994266 129781289469760 pretrain.py:352] Pretrain iter 00000668: loss=1.2719786237106823e-04, pmove=0.94433594
I0512 11:11:59.046893 129781289469760 pretrain.py:352] Pretrain iter 00000669: loss=1.4434555574901063e-04, pmove=0.94702148
I0512 11:11:59.099521 129781289469760 pretrain.py:352] Pretrain iter 00000670: loss=1.5214472715917673e-04, pmove=0.94531250
I0512 11:11:59.152103 129781289469760 pretrain.py:352] Pretrain iter 00000671: loss=1.6449368449764103e-04, pmove=0.93896484
I0512 11:11:59.204674 129781289469760 pretrain.py:352] Pretrain iter 00000672: loss=1.5249972056833309e-04, pmove=0.94091797
I0512 11:11:59.257291 129781289469760 pretrain.py:352] Pretrain iter 00000673: loss=1.3877352024002431e-04, pmove=0.94604492
I0512 11:11:59.309929 129781289469760 pretrain.py:352] Pretrain iter 00000674: loss=1.1091292706323034e-04, pmove=0.94042969
I0512 11:11:59.362462 129781289469760 pretrain.py:352] Pretrain iter 00000675: loss=9.0734376148995878e-05, pmove=0.94335938
I0512 11:11:59.415083 129781289469760 pretrain.py:352] Pretrain iter 00000676: loss=7.8445392322340073e-05, pmove=0.94311523
I0512 11:11:59.467496 129781289469760 pretrain.py:352] Pretrain iter 00000677: loss=7.8676102423595881e-05, pmove=0.94433594
I0512 11:11:59.520078 129781289469760 pretrain.py:352] Pretrain iter 00000678: loss=8.7557115131278713e-05, pmove=0.94189453
I0512 11:11:59.572662 129781289469760 pretrain.py:352] Pretrain iter 00000679: loss=9.9036216623834693e-05, pmove=0.94067383
I0512 11:11:59.625328 129781289469760 pretrain.py:352] Pretrain iter 00000680: loss=1.1043250999614760e-04, pmove=0.93701172
I0512 11:11:59.677769 129781289469760 pretrain.py:352] Pretrain iter 00000681: loss=1.1400419872362427e-04, pmove=0.94238281
I0512 11:11:59.730403 129781289469760 pretrain.py:352] Pretrain iter 00000682: loss=1.1591775202432288e-04, pmove=0.94238281
I0512 11:11:59.782943 129781289469760 pretrain.py:352] Pretrain iter 00000683: loss=1.0621971322303451e-04, pmove=0.94360352
I0512 11:11:59.835521 129781289469760 pretrain.py:352] Pretrain iter 00000684: loss=9.4701673028934843e-05, pmove=0.94091797
I0512 11:11:59.888086 129781289469760 pretrain.py:352] Pretrain iter 00000685: loss=8.2560488248285561e-05, pmove=0.93896484
I0512 11:11:59.940541 129781289469760 pretrain.py:352] Pretrain iter 00000686: loss=7.5774722913080184e-05, pmove=0.94189453
I0512 11:11:59.992971 129781289469760 pretrain.py:352] Pretrain iter 00000687: loss=7.6147265376886008e-05, pmove=0.94238281
I0512 11:12:00.045621 129781289469760 pretrain.py:352] Pretrain iter 00000688: loss=8.1683334915438316e-05, pmove=0.93798828
I0512 11:12:00.098283 129781289469760 pretrain.py:352] Pretrain iter 00000689: loss=8.8320424275656893e-05, pmove=0.94238281
I0512 11:12:00.150861 129781289469760 pretrain.py:352] Pretrain iter 00000690: loss=9.2705347492633532e-05, pmove=0.93408203
I0512 11:12:00.203466 129781289469760 pretrain.py:352] Pretrain iter 00000691: loss=9.6324208840374594e-05, pmove=0.93969727
I0512 11:12:00.256059 129781289469760 pretrain.py:352] Pretrain iter 00000692: loss=9.5748378790240079e-05, pmove=0.93798828
I0512 11:12:00.308671 129781289469760 pretrain.py:352] Pretrain iter 00000693: loss=9.3428680801370371e-05, pmove=0.94018555
I0512 11:12:00.361345 129781289469760 pretrain.py:352] Pretrain iter 00000694: loss=8.9081618190528644e-05, pmove=0.94189453
I0512 11:12:00.413955 129781289469760 pretrain.py:352] Pretrain iter 00000695: loss=8.2929858419714426e-05, pmove=0.93920898
I0512 11:12:00.466501 129781289469760 pretrain.py:352] Pretrain iter 00000696: loss=7.8634894803417376e-05, pmove=0.94091797
I0512 11:12:00.519153 129781289469760 pretrain.py:352] Pretrain iter 00000697: loss=7.6070222530681228e-05, pmove=0.93823242
I0512 11:12:00.571699 129781289469760 pretrain.py:352] Pretrain iter 00000698: loss=7.4577414903801909e-05, pmove=0.93212891
I0512 11:12:00.624317 129781289469760 pretrain.py:352] Pretrain iter 00000699: loss=7.4216888713926949e-05, pmove=0.93261719
I0512 11:12:00.676897 129781289469760 pretrain.py:352] Pretrain iter 00000700: loss=7.5882421595564682e-05, pmove=0.94433594
I0512 11:12:00.729475 129781289469760 pretrain.py:352] Pretrain iter 00000701: loss=7.9396028053524236e-05, pmove=0.93945312
I0512 11:12:00.781946 129781289469760 pretrain.py:352] Pretrain iter 00000702: loss=8.1654173025173454e-05, pmove=0.94311523
I0512 11:12:00.834563 129781289469760 pretrain.py:352] Pretrain iter 00000703: loss=8.4724377120086309e-05, pmove=0.93847656
I0512 11:12:00.887112 129781289469760 pretrain.py:352] Pretrain iter 00000704: loss=8.9360824416200127e-05, pmove=0.94140625
I0512 11:12:00.939692 129781289469760 pretrain.py:352] Pretrain iter 00000705: loss=9.4817704938808590e-05, pmove=0.93652344
I0512 11:12:00.992309 129781289469760 pretrain.py:352] Pretrain iter 00000706: loss=1.0513466055615592e-04, pmove=0.94116211
I0512 11:12:01.044932 129781289469760 pretrain.py:352] Pretrain iter 00000707: loss=1.1803588878087355e-04, pmove=0.93847656
I0512 11:12:01.097533 129781289469760 pretrain.py:352] Pretrain iter 00000708: loss=1.4222862593065097e-04, pmove=0.93676758
I0512 11:12:01.150221 129781289469760 pretrain.py:352] Pretrain iter 00000709: loss=1.6494291242693065e-04, pmove=0.93408203
I0512 11:12:01.202899 129781289469760 pretrain.py:352] Pretrain iter 00000710: loss=2.0629136282697232e-04, pmove=0.93750000
I0512 11:12:01.255289 129781289469760 pretrain.py:352] Pretrain iter 00000711: loss=2.1958000201983567e-04, pmove=0.93530273
I0512 11:12:01.307915 129781289469760 pretrain.py:352] Pretrain iter 00000712: loss=2.4139831337415544e-04, pmove=0.94287109
I0512 11:12:01.360458 129781289469760 pretrain.py:352] Pretrain iter 00000713: loss=1.9804451847004519e-04, pmove=0.94433594
I0512 11:12:01.412975 129781289469760 pretrain.py:352] Pretrain iter 00000714: loss=1.5101677641414971e-04, pmove=0.94018555
I0512 11:12:01.465563 129781289469760 pretrain.py:352] Pretrain iter 00000715: loss=9.4987415555326861e-05, pmove=0.93798828
I0512 11:12:01.518096 129781289469760 pretrain.py:352] Pretrain iter 00000716: loss=7.3943249470712676e-05, pmove=0.94482422
I0512 11:12:01.570682 129781289469760 pretrain.py:352] Pretrain iter 00000717: loss=8.8581675167577253e-05, pmove=0.94335938
I0512 11:12:01.623295 129781289469760 pretrain.py:352] Pretrain iter 00000718: loss=1.1794573253828927e-04, pmove=0.93872070
I0512 11:12:01.675889 129781289469760 pretrain.py:352] Pretrain iter 00000719: loss=1.4536081223976024e-04, pmove=0.94140625
I0512 11:12:01.728487 129781289469760 pretrain.py:352] Pretrain iter 00000720: loss=1.3852925562112507e-04, pmove=0.94042969
I0512 11:12:01.780890 129781289469760 pretrain.py:352] Pretrain iter 00000721: loss=1.1784379907413441e-04, pmove=0.93725586
I0512 11:12:01.833663 129781289469760 pretrain.py:352] Pretrain iter 00000722: loss=8.6950443609305498e-05, pmove=0.94018555
I0512 11:12:01.886505 129781289469760 pretrain.py:352] Pretrain iter 00000723: loss=7.2715199833158739e-05, pmove=0.93725586
I0512 11:12:01.939170 129781289469760 pretrain.py:352] Pretrain iter 00000724: loss=7.9899995595530065e-05, pmove=0.94531250
I0512 11:12:01.991766 129781289469760 pretrain.py:352] Pretrain iter 00000725: loss=9.7288764743780963e-05, pmove=0.93432617
I0512 11:12:02.044468 129781289469760 pretrain.py:352] Pretrain iter 00000726: loss=1.1009786911840864e-04, pmove=0.94213867
I0512 11:12:02.097113 129781289469760 pretrain.py:352] Pretrain iter 00000727: loss=1.0455774317922223e-04, pmove=0.95117188
I0512 11:12:02.149700 129781289469760 pretrain.py:352] Pretrain iter 00000728: loss=9.0659339502983669e-05, pmove=0.94531250
I0512 11:12:02.202272 129781289469760 pretrain.py:352] Pretrain iter 00000729: loss=7.7300644527456995e-05, pmove=0.94213867
I0512 11:12:02.254741 129781289469760 pretrain.py:352] Pretrain iter 00000730: loss=7.2189077538299684e-05, pmove=0.94482422
I0512 11:12:02.307371 129781289469760 pretrain.py:352] Pretrain iter 00000731: loss=7.7684483602855756e-05, pmove=0.93920898
I0512 11:12:02.359927 129781289469760 pretrain.py:352] Pretrain iter 00000732: loss=8.7551047445509180e-05, pmove=0.94165039
I0512 11:12:02.412526 129781289469760 pretrain.py:352] Pretrain iter 00000733: loss=9.4786086954499235e-05, pmove=0.93994141
I0512 11:12:02.465094 129781289469760 pretrain.py:352] Pretrain iter 00000734: loss=9.2865471751330152e-05, pmove=0.94091797
I0512 11:12:02.517719 129781289469760 pretrain.py:352] Pretrain iter 00000735: loss=8.7019551479249082e-05, pmove=0.94775391
I0512 11:12:02.570112 129781289469760 pretrain.py:352] Pretrain iter 00000736: loss=7.8517289162572502e-05, pmove=0.93969727
I0512 11:12:02.622781 129781289469760 pretrain.py:352] Pretrain iter 00000737: loss=7.2816864451719505e-05, pmove=0.93872070
I0512 11:12:02.675430 129781289469760 pretrain.py:352] Pretrain iter 00000738: loss=7.1371510327610917e-05, pmove=0.93408203
I0512 11:12:02.727833 129781289469760 pretrain.py:352] Pretrain iter 00000739: loss=7.3923447072271365e-05, pmove=0.93920898
I0512 11:12:02.780433 129781289469760 pretrain.py:352] Pretrain iter 00000740: loss=7.7674815030700280e-05, pmove=0.94140625
I0512 11:12:02.833000 129781289469760 pretrain.py:352] Pretrain iter 00000741: loss=8.0621292705264973e-05, pmove=0.93994141
I0512 11:12:02.885474 129781289469760 pretrain.py:352] Pretrain iter 00000742: loss=8.0541950267100888e-05, pmove=0.93920898
I0512 11:12:02.938070 129781289469760 pretrain.py:352] Pretrain iter 00000743: loss=7.7741438371296145e-05, pmove=0.94384766
I0512 11:12:02.990683 129781289469760 pretrain.py:352] Pretrain iter 00000744: loss=7.5066884389342103e-05, pmove=0.94213867
I0512 11:12:03.043354 129781289469760 pretrain.py:352] Pretrain iter 00000745: loss=7.3066907681298241e-05, pmove=0.93237305
I0512 11:12:03.095977 129781289469760 pretrain.py:352] Pretrain iter 00000746: loss=7.0775907223226487e-05, pmove=0.94165039
I0512 11:12:03.148476 129781289469760 pretrain.py:352] Pretrain iter 00000747: loss=6.9981837331309032e-05, pmove=0.94213867
I0512 11:12:03.201119 129781289469760 pretrain.py:352] Pretrain iter 00000748: loss=7.0974725176278525e-05, pmove=0.94067383
I0512 11:12:03.253774 129781289469760 pretrain.py:352] Pretrain iter 00000749: loss=7.3202700267289246e-05, pmove=0.93701172
I0512 11:12:03.306415 129781289469760 pretrain.py:352] Pretrain iter 00000750: loss=7.4477432617065203e-05, pmove=0.93798828
I0512 11:12:03.358938 129781289469760 pretrain.py:352] Pretrain iter 00000751: loss=7.4817005834061504e-05, pmove=0.94116211
I0512 11:12:03.411547 129781289469760 pretrain.py:352] Pretrain iter 00000752: loss=7.3918761939466049e-05, pmove=0.94165039
I0512 11:12:03.464222 129781289469760 pretrain.py:352] Pretrain iter 00000753: loss=7.2852571615344657e-05, pmove=0.93627930
I0512 11:12:03.516800 129781289469760 pretrain.py:352] Pretrain iter 00000754: loss=7.1820230266991144e-05, pmove=0.93994141
I0512 11:12:03.569462 129781289469760 pretrain.py:352] Pretrain iter 00000755: loss=7.0846776011244974e-05, pmove=0.93994141
I0512 11:12:03.621994 129781289469760 pretrain.py:352] Pretrain iter 00000756: loss=6.9884577299502172e-05, pmove=0.93750000
I0512 11:12:03.674604 129781289469760 pretrain.py:352] Pretrain iter 00000757: loss=6.9123535850172267e-05, pmove=0.93872070
I0512 11:12:03.727223 129781289469760 pretrain.py:352] Pretrain iter 00000758: loss=6.8360635873689873e-05, pmove=0.93676758
I0512 11:12:03.779788 129781289469760 pretrain.py:352] Pretrain iter 00000759: loss=6.7870389414471913e-05, pmove=0.94116211
I0512 11:12:03.832101 129781289469760 pretrain.py:352] Pretrain iter 00000760: loss=6.7164131812790889e-05, pmove=0.94018555
I0512 11:12:03.884119 129781289469760 pretrain.py:352] Pretrain iter 00000761: loss=6.7283709387699989e-05, pmove=0.94213867
I0512 11:12:03.936724 129781289469760 pretrain.py:352] Pretrain iter 00000762: loss=6.6899256951866967e-05, pmove=0.93359375
I0512 11:12:03.989228 129781289469760 pretrain.py:352] Pretrain iter 00000763: loss=6.7039947247107216e-05, pmove=0.94335938
I0512 11:12:04.041854 129781289469760 pretrain.py:352] Pretrain iter 00000764: loss=6.7858347301482901e-05, pmove=0.94506836
I0512 11:12:04.094393 129781289469760 pretrain.py:352] Pretrain iter 00000765: loss=6.8705067566882401e-05, pmove=0.94262695
I0512 11:12:04.146867 129781289469760 pretrain.py:352] Pretrain iter 00000766: loss=6.9219701147866372e-05, pmove=0.93969727
I0512 11:12:04.199468 129781289469760 pretrain.py:352] Pretrain iter 00000767: loss=6.9067265630940903e-05, pmove=0.94287109
I0512 11:12:04.252114 129781289469760 pretrain.py:352] Pretrain iter 00000768: loss=7.0058418714386974e-05, pmove=0.94042969
I0512 11:12:04.304684 129781289469760 pretrain.py:352] Pretrain iter 00000769: loss=7.1308972233383186e-05, pmove=0.94091797
I0512 11:12:04.357335 129781289469760 pretrain.py:352] Pretrain iter 00000770: loss=7.2320285877395119e-05, pmove=0.94409180
I0512 11:12:04.409966 129781289469760 pretrain.py:352] Pretrain iter 00000771: loss=7.4599602830155919e-05, pmove=0.93115234
I0512 11:12:04.462521 129781289469760 pretrain.py:352] Pretrain iter 00000772: loss=7.7036495250854933e-05, pmove=0.93627930
I0512 11:12:04.515051 129781289469760 pretrain.py:352] Pretrain iter 00000773: loss=8.0822250387860883e-05, pmove=0.93945312
I0512 11:12:04.567490 129781289469760 pretrain.py:352] Pretrain iter 00000774: loss=8.8807752168869878e-05, pmove=0.93310547
I0512 11:12:04.620082 129781289469760 pretrain.py:352] Pretrain iter 00000775: loss=9.9102833992712930e-05, pmove=0.93603516
I0512 11:12:04.672696 129781289469760 pretrain.py:352] Pretrain iter 00000776: loss=1.1930469494746749e-04, pmove=0.93847656
I0512 11:12:04.725322 129781289469760 pretrain.py:352] Pretrain iter 00000777: loss=1.4251834081558664e-04, pmove=0.94409180
I0512 11:12:04.777933 129781289469760 pretrain.py:352] Pretrain iter 00000778: loss=1.8159772843975901e-04, pmove=0.94604492
I0512 11:12:04.830511 129781289469760 pretrain.py:352] Pretrain iter 00000779: loss=2.0070654273611230e-04, pmove=0.94067383
I0512 11:12:04.883149 129781289469760 pretrain.py:352] Pretrain iter 00000780: loss=2.2326323170900639e-04, pmove=0.94091797
I0512 11:12:04.935733 129781289469760 pretrain.py:352] Pretrain iter 00000781: loss=1.9241839900229537e-04, pmove=0.94018555
I0512 11:12:04.988326 129781289469760 pretrain.py:352] Pretrain iter 00000782: loss=1.6334538466400013e-04, pmove=0.94140625
I0512 11:12:05.040940 129781289469760 pretrain.py:352] Pretrain iter 00000783: loss=1.1479761618429524e-04, pmove=0.94165039
I0512 11:12:05.093523 129781289469760 pretrain.py:352] Pretrain iter 00000784: loss=8.6951266931772843e-05, pmove=0.94311523
I0512 11:12:05.146138 129781289469760 pretrain.py:352] Pretrain iter 00000785: loss=7.8003361226657207e-05, pmove=0.94165039
I0512 11:12:05.198723 129781289469760 pretrain.py:352] Pretrain iter 00000786: loss=8.6343317872079593e-05, pmove=0.93847656
I0512 11:12:05.251319 129781289469760 pretrain.py:352] Pretrain iter 00000787: loss=1.0743689867139047e-04, pmove=0.93505859
I0512 11:12:05.303885 129781289469760 pretrain.py:352] Pretrain iter 00000788: loss=1.2321363040464510e-04, pmove=0.94531250
I0512 11:12:05.356455 129781289469760 pretrain.py:352] Pretrain iter 00000789: loss=1.3138731965055663e-04, pmove=0.94165039
I0512 11:12:05.409087 129781289469760 pretrain.py:352] Pretrain iter 00000790: loss=1.0904291138006812e-04, pmove=0.93334961
I0512 11:12:05.461671 129781289469760 pretrain.py:352] Pretrain iter 00000791: loss=8.2613443542920237e-05, pmove=0.93676758
I0512 11:12:05.514331 129781289469760 pretrain.py:352] Pretrain iter 00000792: loss=6.6360653037158225e-05, pmove=0.94238281
I0512 11:12:05.566915 129781289469760 pretrain.py:352] Pretrain iter 00000793: loss=6.9756582831550750e-05, pmove=0.93872070
I0512 11:12:05.619577 129781289469760 pretrain.py:352] Pretrain iter 00000794: loss=8.4262714244749676e-05, pmove=0.94677734
I0512 11:12:05.672123 129781289469760 pretrain.py:352] Pretrain iter 00000795: loss=9.2462243778431439e-05, pmove=0.93969727
I0512 11:12:05.724712 129781289469760 pretrain.py:352] Pretrain iter 00000796: loss=9.4109851927329181e-05, pmove=0.93969727
I0512 11:12:05.777382 129781289469760 pretrain.py:352] Pretrain iter 00000797: loss=8.6997733236552916e-05, pmove=0.94018555
I0512 11:12:05.830211 129781289469760 pretrain.py:352] Pretrain iter 00000798: loss=7.9197076952253090e-05, pmove=0.94628906
I0512 11:12:05.882635 129781289469760 pretrain.py:352] Pretrain iter 00000799: loss=7.0328002918362568e-05, pmove=0.93872070
I0512 11:12:05.935283 129781289469760 pretrain.py:352] Pretrain iter 00000800: loss=6.5748657163818203e-05, pmove=0.94311523
I0512 11:12:05.987889 129781289469760 pretrain.py:352] Pretrain iter 00000801: loss=7.0011248346589080e-05, pmove=0.93920898
I0512 11:12:06.040529 129781289469760 pretrain.py:352] Pretrain iter 00000802: loss=7.8192889292050101e-05, pmove=0.93750000
I0512 11:12:06.092983 129781289469760 pretrain.py:352] Pretrain iter 00000803: loss=8.3908573649246998e-05, pmove=0.94580078
I0512 11:12:06.145572 129781289469760 pretrain.py:352] Pretrain iter 00000804: loss=8.1985447195097097e-05, pmove=0.94628906
I0512 11:12:06.198182 129781289469760 pretrain.py:352] Pretrain iter 00000805: loss=7.5740335932282781e-05, pmove=0.93579102
I0512 11:12:06.250657 129781289469760 pretrain.py:352] Pretrain iter 00000806: loss=7.0339286823908840e-05, pmove=0.94042969
I0512 11:12:06.303304 129781289469760 pretrain.py:352] Pretrain iter 00000807: loss=6.7403769837556853e-05, pmove=0.94384766
I0512 11:12:06.355975 129781289469760 pretrain.py:352] Pretrain iter 00000808: loss=6.5606812515128294e-05, pmove=0.94091797
I0512 11:12:06.408430 129781289469760 pretrain.py:352] Pretrain iter 00000809: loss=6.6929212021638957e-05, pmove=0.94311523
I0512 11:12:06.461052 129781289469760 pretrain.py:352] Pretrain iter 00000810: loss=6.9685674923225646e-05, pmove=0.93969727
I0512 11:12:06.513648 129781289469760 pretrain.py:352] Pretrain iter 00000811: loss=7.3000315099113738e-05, pmove=0.94506836
I0512 11:12:06.566265 129781289469760 pretrain.py:352] Pretrain iter 00000812: loss=7.3228232022704541e-05, pmove=0.93627930
I0512 11:12:06.618916 129781289469760 pretrain.py:352] Pretrain iter 00000813: loss=7.1111546610011178e-05, pmove=0.93969727
I0512 11:12:06.671380 129781289469760 pretrain.py:352] Pretrain iter 00000814: loss=6.7651304740886273e-05, pmove=0.94189453
I0512 11:12:06.724030 129781289469760 pretrain.py:352] Pretrain iter 00000815: loss=6.5506523493910173e-05, pmove=0.94409180
I0512 11:12:06.776612 129781289469760 pretrain.py:352] Pretrain iter 00000816: loss=6.5183095117406873e-05, pmove=0.94140625
I0512 11:12:06.829279 129781289469760 pretrain.py:352] Pretrain iter 00000817: loss=6.4911771724124738e-05, pmove=0.93798828
I0512 11:12:06.881758 129781289469760 pretrain.py:352] Pretrain iter 00000818: loss=6.4767402517438202e-05, pmove=0.94262695
I0512 11:12:06.934375 129781289469760 pretrain.py:352] Pretrain iter 00000819: loss=6.5706208570545299e-05, pmove=0.94287109
I0512 11:12:06.986948 129781289469760 pretrain.py:352] Pretrain iter 00000820: loss=6.6951651163331985e-05, pmove=0.93896484
I0512 11:12:07.039539 129781289469760 pretrain.py:352] Pretrain iter 00000821: loss=6.7135937307337201e-05, pmove=0.94042969
I0512 11:12:07.092130 129781289469760 pretrain.py:352] Pretrain iter 00000822: loss=6.7194548045174679e-05, pmove=0.94702148
I0512 11:12:07.144632 129781289469760 pretrain.py:352] Pretrain iter 00000823: loss=6.5658581969741645e-05, pmove=0.94311523
I0512 11:12:07.197177 129781289469760 pretrain.py:352] Pretrain iter 00000824: loss=6.4286277361961551e-05, pmove=0.94287109
I0512 11:12:07.249780 129781289469760 pretrain.py:352] Pretrain iter 00000825: loss=6.3308656513057945e-05, pmove=0.94067383
I0512 11:12:07.302435 129781289469760 pretrain.py:352] Pretrain iter 00000826: loss=6.2815651240684807e-05, pmove=0.93627930
I0512 11:12:07.355107 129781289469760 pretrain.py:352] Pretrain iter 00000827: loss=6.2479171037163690e-05, pmove=0.93896484
I0512 11:12:07.407547 129781289469760 pretrain.py:352] Pretrain iter 00000828: loss=6.1859528855757003e-05, pmove=0.93481445
I0512 11:12:07.460272 129781289469760 pretrain.py:352] Pretrain iter 00000829: loss=6.2078182885129510e-05, pmove=0.94067383
I0512 11:12:07.512766 129781289469760 pretrain.py:352] Pretrain iter 00000830: loss=6.2591807280234059e-05, pmove=0.94189453
I0512 11:12:07.565311 129781289469760 pretrain.py:352] Pretrain iter 00000831: loss=6.2852269827939777e-05, pmove=0.93823242
I0512 11:12:07.617889 129781289469760 pretrain.py:352] Pretrain iter 00000832: loss=6.2836702506607200e-05, pmove=0.93481445
I0512 11:12:07.670463 129781289469760 pretrain.py:352] Pretrain iter 00000833: loss=6.3202721164584602e-05, pmove=0.93920898
I0512 11:12:07.723061 129781289469760 pretrain.py:352] Pretrain iter 00000834: loss=6.3595494052267498e-05, pmove=0.94238281
I0512 11:12:07.775663 129781289469760 pretrain.py:352] Pretrain iter 00000835: loss=6.3423162665693719e-05, pmove=0.94018555
I0512 11:12:07.828253 129781289469760 pretrain.py:352] Pretrain iter 00000836: loss=6.3241268236586819e-05, pmove=0.93774414
I0512 11:12:07.880834 129781289469760 pretrain.py:352] Pretrain iter 00000837: loss=6.3440610549903958e-05, pmove=0.93676758
I0512 11:12:07.933544 129781289469760 pretrain.py:352] Pretrain iter 00000838: loss=6.4157139771782624e-05, pmove=0.93432617
I0512 11:12:07.986166 129781289469760 pretrain.py:352] Pretrain iter 00000839: loss=6.4462938343744293e-05, pmove=0.93774414
I0512 11:12:08.038797 129781289469760 pretrain.py:352] Pretrain iter 00000840: loss=6.5903686524762409e-05, pmove=0.94262695
I0512 11:12:08.091404 129781289469760 pretrain.py:352] Pretrain iter 00000841: loss=6.7534316494147033e-05, pmove=0.93945312
I0512 11:12:08.143780 129781289469760 pretrain.py:352] Pretrain iter 00000842: loss=7.0742675587860375e-05, pmove=0.94433594
I0512 11:12:08.196443 129781289469760 pretrain.py:352] Pretrain iter 00000843: loss=7.4656621796365791e-05, pmove=0.94067383
I0512 11:12:08.248943 129781289469760 pretrain.py:352] Pretrain iter 00000844: loss=7.9825783827884071e-05, pmove=0.94702148
I0512 11:12:08.301532 129781289469760 pretrain.py:352] Pretrain iter 00000845: loss=8.6228579026369985e-05, pmove=0.94140625
I0512 11:12:08.354218 129781289469760 pretrain.py:352] Pretrain iter 00000846: loss=9.7402987688838093e-05, pmove=0.93701172
I0512 11:12:08.406777 129781289469760 pretrain.py:352] Pretrain iter 00000847: loss=1.0865961491129616e-04, pmove=0.93847656
I0512 11:12:08.459371 129781289469760 pretrain.py:352] Pretrain iter 00000848: loss=1.3113493140565053e-04, pmove=0.93969727
I0512 11:12:08.511877 129781289469760 pretrain.py:352] Pretrain iter 00000849: loss=1.4883865610326090e-04, pmove=0.94091797
I0512 11:12:08.564415 129781289469760 pretrain.py:352] Pretrain iter 00000850: loss=1.7979132765861121e-04, pmove=0.93530273
I0512 11:12:08.617065 129781289469760 pretrain.py:352] Pretrain iter 00000851: loss=1.8753122997100280e-04, pmove=0.94628906
I0512 11:12:08.669702 129781289469760 pretrain.py:352] Pretrain iter 00000852: loss=2.0576340680957824e-04, pmove=0.93701172
I0512 11:12:08.722300 129781289469760 pretrain.py:352] Pretrain iter 00000853: loss=1.7547716744680718e-04, pmove=0.94482422
I0512 11:12:08.774921 129781289469760 pretrain.py:352] Pretrain iter 00000854: loss=1.4576142978742134e-04, pmove=0.93872070
I0512 11:12:08.827532 129781289469760 pretrain.py:352] Pretrain iter 00000855: loss=9.7637044283663081e-05, pmove=0.94409180
I0512 11:12:08.879895 129781289469760 pretrain.py:352] Pretrain iter 00000856: loss=6.7549459631468424e-05, pmove=0.94165039
I0512 11:12:08.932497 129781289469760 pretrain.py:352] Pretrain iter 00000857: loss=6.1749494292509451e-05, pmove=0.93603516
I0512 11:12:08.985252 129781289469760 pretrain.py:352] Pretrain iter 00000858: loss=7.7080511811067351e-05, pmove=0.93750000
I0512 11:12:09.037915 129781289469760 pretrain.py:352] Pretrain iter 00000859: loss=1.0196723966282508e-04, pmove=0.94873047
I0512 11:12:09.090482 129781289469760 pretrain.py:352] Pretrain iter 00000860: loss=1.1793527622600184e-04, pmove=0.94165039
I0512 11:12:09.143008 129781289469760 pretrain.py:352] Pretrain iter 00000861: loss=1.2781924027550676e-04, pmove=0.94335938
I0512 11:12:09.195582 129781289469760 pretrain.py:352] Pretrain iter 00000862: loss=1.1235018948771161e-04, pmove=0.93872070
I0512 11:12:09.248206 129781289469760 pretrain.py:352] Pretrain iter 00000863: loss=9.1815543048847915e-05, pmove=0.93994141
I0512 11:12:09.300795 129781289469760 pretrain.py:352] Pretrain iter 00000864: loss=6.8362772613719686e-05, pmove=0.94628906
I0512 11:12:09.353262 129781289469760 pretrain.py:352] Pretrain iter 00000865: loss=5.9090671291577140e-05, pmove=0.93676758
I0512 11:12:09.405846 129781289469760 pretrain.py:352] Pretrain iter 00000866: loss=6.4393850291383667e-05, pmove=0.93603516
I0512 11:12:09.458418 129781289469760 pretrain.py:352] Pretrain iter 00000867: loss=7.6610624825330256e-05, pmove=0.93627930
I0512 11:12:09.511064 129781289469760 pretrain.py:352] Pretrain iter 00000868: loss=8.9298278206503419e-05, pmove=0.94067383
I0512 11:12:09.563635 129781289469760 pretrain.py:352] Pretrain iter 00000869: loss=9.0334859762380951e-05, pmove=0.94433594
I0512 11:12:09.616239 129781289469760 pretrain.py:352] Pretrain iter 00000870: loss=8.6301530872728589e-05, pmove=0.93969727
I0512 11:12:09.668850 129781289469760 pretrain.py:352] Pretrain iter 00000871: loss=7.4736105960012490e-05, pmove=0.93725586
I0512 11:12:09.721447 129781289469760 pretrain.py:352] Pretrain iter 00000872: loss=6.6309203851733337e-05, pmove=0.93945312
I0512 11:12:09.775372 129781289469760 pretrain.py:352] Pretrain iter 00000873: loss=5.9538632916256993e-05, pmove=0.93408203
I0512 11:12:09.827793 129781289469760 pretrain.py:352] Pretrain iter 00000874: loss=5.8544258373663570e-05, pmove=0.93872070
I0512 11:12:09.880430 129781289469760 pretrain.py:352] Pretrain iter 00000875: loss=6.0724575223911136e-05, pmove=0.94238281
I0512 11:12:09.933090 129781289469760 pretrain.py:352] Pretrain iter 00000876: loss=6.4466557832299249e-05, pmove=0.93872070
I0512 11:12:09.985754 129781289469760 pretrain.py:352] Pretrain iter 00000877: loss=6.8458312399318424e-05, pmove=0.94555664
I0512 11:12:10.038205 129781289469760 pretrain.py:352] Pretrain iter 00000878: loss=6.9642421745753645e-05, pmove=0.93994141
I0512 11:12:10.090778 129781289469760 pretrain.py:352] Pretrain iter 00000879: loss=6.7960065864362609e-05, pmove=0.93994141
I0512 11:12:10.143144 129781289469760 pretrain.py:352] Pretrain iter 00000880: loss=6.4010856738251217e-05, pmove=0.94189453
I0512 11:12:10.195215 129781289469760 pretrain.py:352] Pretrain iter 00000881: loss=6.0708682577029216e-05, pmove=0.93579102
I0512 11:12:10.247079 129781289469760 pretrain.py:352] Pretrain iter 00000882: loss=5.7451421175618337e-05, pmove=0.93847656
I0512 11:12:10.298941 129781289469760 pretrain.py:352] Pretrain iter 00000883: loss=5.6270019257327160e-05, pmove=0.94409180
I0512 11:12:10.350680 129781289469760 pretrain.py:352] Pretrain iter 00000884: loss=5.6987214069794743e-05, pmove=0.93164062
I0512 11:12:10.402477 129781289469760 pretrain.py:352] Pretrain iter 00000885: loss=5.8136702672491597e-05, pmove=0.93896484
I0512 11:12:10.454336 129781289469760 pretrain.py:352] Pretrain iter 00000886: loss=5.9579799242724988e-05, pmove=0.94360352
I0512 11:12:10.506833 129781289469760 pretrain.py:352] Pretrain iter 00000887: loss=6.1283170052384530e-05, pmove=0.94287109
I0512 11:12:10.560117 129781289469760 pretrain.py:352] Pretrain iter 00000888: loss=6.2022162103137551e-05, pmove=0.93872070
I0512 11:12:10.613376 129781289469760 pretrain.py:352] Pretrain iter 00000889: loss=6.1759939037023327e-05, pmove=0.94433594
I0512 11:12:10.665941 129781289469760 pretrain.py:352] Pretrain iter 00000890: loss=6.1654553786577443e-05, pmove=0.93457031
I0512 11:12:10.718277 129781289469760 pretrain.py:352] Pretrain iter 00000891: loss=6.1292324582749684e-05, pmove=0.94555664
I0512 11:12:10.770600 129781289469760 pretrain.py:352] Pretrain iter 00000892: loss=6.0100585428065248e-05, pmove=0.93725586
I0512 11:12:10.822858 129781289469760 pretrain.py:352] Pretrain iter 00000893: loss=5.8752118752539915e-05, pmove=0.93798828
I0512 11:12:10.875020 129781289469760 pretrain.py:352] Pretrain iter 00000894: loss=5.8458437805330829e-05, pmove=0.94189453
I0512 11:12:10.927006 129781289469760 pretrain.py:352] Pretrain iter 00000895: loss=5.7496064634440303e-05, pmove=0.94018555
I0512 11:12:10.978775 129781289469760 pretrain.py:352] Pretrain iter 00000896: loss=5.6922592189471405e-05, pmove=0.93212891
I0512 11:12:11.030510 129781289469760 pretrain.py:352] Pretrain iter 00000897: loss=5.6528126385855278e-05, pmove=0.94555664
I0512 11:12:11.082247 129781289469760 pretrain.py:352] Pretrain iter 00000898: loss=5.6616813625353311e-05, pmove=0.94360352
I0512 11:12:11.133991 129781289469760 pretrain.py:352] Pretrain iter 00000899: loss=5.6784067800167807e-05, pmove=0.93872070
I0512 11:12:11.186548 129781289469760 pretrain.py:352] Pretrain iter 00000900: loss=5.5670962714317906e-05, pmove=0.94165039
I0512 11:12:11.239937 129781289469760 pretrain.py:352] Pretrain iter 00000901: loss=5.5861752376544637e-05, pmove=0.94482422
I0512 11:12:11.293412 129781289469760 pretrain.py:352] Pretrain iter 00000902: loss=5.6307163438141792e-05, pmove=0.93457031
I0512 11:12:11.346296 129781289469760 pretrain.py:352] Pretrain iter 00000903: loss=5.6015940395417392e-05, pmove=0.94384766
I0512 11:12:11.399094 129781289469760 pretrain.py:352] Pretrain iter 00000904: loss=5.5963642137758032e-05, pmove=0.93627930
I0512 11:12:11.451671 129781289469760 pretrain.py:352] Pretrain iter 00000905: loss=5.6157379231670878e-05, pmove=0.93701172
I0512 11:12:11.503939 129781289469760 pretrain.py:352] Pretrain iter 00000906: loss=5.5787522003451728e-05, pmove=0.93969727
I0512 11:12:11.556048 129781289469760 pretrain.py:352] Pretrain iter 00000907: loss=5.5309852919769759e-05, pmove=0.94213867
I0512 11:12:11.608266 129781289469760 pretrain.py:352] Pretrain iter 00000908: loss=5.5447288662711558e-05, pmove=0.94848633
I0512 11:12:11.660332 129781289469760 pretrain.py:352] Pretrain iter 00000909: loss=5.5770357839253939e-05, pmove=0.93627930
I0512 11:12:11.712297 129781289469760 pretrain.py:352] Pretrain iter 00000910: loss=5.6130938673852256e-05, pmove=0.94824219
I0512 11:12:11.764089 129781289469760 pretrain.py:352] Pretrain iter 00000911: loss=5.7086180494547370e-05, pmove=0.94506836
I0512 11:12:11.815913 129781289469760 pretrain.py:352] Pretrain iter 00000912: loss=5.7119156476381623e-05, pmove=0.94189453
I0512 11:12:11.867727 129781289469760 pretrain.py:352] Pretrain iter 00000913: loss=5.7772673198649795e-05, pmove=0.93847656
I0512 11:12:11.919647 129781289469760 pretrain.py:352] Pretrain iter 00000914: loss=5.9252994599323292e-05, pmove=0.94091797
I0512 11:12:11.972235 129781289469760 pretrain.py:352] Pretrain iter 00000915: loss=6.0893437605186694e-05, pmove=0.94116211
I0512 11:12:12.024799 129781289469760 pretrain.py:352] Pretrain iter 00000916: loss=6.4075074770460533e-05, pmove=0.94433594
I0512 11:12:12.077531 129781289469760 pretrain.py:352] Pretrain iter 00000917: loss=7.0265156662405778e-05, pmove=0.94165039
I0512 11:12:12.130085 129781289469760 pretrain.py:352] Pretrain iter 00000918: loss=8.0557127240790097e-05, pmove=0.94531250
I0512 11:12:12.182621 129781289469760 pretrain.py:352] Pretrain iter 00000919: loss=1.0154773438552736e-04, pmove=0.94116211
I0512 11:12:12.235236 129781289469760 pretrain.py:352] Pretrain iter 00000920: loss=1.3351536118248389e-04, pmove=0.93969727
I0512 11:12:12.287494 129781289469760 pretrain.py:352] Pretrain iter 00000921: loss=1.9933788241732709e-04, pmove=0.94433594
I0512 11:12:12.339755 129781289469760 pretrain.py:352] Pretrain iter 00000922: loss=2.7104850491436474e-04, pmove=0.94091797
I0512 11:12:12.391721 129781289469760 pretrain.py:352] Pretrain iter 00000923: loss=4.0529135582133448e-04, pmove=0.93994141
I0512 11:12:12.443556 129781289469760 pretrain.py:352] Pretrain iter 00000924: loss=3.9915708610811334e-04, pmove=0.94067383
I0512 11:12:12.495523 129781289469760 pretrain.py:352] Pretrain iter 00000925: loss=3.7474728445885185e-04, pmove=0.94531250
I0512 11:12:12.547378 129781289469760 pretrain.py:352] Pretrain iter 00000926: loss=1.7921277742866790e-04, pmove=0.93896484
I0512 11:12:12.599123 129781289469760 pretrain.py:352] Pretrain iter 00000927: loss=7.9321311211930624e-05, pmove=0.93994141
I0512 11:12:12.651015 129781289469760 pretrain.py:352] Pretrain iter 00000928: loss=1.1407506329154317e-04, pmove=0.93310547
I0512 11:12:12.703247 129781289469760 pretrain.py:352] Pretrain iter 00000929: loss=1.9675287569224410e-04, pmove=0.94116211
I0512 11:12:12.756191 129781289469760 pretrain.py:352] Pretrain iter 00000930: loss=2.3796965566031029e-04, pmove=0.93969727
I0512 11:12:12.809041 129781289469760 pretrain.py:352] Pretrain iter 00000931: loss=1.5390373565316793e-04, pmove=0.93725586
I0512 11:12:12.861774 129781289469760 pretrain.py:352] Pretrain iter 00000932: loss=8.5964498444223198e-05, pmove=0.94482422
I0512 11:12:12.914383 129781289469760 pretrain.py:352] Pretrain iter 00000933: loss=8.2881920292401768e-05, pmove=0.94189453
I0512 11:12:12.966731 129781289469760 pretrain.py:352] Pretrain iter 00000934: loss=1.1638051823542160e-04, pmove=0.93383789
I0512 11:12:13.018996 129781289469760 pretrain.py:352] Pretrain iter 00000935: loss=1.2785766943687501e-04, pmove=0.94677734
I0512 11:12:13.071235 129781289469760 pretrain.py:352] Pretrain iter 00000936: loss=9.6398911806072304e-05, pmove=0.94140625
I0512 11:12:13.123314 129781289469760 pretrain.py:352] Pretrain iter 00000937: loss=8.0408423890188500e-05, pmove=0.94335938
I0512 11:12:13.175414 129781289469760 pretrain.py:352] Pretrain iter 00000938: loss=8.6549339111255679e-05, pmove=0.93969727
I0512 11:12:13.227322 129781289469760 pretrain.py:352] Pretrain iter 00000939: loss=8.9906919605894136e-05, pmove=0.94799805
I0512 11:12:13.279038 129781289469760 pretrain.py:352] Pretrain iter 00000940: loss=8.6203877019897895e-05, pmove=0.93872070
I0512 11:12:13.330878 129781289469760 pretrain.py:352] Pretrain iter 00000941: loss=7.8170121807491833e-05, pmove=0.94335938
I0512 11:12:13.383303 129781289469760 pretrain.py:352] Pretrain iter 00000942: loss=7.3302008094464481e-05, pmove=0.94262695
I0512 11:12:13.435791 129781289469760 pretrain.py:352] Pretrain iter 00000943: loss=6.9473044136882223e-05, pmove=0.93383789
I0512 11:12:13.489076 129781289469760 pretrain.py:352] Pretrain iter 00000944: loss=7.1353404477975113e-05, pmove=0.93896484
I0512 11:12:13.541738 129781289469760 pretrain.py:352] Pretrain iter 00000945: loss=7.8331853182019641e-05, pmove=0.94335938
I0512 11:12:13.594158 129781289469760 pretrain.py:352] Pretrain iter 00000946: loss=7.1975883994475224e-05, pmove=0.93945312
I0512 11:12:13.646509 129781289469760 pretrain.py:352] Pretrain iter 00000947: loss=5.8239580983415046e-05, pmove=0.93603516
I0512 11:12:13.698733 129781289469760 pretrain.py:352] Pretrain iter 00000948: loss=5.8694398033136213e-05, pmove=0.94848633
I0512 11:12:13.750861 129781289469760 pretrain.py:352] Pretrain iter 00000949: loss=6.9791711654034526e-05, pmove=0.93676758
I0512 11:12:13.802923 129781289469760 pretrain.py:352] Pretrain iter 00000950: loss=6.9759121416462327e-05, pmove=0.94335938
I0512 11:12:13.854936 129781289469760 pretrain.py:352] Pretrain iter 00000951: loss=5.6373026189699922e-05, pmove=0.94458008
I0512 11:12:13.906929 129781289469760 pretrain.py:352] Pretrain iter 00000952: loss=5.2859850272910460e-05, pmove=0.94213867
I0512 11:12:13.958948 129781289469760 pretrain.py:352] Pretrain iter 00000953: loss=6.2248416312629787e-05, pmove=0.93627930
I0512 11:12:14.010982 129781289469760 pretrain.py:352] Pretrain iter 00000954: loss=6.4947064099050070e-05, pmove=0.94458008
I0512 11:12:14.063000 129781289469760 pretrain.py:352] Pretrain iter 00000955: loss=5.6853696202708086e-05, pmove=0.93969727
I0512 11:12:14.115005 129781289469760 pretrain.py:352] Pretrain iter 00000956: loss=5.2413659789818417e-05, pmove=0.93603516
I0512 11:12:14.167531 129781289469760 pretrain.py:352] Pretrain iter 00000957: loss=5.5992283771413467e-05, pmove=0.94628906
I0512 11:12:14.220335 129781289469760 pretrain.py:352] Pretrain iter 00000958: loss=5.8864063137027715e-05, pmove=0.93750000
I0512 11:12:14.272902 129781289469760 pretrain.py:352] Pretrain iter 00000959: loss=5.5798750995272368e-05, pmove=0.94262695
I0512 11:12:14.325543 129781289469760 pretrain.py:352] Pretrain iter 00000960: loss=5.3092351657966675e-05, pmove=0.94311523
I0512 11:12:14.378144 129781289469760 pretrain.py:352] Pretrain iter 00000961: loss=5.4041556064104701e-05, pmove=0.94067383
I0512 11:12:14.430808 129781289469760 pretrain.py:352] Pretrain iter 00000962: loss=5.4709958760028523e-05, pmove=0.93823242
I0512 11:12:14.483320 129781289469760 pretrain.py:352] Pretrain iter 00000963: loss=5.3617276706971442e-05, pmove=0.94213867
I0512 11:12:14.535868 129781289469760 pretrain.py:352] Pretrain iter 00000964: loss=5.3040314800051492e-05, pmove=0.93652344
I0512 11:12:14.588371 129781289469760 pretrain.py:352] Pretrain iter 00000965: loss=5.3321234654392054e-05, pmove=0.94384766
I0512 11:12:14.640925 129781289469760 pretrain.py:352] Pretrain iter 00000966: loss=5.2919300837058457e-05, pmove=0.93896484
I0512 11:12:14.693520 129781289469760 pretrain.py:352] Pretrain iter 00000967: loss=5.1660835007895297e-05, pmove=0.94238281
I0512 11:12:14.746090 129781289469760 pretrain.py:352] Pretrain iter 00000968: loss=5.1555167681052938e-05, pmove=0.94384766
I0512 11:12:14.798629 129781289469760 pretrain.py:352] Pretrain iter 00000969: loss=5.2507468733866741e-05, pmove=0.94287109
I0512 11:12:14.851202 129781289469760 pretrain.py:352] Pretrain iter 00000970: loss=5.2341882800605871e-05, pmove=0.93798828
I0512 11:12:14.903643 129781289469760 pretrain.py:352] Pretrain iter 00000971: loss=5.1235933524380444e-05, pmove=0.94482422
I0512 11:12:14.957828 129781289469760 pretrain.py:352] Pretrain iter 00000972: loss=5.0342175340912281e-05, pmove=0.94604492
I0512 11:12:15.011043 129781289469760 pretrain.py:352] Pretrain iter 00000973: loss=5.0842714494657834e-05, pmove=0.93896484
I0512 11:12:15.063661 129781289469760 pretrain.py:352] Pretrain iter 00000974: loss=5.1323592345773563e-05, pmove=0.93896484
I0512 11:12:15.116333 129781289469760 pretrain.py:352] Pretrain iter 00000975: loss=5.0842557394092977e-05, pmove=0.93823242
I0512 11:12:15.168863 129781289469760 pretrain.py:352] Pretrain iter 00000976: loss=4.9959854226596469e-05, pmove=0.93969727
I0512 11:12:15.221726 129781289469760 pretrain.py:352] Pretrain iter 00000977: loss=5.0444519446687629e-05, pmove=0.94165039
I0512 11:12:15.274562 129781289469760 pretrain.py:352] Pretrain iter 00000978: loss=5.1074924832778731e-05, pmove=0.94848633
I0512 11:12:15.327309 129781289469760 pretrain.py:352] Pretrain iter 00000979: loss=5.0959099173822872e-05, pmove=0.93847656
I0512 11:12:15.379965 129781289469760 pretrain.py:352] Pretrain iter 00000980: loss=5.0653380261502358e-05, pmove=0.93872070
I0512 11:12:15.432264 129781289469760 pretrain.py:352] Pretrain iter 00000981: loss=5.0080105552733100e-05, pmove=0.93896484
I0512 11:12:15.484661 129781289469760 pretrain.py:352] Pretrain iter 00000982: loss=5.0054722665484554e-05, pmove=0.93554688
I0512 11:12:15.537333 129781289469760 pretrain.py:352] Pretrain iter 00000983: loss=4.9815716700941199e-05, pmove=0.94458008
I0512 11:12:15.589885 129781289469760 pretrain.py:352] Pretrain iter 00000984: loss=4.9788125914171110e-05, pmove=0.94091797
I0512 11:12:15.642457 129781289469760 pretrain.py:352] Pretrain iter 00000985: loss=4.9338987771924822e-05, pmove=0.94213867
I0512 11:12:15.694925 129781289469760 pretrain.py:352] Pretrain iter 00000986: loss=5.0065938467409309e-05, pmove=0.94897461
I0512 11:12:15.747500 129781289469760 pretrain.py:352] Pretrain iter 00000987: loss=5.0276202711234630e-05, pmove=0.94458008
I0512 11:12:15.800037 129781289469760 pretrain.py:352] Pretrain iter 00000988: loss=5.0054616411287633e-05, pmove=0.93823242
I0512 11:12:15.852640 129781289469760 pretrain.py:352] Pretrain iter 00000989: loss=5.0243645948310167e-05, pmove=0.93847656
I0512 11:12:15.905256 129781289469760 pretrain.py:352] Pretrain iter 00000990: loss=5.0176649645179457e-05, pmove=0.93188477
I0512 11:12:15.957754 129781289469760 pretrain.py:352] Pretrain iter 00000991: loss=4.9919323272545947e-05, pmove=0.94018555
I0512 11:12:16.010394 129781289469760 pretrain.py:352] Pretrain iter 00000992: loss=4.9990515868723397e-05, pmove=0.94238281
I0512 11:12:16.062983 129781289469760 pretrain.py:352] Pretrain iter 00000993: loss=4.9559536195599929e-05, pmove=0.94628906
I0512 11:12:16.115594 129781289469760 pretrain.py:352] Pretrain iter 00000994: loss=4.9421102628422816e-05, pmove=0.94628906
I0512 11:12:16.168187 129781289469760 pretrain.py:352] Pretrain iter 00000995: loss=4.9392568776351454e-05, pmove=0.93530273
I0512 11:12:16.220847 129781289469760 pretrain.py:352] Pretrain iter 00000996: loss=4.9242440521218604e-05, pmove=0.94409180
I0512 11:12:16.273403 129781289469760 pretrain.py:352] Pretrain iter 00000997: loss=4.9095894569694779e-05, pmove=0.93774414
I0512 11:12:16.326019 129781289469760 pretrain.py:352] Pretrain iter 00000998: loss=4.9601154530665609e-05, pmove=0.93920898
I0512 11:12:16.378926 129781289469760 pretrain.py:352] Pretrain iter 00000999: loss=4.9635656490593558e-05, pmove=0.94067383
I0512 11:12:17.594539 129781289469760 tag_graph_matcher.py:1786] ==================================================
I0512 11:12:17.595659 129781289469760 tag_graph_matcher.py:1787] Graph parameter registrations:
{'envelope': [{'pi': 'Auto[tag_variant=scale_and_shift(1)|match_type=scale_only_broadcast_1]',
               'sigma': 'Auto[tag_variant=scale_and_shift(0)|match_type=scale_only_broadcast_1]'},
              {'pi': 'Auto[tag_variant=scale_and_shift(3)|match_type=scale_only_broadcast_1]',
               'sigma': 'Auto[tag_variant=scale_and_shift(2)|match_type=scale_only_broadcast_1]'}],
 'layers': {'input': {},
            'streams': [{'double': {'b': 'Auto[tag_variant=repeated_dense(1)|match_type=repeated_dense2_with_bias]',
                                    'w': 'Auto[tag_variant=repeated_dense(1)|match_type=repeated_dense2_with_bias]'},
                         'single': {'b': 'Auto[tag_variant=repeated_dense(0)|match_type=repeated_dense1_with_bias]',
                                    'w': 'Auto[tag_variant=repeated_dense(0)|match_type=repeated_dense1_with_bias]'}},
                        {'double': {'b': 'Auto[tag_variant=repeated_dense(3)|match_type=repeated_dense2_with_bias]',
                                    'w': 'Auto[tag_variant=repeated_dense(3)|match_type=repeated_dense2_with_bias]'},
                         'single': {'b': 'Auto[tag_variant=repeated_dense(2)|match_type=repeated_dense1_with_bias]',
                                    'w': 'Auto[tag_variant=repeated_dense(2)|match_type=repeated_dense1_with_bias]'}},
                        {'double': {'b': 'Auto[tag_variant=repeated_dense(5)|match_type=repeated_dense2_with_bias]',
                                    'w': 'Auto[tag_variant=repeated_dense(5)|match_type=repeated_dense2_with_bias]'},
                         'single': {'b': 'Auto[tag_variant=repeated_dense(4)|match_type=repeated_dense1_with_bias]',
                                    'w': 'Auto[tag_variant=repeated_dense(4)|match_type=repeated_dense1_with_bias]'}},
                        {'single': {'b': 'Auto[tag_variant=repeated_dense(6)|match_type=repeated_dense1_with_bias]',
                                    'w': 'Auto[tag_variant=repeated_dense(6)|match_type=repeated_dense1_with_bias]'}}]},
 'orbital': [{'w': 'Auto[tag_variant=repeated_dense(7)|match_type=repeated_dense1_no_bias]'},
             {'w': 'Auto[tag_variant=repeated_dense(8)|match_type=repeated_dense1_no_bias]'}]}
I0512 11:12:17.595723 129781289469760 tag_graph_matcher.py:1793] ==================================================
I0512 11:12:17.607492 129781289469760 tracer.py:267] Graph registered losses:
I0512 11:12:17.607598 129781289469760 tracer.py:280] NormalMeanNegativeLogProbLoss(mean=Var(id=129773244219712):float64[4096,1], variance=Literal(0.5), weight=Literal(1.0), normalize_log_prob=Literal(True))
I0512 11:12:17.607631 129781289469760 tracer.py:282] ==================================================
I0512 11:12:17.608544 129781289469760 block_diagonal.py:333] BlockDiagonalCurvature blocks:
I0512 11:12:17.608656 129781289469760 block_diagonal.py:335] ScaleAndShiftDiagonal, tag name: Auto[tag_variant=scale_and_shift(1)|match_type=scale_only_broadcast_1], params shapes: ((1, 48),)
I0512 11:12:17.608740 129781289469760 block_diagonal.py:335] ScaleAndShiftDiagonal, tag name: Auto[tag_variant=scale_and_shift(0)|match_type=scale_only_broadcast_1], params shapes: ((1, 48),)
I0512 11:12:17.608820 129781289469760 block_diagonal.py:335] ScaleAndShiftDiagonal, tag name: Auto[tag_variant=scale_and_shift(3)|match_type=scale_only_broadcast_1], params shapes: ((1, 48),)
I0512 11:12:17.608895 129781289469760 block_diagonal.py:335] ScaleAndShiftDiagonal, tag name: Auto[tag_variant=scale_and_shift(2)|match_type=scale_only_broadcast_1], params shapes: ((1, 48),)
I0512 11:12:17.608996 129781289469760 block_diagonal.py:335] RepeatedDenseBlock(parameter_specs=['ab -> (a)b', 'a -> 1a'], parameters_concat_axis=0), tag name: Auto[tag_variant=repeated_dense(1)|match_type=repeated_dense2_with_bias], params shapes: ((4, 32), (32,))
I0512 11:12:17.609097 129781289469760 block_diagonal.py:335] RepeatedDenseBlock(parameter_specs=['ab -> (a)b', 'a -> 1a'], parameters_concat_axis=0), tag name: Auto[tag_variant=repeated_dense(0)|match_type=repeated_dense1_with_bias], params shapes: ((20, 256), (256,))
I0512 11:12:17.609196 129781289469760 block_diagonal.py:335] RepeatedDenseBlock(parameter_specs=['ab -> (a)b', 'a -> 1a'], parameters_concat_axis=0), tag name: Auto[tag_variant=repeated_dense(3)|match_type=repeated_dense2_with_bias], params shapes: ((32, 32), (32,))
I0512 11:12:17.609291 129781289469760 block_diagonal.py:335] RepeatedDenseBlock(parameter_specs=['ab -> (a)b', 'a -> 1a'], parameters_concat_axis=0), tag name: Auto[tag_variant=repeated_dense(2)|match_type=repeated_dense1_with_bias], params shapes: ((832, 256), (256,))
I0512 11:12:17.609382 129781289469760 block_diagonal.py:335] RepeatedDenseBlock(parameter_specs=['ab -> (a)b', 'a -> 1a'], parameters_concat_axis=0), tag name: Auto[tag_variant=repeated_dense(5)|match_type=repeated_dense2_with_bias], params shapes: ((32, 32), (32,))
I0512 11:12:17.609474 129781289469760 block_diagonal.py:335] RepeatedDenseBlock(parameter_specs=['ab -> (a)b', 'a -> 1a'], parameters_concat_axis=0), tag name: Auto[tag_variant=repeated_dense(4)|match_type=repeated_dense1_with_bias], params shapes: ((832, 256), (256,))
I0512 11:12:17.609564 129781289469760 block_diagonal.py:335] RepeatedDenseBlock(parameter_specs=['ab -> (a)b', 'a -> 1a'], parameters_concat_axis=0), tag name: Auto[tag_variant=repeated_dense(6)|match_type=repeated_dense1_with_bias], params shapes: ((832, 256), (256,))
I0512 11:12:17.609663 129781289469760 block_diagonal.py:335] RepeatedDenseBlock(parameter_specs=['ab -> (a)b'], parameters_concat_axis=0), tag name: Auto[tag_variant=repeated_dense(7)|match_type=repeated_dense1_no_bias], params shapes: ((256, 48),)
I0512 11:12:17.609752 129781289469760 block_diagonal.py:335] RepeatedDenseBlock(parameter_specs=['ab -> (a)b'], parameters_concat_axis=0), tag name: Auto[tag_variant=repeated_dense(8)|match_type=repeated_dense1_no_bias], params shapes: ((256, 48),)
I0512 11:12:17.609778 129781289469760 block_diagonal.py:336] ==================================================
I0512 11:12:17.842162 129781289469760 train.py:918] Burning in MCMC chain for 100 steps
I0512 11:12:39.302411 129781289469760 train.py:931] Completed burn-in MCMC steps
I0512 11:12:42.843989 129781289469760 train.py:935] Initial energy: -7.1780 E_h
I0512 11:12:56.753972 129781289469760 train.py:1104] Step 00000000: energy=-7.1976517690417987 E_h, variance=3.3598030504442788e+00 E_h^2, std=1.8329765547994004e+00 E_h, ewmean=-7.1976517690417987 E_h, ewvar=-0.0000000000000000e+00 E_h^2, ewstd=0.0000000000000000e+00 E_h, pmove=0.93850098
I0512 11:25:21.035006 129781289469760 train.py:1104] Step 00001000: energy=-7.4706355923078691 E_h, variance=3.1602095339799539e-02 E_h^2, std=1.7776978185225839e-01 E_h, ewmean=-7.4710100155629195 E_h, ewvar=1.9592471124355841e-05 E_h^2, ewstd=4.4263383427338493e-03 E_h, pmove=0.85307617
I0512 11:37:45.320236 129781289469760 train.py:1104] Step 00002000: energy=-7.4765494134794022 E_h, variance=1.7029011142822122e-02 E_h^2, std=1.3049525333444939e-01 E_h, ewmean=-7.4773973714817048 E_h, ewvar=9.0455456991182147e-05 E_h^2, ewstd=9.5108073785132533e-03 E_h, pmove=0.65075684
I0512 11:50:09.695747 129781289469760 train.py:1104] Step 00003000: energy=-7.4819979081249661 E_h, variance=8.2779910600077874e-02 E_h^2, std=2.8771498153568209e-01 E_h, ewmean=-7.4772369662252780 E_h, ewvar=1.2239207318463131e-05 E_h^2, ewstd=3.4984578486046006e-03 E_h, pmove=0.51574707
I0512 12:02:34.042259 129781289469760 train.py:1104] Step 00004000: energy=-7.4778461139106209 E_h, variance=2.3526313443057320e-02 E_h^2, std=1.5338289814401512e-01 E_h, ewmean=-7.4769938921236312 E_h, ewvar=3.5143754030435362e-06 E_h^2, ewstd=1.8746667445291539e-03 E_h, pmove=0.51665039
I0512 12:14:58.278487 129781289469760 train.py:1104] Step 00005000: energy=-7.4743369981650636 E_h, variance=8.3797118700123015e-03 E_h^2, std=9.1540766164656395e-02 E_h, ewmean=-7.4762866493053286 E_h, ewvar=4.3276276783225227e-06 E_h^2, ewstd=2.0802950940485639e-03 E_h, pmove=0.52075195
I0512 12:27:22.460365 129781289469760 train.py:1104] Step 00006000: energy=-7.4820178313167300 E_h, variance=6.6822217564390066e-02 E_h^2, std=2.5849993726186871e-01 E_h, ewmean=-7.4777823170378364 E_h, ewvar=1.1965658158711629e-05 E_h^2, ewstd=3.4591412458457992e-03 E_h, pmove=0.51699219
I0512 12:39:46.705927 129781289469760 train.py:1104] Step 00007000: energy=-7.4756956735465163 E_h, variance=3.4365945624236179e-02 E_h^2, std=1.8538054273368654e-01 E_h, ewmean=-7.4766442118431389 E_h, ewvar=4.7468939129859313e-06 E_h^2, ewstd=2.1787367700082383e-03 E_h, pmove=0.51889648
I0512 12:52:10.945849 129781289469760 train.py:1104] Step 00008000: energy=-7.4771108963538513 E_h, variance=3.3421267692779980e-03 E_h^2, std=5.7811130150499553e-02 E_h, ewmean=-7.4774579220498065 E_h, ewvar=5.4740288252062740e-06 E_h^2, ewstd=2.3396642548037258e-03 E_h, pmove=0.52438965
I0512 12:52:43.693006 129781289469760 checkpoint.py:124] Saving checkpoint /home/sjtu/PyQMC/Ferminet/checkpoints_ferminet_x64_atoms/Li_doublet/qmcjax_ckpt_008044.npz
I0512 13:04:35.352150 129781289469760 train.py:1104] Step 00009000: energy=-7.4799605718801292 E_h, variance=7.0929497174694628e-02 E_h^2, std=2.6632592283646483e-01 E_h, ewmean=-7.4781057133753457 E_h, ewvar=4.3901081726600971e-06 E_h^2, ewstd=2.0952584978135985e-03 E_h, pmove=0.51660156
I0512 13:16:58.827928 129781289469760 train.py:1049] Timing step 00010000: block_iters=10000, block_time=7455.648285 s, sec/iter=0.7455648285, iter/s=1.341265, elapsed=7455.648282 s
I0512 13:16:59.574278 129781289469760 train.py:1104] Step 00010000: energy=-7.4783728651817105 E_h, variance=3.0176395478749506e-03 E_h^2, std=5.4933046045845216e-02 E_h, ewmean=-7.4771094734192776 E_h, ewvar=2.3078992710705756e-06 E_h^2, ewstd=1.5191771690854809e-03 E_h, pmove=0.51606445
I0512 13:29:23.854080 129781289469760 train.py:1104] Step 00011000: energy=-7.4756386879477414 E_h, variance=3.9374511615068329e-03 E_h^2, std=6.2749112834420473e-02 E_h, ewmean=-7.4777072062935952 E_h, ewvar=3.0802201247649672e-06 E_h^2, ewstd=1.7550555902207108e-03 E_h, pmove=0.51579590
I0512 13:41:48.168638 129781289469760 train.py:1104] Step 00012000: energy=-7.4753682718805567 E_h, variance=9.3487429139500894e-03 E_h^2, std=9.6688897573351668e-02 E_h, ewmean=-7.4777884564896464 E_h, ewvar=3.5064256369810249e-06 E_h^2, ewstd=1.8725452296222446e-03 E_h, pmove=0.52023926
I0512 13:54:12.481340 129781289469760 train.py:1104] Step 00013000: energy=-7.4773940971133968 E_h, variance=3.6875565092342310e-03 E_h^2, std=6.0725254295344297e-02 E_h, ewmean=-7.4774328585089087 E_h, ewvar=3.1539966618594948e-06 E_h^2, ewstd=1.7759495099409484e-03 E_h, pmove=0.52165527
I0512 14:06:36.754523 129781289469760 train.py:1104] Step 00014000: energy=-7.4759040046233878 E_h, variance=1.4636363601521877e-02 E_h^2, std=1.2098083981160768e-01 E_h, ewmean=-7.4772902193177009 E_h, ewvar=1.2471957120864821e-06 E_h^2, ewstd=1.1167791688988841e-03 E_h, pmove=0.51940918
I0512 14:19:01.091132 129781289469760 train.py:1104] Step 00015000: energy=-7.4777685880237996 E_h, variance=2.9733300535210619e-03 E_h^2, std=5.4528250050052601e-02 E_h, ewmean=-7.4770850549260546 E_h, ewvar=1.3071547956402182e-06 E_h^2, ewstd=1.1433087053111326e-03 E_h, pmove=0.51442871
I0512 14:31:25.471560 129781289469760 train.py:1104] Step 00016000: energy=-7.4768588618499550 E_h, variance=1.9609991527678875e-03 E_h^2, std=4.4283170084896670e-02 E_h, ewmean=-7.4773964315323660 E_h, ewvar=4.6822946176512518e-06 E_h^2, ewstd=2.1638610439793150e-03 E_h, pmove=0.52070313
I0512 14:32:44.368870 129781289469760 checkpoint.py:124] Saving checkpoint /home/sjtu/PyQMC/Ferminet/checkpoints_ferminet_x64_atoms/Li_doublet/qmcjax_ckpt_016106.npz
I0512 14:43:49.951906 129781289469760 train.py:1104] Step 00017000: energy=-7.4821750893428058 E_h, variance=5.2265626149317547e-02 E_h^2, std=2.2861676699078207e-01 E_h, ewmean=-7.4783432187850352 E_h, ewvar=4.4039543834788666e-06 E_h^2, ewstd=2.0985600738313084e-03 E_h, pmove=0.52077637
I0512 14:56:14.604210 129781289469760 train.py:1104] Step 00018000: energy=-7.4763884157614964 E_h, variance=3.6920327389710142e-03 E_h^2, std=6.0762099527345285e-02 E_h, ewmean=-7.4779671954892351 E_h, ewvar=2.3392184457164593e-06 E_h^2, ewstd=1.5294503737344534e-03 E_h, pmove=0.52285156
I0512 15:08:39.216372 129781289469760 train.py:1104] Step 00019000: energy=-7.4773919292730007 E_h, variance=1.1505226256592754e-03 E_h^2, std=3.3919354735302311e-02 E_h, ewmean=-7.4777861838016602 E_h, ewvar=1.4703310804631218e-06 E_h^2, ewstd=1.2125720928930872e-03 E_h, pmove=0.51816406
I0512 15:21:03.076510 129781289469760 train.py:1049] Timing step 00020000: block_iters=10000, block_time=7444.248584 s, sec/iter=0.7444248584, iter/s=1.343319, elapsed=14899.896868 s
I0512 15:21:03.823493 129781289469760 train.py:1104] Step 00020000: energy=-7.4770927899119055 E_h, variance=2.9151382409816632e-02 E_h^2, std=1.7073775918002623e-01 E_h, ewmean=-7.4774091709957684 E_h, ewvar=3.2317639267976703e-06 E_h^2, ewstd=1.7977107461429023e-03 E_h, pmove=0.51657715
I0512 15:33:28.664041 129781289469760 train.py:1104] Step 00021000: energy=-7.4776912369064048 E_h, variance=4.2812797749233310e-03 E_h^2, std=6.5431489169384877e-02 E_h, ewmean=-7.4782388896449978 E_h, ewvar=2.2566861329375295e-06 E_h^2, ewstd=1.5022270577171514e-03 E_h, pmove=0.51750488
I0512 15:45:53.351552 129781289469760 train.py:1104] Step 00022000: energy=-7.4782174089980238 E_h, variance=4.6402041862255404e-03 E_h^2, std=6.8119044225719586e-02 E_h, ewmean=-7.4778631885128091 E_h, ewvar=2.0410385188936958e-06 E_h^2, ewstd=1.4286491937819080e-03 E_h, pmove=0.52011719
I0512 15:58:17.972520 129781289469760 train.py:1104] Step 00023000: energy=-7.4766636755087177 E_h, variance=1.1789423912384016e-03 E_h^2, std=3.4335730533052618e-02 E_h, ewmean=-7.4774681552077347 E_h, ewvar=1.7616823277868770e-06 E_h^2, ewstd=1.3272838158385255e-03 E_h, pmove=0.51916504
I0512 16:10:42.511557 129781289469760 train.py:1104] Step 00024000: energy=-7.4783009139552048 E_h, variance=1.0711686374687847e-03 E_h^2, std=3.2728712737729003e-02 E_h, ewmean=-7.4781088000453817 E_h, ewvar=2.2713230507775692e-06 E_h^2, ewstd=1.5070909231952694e-03 E_h, pmove=0.51606445
I0512 16:12:44.606095 129781289469760 checkpoint.py:124] Saving checkpoint /home/sjtu/PyQMC/Ferminet/checkpoints_ferminet_x64_atoms/Li_doublet/qmcjax_ckpt_024164.npz
I0512 16:23:06.984630 129781289469760 train.py:1104] Step 00025000: energy=-7.4790840586707610 E_h, variance=2.1685620873080159e-02 E_h^2, std=1.4726038460183430e-01 E_h, ewmean=-7.4781891433317957 E_h, ewvar=3.9124770744350072e-06 E_h^2, ewstd=1.9779982493508450e-03 E_h, pmove=0.51594238
I0512 16:35:31.464508 129781289469760 train.py:1104] Step 00026000: energy=-7.4773595690605790 E_h, variance=2.3291754166973829e-03 E_h^2, std=4.8261531437547474e-02 E_h, ewmean=-7.4786401910830316 E_h, ewvar=1.5109781283100144e-05 E_h^2, ewstd=3.8871302117500701e-03 E_h, pmove=0.52370605
I0512 16:47:55.846390 129781289469760 train.py:1104] Step 00027000: energy=-7.4764696554406012 E_h, variance=1.1411011652750287e-03 E_h^2, std=3.3780188946704086e-02 E_h, ewmean=-7.4775608328886882 E_h, ewvar=1.5972821815930935e-06 E_h^2, ewstd=1.2638362954089796e-03 E_h, pmove=0.51223145
I0512 17:00:20.321297 129781289469760 train.py:1104] Step 00028000: energy=-7.4787079094605442 E_h, variance=2.4785273400729497e-03 E_h^2, std=4.9784810334809450e-02 E_h, ewmean=-7.4775163399048177 E_h, ewvar=8.0759547646829922e-07 E_h^2, ewstd=8.9866316073838209e-04 E_h, pmove=0.52246094
I0512 17:12:44.717430 129781289469760 train.py:1104] Step 00029000: energy=-7.4778060308343459 E_h, variance=2.3354204555020648e-03 E_h^2, std=4.8326188091986570e-02 E_h, ewmean=-7.4777158396198624 E_h, ewvar=1.4859654750930964e-06 E_h^2, ewstd=1.2190018355577223e-03 E_h, pmove=0.52001953
I0512 17:25:08.550782 129781289469760 train.py:1049] Timing step 00030000: block_iters=10000, block_time=7445.474272 s, sec/iter=0.7445474272, iter/s=1.343098, elapsed=22345.371139 s
I0512 17:25:09.297586 129781289469760 train.py:1104] Step 00030000: energy=-7.4773616484758580 E_h, variance=8.1078072542533179e-03 E_h^2, std=9.0043363188262338e-02 E_h, ewmean=-7.4775222717211527 E_h, ewvar=1.4673866749499714e-06 E_h^2, ewstd=1.2113573688016148e-03 E_h, pmove=0.51523438
I0512 17:37:33.863990 129781289469760 train.py:1104] Step 00031000: energy=-7.4767083505417480 E_h, variance=7.7391141341226592e-03 E_h^2, std=8.7972235018343475e-02 E_h, ewmean=-7.4773902874887570 E_h, ewvar=1.7928289230162940e-06 E_h^2, ewstd=1.3389656168163147e-03 E_h, pmove=0.51777344
I0512 17:49:58.354870 129781289469760 train.py:1104] Step 00032000: energy=-7.4819259073165165 E_h, variance=7.5147236032497011e-02 E_h^2, std=2.7412996193867062e-01 E_h, ewmean=-7.4781377580999351 E_h, ewvar=3.5807546087450017e-06 E_h^2, ewstd=1.8922881938925164e-03 E_h, pmove=0.51694336
I0512 17:52:45.090799 129781289469760 checkpoint.py:124] Saving checkpoint /home/sjtu/PyQMC/Ferminet/checkpoints_ferminet_x64_atoms/Li_doublet/qmcjax_ckpt_032224.npz
I0512 18:02:22.926595 129781289469760 train.py:1104] Step 00033000: energy=-7.4780987845266402 E_h, variance=2.7958545786502310e-03 E_h^2, std=5.2875841162578499e-02 E_h, ewmean=-7.4774015054324430 E_h, ewvar=1.1546420607670601e-06 E_h^2, ewstd=1.0745427217040094e-03 E_h, pmove=0.52099609
I0512 18:14:47.433567 129781289469760 train.py:1104] Step 00034000: energy=-7.4769666394496133 E_h, variance=1.1692718056168163e-03 E_h^2, std=3.4194616617485511e-02 E_h, ewmean=-7.4777159506044892 E_h, ewvar=9.5348602130745492e-07 E_h^2, ewstd=9.7646608815025158e-04 E_h, pmove=0.51899414
I0512 18:27:12.040872 129781289469760 train.py:1104] Step 00035000: energy=-7.4782115322735621 E_h, variance=1.7512555342503937e-03 E_h^2, std=4.1848005140632374e-02 E_h, ewmean=-7.4780408524207873 E_h, ewvar=1.9972819877913345e-06 E_h^2, ewstd=1.4132522732305561e-03 E_h, pmove=0.51516113
I0512 18:39:36.399665 129781289469760 train.py:1104] Step 00036000: energy=-7.4776656114045812 E_h, variance=1.1000952890856482e-03 E_h^2, std=3.3167684409461690e-02 E_h, ewmean=-7.4778571633991646 E_h, ewvar=1.4430808865071946e-06 E_h^2, ewstd=1.2012830168229279e-03 E_h, pmove=0.51826172
I0512 18:52:00.743849 129781289469760 train.py:1104] Step 00037000: energy=-7.4783523193426298 E_h, variance=8.5392974428058423e-04 E_h^2, std=2.9222076317068645e-02 E_h, ewmean=-7.4775072568859420 E_h, ewvar=8.4914762314893286e-07 E_h^2, ewstd=9.2149206353008429e-04 E_h, pmove=0.51870117
I0512 19:04:25.193550 129781289469760 train.py:1104] Step 00038000: energy=-7.4780882168070750 E_h, variance=1.2159014688804613e-02 E_h^2, std=1.1026792230202133e-01 E_h, ewmean=-7.4774052663635491 E_h, ewvar=1.3959368215717863e-06 E_h^2, ewstd=1.1814977027365674e-03 E_h, pmove=0.52353516
I0512 19:16:49.546630 129781289469760 train.py:1104] Step 00039000: energy=-7.4772937242105577 E_h, variance=3.3723319953337929e-03 E_h^2, std=5.8071783125144286e-02 E_h, ewmean=-7.4774862871565819 E_h, ewvar=6.6617072311824608e-07 E_h^2, ewstd=8.1619282226582106e-04 E_h, pmove=0.51855469
I0512 19:29:13.249077 129781289469760 train.py:1049] Timing step 00040000: block_iters=10000, block_time=7444.698297 s, sec/iter=0.7444698297, iter/s=1.343238, elapsed=29790.069437 s
I0512 19:29:13.995668 129781289469760 train.py:1104] Step 00040000: energy=-7.4775027673260404 E_h, variance=1.1857449236276428e-03 E_h^2, std=3.4434647139583739e-02 E_h, ewmean=-7.4762377257672297 E_h, ewvar=1.0123298503611892e-05 E_h^2, ewstd=3.1817131397427851e-03 E_h, pmove=0.51845703
I0512 19:32:45.442677 129781289469760 checkpoint.py:124] Saving checkpoint /home/sjtu/PyQMC/Ferminet/checkpoints_ferminet_x64_atoms/Li_doublet/qmcjax_ckpt_040284.npz
I0512 19:41:38.596853 129781289469760 train.py:1104] Step 00041000: energy=-7.4777359040879530 E_h, variance=5.0693663038616516e-03 E_h^2, std=7.1199482469057676e-02 E_h, ewmean=-7.4777366607911411 E_h, ewvar=7.6338693597929853e-07 E_h^2, ewstd=8.7372017029441326e-04 E_h, pmove=0.51799316
I0512 19:54:03.182772 129781289469760 train.py:1104] Step 00042000: energy=-7.4775665118014585 E_h, variance=2.1610344261398691e-03 E_h^2, std=4.6486927475795484e-02 E_h, ewmean=-7.4780412143163204 E_h, ewvar=1.0221149520822621e-06 E_h^2, ewstd=1.0109970089383362e-03 E_h, pmove=0.51354980
I0512 20:06:27.791406 129781289469760 train.py:1104] Step 00043000: energy=-7.4792736422256656 E_h, variance=3.4906663745158831e-03 E_h^2, std=5.9081861637188475e-02 E_h, ewmean=-7.4779892339733118 E_h, ewvar=3.1876929245483231e-06 E_h^2, ewstd=1.7854111359987433e-03 E_h, pmove=0.51254883
I0512 20:18:52.550784 129781289469760 train.py:1104] Step 00044000: energy=-7.4766518594309481 E_h, variance=2.9196144494033427e-03 E_h^2, std=5.4033456759709005e-02 E_h, ewmean=-7.4780533911048721 E_h, ewvar=2.1180035811445390e-06 E_h^2, ewstd=1.4553362433281660e-03 E_h, pmove=0.52243652
I0512 20:31:17.323110 129781289469760 train.py:1104] Step 00045000: energy=-7.4797738352817120 E_h, variance=1.4109988604157471e-02 E_h^2, std=1.1878547303503686e-01 E_h, ewmean=-7.4781474187945856 E_h, ewvar=1.7683318483514994e-06 E_h^2, ewstd=1.3297863920011738e-03 E_h, pmove=0.51403809
I0512 20:43:42.416063 129781289469760 train.py:1104] Step 00046000: energy=-7.4764633183921863 E_h, variance=1.8328904593107455e-03 E_h^2, std=4.2812269962135219e-02 E_h, ewmean=-7.4776170297089166 E_h, ewvar=9.2216974987950702e-07 E_h^2, ewstd=9.6029669887983424e-04 E_h, pmove=0.51860352
I0512 20:56:07.343274 129781289469760 train.py:1104] Step 00047000: energy=-7.4777192660297693 E_h, variance=3.2475249010623852e-03 E_h^2, std=5.6987059066619550e-02 E_h, ewmean=-7.4776559092934800 E_h, ewvar=4.5726876967162883e-07 E_h^2, ewstd=6.7621651094278146e-04 E_h, pmove=0.51828613
I0512 21:08:32.121736 129781289469760 train.py:1104] Step 00048000: energy=-7.4817877513992457 E_h, variance=1.5053953329129163e-02 E_h^2, std=1.2269455297253079e-01 E_h, ewmean=-7.4781425285350247 E_h, ewvar=2.6048312064213268e-06 E_h^2, ewstd=1.6139489478980823e-03 E_h, pmove=0.51477051
I0512 21:12:46.098398 129781289469760 checkpoint.py:124] Saving checkpoint /home/sjtu/PyQMC/Ferminet/checkpoints_ferminet_x64_atoms/Li_doublet/qmcjax_ckpt_048341.npz
I0512 21:20:56.990290 129781289469760 train.py:1104] Step 00049000: energy=-7.4774318401116942 E_h, variance=2.8690051946116328e-03 E_h^2, std=5.3563095453974960e-02 E_h, ewmean=-7.4777709560869727 E_h, ewvar=1.7579475285911957e-06 E_h^2, ewstd=1.3258761362175563e-03 E_h, pmove=0.51640625
I0512 21:33:20.669768 129781289469760 train.py:1049] Timing step 00050000: block_iters=10000, block_time=7447.420698 s, sec/iter=0.7447420698, iter/s=1.342747, elapsed=37237.490134 s
I0512 21:33:21.416337 129781289469760 train.py:1104] Step 00050000: energy=-7.4780317531432621 E_h, variance=1.3169603825418487e-03 E_h^2, std=3.6289948781196270e-02 E_h, ewmean=-7.4776918401472292 E_h, ewvar=6.6239351899129282e-07 E_h^2, ewstd=8.1387561641278630e-04 E_h, pmove=0.51650391
I0512 21:45:45.845984 129781289469760 train.py:1104] Step 00051000: energy=-7.4766342215247086 E_h, variance=3.6761230710327395e-03 E_h^2, std=6.0631040491094489e-02 E_h, ewmean=-7.4776473285085734 E_h, ewvar=3.7956679954692296e-06 E_h^2, ewstd=1.9482474163897228e-03 E_h, pmove=0.51918945
I0512 21:58:10.244287 129781289469760 train.py:1104] Step 00052000: energy=-7.4779558468288574 E_h, variance=2.3188859128196499e-03 E_h^2, std=4.8154811938368632e-02 E_h, ewmean=-7.4781221690053918 E_h, ewvar=9.8522836744372837e-07 E_h^2, ewstd=9.9258670525235646e-04 E_h, pmove=0.52268066
I0512 22:10:34.587231 129781289469760 train.py:1104] Step 00053000: energy=-7.4777158834187150 E_h, variance=8.9928752975307260e-04 E_h^2, std=2.9988123144889755e-02 E_h, ewmean=-7.4782282143134928 E_h, ewvar=3.4188741509174583e-06 E_h^2, ewstd=1.8490197811049664e-03 E_h, pmove=0.51726074
I0512 22:22:58.903669 129781289469760 train.py:1104] Step 00054000: energy=-7.4764495475673458 E_h, variance=9.1798880838477211e-03 E_h^2, std=9.5811732495805130e-02 E_h, ewmean=-7.4778374084067449 E_h, ewvar=9.9065126505739011e-07 E_h^2, ewstd=9.9531465630592927e-04 E_h, pmove=0.51850586
I0512 22:35:23.227440 129781289469760 train.py:1104] Step 00055000: energy=-7.4773238064389442 E_h, variance=9.9024878427657640e-04 E_h^2, std=3.1468218638438628e-02 E_h, ewmean=-7.4777209805517346 E_h, ewvar=8.9010981218512411e-07 E_h^2, ewstd=9.4345631175223163e-04 E_h, pmove=0.51855469
I0512 22:47:47.495776 129781289469760 train.py:1104] Step 00056000: energy=-7.4783650512681916 E_h, variance=1.0604212496238034e-03 E_h^2, std=3.2564109839266345e-02 E_h, ewmean=-7.4781496749701644 E_h, ewvar=3.8631883083787551e-06 E_h^2, ewstd=1.9654995060744114e-03 E_h, pmove=0.51877441
I0512 22:52:46.696654 129781289469760 checkpoint.py:124] Saving checkpoint /home/sjtu/PyQMC/Ferminet/checkpoints_ferminet_x64_atoms/Li_doublet/qmcjax_ckpt_056402.npz
I0512 23:00:11.843970 129781289469760 train.py:1104] Step 00057000: energy=-7.4779008084488181 E_h, variance=1.2863761276829242e-03 E_h^2, std=3.5866086037968016e-02 E_h, ewmean=-7.4777502414153467 E_h, ewvar=6.6786652900825944e-07 E_h^2, ewstd=8.1723101324427197e-04 E_h, pmove=0.52185059
I0512 23:12:36.140806 129781289469760 train.py:1104] Step 00058000: energy=-7.4785938666318392 E_h, variance=7.4845961797376085e-04 E_h^2, std=2.7357990020719009e-02 E_h, ewmean=-7.4779912892896121 E_h, ewvar=1.0868174022547570e-06 E_h^2, ewstd=1.0425053487895192e-03 E_h, pmove=0.51987305
I0512 23:25:00.433223 129781289469760 train.py:1104] Step 00059000: energy=-7.4777910232057287 E_h, variance=2.2416227258046403e-03 E_h^2, std=4.7345778331384945e-02 E_h, ewmean=-7.4777198766552546 E_h, ewvar=7.7635331087054428e-07 E_h^2, ewstd=8.8110913675352629e-04 E_h, pmove=0.51584473
I0512 23:37:24.008147 129781289469760 train.py:1049] Timing step 00060000: block_iters=10000, block_time=7443.338381 s, sec/iter=0.7443338381, iter/s=1.343483, elapsed=44680.828515 s
I0512 23:37:24.754694 129781289469760 train.py:1104] Step 00060000: energy=-7.4764619285263443 E_h, variance=8.3339068764076187e-03 E_h^2, std=9.1290234288272140e-02 E_h, ewmean=-7.4774524466562244 E_h, ewvar=2.0940780238767799e-06 E_h^2, ewstd=1.4470929561976244e-03 E_h, pmove=0.51430664
I0512 23:49:49.049103 129781289469760 train.py:1104] Step 00061000: energy=-7.4790153185940236 E_h, variance=1.2545087815672099e-03 E_h^2, std=3.5419045463806753e-02 E_h, ewmean=-7.4777887664661336 E_h, ewvar=1.2433708302397085e-06 E_h^2, ewstd=1.1150653928087395e-03 E_h, pmove=0.51628418
I0513 00:02:13.349581 129781289469760 train.py:1104] Step 00062000: energy=-7.4770558269887992 E_h, variance=1.6183228214915928e-03 E_h^2, std=4.0228383282100620e-02 E_h, ewmean=-7.4774768347533618 E_h, ewvar=9.0388871211093375e-07 E_h^2, ewstd=9.5073062016058673e-04 E_h, pmove=0.51911621
I0513 00:14:37.617082 129781289469760 train.py:1104] Step 00063000: energy=-7.4774473043354917 E_h, variance=2.0073115564789631e-03 E_h^2, std=4.4803030661763978e-02 E_h, ewmean=-7.4777818119204875 E_h, ewvar=7.5221408693325617e-07 E_h^2, ewstd=8.6730276543618614e-04 E_h, pmove=0.51254883
I0513 00:27:01.931515 129781289469760 train.py:1104] Step 00064000: energy=-7.4808106899128477 E_h, variance=3.2303691979000466e-02 E_h^2, std=1.7973227862295763e-01 E_h, ewmean=-7.4783041772457661 E_h, ewvar=1.4436713018866548e-06 E_h^2, ewstd=1.2015287353561940e-03 E_h, pmove=0.51525879
I0513 00:32:47.316127 129781289469760 checkpoint.py:124] Saving checkpoint /home/sjtu/PyQMC/Ferminet/checkpoints_ferminet_x64_atoms/Li_doublet/qmcjax_ckpt_064464.npz
I0513 00:39:26.394213 129781289469760 train.py:1104] Step 00065000: energy=-7.4916705972897013 E_h, variance=7.3317916268657379e-01 E_h^2, std=8.5625881758179512e-01 E_h, ewmean=-7.4791270098512541 E_h, ewvar=1.8066998840129476e-05 E_h^2, ewstd=4.2505292423567062e-03 E_h, pmove=0.52087402
I0513 00:51:50.742430 129781289469760 train.py:1104] Step 00066000: energy=-7.4743183977509222 E_h, variance=9.1844451033171667e-03 E_h^2, std=9.5835510659239287e-02 E_h, ewmean=-7.4775742883272844 E_h, ewvar=1.8661264484024150e-06 E_h^2, ewstd=1.3660623881808674e-03 E_h, pmove=0.51691895
I0513 01:04:15.170052 129781289469760 train.py:1104] Step 00067000: energy=-7.4774449250963606 E_h, variance=1.5126659895387837e-03 E_h^2, std=3.8893006949049125e-02 E_h, ewmean=-7.4778391063890215 E_h, ewvar=9.9523372919703053e-07 E_h^2, ewstd=9.9761401814380630e-04 E_h, pmove=0.52011719
I0513 01:16:39.639931 129781289469760 train.py:1104] Step 00068000: energy=-7.4769417893218257 E_h, variance=2.4948399616475736e-03 E_h^2, std=4.9948372962966205e-02 E_h, ewmean=-7.4774298525379361 E_h, ewvar=5.3516564543600658e-07 E_h^2, ewstd=7.3155016604195132e-04 E_h, pmove=0.51579590
I0513 01:29:04.028074 129781289469760 train.py:1104] Step 00069000: energy=-7.4782891644524199 E_h, variance=5.9026721605237777e-03 E_h^2, std=7.6828849793054807e-02 E_h, ewmean=-7.4777254888972893 E_h, ewvar=1.0047689343004098e-06 E_h^2, ewstd=1.0023816310669354e-03 E_h, pmove=0.51494141
I0513 01:41:27.610798 129781289469760 train.py:1049] Timing step 00070000: block_iters=10000, block_time=7443.602654 s, sec/iter=0.7443602654, iter/s=1.343435, elapsed=52124.431170 s
I0513 01:41:28.357100 129781289469760 train.py:1104] Step 00070000: energy=-7.4781933450473996 E_h, variance=1.2383978222429743e-03 E_h^2, std=3.5190876974621907e-02 E_h, ewmean=-7.4776322778544477 E_h, ewvar=8.9597204478514851e-07 E_h^2, ewstd=9.4655799863777414e-04 E_h, pmove=0.51962891
I0513 01:53:52.658228 129781289469760 train.py:1104] Step 00071000: energy=-7.4771547961615150 E_h, variance=1.3834413931060382e-03 E_h^2, std=3.7194641994594303e-02 E_h, ewmean=-7.4774475080628964 E_h, ewvar=7.5723621000384414e-07 E_h^2, ewstd=8.7019320268768143e-04 E_h, pmove=0.51501465
I0513 02:06:16.969684 129781289469760 train.py:1104] Step 00072000: energy=-7.4782194644983182 E_h, variance=2.6785412110357652e-03 E_h^2, std=5.1754625020724143e-02 E_h, ewmean=-7.4783718031183106 E_h, ewvar=4.1698302634756129e-06 E_h^2, ewstd=2.0420162250764837e-03 E_h, pmove=0.51206055
I0513 02:12:47.801175 129781289469760 checkpoint.py:124] Saving checkpoint /home/sjtu/PyQMC/Ferminet/checkpoints_ferminet_x64_atoms/Li_doublet/qmcjax_ckpt_072525.npz
I0513 02:18:41.474781 129781289469760 train.py:1104] Step 00073000: energy=-7.4809582269653134 E_h, variance=3.0608043969201342e-02 E_h^2, std=1.7495154749015895e-01 E_h, ewmean=-7.4785180588628180 E_h, ewvar=1.7873763476441015e-06 E_h^2, ewstd=1.3369279515531500e-03 E_h, pmove=0.52224121
I0513 02:31:05.815405 129781289469760 train.py:1104] Step 00074000: energy=-7.4770487280614404 E_h, variance=3.2953808996195365e-03 E_h^2, std=5.7405408278484844e-02 E_h, ewmean=-7.4777471176730170 E_h, ewvar=1.6359542925727261e-06 E_h^2, ewstd=1.2790442887455954e-03 E_h, pmove=0.52011719
I0513 02:43:30.140189 129781289469760 train.py:1104] Step 00075000: energy=-7.4770398140181404 E_h, variance=4.3260343973310564e-03 E_h^2, std=6.5772596096938862e-02 E_h, ewmean=-7.4775581314026809 E_h, ewvar=1.1686711718190610e-06 E_h^2, ewstd=1.0810509570871583e-03 E_h, pmove=0.51652832
I0513 02:55:54.504555 129781289469760 train.py:1104] Step 00076000: energy=-7.4786896784497889 E_h, variance=2.4736923062453975e-03 E_h^2, std=4.9736227302092359e-02 E_h, ewmean=-7.4779454137807022 E_h, ewvar=7.6337890921883531e-07 E_h^2, ewstd=8.7371557684342291e-04 E_h, pmove=0.51501465
I0513 03:08:18.886706 129781289469760 train.py:1104] Step 00077000: energy=-7.4770659473749292 E_h, variance=2.9216230628400890e-03 E_h^2, std=5.4052040320787975e-02 E_h, ewmean=-7.4778553761947935 E_h, ewvar=2.4012049943280538e-06 E_h^2, ewstd=1.5495821999261781e-03 E_h, pmove=0.51860352
I0513 03:20:43.250942 129781289469760 train.py:1104] Step 00078000: energy=-7.4766269938262884 E_h, variance=3.0792804636156235e-03 E_h^2, std=5.5491264750549912e-02 E_h, ewmean=-7.4778139069651610 E_h, ewvar=1.7467080206108863e-06 E_h^2, ewstd=1.3216308185763853e-03 E_h, pmove=0.51645508
I0513 03:33:07.603116 129781289469760 train.py:1104] Step 00079000: energy=-7.4775980919006377 E_h, variance=9.3037714836860757e-04 E_h^2, std=3.0502084328265299e-02 E_h, ewmean=-7.4778802775418693 E_h, ewvar=9.7264026523365898e-07 E_h^2, ewstd=9.8622526089816773e-04 E_h, pmove=0.51665039
I0513 03:45:31.201735 129781289469760 train.py:1049] Timing step 00080000: block_iters=10000, block_time=7443.590927 s, sec/iter=0.7443590927, iter/s=1.343438, elapsed=59568.022097 s
I0513 03:45:31.948279 129781289469760 train.py:1104] Step 00080000: energy=-7.4781721869932376 E_h, variance=6.6839004670668869e-04 E_h^2, std=2.5853240545561956e-02 E_h, ewmean=-7.4784186902032888 E_h, ewvar=1.0799648241731985e-06 E_h^2, ewstd=1.0392135604259591e-03 E_h, pmove=0.51848145
I0513 03:52:48.146187 129781289469760 checkpoint.py:124] Saving checkpoint /home/sjtu/PyQMC/Ferminet/checkpoints_ferminet_x64_atoms/Li_doublet/qmcjax_ckpt_080586.npz
I0513 03:57:56.385364 129781289469760 train.py:1104] Step 00081000: energy=-7.4761295010965281 E_h, variance=2.9284213948960174e-03 E_h^2, std=5.4114890694669404e-02 E_h, ewmean=-7.4776442945654802 E_h, ewvar=6.5115282333176224e-07 E_h^2, ewstd=8.0694040878602816e-04 E_h, pmove=0.51933594
I0513 04:10:20.747745 129781289469760 train.py:1104] Step 00082000: energy=-7.4785202487086906 E_h, variance=3.3834546355771939e-03 E_h^2, std=5.8167470596349587e-02 E_h, ewmean=-7.4776817737288095 E_h, ewvar=6.8505984591197056e-07 E_h^2, ewstd=8.2768342131032838e-04 E_h, pmove=0.51833496
I0513 04:22:45.133523 129781289469760 train.py:1104] Step 00083000: energy=-7.4774022936524549 E_h, variance=1.2733597103186771e-03 E_h^2, std=3.5684166100928810e-02 E_h, ewmean=-7.4777348853964565 E_h, ewvar=7.7193347617250849e-07 E_h^2, ewstd=8.7859744830753319e-04 E_h, pmove=0.51625977
I0513 04:35:09.506705 129781289469760 train.py:1104] Step 00084000: energy=-7.4781350976979981 E_h, variance=1.3952607565799649e-03 E_h^2, std=3.7353189376276359e-02 E_h, ewmean=-7.4776211051121262 E_h, ewvar=7.6739514524690652e-07 E_h^2, ewstd=8.7601092758418631e-04 E_h, pmove=0.52111816
I0513 04:47:33.886962 129781289469760 train.py:1104] Step 00085000: energy=-7.4768655995231637 E_h, variance=2.1698087377326034e-03 E_h^2, std=4.6581205842406048e-02 E_h, ewmean=-7.4780169606561486 E_h, ewvar=2.4268096979347488e-06 E_h^2, ewstd=1.5578221008622098e-03 E_h, pmove=0.51662598
I0513 04:59:58.317434 129781289469760 train.py:1104] Step 00086000: energy=-7.4776194524133857 E_h, variance=1.2159117655949122e-03 E_h^2, std=3.4869926377824663e-02 E_h, ewmean=-7.4776161824160079 E_h, ewvar=2.3119414251364342e-06 E_h^2, ewstd=1.5205069631989306e-03 E_h, pmove=0.51606445
I0513 05:12:22.742715 129781289469760 train.py:1104] Step 00087000: energy=-7.4776473451475782 E_h, variance=7.7809319428690481e-04 E_h^2, std=2.7894321900467572e-02 E_h, ewmean=-7.4780734784290583 E_h, ewvar=2.5845308792392638e-06 E_h^2, ewstd=1.6076476228450262e-03 E_h, pmove=0.51569824
I0513 05:24:47.140541 129781289469760 train.py:1104] Step 00088000: energy=-7.4775901579853716 E_h, variance=7.7141873382488059e-04 E_h^2, std=2.7774425895504672e-02 E_h, ewmean=-7.4779603256392555 E_h, ewvar=1.0109300923372011e-06 E_h^2, ewstd=1.0054501938620336e-03 E_h, pmove=0.51584473
I0513 05:32:48.769532 129781289469760 checkpoint.py:124] Saving checkpoint /home/sjtu/PyQMC/Ferminet/checkpoints_ferminet_x64_atoms/Li_doublet/qmcjax_ckpt_088647.npz
I0513 05:37:11.617202 129781289469760 train.py:1104] Step 00089000: energy=-7.4783369879170944 E_h, variance=5.4897851826582749e-04 E_h^2, std=2.3430290614199122e-02 E_h, ewmean=-7.4779973426906423 E_h, ewvar=9.7244633380494583e-07 E_h^2, ewstd=9.8612693594939691e-04 E_h, pmove=0.51748047
I0513 05:49:35.228973 129781289469760 train.py:1049] Timing step 00090000: block_iters=10000, block_time=7444.027242 s, sec/iter=0.7444027242, iter/s=1.343359, elapsed=67012.049339 s
I0513 05:49:35.975528 129781289469760 train.py:1104] Step 00090000: energy=-7.4779211609350495 E_h, variance=1.1778049070445200e-03 E_h^2, std=3.4319162388445901e-02 E_h, ewmean=-7.4779995532955663 E_h, ewvar=3.7184038069607733e-06 E_h^2, ewstd=1.9283163140316926e-03 E_h, pmove=0.51691895
I0513 06:02:00.250378 129781289469760 train.py:1104] Step 00091000: energy=-7.4788590522695628 E_h, variance=5.6129386371888169e-03 E_h^2, std=7.4919547764177113e-02 E_h, ewmean=-7.4782043272921754 E_h, ewvar=1.0837564653635195e-06 E_h^2, ewstd=1.0410362459412829e-03 E_h, pmove=0.51894531
I0513 06:14:24.629628 129781289469760 train.py:1104] Step 00092000: energy=-7.4770262893428630 E_h, variance=9.8739863895426624e-04 E_h^2, std=3.1422899913188571e-02 E_h, ewmean=-7.4779763285011205 E_h, ewvar=1.0130207298917004e-06 E_h^2, ewstd=1.0064893093777501e-03 E_h, pmove=0.52009277
I0513 06:26:48.934905 129781289469760 train.py:1104] Step 00093000: energy=-7.4780718354840694 E_h, variance=5.7199416557742844e-04 E_h^2, std=2.3916399511160296e-02 E_h, ewmean=-7.4776887843657152 E_h, ewvar=5.3671162124260252e-07 E_h^2, ewstd=7.3260604777916117e-04 E_h, pmove=0.51850586
I0513 06:39:13.330636 129781289469760 train.py:1104] Step 00094000: energy=-7.4779671114330881 E_h, variance=4.5672309115043987e-04 E_h^2, std=2.1371080720226570e-02 E_h, ewmean=-7.4780715450430764 E_h, ewvar=2.7160598945913884e-06 E_h^2, ewstd=1.6480472974376033e-03 E_h, pmove=0.52053223
I0513 06:51:37.721097 129781289469760 train.py:1104] Step 00095000: energy=-7.4770372966176559 E_h, variance=1.1279292534002606e-03 E_h^2, std=3.3584658006301935e-02 E_h, ewmean=-7.4775188849438257 E_h, ewvar=2.8817071512947652e-07 E_h^2, ewstd=5.3681534546757930e-04 E_h, pmove=0.51677246
I0513 07:04:02.140684 129781289469760 train.py:1104] Step 00096000: energy=-7.4774432508551349 E_h, variance=8.4090827595102204e-04 E_h^2, std=2.8998418507756970e-02 E_h, ewmean=-7.4778662736112276 E_h, ewvar=5.0742039441491629e-06 E_h^2, ewstd=2.2525993749775309e-03 E_h, pmove=0.51235352
I0513 07:12:49.156643 129781289469760 checkpoint.py:124] Saving checkpoint /home/sjtu/PyQMC/Ferminet/checkpoints_ferminet_x64_atoms/Li_doublet/qmcjax_ckpt_096708.npz
I0513 07:16:26.596734 129781289469760 train.py:1104] Step 00097000: energy=-7.4788425086677872 E_h, variance=3.9946675659460213e-03 E_h^2, std=6.3203382551458603e-02 E_h, ewmean=-7.4777878961812840 E_h, ewvar=1.8679028939962763e-06 E_h^2, ewstd=1.3667124401264064e-03 E_h, pmove=0.51403809
I0513 07:28:50.992179 129781289469760 train.py:1104] Step 00098000: energy=-7.4775544137445733 E_h, variance=9.8496466242957415e-04 E_h^2, std=3.1384146673592614e-02 E_h, ewmean=-7.4780975426921055 E_h, ewvar=1.7133410514199974e-06 E_h^2, ewstd=1.3089465426135620e-03 E_h, pmove=0.51394043
I0513 07:41:15.302465 129781289469760 train.py:1104] Step 00099000: energy=-7.4787525350854436 E_h, variance=3.2859493381464690e-03 E_h^2, std=5.7323200696981921e-02 E_h, ewmean=-7.4778200352610433 E_h, ewvar=1.0061771877309667e-06 E_h^2, ewstd=1.0030838388345048e-03 E_h, pmove=0.51440430
I0513 07:53:38.862963 129781289469760 train.py:1049] Timing step 00100000: block_iters=10000, block_time=7443.633986 s, sec/iter=0.7443633986, iter/s=1.343430, elapsed=74455.683325 s
I0513 07:53:39.609463 129781289469760 train.py:1104] Step 00100000: energy=-7.4770035326544448 E_h, variance=5.0748012878979003e-03 E_h^2, std=7.1237639544681014e-02 E_h, ewmean=-7.4776310907573746 E_h, ewvar=6.3738528801730120e-07 E_h^2, ewstd=7.9836413247170697e-04 E_h, pmove=0.51513672
I0513 08:06:03.981323 129781289469760 train.py:1104] Step 00101000: energy=-7.4782217585387958 E_h, variance=9.9307078094095259e-03 E_h^2, std=9.9652936782663487e-02 E_h, ewmean=-7.4779667392864040 E_h, ewvar=1.1908260597649346e-06 E_h^2, ewstd=1.0912497696517211e-03 E_h, pmove=0.51762695
I0513 08:18:28.339061 129781289469760 train.py:1104] Step 00102000: energy=-7.4778879424399864 E_h, variance=1.1786932796525032e-03 E_h^2, std=3.4332102756057678e-02 E_h, ewmean=-7.4776319129468698 E_h, ewvar=1.4481070119951088e-06 E_h^2, ewstd=1.2033731806863192e-03 E_h, pmove=0.51796875
I0513 08:30:52.735320 129781289469760 train.py:1104] Step 00103000: energy=-7.4770806190858909 E_h, variance=2.4861912992105465e-03 E_h^2, std=4.9861721783453751e-02 E_h, ewmean=-7.4777391997451916 E_h, ewvar=3.5930623302679615e-07 E_h^2, ewstd=5.9942158204955899e-04 E_h, pmove=0.52336426
I0513 08:43:17.049278 129781289469760 train.py:1104] Step 00104000: energy=-7.4768420441154060 E_h, variance=2.3716572020596469e-03 E_h^2, std=4.8699663264335280e-02 E_h, ewmean=-7.4777004172922901 E_h, ewvar=8.3413275395963433e-07 E_h^2, ewstd=9.1330868492511027e-04 E_h, pmove=0.51987305
I0513 08:52:49.464043 129781289469760 checkpoint.py:124] Saving checkpoint /home/sjtu/PyQMC/Ferminet/checkpoints_ferminet_x64_atoms/Li_doublet/qmcjax_ckpt_104769.npz
I0513 08:55:41.495843 129781289469760 train.py:1104] Step 00105000: energy=-7.4794492169584625 E_h, variance=1.3719795464242247e-02 E_h^2, std=1.1713153061512620e-01 E_h, ewmean=-7.4784215852419136 E_h, ewvar=2.6946681442720673e-06 E_h^2, ewstd=1.6415444387137582e-03 E_h, pmove=0.51364746
I0513 09:08:05.849938 129781289469760 train.py:1104] Step 00106000: energy=-7.4773685844020630 E_h, variance=1.7258845225412919e-03 E_h^2, std=4.1543766349974719e-02 E_h, ewmean=-7.4777739073746856 E_h, ewvar=9.6487698930843935e-07 E_h^2, ewstd=9.8228152243052982e-04 E_h, pmove=0.51652832
I0513 09:20:30.356615 129781289469760 train.py:1104] Step 00107000: energy=-7.4778929070974272 E_h, variance=7.5869918395965832e-04 E_h^2, std=2.7544494621605572e-02 E_h, ewmean=-7.4777693119712092 E_h, ewvar=1.3191267605915798e-06 E_h^2, ewstd=1.1485324377620250e-03 E_h, pmove=0.51928711
I0513 09:32:54.766683 129781289469760 train.py:1104] Step 00108000: energy=-7.4788006687444870 E_h, variance=8.0915867550553631e-04 E_h^2, std=2.8445714536737100e-02 E_h, ewmean=-7.4782087049259731 E_h, ewvar=5.6969646802119237e-07 E_h^2, ewstd=7.5478239779501509e-04 E_h, pmove=0.51840820
I0513 09:45:19.497213 129781289469760 train.py:1104] Step 00109000: energy=-7.4790486949722279 E_h, variance=8.3396968073083839e-03 E_h^2, std=9.1321940448658795e-02 E_h, ewmean=-7.4778356511536366 E_h, ewvar=1.1265420870885971e-06 E_h^2, ewstd=1.0613868696609154e-03 E_h, pmove=0.51420898
I0513 09:57:44.061780 129781289469760 train.py:1049] Timing step 00110000: block_iters=10000, block_time=7445.198821 s, sec/iter=0.7445198821, iter/s=1.343147, elapsed=81900.882146 s
I0513 09:57:44.808238 129781289469760 train.py:1104] Step 00110000: energy=-7.4788636176880834 E_h, variance=1.3074940720820708e-03 E_h^2, std=3.6159287494115129e-02 E_h, ewmean=-7.4783717848215145 E_h, ewvar=3.0280254995898730e-05 E_h^2, ewstd=5.5027497667892123e-03 E_h, pmove=0.52246094
I0513 10:10:09.179738 129781289469760 train.py:1104] Step 00111000: energy=-7.4767634820398916 E_h, variance=4.6025537799412597e-03 E_h^2, std=6.7842123934479373e-02 E_h, ewmean=-7.4777581168641181 E_h, ewvar=7.2557709832173077e-07 E_h^2, ewstd=8.5180813468863439e-04 E_h, pmove=0.51853027
I0513 10:22:33.500793 129781289469760 train.py:1104] Step 00112000: energy=-7.4777897966633944 E_h, variance=7.2064747293227281e-04 E_h^2, std=2.6844877964562863e-02 E_h, ewmean=-7.4780512738068712 E_h, ewvar=5.0224291185220869e-07 E_h^2, ewstd=7.0869098474032302e-04 E_h, pmove=0.51916504
I0513 10:32:49.786193 129781289469760 checkpoint.py:124] Saving checkpoint /home/sjtu/PyQMC/Ferminet/checkpoints_ferminet_x64_atoms/Li_doublet/qmcjax_ckpt_112828.npz
I0513 10:34:57.890484 129781289469760 train.py:1104] Step 00113000: energy=-7.4777574617475544 E_h, variance=9.5782215361296988e-04 E_h^2, std=3.0948701969759084e-02 E_h, ewmean=-7.4779335118300905 E_h, ewvar=1.0663421048704319e-06 E_h^2, ewstd=1.0326384192302898e-03 E_h, pmove=0.51230469
I0513 10:47:22.354299 129781289469760 train.py:1104] Step 00114000: energy=-7.4775581956904968 E_h, variance=2.4701254884932403e-03 E_h^2, std=4.9700357025812603e-02 E_h, ewmean=-7.4776621245517090 E_h, ewvar=6.0738445112796839e-07 E_h^2, ewstd=7.7934873524499186e-04 E_h, pmove=0.52053223
I0513 10:59:46.737763 129781289469760 train.py:1104] Step 00115000: energy=-7.4785456577981506 E_h, variance=6.7656499747963529e-04 E_h^2, std=2.6010863066796442e-02 E_h, ewmean=-7.4778543005667002 E_h, ewvar=4.8526868515784665e-07 E_h^2, ewstd=6.9661229185095973e-04 E_h, pmove=0.51816406
I0513 11:12:11.166865 129781289469760 train.py:1104] Step 00116000: energy=-7.4777752686446277 E_h, variance=1.9035874259018984e-03 E_h^2, std=4.3630120626717256e-02 E_h, ewmean=-7.4778589746606841 E_h, ewvar=9.1488501502927058e-07 E_h^2, ewstd=9.5649621799005075e-04 E_h, pmove=0.51904297
I0513 11:24:35.527797 129781289469760 train.py:1104] Step 00117000: energy=-7.4773780664216289 E_h, variance=1.5125936058012950e-03 E_h^2, std=3.8892076388401982e-02 E_h, ewmean=-7.4776625684720130 E_h, ewvar=4.4326699994646375e-07 E_h^2, ewstd=6.6578299763996962e-04 E_h, pmove=0.51860352
I0513 11:37:00.142965 129781289469760 train.py:1104] Step 00118000: energy=-7.4774527271404612 E_h, variance=1.2802056213217880e-03 E_h^2, std=3.5779961169931249e-02 E_h, ewmean=-7.4781908885966093 E_h, ewvar=7.0088967571349022e-07 E_h^2, ewstd=8.3719154063660378e-04 E_h, pmove=0.52150879
I0513 11:49:24.733922 129781289469760 train.py:1104] Step 00119000: energy=-7.4777270164896592 E_h, variance=2.0073905391470082e-03 E_h^2, std=4.4803912096456580e-02 E_h, ewmean=-7.4775980026589970 E_h, ewvar=1.3703693269589763e-06 E_h^2, ewstd=1.1706277490983101e-03 E_h, pmove=0.51547852
I0513 12:01:48.568593 129781289469760 train.py:1049] Timing step 00120000: block_iters=10000, block_time=7444.506811 s, sec/iter=0.7444506811, iter/s=1.343272, elapsed=89345.388957 s
I0513 12:01:49.315718 129781289469760 train.py:1104] Step 00120000: energy=-7.4778662914058813 E_h, variance=5.2108167883880413e-04 E_h^2, std=2.2827213558356266e-02 E_h, ewmean=-7.4784771449669982 E_h, ewvar=1.5528795020326264e-06 E_h^2, ewstd=1.2461458590520720e-03 E_h, pmove=0.51760254
I0513 12:12:49.924113 129781289469760 checkpoint.py:124] Saving checkpoint /home/sjtu/PyQMC/Ferminet/checkpoints_ferminet_x64_atoms/Li_doublet/qmcjax_ckpt_120887.npz
I0513 12:14:14.197042 129781289469760 train.py:1104] Step 00121000: energy=-7.4778045488011564 E_h, variance=5.6425727463675981e-03 E_h^2, std=7.5117060288376558e-02 E_h, ewmean=-7.4780525693207647 E_h, ewvar=1.5049243852784121e-05 E_h^2, ewstd=3.8793354911355786e-03 E_h, pmove=0.51262207
I0513 12:26:38.725106 129781289469760 train.py:1104] Step 00122000: energy=-7.4776856469433080 E_h, variance=1.1891064696761954e-03 E_h^2, std=3.4483423114247160e-02 E_h, ewmean=-7.4776600200775025 E_h, ewvar=1.0370701384828807e-06 E_h^2, ewstd=1.0183664067922118e-03 E_h, pmove=0.51794434
I0513 12:39:03.399076 129781289469760 train.py:1104] Step 00123000: energy=-7.4778122666274056 E_h, variance=7.6566770800372860e-04 E_h^2, std=2.7670701256089059e-02 E_h, ewmean=-7.4778776030792464 E_h, ewvar=1.2965950784908710e-06 E_h^2, ewstd=1.1386812892512422e-03 E_h, pmove=0.51225586
I0513 12:51:27.918382 129781289469760 train.py:1104] Step 00124000: energy=-7.4767585738515487 E_h, variance=2.6755410541868026e-03 E_h^2, std=5.1725632467731146e-02 E_h, ewmean=-7.4776693052239125 E_h, ewvar=5.0183947623748004e-07 E_h^2, ewstd=7.0840629319443517e-04 E_h, pmove=0.52072754
I0513 13:03:52.671576 129781289469760 train.py:1104] Step 00125000: energy=-7.4779388974945746 E_h, variance=4.7873015719993657e-04 E_h^2, std=2.1879903043659416e-02 E_h, ewmean=-7.4777912981413870 E_h, ewvar=7.0468655783129947e-07 E_h^2, ewstd=8.3945610834116843e-04 E_h, pmove=0.51909180
I0513 13:16:17.259585 129781289469760 train.py:1104] Step 00126000: energy=-7.4777041953036703 E_h, variance=2.8615834293095211e-03 E_h^2, std=5.3493770004641859e-02 E_h, ewmean=-7.4777841737295372 E_h, ewvar=5.5852845509668989e-07 E_h^2, ewstd=7.4734761329430226e-04 E_h, pmove=0.51933594
I0513 13:28:41.686193 129781289469760 train.py:1104] Step 00127000: energy=-7.4777419419516686 E_h, variance=6.0927526688956486e-04 E_h^2, std=2.4683501917061219e-02 E_h, ewmean=-7.4777631755098719 E_h, ewvar=2.1839499222411613e-06 E_h^2, ewstd=1.4778193131236178e-03 E_h, pmove=0.51945801
I0513 13:41:06.170615 129781289469760 train.py:1104] Step 00128000: energy=-7.4770418253887065 E_h, variance=2.8904867933132283e-03 E_h^2, std=5.3763247607573228e-02 E_h, ewmean=-7.4780232302264968 E_h, ewvar=7.1789552731384499e-07 E_h^2, ewstd=8.4728715752916078e-04 E_h, pmove=0.52062988
I0513 13:52:50.729686 129781289469760 checkpoint.py:124] Saving checkpoint /home/sjtu/PyQMC/Ferminet/checkpoints_ferminet_x64_atoms/Li_doublet/qmcjax_ckpt_128946.npz
I0513 13:53:31.018732 129781289469760 train.py:1104] Step 00129000: energy=-7.4781155291222987 E_h, variance=2.0620670360534019e-03 E_h^2, std=4.5409988285105313e-02 E_h, ewmean=-7.4778381119576078 E_h, ewvar=4.2559545936321312e-07 E_h^2, ewstd=6.5237677714892115e-04 E_h, pmove=0.51665039
I0513 14:05:54.967190 129781289469760 train.py:1049] Timing step 00130000: block_iters=10000, block_time=7446.398592 s, sec/iter=0.7446398592, iter/s=1.342931, elapsed=96791.787549 s
I0513 14:05:55.713795 129781289469760 train.py:1104] Step 00130000: energy=-7.4793905680850692 E_h, variance=5.6335325267905583e-03 E_h^2, std=7.5056861956722912e-02 E_h, ewmean=-7.4776534412930458 E_h, ewvar=1.1166776769426672e-06 E_h^2, ewstd=1.0567297085549677e-03 E_h, pmove=0.51635742
I0513 14:18:20.336164 129781289469760 train.py:1104] Step 00131000: energy=-7.4758731430274974 E_h, variance=5.4328613086015078e-03 E_h^2, std=7.3707946034342234e-02 E_h, ewmean=-7.4777195339171758 E_h, ewvar=7.6527995602540668e-07 E_h^2, ewstd=8.7480280979510276e-04 E_h, pmove=0.51813965
I0513 14:30:44.795932 129781289469760 train.py:1104] Step 00132000: energy=-7.4781660822273208 E_h, variance=8.5022190272773769e-04 E_h^2, std=2.9158564826269103e-02 E_h, ewmean=-7.4777377627885135 E_h, ewvar=3.5189272155781988e-07 E_h^2, ewstd=5.9320546318945844e-04 E_h, pmove=0.52031250
I0513 14:43:09.381233 129781289469760 train.py:1104] Step 00133000: energy=-7.4769202251596507 E_h, variance=9.4794196884291171e-04 E_h^2, std=3.0788666240077884e-02 E_h, ewmean=-7.4778721601706639 E_h, ewvar=9.1216151604022674e-07 E_h^2, ewstd=9.5507147169215912e-04 E_h, pmove=0.52468262
I0513 14:55:33.873996 129781289469760 train.py:1104] Step 00134000: energy=-7.4790435504991741 E_h, variance=4.6268424383950528e-03 E_h^2, std=6.8020897071378386e-02 E_h, ewmean=-7.4783098344560504 E_h, ewvar=1.2639744984614118e-06 E_h^2, ewstd=1.1242662044468881e-03 E_h, pmove=0.51955566
I0513 15:07:58.443552 129781289469760 train.py:1104] Step 00135000: energy=-7.4789772822211429 E_h, variance=3.6373874156521630e-03 E_h^2, std=6.0310757047579523e-02 E_h, ewmean=-7.4771068718441533 E_h, ewvar=1.8861570532950250e-06 E_h^2, ewstd=1.3733743310893156e-03 E_h, pmove=0.51713867
I0513 15:20:22.920771 129781289469760 train.py:1104] Step 00136000: energy=-7.4762659973327850 E_h, variance=6.0085934436354457e-03 E_h^2, std=7.7515117516749249e-02 E_h, ewmean=-7.4762164287707442 E_h, ewvar=1.2446102422281166e-05 E_h^2, ewstd=3.5279034031958931e-03 E_h, pmove=0.52211914
I0513 15:32:47.487804 129781289469760 train.py:1104] Step 00137000: energy=-7.4780644414307105 E_h, variance=9.4467629902781330e-03 E_h^2, std=9.7194459668636116e-02 E_h, ewmean=-7.4778805322706416 E_h, ewvar=6.3537577408770654e-07 E_h^2, ewstd=7.9710461928639363e-04 E_h, pmove=0.51486816
I0513 15:32:51.214258 129781289469760 checkpoint.py:124] Saving checkpoint /home/sjtu/PyQMC/Ferminet/checkpoints_ferminet_x64_atoms/Li_doublet/qmcjax_ckpt_137005.npz
I0513 15:45:12.135458 129781289469760 train.py:1104] Step 00138000: energy=-7.4784967220112204 E_h, variance=2.7678870296562859e-02 E_h^2, std=1.6636967961910265e-01 E_h, ewmean=-7.4779093070523697 E_h, ewvar=7.2129013915266392e-07 E_h^2, ewstd=8.4928801896215630e-04 E_h, pmove=0.51525879
I0513 15:57:36.740737 129781289469760 train.py:1104] Step 00139000: energy=-7.4775829186331215 E_h, variance=5.3837972745979538e-03 E_h^2, std=7.3374363878659643e-02 E_h, ewmean=-7.4778215503958396 E_h, ewvar=7.8905250726367964e-07 E_h^2, ewstd=8.8828627551239335e-04 E_h, pmove=0.51679688
I0513 16:10:00.476421 129781289469760 train.py:1049] Timing step 00140000: block_iters=10000, block_time=7445.509236 s, sec/iter=0.7445509236, iter/s=1.343091, elapsed=104237.296784 s
I0513 16:10:01.223642 129781289469760 train.py:1104] Step 00140000: energy=-7.4775590206589868 E_h, variance=8.0692403014844211e-04 E_h^2, std=2.8406408258497627e-02 E_h, ewmean=-7.4771769158970551 E_h, ewvar=2.8284373117504570e-06 E_h^2, ewstd=1.6817958591191908e-03 E_h, pmove=0.51726074
I0513 16:22:25.853409 129781289469760 train.py:1104] Step 00141000: energy=-7.4761730248708869 E_h, variance=6.6062005838775023e-03 E_h^2, std=8.1278537043167204e-02 E_h, ewmean=-7.4784249886527725 E_h, ewvar=9.5389402577670934e-06 E_h^2, ewstd=3.0885174854235636e-03 E_h, pmove=0.51569824
I0513 16:34:50.297096 129781289469760 train.py:1104] Step 00142000: energy=-7.4795246805254347 E_h, variance=2.5755839755370017e-03 E_h^2, std=5.0750211581204289e-02 E_h, ewmean=-7.4781505991203483 E_h, ewvar=7.0608966931063473e-07 E_h^2, ewstd=8.4029141927704739e-04 E_h, pmove=0.51235352
I0513 16:47:14.729851 129781289469760 train.py:1104] Step 00143000: energy=-7.4774391968209493 E_h, variance=6.6489790941871309e-04 E_h^2, std=2.5785614389009875e-02 E_h, ewmean=-7.4778278350473277 E_h, ewvar=3.4665602208560176e-07 E_h^2, ewstd=5.8877501822478999e-04 E_h, pmove=0.51628418
I0513 16:59:39.360000 129781289469760 train.py:1104] Step 00144000: energy=-7.4782772523203374 E_h, variance=6.2301303737378869e-04 E_h^2, std=2.4960229113006729e-02 E_h, ewmean=-7.4780340935093612 E_h, ewvar=6.2191030548393082e-07 E_h^2, ewstd=7.8861289964337440e-04 E_h, pmove=0.52075195
I0513 17:12:03.932245 129781289469760 train.py:1104] Step 00145000: energy=-7.4777541845883659 E_h, variance=1.0533057823090149e-03 E_h^2, std=3.2454672734585001e-02 E_h, ewmean=-7.4782303072446208 E_h, ewvar=7.9300973669986216e-07 E_h^2, ewstd=8.9051094137010032e-04 E_h, pmove=0.51975098
I0513 17:12:51.601839 129781289469760 checkpoint.py:124] Saving checkpoint /home/sjtu/PyQMC/Ferminet/checkpoints_ferminet_x64_atoms/Li_doublet/qmcjax_ckpt_145064.npz
I0513 17:24:28.812167 129781289469760 train.py:1104] Step 00146000: energy=-7.4785056918476469 E_h, variance=4.0484585477555219e-03 E_h^2, std=6.3627498361600879e-02 E_h, ewmean=-7.4778037686361527 E_h, ewvar=5.6742221859442812e-07 E_h^2, ewstd=7.5327433156482113e-04 E_h, pmove=0.51855469
I0513 17:36:53.581187 129781289469760 train.py:1104] Step 00147000: energy=-7.4781136558481336 E_h, variance=8.0172812517472630e-04 E_h^2, std=2.8314803993224575e-02 E_h, ewmean=-7.4776362741049942 E_h, ewvar=1.5134167199378128e-06 E_h^2, ewstd=1.2302100308231162e-03 E_h, pmove=0.51723633
I0513 17:49:18.094002 129781289469760 train.py:1104] Step 00148000: energy=-7.4787111677264466 E_h, variance=4.1868402718323256e-03 E_h^2, std=6.4705797822392441e-02 E_h, ewmean=-7.4784896494942847 E_h, ewvar=1.7521825774461826e-06 E_h^2, ewstd=1.3237003352141990e-03 E_h, pmove=0.52004395
I0513 18:01:42.615970 129781289469760 train.py:1104] Step 00149000: energy=-7.4746343008218386 E_h, variance=2.5378903537309171e-02 E_h^2, std=1.5930757526655526e-01 E_h, ewmean=-7.4776105212414015 E_h, ewvar=1.5099382161727618e-06 E_h^2, ewstd=1.2287954330045183e-03 E_h, pmove=0.52216797
I0513 18:14:06.543034 129781289469760 train.py:1049] Timing step 00150000: block_iters=10000, block_time=7446.066611 s, sec/iter=0.7446066611, iter/s=1.342991, elapsed=111683.363396 s
I0513 18:14:07.291051 129781289469760 train.py:1104] Step 00150000: energy=-7.4776711366670208 E_h, variance=1.7085009586874141e-03 E_h^2, std=4.1334016967715756e-02 E_h, ewmean=-7.4776822359842310 E_h, ewvar=7.5702139252725557e-07 E_h^2, ewstd=8.7006976302320474e-04 E_h, pmove=0.51569824
I0513 18:26:31.879697 129781289469760 train.py:1104] Step 00151000: energy=-7.4771144713867939 E_h, variance=9.7227692807440823e-04 E_h^2, std=3.1181355456015830e-02 E_h, ewmean=-7.4778704995031244 E_h, ewvar=4.6090669426604626e-07 E_h^2, ewstd=6.7890109313952819e-04 E_h, pmove=0.51513672
I0513 18:38:56.419548 129781289469760 train.py:1104] Step 00152000: energy=-7.4778016996134111 E_h, variance=5.4790270818241783e-04 E_h^2, std=2.3407321678962287e-02 E_h, ewmean=-7.4781610309384972 E_h, ewvar=8.8960109200782104e-07 E_h^2, ewstd=9.4318666869704060e-04 E_h, pmove=0.52026367
I0513 18:51:20.929045 129781289469760 train.py:1104] Step 00153000: energy=-7.4779290315668128 E_h, variance=9.1967743093902138e-04 E_h^2, std=3.0326183916527007e-02 E_h, ewmean=-7.4782201830741863 E_h, ewvar=7.6796849946524573e-07 E_h^2, ewstd=8.7633811937245186e-04 E_h, pmove=0.51823730
I0513 18:52:51.765804 129781289469760 checkpoint.py:124] Saving checkpoint /home/sjtu/PyQMC/Ferminet/checkpoints_ferminet_x64_atoms/Li_doublet/qmcjax_ckpt_153122.npz
I0513 19:03:45.448371 129781289469760 train.py:1104] Step 00154000: energy=-7.4773756001248621 E_h, variance=2.4823748489940533e-03 E_h^2, std=4.9823436744107219e-02 E_h, ewmean=-7.4779344811455788 E_h, ewvar=1.4057806111965699e-06 E_h^2, ewstd=1.1856561943483321e-03 E_h, pmove=0.51843262
I0513 19:16:09.821554 129781289469760 train.py:1104] Step 00155000: energy=-7.4779232246836536 E_h, variance=3.7469498497924134e-03 E_h^2, std=6.1212334131222387e-02 E_h, ewmean=-7.4778496649592352 E_h, ewvar=5.4858718716854561e-07 E_h^2, ewstd=7.4066671801056752e-04 E_h, pmove=0.52001953
I0513 19:28:34.133755 129781289469760 train.py:1104] Step 00156000: energy=-7.4782723754401434 E_h, variance=3.5659826203480853e-04 E_h^2, std=1.8883809521248844e-02 E_h, ewmean=-7.4777874703434710 E_h, ewvar=5.9087127531892190e-07 E_h^2, ewstd=7.6868151748231981e-04 E_h, pmove=0.51911621
I0513 19:40:58.451930 129781289469760 train.py:1104] Step 00157000: energy=-7.4763117633388623 E_h, variance=3.2084722078835511e-03 E_h^2, std=5.6643377440646590e-02 E_h, ewmean=-7.4784070807469378 E_h, ewvar=2.1898869806962651e-06 E_h^2, ewstd=1.4798266725181922e-03 E_h, pmove=0.51784668
I0513 19:53:22.740410 129781289469760 train.py:1104] Step 00158000: energy=-7.4770857032698359 E_h, variance=8.7038799275091254e-04 E_h^2, std=2.9502338767475919e-02 E_h, ewmean=-7.4781063447918656 E_h, ewvar=1.7473384575017889e-06 E_h^2, ewstd=1.3218693042437247e-03 E_h, pmove=0.51669922
I0513 20:05:47.133185 129781289469760 train.py:1104] Step 00159000: energy=-7.4779876301803796 E_h, variance=2.9263571229129108e-03 E_h^2, std=5.4095814282741975e-02 E_h, ewmean=-7.4778824661290342 E_h, ewvar=1.4847961979703781e-06 E_h^2, ewstd=1.2185221368405164e-03 E_h, pmove=0.51748047
I0513 20:18:10.746748 129781289469760 train.py:1049] Timing step 00160000: block_iters=10000, block_time=7444.203721 s, sec/iter=0.7444203721, iter/s=1.343327, elapsed=119127.567118 s
I0513 20:18:11.493117 129781289469760 train.py:1104] Step 00160000: energy=-7.4784583090728844 E_h, variance=3.8110384269858357e-03 E_h^2, std=6.1733608569286114e-02 E_h, ewmean=-7.4773539173824899 E_h, ewvar=2.0131155672724944e-06 E_h^2, ewstd=1.4188430382788980e-03 E_h, pmove=0.51948242
I0513 20:30:35.861159 129781289469760 train.py:1104] Step 00161000: energy=-7.4776479607202404 E_h, variance=7.3457264315127655e-04 E_h^2, std=2.7103000630027602e-02 E_h, ewmean=-7.4774678939893873 E_h, ewvar=1.9432558641892721e-06 E_h^2, ewstd=1.3940071248703403e-03 E_h, pmove=0.52070313
I0513 20:32:52.087489 129781289469760 checkpoint.py:124] Saving checkpoint /home/sjtu/PyQMC/Ferminet/checkpoints_ferminet_x64_atoms/Li_doublet/qmcjax_ckpt_161183.npz
I0513 20:43:00.407329 129781289469760 train.py:1104] Step 00162000: energy=-7.4783475117029390 E_h, variance=4.2201848253859699e-04 E_h^2, std=2.0543088437199430e-02 E_h, ewmean=-7.4776283274630559 E_h, ewvar=3.6766428615489785e-07 E_h^2, ewstd=6.0635326844579458e-04 E_h, pmove=0.51772461
I0513 20:55:25.133463 129781289469760 train.py:1104] Step 00163000: energy=-7.4773579585166976 E_h, variance=3.6724419937925526e-04 E_h^2, std=1.9163616552708814e-02 E_h, ewmean=-7.4776425846272714 E_h, ewvar=6.6078353183076395e-07 E_h^2, ewstd=8.1288592793255063e-04 E_h, pmove=0.51621094
I0513 21:07:49.919883 129781289469760 train.py:1104] Step 00164000: energy=-7.4802571869923629 E_h, variance=1.6982754937954592e-02 E_h^2, std=1.3031789953016659e-01 E_h, ewmean=-7.4784018394685088 E_h, ewvar=8.9696504220339165e-07 E_h^2, ewstd=9.4708238406349403e-04 E_h, pmove=0.51440430
I0513 21:20:14.672693 129781289469760 train.py:1104] Step 00165000: energy=-7.4772662371855025 E_h, variance=2.2034543732190738e-03 E_h^2, std=4.6940966896934215e-02 E_h, ewmean=-7.4777778203154268 E_h, ewvar=6.7520359064744404e-07 E_h^2, ewstd=8.2170772823884528e-04 E_h, pmove=0.52160645
I0513 21:32:39.031691 129781289469760 train.py:1104] Step 00166000: energy=-7.4769237356904359 E_h, variance=2.0936486265090062e-03 E_h^2, std=4.5756405305803972e-02 E_h, ewmean=-7.4781630027501249 E_h, ewvar=2.9470529276951707e-06 E_h^2, ewstd=1.7166982634392017e-03 E_h, pmove=0.51535645
I0513 21:45:03.459243 129781289469760 train.py:1104] Step 00167000: energy=-7.4789506157927441 E_h, variance=1.0494945989717463e-02 E_h^2, std=1.0244484364631273e-01 E_h, ewmean=-7.4785878728113051 E_h, ewvar=1.6213421810266471e-06 E_h^2, ewstd=1.2733193554747557e-03 E_h, pmove=0.51704102
I0513 21:57:27.914060 129781289469760 train.py:1104] Step 00168000: energy=-7.4756426766981612 E_h, variance=1.1374558317482188e-02 E_h^2, std=1.0665157437882569e-01 E_h, ewmean=-7.4777329566134174 E_h, ewvar=1.0074296994226217e-06 E_h^2, ewstd=1.0037079751713750e-03 E_h, pmove=0.51684570
I0513 22:09:52.315329 129781289469760 train.py:1104] Step 00169000: energy=-7.4769900358634995 E_h, variance=3.6544408139961085e-03 E_h^2, std=6.0451971134083862e-02 E_h, ewmean=-7.4780378697100218 E_h, ewvar=1.0149999178446045e-06 E_h^2, ewstd=1.0074720432074553e-03 E_h, pmove=0.51923828
I0513 22:12:52.474469 129781289469760 checkpoint.py:124] Saving checkpoint /home/sjtu/PyQMC/Ferminet/checkpoints_ferminet_x64_atoms/Li_doublet/qmcjax_ckpt_169242.npz
I0513 22:22:16.148286 129781289469760 train.py:1049] Timing step 00170000: block_iters=10000, block_time=7445.401444 s, sec/iter=0.7445401444, iter/s=1.343111, elapsed=126572.968562 s
I0513 22:22:16.895524 129781289469760 train.py:1104] Step 00170000: energy=-7.4793704266067191 E_h, variance=9.6363658680756871e-04 E_h^2, std=3.1042496465451496e-02 E_h, ewmean=-7.4781088231574229 E_h, ewvar=6.6054996664632177e-07 E_h^2, ewstd=8.1274225105276872e-04 E_h, pmove=0.51716309
I0513 22:34:41.244194 129781289469760 train.py:1104] Step 00171000: energy=-7.4764604298531507 E_h, variance=1.8584601226893447e-03 E_h^2, std=4.3109861084087764e-02 E_h, ewmean=-7.4774282455612591 E_h, ewvar=1.1893286390624232e-06 E_h^2, ewstd=1.0905634502689071e-03 E_h, pmove=0.51535645
I0513 22:47:05.639482 129781289469760 train.py:1104] Step 00172000: energy=-7.4778788108093872 E_h, variance=9.5764519918858687e-04 E_h^2, std=3.0945843003359706e-02 E_h, ewmean=-7.4776797660052283 E_h, ewvar=9.1269068299343607e-07 E_h^2, ewstd=9.5534846155391701e-04 E_h, pmove=0.52072754
I0513 22:59:30.176957 129781289469760 train.py:1104] Step 00173000: energy=-7.4782026921461551 E_h, variance=1.5412488721760079e-03 E_h^2, std=3.9258742620924679e-02 E_h, ewmean=-7.4777511989594103 E_h, ewvar=5.2454834864647943e-07 E_h^2, ewstd=7.2425710120542096e-04 E_h, pmove=0.51428223
I0513 23:11:54.545465 129781289469760 train.py:1104] Step 00174000: energy=-7.4781183270738580 E_h, variance=7.2502880403836894e-04 E_h^2, std=2.6926358907924573e-02 E_h, ewmean=-7.4779845157640290 E_h, ewvar=6.5676943741486741e-07 E_h^2, ewstd=8.1041312761755493e-04 E_h, pmove=0.51926270
I0513 23:24:18.823501 129781289469760 train.py:1104] Step 00175000: energy=-7.4776893184967745 E_h, variance=1.4865910733903639e-03 E_h^2, std=3.8556336358507456e-02 E_h, ewmean=-7.4782442025965663 E_h, ewvar=1.4561920681170684e-06 E_h^2, ewstd=1.2067278351463799e-03 E_h, pmove=0.51323242
I0513 23:36:43.123706 129781289469760 train.py:1104] Step 00176000: energy=-7.4785770471427764 E_h, variance=1.8223917295241174e-03 E_h^2, std=4.2689480314523826e-02 E_h, ewmean=-7.4789720926076928 E_h, ewvar=3.3076338000758187e-05 E_h^2, ewstd=5.7512031785321395e-03 E_h, pmove=0.51701660
I0513 23:49:07.413612 129781289469760 train.py:1104] Step 00177000: energy=-7.4781399482221467 E_h, variance=5.6671163819934267e-04 E_h^2, std=2.3805706000859177e-02 E_h, ewmean=-7.4780080048745390 E_h, ewvar=1.4620407208133289e-06 E_h^2, ewstd=1.2091487587610255e-03 E_h, pmove=0.51711426
I0513 23:52:52.931635 129781289469760 checkpoint.py:124] Saving checkpoint /home/sjtu/PyQMC/Ferminet/checkpoints_ferminet_x64_atoms/Li_doublet/qmcjax_ckpt_177303.npz
I0514 00:01:31.769827 129781289469760 train.py:1104] Step 00178000: energy=-7.4779178386649541 E_h, variance=6.8363885635148352e-04 E_h^2, std=2.6146488413388968e-02 E_h, ewmean=-7.4782640083340084 E_h, ewvar=5.4777289501436653e-07 E_h^2, ewstd=7.4011681173607080e-04 E_h, pmove=0.51606445
I0514 00:13:56.155198 129781289469760 train.py:1104] Step 00179000: energy=-7.4796386475712371 E_h, variance=9.1664410092684549e-03 E_h^2, std=9.5741532311053257e-02 E_h, ewmean=-7.4778839024150150 E_h, ewvar=8.8849777343544070e-07 E_h^2, ewstd=9.4260159846853682e-04 E_h, pmove=0.51687012
I0514 00:26:19.860602 129781289469760 train.py:1049] Timing step 00180000: block_iters=10000, block_time=7443.712435 s, sec/iter=0.7443712435, iter/s=1.343416, elapsed=134016.680997 s
I0514 00:26:20.606882 129781289469760 train.py:1104] Step 00180000: energy=-7.4783649661945741 E_h, variance=6.7880812734203756e-04 E_h^2, std=2.6053946483057755e-02 E_h, ewmean=-7.4778718345448469 E_h, ewvar=8.6467926597856861e-07 E_h^2, ewstd=9.2988131822215275e-04 E_h, pmove=0.51872559
I0514 00:38:44.916294 129781289469760 train.py:1104] Step 00181000: energy=-7.4780776536783407 E_h, variance=7.2701355589050972e-04 E_h^2, std=2.6963188904328615e-02 E_h, ewmean=-7.4779952072635618 E_h, ewvar=3.4627600892143570e-06 E_h^2, ewstd=1.8608492924507231e-03 E_h, pmove=0.51840820
I0514 00:51:09.164596 129781289469760 train.py:1104] Step 00182000: energy=-7.4787881412168424 E_h, variance=1.5746635675108536e-03 E_h^2, std=3.9682030788643539e-02 E_h, ewmean=-7.4776070983197362 E_h, ewvar=6.2806031726405290e-07 E_h^2, ewstd=7.9250256609303979e-04 E_h, pmove=0.51835938
I0514 01:03:33.537248 129781289469760 train.py:1104] Step 00183000: energy=-7.4772797708410561 E_h, variance=1.5164357040496992e-03 E_h^2, std=3.8941439419334506e-02 E_h, ewmean=-7.4779277237506676 E_h, ewvar=6.2092259053682053e-07 E_h^2, ewstd=7.8798641519814319e-04 E_h, pmove=0.52121582
I0514 01:15:57.945721 129781289469760 train.py:1104] Step 00184000: energy=-7.4766172441641796 E_h, variance=3.4162657258121716e-03 E_h^2, std=5.8448829978128489e-02 E_h, ewmean=-7.4777700385035262 E_h, ewvar=2.0323268266534123e-06 E_h^2, ewstd=1.4255970071003279e-03 E_h, pmove=0.51804199
I0514 01:28:22.414107 129781289469760 train.py:1104] Step 00185000: energy=-7.4772352618689455 E_h, variance=1.1444727443628957e-03 E_h^2, std=3.3830056818794967e-02 E_h, ewmean=-7.4776967704251733 E_h, ewvar=5.5134251193423908e-07 E_h^2, ewstd=7.4252441840941437e-04 E_h, pmove=0.51594238
I0514 01:32:53.333515 129781289469760 checkpoint.py:124] Saving checkpoint /home/sjtu/PyQMC/Ferminet/checkpoints_ferminet_x64_atoms/Li_doublet/qmcjax_ckpt_185364.npz
I0514 01:40:46.894890 129781289469760 train.py:1104] Step 00186000: energy=-7.4795119075891616 E_h, variance=7.4709622188243426e-03 E_h^2, std=8.6434728083244081e-02 E_h, ewmean=-7.4778148979959447 E_h, ewvar=1.1553926649469670e-06 E_h^2, ewstd=1.0748919317526608e-03 E_h, pmove=0.51608887
I0514 01:53:11.282729 129781289469760 train.py:1104] Step 00187000: energy=-7.4776153120203022 E_h, variance=7.9947578766141679e-04 E_h^2, std=2.8275002876417481e-02 E_h, ewmean=-7.4779619625274085 E_h, ewvar=5.2570334394406455e-07 E_h^2, ewstd=7.2505402829310900e-04 E_h, pmove=0.51762695
I0514 02:05:35.744512 129781289469760 train.py:1104] Step 00188000: energy=-7.4769231869321615 E_h, variance=1.2851526960644998e-03 E_h^2, std=3.5849026431194753e-02 E_h, ewmean=-7.4784593817866183 E_h, ewvar=3.7040719702809888e-06 E_h^2, ewstd=1.9245965733838842e-03 E_h, pmove=0.51689453
I0514 02:18:00.152574 129781289469760 train.py:1104] Step 00189000: energy=-7.4797089414315430 E_h, variance=4.3558232447082693e-03 E_h^2, std=6.5998660931175485e-02 E_h, ewmean=-7.4779130358984967 E_h, ewvar=9.8671713947023228e-07 E_h^2, ewstd=9.9333636773765222e-04 E_h, pmove=0.51267090
I0514 02:30:23.825370 129781289469760 train.py:1049] Timing step 00190000: block_iters=10000, block_time=7443.964756 s, sec/iter=0.7443964756, iter/s=1.343370, elapsed=141460.645754 s
I0514 02:30:24.571703 129781289469760 train.py:1104] Step 00190000: energy=-7.4772549001320154 E_h, variance=3.7662560986868837e-03 E_h^2, std=6.1369830525160193e-02 E_h, ewmean=-7.4780012630675570 E_h, ewvar=1.5923513286617214e-06 E_h^2, ewstd=1.2618840393085735e-03 E_h, pmove=0.51066895
I0514 02:42:48.938337 129781289469760 train.py:1104] Step 00191000: energy=-7.4784450662259250 E_h, variance=2.8888108351567673e-02 E_h^2, std=1.6996502096480814e-01 E_h, ewmean=-7.4775950393622583 E_h, ewvar=6.9248386584050090e-07 E_h^2, ewstd=8.3215615472127639e-04 E_h, pmove=0.51064453
I0514 02:55:13.124176 129781289469760 train.py:1104] Step 00192000: energy=-7.4776306089562077 E_h, variance=2.0363489071371348e-03 E_h^2, std=4.5125922784328018e-02 E_h, ewmean=-7.4784788690274970 E_h, ewvar=4.4112435498925725e-06 E_h^2, ewstd=2.1002960624380011e-03 E_h, pmove=0.52104492
I0514 03:07:37.297964 129781289469760 train.py:1104] Step 00193000: energy=-7.4774791149421711 E_h, variance=5.1621572852473684e-04 E_h^2, std=2.2720381346375700e-02 E_h, ewmean=-7.4779095446159793 E_h, ewvar=5.2679387361922078e-07 E_h^2, ewstd=7.2580567207705172e-04 E_h, pmove=0.52097168
I0514 03:12:53.625766 129781289469760 checkpoint.py:124] Saving checkpoint /home/sjtu/PyQMC/Ferminet/checkpoints_ferminet_x64_atoms/Li_doublet/qmcjax_ckpt_193425.npz
I0514 03:20:01.615729 129781289469760 train.py:1104] Step 00194000: energy=-7.4782018262486982 E_h, variance=2.4715335291452395e-03 E_h^2, std=4.9714520304889188e-02 E_h, ewmean=-7.4780820785728048 E_h, ewvar=4.2299936909697135e-07 E_h^2, ewstd=6.5038401663707220e-04 E_h, pmove=0.51696777
I0514 03:32:25.793315 129781289469760 train.py:1104] Step 00195000: energy=-7.4778740485990021 E_h, variance=9.0007880639005500e-04 E_h^2, std=3.0001313411083440e-02 E_h, ewmean=-7.4774514183927661 E_h, ewvar=2.5034303732696567e-06 E_h^2, ewstd=1.5822232374951572e-03 E_h, pmove=0.51723633
I0514 03:44:50.034520 129781289469760 train.py:1104] Step 00196000: energy=-7.4776932547561543 E_h, variance=6.2540098282240887e-03 E_h^2, std=7.9082297818311331e-02 E_h, ewmean=-7.4777108886476551 E_h, ewvar=4.0486502379894731e-07 E_h^2, ewstd=6.3629004691174236e-04 E_h, pmove=0.51198730
I0514 03:57:14.267053 129781289469760 train.py:1104] Step 00197000: energy=-7.4785387648067854 E_h, variance=1.2602623885476236e-03 E_h^2, std=3.5500174486157436e-02 E_h, ewmean=-7.4778762181310716 E_h, ewvar=1.0654042880994661e-06 E_h^2, ewstd=1.0321842316657749e-03 E_h, pmove=0.52092285
I0514 04:09:38.505289 129781289469760 train.py:1104] Step 00198000: energy=-7.4778896082431148 E_h, variance=9.5663720539256286e-04 E_h^2, std=3.0929552298611804e-02 E_h, ewmean=-7.4778920278706842 E_h, ewvar=3.7579163733550564e-07 E_h^2, ewstd=6.1301846410651093e-04 E_h, pmove=0.51486816
I0514 04:22:02.721557 129781289469760 train.py:1104] Step 00199000: energy=-7.4761857624162991 E_h, variance=5.6229753929367575e-03 E_h^2, std=7.4986501404831235e-02 E_h, ewmean=-7.4774794728823313 E_h, ewvar=1.7868113268577947e-06 E_h^2, ewstd=1.3367166217481529e-03 E_h, pmove=0.51845703
I0514 04:34:26.167558 129781289469760 train.py:1049] Timing step 00200000: block_iters=10000, block_time=7442.342177 s, sec/iter=0.7442342177, iter/s=1.343663, elapsed=148902.987931 s
I0514 04:34:26.913422 129781289469760 train.py:1104] Step 00200000: energy=-7.4776731580912283 E_h, variance=7.1975194358932563e-04 E_h^2, std=2.6828193073506191e-02 E_h, ewmean=-7.4781857234564679 E_h, ewvar=2.1866025898870514e-06 E_h^2, ewstd=1.4787165346634395e-03 E_h, pmove=0.52016602
I0514 04:46:51.120331 129781289469760 train.py:1104] Step 00201000: energy=-7.4780639947370435 E_h, variance=3.1211655771100957e-04 E_h^2, std=1.7666820815047894e-02 E_h, ewmean=-7.4780859280256724 E_h, ewvar=5.3636344585881128e-06 E_h^2, ewstd=2.3159521710493318e-03 E_h, pmove=0.51809082
I0514 04:52:54.279310 129781289469760 checkpoint.py:124] Saving checkpoint /home/sjtu/PyQMC/Ferminet/checkpoints_ferminet_x64_atoms/Li_doublet/qmcjax_ckpt_201488.npz
I0514 04:59:15.391476 129781289469760 train.py:1104] Step 00202000: energy=-7.4781390312173386 E_h, variance=3.7682186306131236e-04 E_h^2, std=1.9411900037382027e-02 E_h, ewmean=-7.4778608346360667 E_h, ewvar=9.9586112471981524e-07 E_h^2, ewstd=9.9792841663108047e-04 E_h, pmove=0.51791992
I0514 05:11:39.559145 129781289469760 train.py:1104] Step 00203000: energy=-7.4778791547011387 E_h, variance=4.2255661612186860e-03 E_h^2, std=6.5004354940409070e-02 E_h, ewmean=-7.4779891553804756 E_h, ewvar=7.4252710506409059e-07 E_h^2, ewstd=8.6170012479057389e-04 E_h, pmove=0.51545410
I0514 05:24:03.716062 129781289469760 train.py:1104] Step 00204000: energy=-7.4781411171828722 E_h, variance=5.6283022625581427e-04 E_h^2, std=2.3724043210545168e-02 E_h, ewmean=-7.4779720515177930 E_h, ewvar=8.4501801329237012e-07 E_h^2, ewstd=9.1924861342966959e-04 E_h, pmove=0.51833496
I0514 05:36:27.894271 129781289469760 train.py:1104] Step 00205000: energy=-7.4778911769752154 E_h, variance=5.5553964811975033e-04 E_h^2, std=2.3569888589464107e-02 E_h, ewmean=-7.4778949788885498 E_h, ewvar=5.7535333113246742e-07 E_h^2, ewstd=7.5852048827468560e-04 E_h, pmove=0.51713867
I0514 05:48:52.087734 129781289469760 train.py:1104] Step 00206000: energy=-7.4777642639987718 E_h, variance=4.3713335034919251e-04 E_h^2, std=2.0907734223229273e-02 E_h, ewmean=-7.4776808474317003 E_h, ewvar=3.2355926556902054e-07 E_h^2, ewstd=5.6882270134816224e-04 E_h, pmove=0.51396484
I0514 06:01:16.305152 129781289469760 train.py:1104] Step 00207000: energy=-7.4783668272792951 E_h, variance=4.9236482369056445e-03 E_h^2, std=7.0168712663876379e-02 E_h, ewmean=-7.4781418982117884 E_h, ewvar=5.6921076660064004e-07 E_h^2, ewstd=7.5446057988515214e-04 E_h, pmove=0.51706543
I0514 06:13:40.478092 129781289469760 train.py:1104] Step 00208000: energy=-7.4772978004432833 E_h, variance=1.4193716141968273e-03 E_h^2, std=3.7674548626318367e-02 E_h, ewmean=-7.4780377270537102 E_h, ewvar=1.3655484065745614e-06 E_h^2, ewstd=1.1685668173341914e-03 E_h, pmove=0.51999512
I0514 06:26:04.664586 129781289469760 train.py:1104] Step 00209000: energy=-7.4784420476259097 E_h, variance=7.2386673789332976e-04 E_h^2, std=2.6904771656591508e-02 E_h, ewmean=-7.4775220125462125 E_h, ewvar=1.1882526807386966e-06 E_h^2, ewstd=1.0900700347861584e-03 E_h, pmove=0.51904297
I0514 06:32:54.703417 129781289469760 checkpoint.py:124] Saving checkpoint /home/sjtu/PyQMC/Ferminet/checkpoints_ferminet_x64_atoms/Li_doublet/qmcjax_ckpt_209551.npz
I0514 06:38:28.162168 129781289469760 train.py:1049] Timing step 00210000: block_iters=10000, block_time=7441.994607 s, sec/iter=0.7441994607, iter/s=1.343726, elapsed=156344.982538 s
I0514 06:38:28.908423 129781289469760 train.py:1104] Step 00210000: energy=-7.4771735980651872 E_h, variance=2.4397852064739376e-03 E_h^2, std=4.9394181909147336e-02 E_h, ewmean=-7.4779449935586229 E_h, ewvar=8.4099205819684322e-07 E_h^2, ewstd=9.1705619140641716e-04 E_h, pmove=0.51774902
I0514 06:50:53.060527 129781289469760 train.py:1104] Step 00211000: energy=-7.4772432625535519 E_h, variance=2.5291604587213655e-03 E_h^2, std=5.0290759178216481e-02 E_h, ewmean=-7.4780155736203016 E_h, ewvar=1.7973231257369922e-06 E_h^2, ewstd=1.3406428031869609e-03 E_h, pmove=0.51491699
I0514 07:03:17.210909 129781289469760 train.py:1104] Step 00212000: energy=-7.4787940287679628 E_h, variance=3.3337904066020555e-03 E_h^2, std=5.7738985153898019e-02 E_h, ewmean=-7.4779838435715806 E_h, ewvar=1.1675624068474557e-06 E_h^2, ewstd=1.0805380173077926e-03 E_h, pmove=0.52065430
I0514 07:15:41.373603 129781289469760 train.py:1104] Step 00213000: energy=-7.4778898142670496 E_h, variance=4.5788157610718755e-04 E_h^2, std=2.1398167587604027e-02 E_h, ewmean=-7.4777812298159834 E_h, ewvar=9.4387028268486474e-07 E_h^2, ewstd=9.7152986710901724e-04 E_h, pmove=0.51572266
I0514 07:28:05.567675 129781289469760 train.py:1104] Step 00214000: energy=-7.4752911258503350 E_h, variance=1.9956029344003125e-02 E_h^2, std=1.4126581095227225e-01 E_h, ewmean=-7.4779880226637045 E_h, ewvar=2.8611676250942621e-06 E_h^2, ewstd=1.6914986328975445e-03 E_h, pmove=0.51679688
I0514 07:40:29.746589 129781289469760 train.py:1104] Step 00215000: energy=-7.4773887098885865 E_h, variance=5.1130956048730664e-03 E_h^2, std=7.1505913076283886e-02 E_h, ewmean=-7.4778082232141188 E_h, ewvar=7.6633835408553548e-07 E_h^2, ewstd=8.7540753599996807e-04 E_h, pmove=0.51555176
I0514 07:52:53.943732 129781289469760 train.py:1104] Step 00216000: energy=-7.4806872168532390 E_h, variance=2.8554799488456455e-02 E_h^2, std=1.6898165429553721e-01 E_h, ewmean=-7.4785801902319360 E_h, ewvar=2.6257984717196265e-06 E_h^2, ewstd=1.6204315695886780e-03 E_h, pmove=0.51413574
I0514 08:05:18.125523 129781289469760 train.py:1104] Step 00217000: energy=-7.4779851050740822 E_h, variance=6.7693703312841197e-04 E_h^2, std=2.6018013627646750e-02 E_h, ewmean=-7.4779488054534342 E_h, ewvar=3.8099912050353051e-07 E_h^2, ewstd=6.1725126205098234e-04 E_h, pmove=0.51511230
I0514 08:12:55.079880 129781289469760 checkpoint.py:124] Saving checkpoint /home/sjtu/PyQMC/Ferminet/checkpoints_ferminet_x64_atoms/Li_doublet/qmcjax_ckpt_217614.npz
I0514 08:17:42.417606 129781289469760 train.py:1104] Step 00218000: energy=-7.4780140771301431 E_h, variance=4.1703319385675246e-04 E_h^2, std=2.0421390595567981e-02 E_h, ewmean=-7.4778994684039226 E_h, ewvar=8.2629959448032956e-07 E_h^2, ewstd=9.0901022792943837e-04 E_h, pmove=0.51718750
I0514 08:30:06.562479 129781289469760 train.py:1104] Step 00219000: energy=-7.4802949854693459 E_h, variance=4.3533752464652242e-02 E_h^2, std=2.0864743579697365e-01 E_h, ewmean=-7.4780598672081915 E_h, ewvar=9.8575853515379343e-07 E_h^2, ewstd=9.9285373301095741e-04 E_h, pmove=0.51826172
I0514 08:42:30.004781 129781289469760 train.py:1049] Timing step 00220000: block_iters=10000, block_time=7441.842608 s, sec/iter=0.7441842608, iter/s=1.343753, elapsed=163786.825146 s
I0514 08:42:30.752556 129781289469760 train.py:1104] Step 00220000: energy=-7.4768368775125271 E_h, variance=5.8507131624715315e-03 E_h^2, std=7.6489954650735228e-02 E_h, ewmean=-7.4776373748358038 E_h, ewvar=4.4026802966533391e-07 E_h^2, ewstd=6.6352696227458153e-04 E_h, pmove=0.51340332
I0514 08:54:54.986317 129781289469760 train.py:1104] Step 00221000: energy=-7.4779046501083055 E_h, variance=4.8787182529553403e-04 E_h^2, std=2.2087820745730756e-02 E_h, ewmean=-7.4776865179662426 E_h, ewvar=1.0283928249199064e-06 E_h^2, ewstd=1.0140970490637995e-03 E_h, pmove=0.51791992
I0514 09:07:19.188395 129781289469760 train.py:1104] Step 00222000: energy=-7.4769644113826175 E_h, variance=9.0818828910950705e-04 E_h^2, std=3.0136162481469119e-02 E_h, ewmean=-7.4778421529259411 E_h, ewvar=8.2641224258321679e-07 E_h^2, ewstd=9.0907218777345556e-04 E_h, pmove=0.51662598
I0514 09:19:43.461602 129781289469760 train.py:1104] Step 00223000: energy=-7.4799812291783514 E_h, variance=7.3825846482332372e-03 E_h^2, std=8.5921968368009569e-02 E_h, ewmean=-7.4781673302765324 E_h, ewvar=1.0516939767766568e-06 E_h^2, ewstd=1.0255213195134740e-03 E_h, pmove=0.51506348
I0514 09:32:07.678990 129781289469760 train.py:1104] Step 00224000: energy=-7.4783087946210092 E_h, variance=2.4542344470587303e-03 E_h^2, std=4.9540230591497356e-02 E_h, ewmean=-7.4779053152874182 E_h, ewvar=5.8848211247326301e-07 E_h^2, ewstd=7.6712587785399535e-04 E_h, pmove=0.51816406
I0514 09:44:31.923228 129781289469760 train.py:1104] Step 00225000: energy=-7.4778756379587037 E_h, variance=9.1114814876491193e-04 E_h^2, std=3.0185230639584518e-02 E_h, ewmean=-7.4777585408170371 E_h, ewvar=1.6098356308820888e-06 E_h^2, ewstd=1.2687929818855749e-03 E_h, pmove=0.51772461
I0514 09:52:55.776029 129781289469760 checkpoint.py:124] Saving checkpoint /home/sjtu/PyQMC/Ferminet/checkpoints_ferminet_x64_atoms/Li_doublet/qmcjax_ckpt_225677.npz
I0514 09:56:56.243488 129781289469760 train.py:1104] Step 00226000: energy=-7.4781487784081282 E_h, variance=7.0389840631836220e-04 E_h^2, std=2.6531083775797066e-02 E_h, ewmean=-7.4777354972240868 E_h, ewvar=4.6873604409157797e-07 E_h^2, ewstd=6.8464300485112533e-04 E_h, pmove=0.51687012
I0514 10:09:20.468471 129781289469760 train.py:1104] Step 00227000: energy=-7.4787082935960205 E_h, variance=4.7208843567799434e-04 E_h^2, std=2.1727596178086391e-02 E_h, ewmean=-7.4776247703472603 E_h, ewvar=7.3147520184743258e-07 E_h^2, ewstd=8.5526323541201777e-04 E_h, pmove=0.51994629
I0514 10:21:44.686788 129781289469760 train.py:1104] Step 00228000: energy=-7.4770276034361913 E_h, variance=2.1601834411440197e-03 E_h^2, std=4.6477773625078253e-02 E_h, ewmean=-7.4778142114233388 E_h, ewvar=2.3140809820652879e-06 E_h^2, ewstd=1.5212103674591782e-03 E_h, pmove=0.51379395
I0514 10:34:08.876925 129781289469760 train.py:1104] Step 00229000: energy=-7.4774138448883658 E_h, variance=6.2990148359566974e-03 E_h^2, std=7.9366333139163595e-02 E_h, ewmean=-7.4780380261417276 E_h, ewvar=8.8687295308269039e-07 E_h^2, ewstd=9.4173932331759961e-04 E_h, pmove=0.52014160
I0514 10:46:32.381771 129781289469760 train.py:1049] Timing step 00230000: block_iters=10000, block_time=7442.376989 s, sec/iter=0.7442376989, iter/s=1.343657, elapsed=171229.202135 s
I0514 10:46:33.128198 129781289469760 train.py:1104] Step 00230000: energy=-7.4800177080941328 E_h, variance=7.1769876029899446e-03 E_h^2, std=8.4717103367560581e-02 E_h, ewmean=-7.4781053860631763 E_h, ewvar=6.9622287119877042e-07 E_h^2, ewstd=8.3439970709413031e-04 E_h, pmove=0.52670898
I0514 10:58:57.445139 129781289469760 train.py:1104] Step 00231000: energy=-7.4772644968340369 E_h, variance=1.8170479026759770e-03 E_h^2, std=4.2626844859501120e-02 E_h, ewmean=-7.4774945664545402 E_h, ewvar=5.5670195061417256e-07 E_h^2, ewstd=7.4612462136976329e-04 E_h, pmove=0.51977539
I0514 11:11:21.743678 129781289469760 train.py:1104] Step 00232000: energy=-7.4770331445206795 E_h, variance=1.7595888704759360e-03 E_h^2, std=4.1947453682862991e-02 E_h, ewmean=-7.4776255585025009 E_h, ewvar=1.1424627593996202e-06 E_h^2, ewstd=1.0688604957615471e-03 E_h, pmove=0.51818848
I0514 11:23:46.057164 129781289469760 train.py:1104] Step 00233000: energy=-7.4781248153352813 E_h, variance=7.2340947262633537e-04 E_h^2, std=2.6896272467134462e-02 E_h, ewmean=-7.4784551932514205 E_h, ewvar=1.9069267083744066e-06 E_h^2, ewstd=1.3809151705931855e-03 E_h, pmove=0.51762695
I0514 11:32:56.128252 129781289469760 checkpoint.py:124] Saving checkpoint /home/sjtu/PyQMC/Ferminet/checkpoints_ferminet_x64_atoms/Li_doublet/qmcjax_ckpt_233739.npz
I0514 11:36:10.495479 129781289469760 train.py:1104] Step 00234000: energy=-7.4766059638583799 E_h, variance=2.3544300748638705e-03 E_h^2, std=4.8522469793528346e-02 E_h, ewmean=-7.4777546771523795 E_h, ewvar=4.0360146429173250e-07 E_h^2, ewstd=6.3529635941954874e-04 E_h, pmove=0.51545410
I0514 11:48:34.807350 129781289469760 train.py:1104] Step 00235000: energy=-7.4781346714821932 E_h, variance=5.9978805722933073e-04 E_h^2, std=2.4490570782024063e-02 E_h, ewmean=-7.4775658532999572 E_h, ewvar=6.7602910514308873e-07 E_h^2, ewstd=8.2220989117322632e-04 E_h, pmove=0.51455078
I0514 12:00:59.100240 129781289469760 train.py:1104] Step 00236000: energy=-7.4771177696627396 E_h, variance=1.1526730956255141e-03 E_h^2, std=3.3951039684014306e-02 E_h, ewmean=-7.4777462522574423 E_h, ewvar=7.9483636002776846e-07 E_h^2, ewstd=8.9153595554400855e-04 E_h, pmove=0.51818848
I0514 12:13:23.388149 129781289469760 train.py:1104] Step 00237000: energy=-7.4769662455375814 E_h, variance=1.5582136424775006e-03 E_h^2, std=3.9474214906410753e-02 E_h, ewmean=-7.4776085208596292 E_h, ewvar=8.7918106469241239e-07 E_h^2, ewstd=9.3764655638060781e-04 E_h, pmove=0.51760254
I0514 12:25:47.690452 129781289469760 train.py:1104] Step 00238000: energy=-7.4786978426933253 E_h, variance=5.5786527715367355e-03 E_h^2, std=7.4690379377378546e-02 E_h, ewmean=-7.4778994627999982 E_h, ewvar=4.6077517789875474e-07 E_h^2, ewstd=6.7880422648857657e-04 E_h, pmove=0.51750488
I0514 12:38:12.608596 129781289469760 train.py:1104] Step 00239000: energy=-7.4775145075879212 E_h, variance=1.2770096472996353e-03 E_h^2, std=3.5735271753543942e-02 E_h, ewmean=-7.4776609061658501 E_h, ewvar=9.3047392583814428e-07 E_h^2, ewstd=9.6461076390331882e-04 E_h, pmove=0.51772461
I0514 12:50:36.089586 129781289469760 train.py:1049] Timing step 00240000: block_iters=10000, block_time=7443.707832 s, sec/iter=0.7443707832, iter/s=1.343417, elapsed=178672.909966 s
I0514 12:50:36.835767 129781289469760 train.py:1104] Step 00240000: energy=-7.4775316307656432 E_h, variance=4.2975957525810123e-04 E_h^2, std=2.0730643387461500e-02 E_h, ewmean=-7.4776705297530039 E_h, ewvar=6.0359283320843901e-07 E_h^2, ewstd=7.7691237164073982e-04 E_h, pmove=0.51904297
I0514 13:03:01.116377 129781289469760 train.py:1104] Step 00241000: energy=-7.4777365485692924 E_h, variance=1.8271328791343066e-03 E_h^2, std=4.2744974899212501e-02 E_h, ewmean=-7.4778912561448161 E_h, ewvar=4.7120714880458318e-07 E_h^2, ewstd=6.8644529920787076e-04 E_h, pmove=0.51809082
I0514 13:12:56.496870 129781289469760 checkpoint.py:124] Saving checkpoint /home/sjtu/PyQMC/Ferminet/checkpoints_ferminet_x64_atoms/Li_doublet/qmcjax_ckpt_241800.npz
I0514 13:15:25.425478 129781289469760 train.py:1104] Step 00242000: energy=-7.4780477572797723 E_h, variance=6.3510516236499565e-04 E_h^2, std=2.5201292870902392e-02 E_h, ewmean=-7.4782898371877415 E_h, ewvar=2.3536509945433190e-06 E_h^2, ewstd=1.5341613326320406e-03 E_h, pmove=0.51862793
I0514 13:27:49.903063 129781289469760 train.py:1104] Step 00243000: energy=-7.4780815919758590 E_h, variance=4.8424542973556447e-04 E_h^2, std=2.2005577241589563e-02 E_h, ewmean=-7.4776531631814525 E_h, ewvar=4.2141928669470723e-07 E_h^2, ewstd=6.4916814978455866e-04 E_h, pmove=0.51813965
I0514 13:40:14.268162 129781289469760 train.py:1104] Step 00244000: energy=-7.4775262113801171 E_h, variance=1.4459575012490573e-03 E_h^2, std=3.8025747872317481e-02 E_h, ewmean=-7.4775299347393807 E_h, ewvar=1.3298183003073693e-06 E_h^2, ewstd=1.1531774799688767e-03 E_h, pmove=0.51882324
I0514 13:52:38.674327 129781289469760 train.py:1104] Step 00245000: energy=-7.4772791355948769 E_h, variance=5.9184392381695554e-04 E_h^2, std=2.4327842563962705e-02 E_h, ewmean=-7.4777853675881438 E_h, ewvar=1.2753823987351242e-06 E_h^2, ewstd=1.1293282953752308e-03 E_h, pmove=0.51506348
I0514 14:05:02.961162 129781289469760 train.py:1104] Step 00246000: energy=-7.4782215788147441 E_h, variance=7.2859205047207240e-04 E_h^2, std=2.6992444321922243e-02 E_h, ewmean=-7.4779564173226714 E_h, ewvar=5.4237973507012751e-07 E_h^2, ewstd=7.3646434745351218e-04 E_h, pmove=0.52004395
I0514 14:17:27.222959 129781289469760 train.py:1104] Step 00247000: energy=-7.4785412152905844 E_h, variance=1.7994080495964983e-02 E_h^2, std=1.3414201614693655e-01 E_h, ewmean=-7.4779687767160068 E_h, ewvar=9.5574725126970651e-07 E_h^2, ewstd=9.7762326653456173e-04 E_h, pmove=0.51423340
I0514 14:29:51.643466 129781289469760 train.py:1104] Step 00248000: energy=-7.4779661039965735 E_h, variance=1.7492300354698916e-03 E_h^2, std=4.1823797477870080e-02 E_h, ewmean=-7.4781355264768745 E_h, ewvar=4.1431337962295502e-07 E_h^2, ewstd=6.4367179495683588e-04 E_h, pmove=0.51989746
I0514 14:42:16.123692 129781289469760 train.py:1104] Step 00249000: energy=-7.4782170643105799 E_h, variance=6.3881515198988090e-04 E_h^2, std=2.5274792817941771e-02 E_h, ewmean=-7.4779245525484450 E_h, ewvar=5.1626904089724354e-07 E_h^2, ewstd=7.1851864338877359e-04 E_h, pmove=0.51611328
I0514 14:52:57.089022 129781289469760 checkpoint.py:124] Saving checkpoint /home/sjtu/PyQMC/Ferminet/checkpoints_ferminet_x64_atoms/Li_doublet/qmcjax_ckpt_249861.npz
I0514 14:54:39.923866 129781289469760 train.py:1049] Timing step 00250000: block_iters=10000, block_time=7443.834261 s, sec/iter=0.7443834261, iter/s=1.343394, elapsed=186116.744228 s
I0514 14:54:40.670658 129781289469760 train.py:1104] Step 00250000: energy=-7.4781241435000352 E_h, variance=4.9502004235508254e-04 E_h^2, std=2.2249045875162434e-02 E_h, ewmean=-7.4780248616976763 E_h, ewvar=1.2272028192612316e-06 E_h^2, ewstd=1.1077918663996553e-03 E_h, pmove=0.51696777
I0514 15:07:05.322252 129781289469760 train.py:1104] Step 00251000: energy=-7.4787142286080295 E_h, variance=2.2938489939036640e-03 E_h^2, std=4.7894143628461130e-02 E_h, ewmean=-7.4779959301324386 E_h, ewvar=6.7277562002650092e-07 E_h^2, ewstd=8.2022900462401407e-04 E_h, pmove=0.51586914
I0514 15:19:30.052692 129781289469760 train.py:1104] Step 00252000: energy=-7.4784132537187755 E_h, variance=2.8965044247797524e-03 E_h^2, std=5.3819182684055625e-02 E_h, ewmean=-7.4778812490170594 E_h, ewvar=3.9294425692992439e-07 E_h^2, ewstd=6.2685265966567008e-04 E_h, pmove=0.51791992
I0514 15:31:54.787548 129781289469760 train.py:1104] Step 00253000: energy=-7.4776485492862141 E_h, variance=6.4701174145594391e-04 E_h^2, std=2.5436425485039046e-02 E_h, ewmean=-7.4781911299231689 E_h, ewvar=6.9820990868869759e-07 E_h^2, ewstd=8.3558955755125232e-04 E_h, pmove=0.51923828
I0514 15:44:19.435131 129781289469760 train.py:1104] Step 00254000: energy=-7.4771997967326405 E_h, variance=6.5655482966252949e-04 E_h^2, std=2.5623325889948975e-02 E_h, ewmean=-7.4777825258783572 E_h, ewvar=4.4883424652106293e-07 E_h^2, ewstd=6.6995092844257108e-04 E_h, pmove=0.51491699
I0514 15:56:44.114085 129781289469760 train.py:1104] Step 00255000: energy=-7.4776706737575971 E_h, variance=7.9116029571073981e-04 E_h^2, std=2.8127571806160941e-02 E_h, ewmean=-7.4778840074536337 E_h, ewvar=8.1162595034047135e-07 E_h^2, ewstd=9.0090285288729733e-04 E_h, pmove=0.51796875
I0514 16:09:08.692600 129781289469760 train.py:1104] Step 00256000: energy=-7.4772583422940242 E_h, variance=1.7080617243025447e-03 E_h^2, std=4.1328703394887006e-02 E_h, ewmean=-7.4778643472301987 E_h, ewvar=3.9408376581834324e-07 E_h^2, ewstd=6.2776091453541712e-04 E_h, pmove=0.51936035
I0514 16:21:33.164689 129781289469760 train.py:1104] Step 00257000: energy=-7.4779134159020151 E_h, variance=1.1831305595182712e-03 E_h^2, std=3.4396664947611871e-02 E_h, ewmean=-7.4779889084941606 E_h, ewvar=5.0098858254275598e-07 E_h^2, ewstd=7.0780546942133475e-04 E_h, pmove=0.52001953
I0514 16:32:57.370799 129781289469760 checkpoint.py:124] Saving checkpoint /home/sjtu/PyQMC/Ferminet/checkpoints_ferminet_x64_atoms/Li_doublet/qmcjax_ckpt_257919.npz
I0514 16:33:57.801634 129781289469760 train.py:1104] Step 00258000: energy=-7.4781570869216463 E_h, variance=2.8342314652723406e-03 E_h^2, std=5.3237500554330505e-02 E_h, ewmean=-7.4781686449991325 E_h, ewvar=1.8457909500862766e-06 E_h^2, ewstd=1.3585988922733142e-03 E_h, pmove=0.51601562
I0514 16:46:22.245530 129781289469760 train.py:1104] Step 00259000: energy=-7.4778968328625153 E_h, variance=2.3761718897095541e-03 E_h^2, std=4.8745993575980723e-02 E_h, ewmean=-7.4778320576365687 E_h, ewvar=5.3281531999813271e-07 E_h^2, ewstd=7.2994199769442828e-04 E_h, pmove=0.52387695
I0514 16:58:45.908116 129781289469760 train.py:1049] Timing step 00260000: block_iters=10000, block_time=7445.984229 s, sec/iter=0.7445984229, iter/s=1.343006, elapsed=193562.728456 s
I0514 16:58:46.654717 129781289469760 train.py:1104] Step 00260000: energy=-7.4784727929273034 E_h, variance=1.9917104070926875e-03 E_h^2, std=4.4628582848805401e-02 E_h, ewmean=-7.4777470700822892 E_h, ewvar=7.5249219568238399e-07 E_h^2, ewstd=8.6746308029931967e-04 E_h, pmove=0.51750488
I0514 17:11:11.051026 129781289469760 train.py:1104] Step 00261000: energy=-7.4779310869827924 E_h, variance=6.7354971970048428e-04 E_h^2, std=2.5952836448074116e-02 E_h, ewmean=-7.4779027139941796 E_h, ewvar=8.3035284138078096e-07 E_h^2, ewstd=9.1123698420376954e-04 E_h, pmove=0.52211914
I0514 17:23:35.698091 129781289469760 train.py:1104] Step 00262000: energy=-7.4782672253917912 E_h, variance=2.6517579522506878e-03 E_h^2, std=5.1495222615798912e-02 E_h, ewmean=-7.4778767133770661 E_h, ewvar=1.0619893662760812e-06 E_h^2, ewstd=1.0305286828982884e-03 E_h, pmove=0.51796875
I0514 17:36:00.141608 129781289469760 train.py:1104] Step 00263000: energy=-7.4775957017032759 E_h, variance=8.0532996901656103e-04 E_h^2, std=2.8378336262306871e-02 E_h, ewmean=-7.4779243754621971 E_h, ewvar=1.3685255129143578e-06 E_h^2, ewstd=1.1698399518371553e-03 E_h, pmove=0.51887207
I0514 17:48:24.618441 129781289469760 train.py:1104] Step 00264000: energy=-7.4807732449838200 E_h, variance=4.0790352205002010e-02 E_h^2, std=2.0196621550398475e-01 E_h, ewmean=-7.4781408622883019 E_h, ewvar=1.0907052548007309e-06 E_h^2, ewstd=1.0443683520677612e-03 E_h, pmove=0.51467285
I0514 18:00:49.026229 129781289469760 train.py:1104] Step 00265000: energy=-7.4771771844299888 E_h, variance=2.4697044815600081e-03 E_h^2, std=4.9696121393525354e-02 E_h, ewmean=-7.4780256315605200 E_h, ewvar=5.3974467915867677e-07 E_h^2, ewstd=7.3467317846691315e-04 E_h, pmove=0.51901855
I0514 18:12:57.758175 129781289469760 checkpoint.py:124] Saving checkpoint /home/sjtu/PyQMC/Ferminet/checkpoints_ferminet_x64_atoms/Li_doublet/qmcjax_ckpt_265979.npz
I0514 18:13:13.484290 129781289469760 train.py:1104] Step 00266000: energy=-7.4763035964921105 E_h, variance=6.8231322470872066e-03 E_h^2, std=8.2602253280931792e-02 E_h, ewmean=-7.4780646308503549 E_h, ewvar=8.4997952946216265e-07 E_h^2, ewstd=9.2194334395458524e-04 E_h, pmove=0.51562500
I0514 18:25:37.847469 129781289469760 train.py:1104] Step 00267000: energy=-7.4777650033652696 E_h, variance=2.5604242947103125e-03 E_h^2, std=5.0600635319235990e-02 E_h, ewmean=-7.4786540658288940 E_h, ewvar=2.2136146696009703e-06 E_h^2, ewstd=1.4878221229706764e-03 E_h, pmove=0.51667480
I0514 18:38:02.260241 129781289469760 train.py:1104] Step 00268000: energy=-7.4771008967844690 E_h, variance=1.1255244432685041e-03 E_h^2, std=3.3548836690241647e-02 E_h, ewmean=-7.4781489027695809 E_h, ewvar=2.5093616742988092e-06 E_h^2, ewstd=1.5840964851608027e-03 E_h, pmove=0.51381836
I0514 18:50:26.669620 129781289469760 train.py:1104] Step 00269000: energy=-7.4770102784839088 E_h, variance=1.7817761192487056e-03 E_h^2, std=4.2211090003086933e-02 E_h, ewmean=-7.4778256276787891 E_h, ewvar=6.2437792641022820e-07 E_h^2, ewstd=7.9017588321223030e-04 E_h, pmove=0.52094727
I0514 19:02:50.403712 129781289469760 train.py:1049] Timing step 00270000: block_iters=10000, block_time=7444.495615 s, sec/iter=0.7444495615, iter/s=1.343274, elapsed=201007.224071 s
I0514 19:02:51.150294 129781289469760 train.py:1104] Step 00270000: energy=-7.4779811520930028 E_h, variance=8.3759831496225381e-04 E_h^2, std=2.8941290830960767e-02 E_h, ewmean=-7.4778959670187621 E_h, ewvar=5.9170450156664070e-07 E_h^2, ewstd=7.6922331059754083e-04 E_h, pmove=0.52045898
I0514 19:15:15.577393 129781289469760 train.py:1104] Step 00271000: energy=-7.4775194413931541 E_h, variance=2.8914750397004241e-03 E_h^2, std=5.3772437546576068e-02 E_h, ewmean=-7.4776022366663639 E_h, ewvar=9.3990427047049496e-07 E_h^2, ewstd=9.6948660149096184e-04 E_h, pmove=0.51782227
I0514 19:27:40.044396 129781289469760 train.py:1104] Step 00272000: energy=-7.4790061854198635 E_h, variance=1.4750341558118531e-03 E_h^2, std=3.8406173407563700e-02 E_h, ewmean=-7.4779602616354577 E_h, ewvar=1.4279441942780463e-06 E_h^2, ewstd=1.1949661895961938e-03 E_h, pmove=0.51901855
I0514 19:40:04.553733 129781289469760 train.py:1104] Step 00273000: energy=-7.4778383800399633 E_h, variance=1.8548795331222319e-03 E_h^2, std=4.3068312401604872e-02 E_h, ewmean=-7.4777994667285848 E_h, ewvar=3.5652658583571355e-07 E_h^2, ewstd=5.9709847247812781e-04 E_h, pmove=0.51818848
I0514 19:52:28.933626 129781289469760 train.py:1104] Step 00274000: energy=-7.4773571257566536 E_h, variance=1.7787480636247228e-03 E_h^2, std=4.2175206740746665e-02 E_h, ewmean=-7.4779106260971577 E_h, ewvar=3.4605378028459134e-06 E_h^2, ewstd=1.8602520804573538e-03 E_h, pmove=0.51467285
I0514 19:52:57.962826 129781289469760 checkpoint.py:124] Saving checkpoint /home/sjtu/PyQMC/Ferminet/checkpoints_ferminet_x64_atoms/Li_doublet/qmcjax_ckpt_274039.npz
I0514 20:04:53.532978 129781289469760 train.py:1104] Step 00275000: energy=-7.4772053952767088 E_h, variance=5.1206983551093255e-03 E_h^2, std=7.1559055018280707e-02 E_h, ewmean=-7.4777374186495997 E_h, ewvar=1.6361253752550835e-06 E_h^2, ewstd=1.2791111661052308e-03 E_h, pmove=0.51850586
I0514 20:17:17.971431 129781289469760 train.py:1104] Step 00276000: energy=-7.4764850747603955 E_h, variance=1.4011638750779870e-03 E_h^2, std=3.7432123571579358e-02 E_h, ewmean=-7.4778571211975766 E_h, ewvar=1.4804280486000391e-06 E_h^2, ewstd=1.2167284202319099e-03 E_h, pmove=0.51596680
I0514 20:29:42.278669 129781289469760 train.py:1104] Step 00277000: energy=-7.4781040454216505 E_h, variance=2.8157245185484532e-04 E_h^2, std=1.6780120734215392e-02 E_h, ewmean=-7.4783309560797893 E_h, ewvar=9.4529202623899115e-07 E_h^2, ewstd=9.7226129524886017e-04 E_h, pmove=0.51538086
I0514 20:42:06.575380 129781289469760 train.py:1104] Step 00278000: energy=-7.4778375086080011 E_h, variance=3.7190162947569407e-04 E_h^2, std=1.9284751216328774e-02 E_h, ewmean=-7.4780080428600879 E_h, ewvar=8.0193077099459479e-07 E_h^2, ewstd=8.9550587434957386e-04 E_h, pmove=0.52001953
I0514 20:54:30.855496 129781289469760 train.py:1104] Step 00279000: energy=-7.4767015602137219 E_h, variance=3.9083855263046434e-03 E_h^2, std=6.2517081876113212e-02 E_h, ewmean=-7.4779963942130037 E_h, ewvar=8.2833250832579423e-07 E_h^2, ewstd=9.1012774286129434e-04 E_h, pmove=0.52121582
I0514 21:06:54.410976 129781289469760 train.py:1049] Timing step 00280000: block_iters=10000, block_time=7444.007267 s, sec/iter=0.7444007267, iter/s=1.343362, elapsed=208451.231338 s
I0514 21:06:55.157437 129781289469760 train.py:1104] Step 00280000: energy=-7.4784423374222779 E_h, variance=4.3372745205357059e-04 E_h^2, std=2.0826124268657636e-02 E_h, ewmean=-7.4777960197990172 E_h, ewvar=5.2570492085312127e-07 E_h^2, ewstd=7.2505511573474281e-04 E_h, pmove=0.52011719
I0514 21:19:19.497324 129781289469760 train.py:1104] Step 00281000: energy=-7.4777178026700062 E_h, variance=5.0673249896626530e-04 E_h^2, std=2.2510719645676931e-02 E_h, ewmean=-7.4778462619424015 E_h, ewvar=1.0109086125808326e-06 E_h^2, ewstd=1.0054395121442327e-03 E_h, pmove=0.51669922
I0514 21:31:43.803439 129781289469760 train.py:1104] Step 00282000: energy=-7.4777252828487404 E_h, variance=6.0435580218413248e-04 E_h^2, std=2.4583649081943316e-02 E_h, ewmean=-7.4777054025574916 E_h, ewvar=3.0497801011188660e-07 E_h^2, ewstd=5.5224814179124821e-04 E_h, pmove=0.51564941
I0514 21:32:58.234292 129781289469760 checkpoint.py:124] Saving checkpoint /home/sjtu/PyQMC/Ferminet/checkpoints_ferminet_x64_atoms/Li_doublet/qmcjax_ckpt_282100.npz
I0514 21:44:08.237682 129781289469760 train.py:1104] Step 00283000: energy=-7.4794053040459492 E_h, variance=1.0688051224657368e-02 E_h^2, std=1.0338303160895103e-01 E_h, ewmean=-7.4787053116207955 E_h, ewvar=4.2318646213253051e-06 E_h^2, ewstd=2.0571496351323849e-03 E_h, pmove=0.51687012
I0514 21:56:32.561787 129781289469760 train.py:1104] Step 00284000: energy=-7.4794681815618418 E_h, variance=2.6536209468206191e-02 E_h^2, std=1.6289938449302438e-01 E_h, ewmean=-7.4780217534322411 E_h, ewvar=8.8196649175128422e-07 E_h^2, ewstd=9.3913071068477160e-04 E_h, pmove=0.51914063
I0514 22:08:56.862199 129781289469760 train.py:1104] Step 00285000: energy=-7.4781590320204998 E_h, variance=6.9632840768051518e-04 E_h^2, std=2.6388035313007204e-02 E_h, ewmean=-7.4778237094365236 E_h, ewvar=1.5186272172292938e-06 E_h^2, ewstd=1.2323259379033186e-03 E_h, pmove=0.52070313
I0514 22:21:21.070851 129781289469760 train.py:1104] Step 00286000: energy=-7.4787015035496269 E_h, variance=1.8639223948172438e-03 E_h^2, std=4.3173167532823485e-02 E_h, ewmean=-7.4779939633179318 E_h, ewvar=6.4076760036520701e-07 E_h^2, ewstd=8.0047960646427907e-04 E_h, pmove=0.51965332
I0514 22:33:45.376663 129781289469760 train.py:1104] Step 00287000: energy=-7.4782276016082934 E_h, variance=1.0089057088660779e-03 E_h^2, std=3.1763276104112399e-02 E_h, ewmean=-7.4776597705731849 E_h, ewvar=7.9002880799567415e-07 E_h^2, ewstd=8.8883564734751396e-04 E_h, pmove=0.51765137
I0514 22:46:09.731304 129781289469760 train.py:1104] Step 00288000: energy=-7.4776243996342222 E_h, variance=4.7195698806577809e-03 E_h^2, std=6.8699125763416968e-02 E_h, ewmean=-7.4782710002255808 E_h, ewvar=1.6916818728532588e-06 E_h^2, ewstd=1.3006467133135188e-03 E_h, pmove=0.51225586
I0514 22:58:34.046772 129781289469760 train.py:1104] Step 00289000: energy=-7.4775082459790081 E_h, variance=1.3085864341187930e-03 E_h^2, std=3.6174389201737642e-02 E_h, ewmean=-7.4778398045827510 E_h, ewvar=1.0059025183102542e-06 E_h^2, ewstd=1.0029469169952386e-03 E_h, pmove=0.51591797
I0514 23:10:57.607313 129781289469760 train.py:1049] Timing step 00290000: block_iters=10000, block_time=7443.196344 s, sec/iter=0.7443196344, iter/s=1.343509, elapsed=215894.427682 s
I0514 23:10:58.354166 129781289469760 train.py:1104] Step 00290000: energy=-7.4751563042086033 E_h, variance=2.1891038910997050e-02 E_h^2, std=1.4795620605772861e-01 E_h, ewmean=-7.4778445383474734 E_h, ewvar=1.2359531990633611e-06 E_h^2, ewstd=1.1117343203586733e-03 E_h, pmove=0.52387695
I0514 23:12:58.929247 129781289469760 checkpoint.py:124] Saving checkpoint /home/sjtu/PyQMC/Ferminet/checkpoints_ferminet_x64_atoms/Li_doublet/qmcjax_ckpt_290162.npz
I0514 23:23:22.737745 129781289469760 train.py:1104] Step 00291000: energy=-7.4778590275307080 E_h, variance=3.8438029032951252e-04 E_h^2, std=1.9605618845869480e-02 E_h, ewmean=-7.4780867249199279 E_h, ewvar=1.8907589607335426e-06 E_h^2, ewstd=1.3750487121311531e-03 E_h, pmove=0.52060547
I0514 23:35:47.071189 129781289469760 train.py:1104] Step 00292000: energy=-7.4774335535569243 E_h, variance=5.4224036637674959e-03 E_h^2, std=7.3636972125200095e-02 E_h, ewmean=-7.4779650250262844 E_h, ewvar=7.8191063180295272e-07 E_h^2, ewstd=8.8425710729569636e-04 E_h, pmove=0.51706543
I0514 23:48:11.404001 129781289469760 train.py:1104] Step 00293000: energy=-7.4784346979201963 E_h, variance=3.7587481276263887e-04 E_h^2, std=1.9387491141523158e-02 E_h, ewmean=-7.4779574080353939 E_h, ewvar=3.0660090186024051e-07 E_h^2, ewstd=5.5371554236831799e-04 E_h, pmove=0.51630859
I0515 00:00:35.676609 129781289469760 train.py:1104] Step 00294000: energy=-7.4773429993953018 E_h, variance=1.9137395882416679e-03 E_h^2, std=4.3746309424243637e-02 E_h, ewmean=-7.4781478299819808 E_h, ewvar=5.6836126156901822e-07 E_h^2, ewstd=7.5389738132521610e-04 E_h, pmove=0.51911621
I0515 00:12:59.976158 129781289469760 train.py:1104] Step 00295000: energy=-7.4791245562154920 E_h, variance=3.2370930086453474e-03 E_h^2, std=5.6895456836599419e-02 E_h, ewmean=-7.4778436154295793 E_h, ewvar=6.5818349423070441e-07 E_h^2, ewstd=8.1128508813530181e-04 E_h, pmove=0.52114258
I0515 00:25:24.232787 129781289469760 train.py:1104] Step 00296000: energy=-7.4788518530818830 E_h, variance=1.5728584992775373e-02 E_h^2, std=1.2541365552751971e-01 E_h, ewmean=-7.4780347925383426 E_h, ewvar=4.3480060152832601e-07 E_h^2, ewstd=6.5939411699553858e-04 E_h, pmove=0.52097168
I0515 00:37:48.497880 129781289469760 train.py:1104] Step 00297000: energy=-7.4785630032722876 E_h, variance=8.2729538375411597e-04 E_h^2, std=2.8762742980357695e-02 E_h, ewmean=-7.4780758503548039 E_h, ewvar=6.1222783608082357e-07 E_h^2, ewstd=7.8244989365506569e-04 E_h, pmove=0.51958008
I0515 00:50:12.779389 129781289469760 train.py:1104] Step 00298000: energy=-7.4783790575392644 E_h, variance=5.7705389118415046e-04 E_h^2, std=2.4021946032412745e-02 E_h, ewmean=-7.4781962622980673 E_h, ewvar=6.4199624874923622e-07 E_h^2, ewstd=8.0124668408002551e-04 E_h, pmove=0.51347656
I0515 00:52:59.503024 129781289469760 checkpoint.py:124] Saving checkpoint /home/sjtu/PyQMC/Ferminet/checkpoints_ferminet_x64_atoms/Li_doublet/qmcjax_ckpt_298224.npz
I0515 01:02:37.093688 129781289469760 train.py:1104] Step 00299000: energy=-7.4793042624129065 E_h, variance=2.9289467021806929e-03 E_h^2, std=5.4119744106755463e-02 E_h, ewmean=-7.4779479767185242 E_h, ewvar=7.1197066669466741e-07 E_h^2, ewstd=8.4378354255974168e-04 E_h, pmove=0.51855469
I0515 01:15:00.586181 129781289469760 train.py:1049] Timing step 00300000: block_iters=10000, block_time=7442.978860 s, sec/iter=0.7442978860, iter/s=1.343548, elapsed=223337.406543 s
I0515 01:15:01.332819 129781289469760 train.py:1104] Step 00300000: energy=-7.4795508530919719 E_h, variance=8.6863236547552857e-03 E_h^2, std=9.3200448790525067e-02 E_h, ewmean=-7.4784592384764670 E_h, ewvar=1.7228033715781994e-06 E_h^2, ewstd=1.3125560451189120e-03 E_h, pmove=0.52292480
I0515 01:27:25.671337 129781289469760 train.py:1104] Step 00301000: energy=-7.4775223876896293 E_h, variance=1.3732277303858023e-03 E_h^2, std=3.7057087451468747e-02 E_h, ewmean=-7.4782146217246233 E_h, ewvar=8.3015311196094063e-07 E_h^2, ewstd=9.1112738514487679e-04 E_h, pmove=0.52199707
I0515 01:39:49.996211 129781289469760 train.py:1104] Step 00302000: energy=-7.4777264811615947 E_h, variance=1.3680424322202280e-03 E_h^2, std=3.6987057631288109e-02 E_h, ewmean=-7.4778783987956734 E_h, ewvar=5.0020333712837443e-07 E_h^2, ewstd=7.0725054763384559e-04 E_h, pmove=0.51931152
I0515 01:52:14.306479 129781289469760 train.py:1104] Step 00303000: energy=-7.4777658757791441 E_h, variance=1.0732565246748460e-03 E_h^2, std=3.2760594083057253e-02 E_h, ewmean=-7.4777466551377758 E_h, ewvar=4.3016510732159827e-07 E_h^2, ewstd=6.5586973350018085e-04 E_h, pmove=0.51384277
I0515 02:04:38.624443 129781289469760 train.py:1104] Step 00304000: energy=-7.4779819960230913 E_h, variance=7.3363608810279488e-04 E_h^2, std=2.7085717419016150e-02 E_h, ewmean=-7.4782188761146937 E_h, ewvar=1.3343202993899538e-06 E_h^2, ewstd=1.1551278281601365e-03 E_h, pmove=0.51403809
I0515 02:17:02.920542 129781289469760 train.py:1104] Step 00305000: energy=-7.4759287743673291 E_h, variance=4.2732675575230025e-03 E_h^2, std=6.5370234491877136e-02 E_h, ewmean=-7.4778929467335100 E_h, ewvar=1.8809243449477418e-06 E_h^2, ewstd=1.3714679525777267e-03 E_h, pmove=0.51796875
I0515 02:29:27.244013 129781289469760 train.py:1104] Step 00306000: energy=-7.4793230819919820 E_h, variance=4.5787502663737212e-03 E_h^2, std=6.7666463380124428e-02 E_h, ewmean=-7.4777250369079988 E_h, ewvar=1.8303961123017955e-06 E_h^2, ewstd=1.3529213252446706e-03 E_h, pmove=0.52136230
I0515 02:33:00.098488 129781289469760 checkpoint.py:124] Saving checkpoint /home/sjtu/PyQMC/Ferminet/checkpoints_ferminet_x64_atoms/Li_doublet/qmcjax_ckpt_306286.npz
I0515 02:41:51.605696 129781289469760 train.py:1104] Step 00307000: energy=-7.4776555454496512 E_h, variance=6.5208919527509905e-04 E_h^2, std=2.5536037188160169e-02 E_h, ewmean=-7.4777800475626606 E_h, ewvar=8.4649719602946887e-07 E_h^2, ewstd=9.2005282241264220e-04 E_h, pmove=0.51486816
I0515 02:54:15.927205 129781289469760 train.py:1104] Step 00308000: energy=-7.4784498210306065 E_h, variance=2.2509337054606631e-03 E_h^2, std=4.7444006001397719e-02 E_h, ewmean=-7.4777167983177382 E_h, ewvar=3.5599308488522033e-07 E_h^2, ewstd=5.9665156069955972e-04 E_h, pmove=0.51542969
I0515 03:06:40.306407 129781289469760 train.py:1104] Step 00309000: energy=-7.4777180918550812 E_h, variance=9.3375404013585532e-04 E_h^2, std=3.0557389288613242e-02 E_h, ewmean=-7.4779697421277618 E_h, ewvar=9.6138049325258256e-07 E_h^2, ewstd=9.8050012404516437e-04 E_h, pmove=0.51755371
I0515 03:19:03.948930 129781289469760 train.py:1049] Timing step 00310000: block_iters=10000, block_time=7443.362753 s, sec/iter=0.7443362753, iter/s=1.343479, elapsed=230780.769296 s
I0515 03:19:04.697352 129781289469760 train.py:1104] Step 00310000: energy=-7.4771706835083416 E_h, variance=1.0934791587087990e-03 E_h^2, std=3.3067796399349002e-02 E_h, ewmean=-7.4782281241071171 E_h, ewvar=1.4591013396402570e-06 E_h^2, ewstd=1.2079326718158828e-03 E_h, pmove=0.51799316
I0515 03:31:28.995324 129781289469760 train.py:1104] Step 00311000: energy=-7.4775404476090195 E_h, variance=1.0131341880910132e-03 E_h^2, std=3.1829768897857443e-02 E_h, ewmean=-7.4777257393253942 E_h, ewvar=7.9009884461264686e-07 E_h^2, ewstd=8.8887504443124451e-04 E_h, pmove=0.52038574
I0515 03:43:53.354756 129781289469760 train.py:1104] Step 00312000: energy=-7.4778609460618597 E_h, variance=8.5793133025410990e-04 E_h^2, std=2.9290464835063815e-02 E_h, ewmean=-7.4779793827547589 E_h, ewvar=8.3975060207528032e-07 E_h^2, ewstd=9.1637907116830220e-04 E_h, pmove=0.52229004
I0515 03:56:17.682072 129781289469760 train.py:1104] Step 00313000: energy=-7.4783563917587017 E_h, variance=1.4660577397214163e-03 E_h^2, std=3.8289133441766689e-02 E_h, ewmean=-7.4778721356036337 E_h, ewvar=3.0968053250787505e-07 E_h^2, ewstd=5.5648947205484049e-04 E_h, pmove=0.52299805
I0515 04:08:42.011403 129781289469760 train.py:1104] Step 00314000: energy=-7.4776559469719590 E_h, variance=9.1708153994350488e-04 E_h^2, std=3.0283354172606192e-02 E_h, ewmean=-7.4778357817272765 E_h, ewvar=3.3981337979744367e-07 E_h^2, ewstd=5.8293514201619690e-04 E_h, pmove=0.52199707
I0515 04:13:00.311040 129781289469760 checkpoint.py:124] Saving checkpoint /home/sjtu/PyQMC/Ferminet/checkpoints_ferminet_x64_atoms/Li_doublet/qmcjax_ckpt_314347.npz
I0515 04:21:06.441121 129781289469760 train.py:1104] Step 00315000: energy=-7.4795219376629145 E_h, variance=8.8168345979304265e-03 E_h^2, std=9.3898001032665365e-02 E_h, ewmean=-7.4778922854766900 E_h, ewvar=1.2199516465908041e-06 E_h^2, ewstd=1.1045142129419631e-03 E_h, pmove=0.51774902
I0515 04:33:30.745045 129781289469760 train.py:1104] Step 00316000: energy=-7.4780501810947317 E_h, variance=4.4397101774282753e-04 E_h^2, std=2.1070619775954088e-02 E_h, ewmean=-7.4780181644499857 E_h, ewvar=2.8923530094725834e-07 E_h^2, ewstd=5.3780600679730083e-04 E_h, pmove=0.51833496
I0515 04:45:55.053437 129781289469760 train.py:1104] Step 00317000: energy=-7.4768998134060638 E_h, variance=4.3756065096834731e-03 E_h^2, std=6.6148367399985572e-02 E_h, ewmean=-7.4777352415317413 E_h, ewvar=7.9600253063206387e-07 E_h^2, ewstd=8.9218973914300531e-04 E_h, pmove=0.51481934
I0515 04:58:19.344039 129781289469760 train.py:1104] Step 00318000: energy=-7.4776568155221783 E_h, variance=1.0303684526632678e-03 E_h^2, std=3.2099352838698601e-02 E_h, ewmean=-7.4780574696260942 E_h, ewvar=2.5751633224914071e-06 E_h^2, ewstd=1.6047315421874797e-03 E_h, pmove=0.51818848
I0515 05:10:43.668286 129781289469760 train.py:1104] Step 00319000: energy=-7.4786665203042979 E_h, variance=3.3655385947041691e-03 E_h^2, std=5.8013262231184422e-02 E_h, ewmean=-7.4784335832326470 E_h, ewvar=1.3034399152194045e-06 E_h^2, ewstd=1.1416829311237883e-03 E_h, pmove=0.52121582
I0515 05:23:07.228122 129781289469760 train.py:1049] Timing step 00320000: block_iters=10000, block_time=7443.279191 s, sec/iter=0.7443279191, iter/s=1.343494, elapsed=238224.048486 s
I0515 05:23:07.974493 129781289469760 train.py:1104] Step 00320000: energy=-7.4770214924665463 E_h, variance=7.2799571570577610e-03 E_h^2, std=8.5322664966922840e-02 E_h, ewmean=-7.4781585489950952 E_h, ewvar=1.4018814922372472e-06 E_h^2, ewstd=1.1840107652539512e-03 E_h, pmove=0.51743164
I0515 05:35:32.272393 129781289469760 train.py:1104] Step 00321000: energy=-7.4782843938089352 E_h, variance=9.4058255118817337e-04 E_h^2, std=3.0668918324391118e-02 E_h, ewmean=-7.4793510954690907 E_h, ewvar=1.2215839759730562e-05 E_h^2, ewstd=3.4951165588189706e-03 E_h, pmove=0.51787109
I0515 05:47:56.587758 129781289469760 train.py:1104] Step 00322000: energy=-7.4769012001928292 E_h, variance=2.3386381951984994e-03 E_h^2, std=4.8359468516501497e-02 E_h, ewmean=-7.4780508257437814 E_h, ewvar=8.9133886228844467e-07 E_h^2, ewstd=9.4410744213169120e-04 E_h, pmove=0.51767578
I0515 05:53:01.014003 129781289469760 checkpoint.py:124] Saving checkpoint /home/sjtu/PyQMC/Ferminet/checkpoints_ferminet_x64_atoms/Li_doublet/qmcjax_ckpt_322409.npz
I0515 06:00:21.027892 129781289469760 train.py:1104] Step 00323000: energy=-7.4782250223226914 E_h, variance=8.0489186933951288e-04 E_h^2, std=2.8370616301721625e-02 E_h, ewmean=-7.4782330318611807 E_h, ewvar=1.2271975509931428e-06 E_h^2, ewstd=1.1077894885731417e-03 E_h, pmove=0.51845703
I0515 06:12:45.359035 129781289469760 train.py:1104] Step 00324000: energy=-7.4773297449653722 E_h, variance=1.4081330526798136e-03 E_h^2, std=3.7525098969620502e-02 E_h, ewmean=-7.4779032090574313 E_h, ewvar=5.4451164944533577e-07 E_h^2, ewstd=7.3791032615442903e-04 E_h, pmove=0.51723633
I0515 06:25:09.647594 129781289469760 train.py:1104] Step 00325000: energy=-7.4782280924487150 E_h, variance=7.3815043311855916e-04 E_h^2, std=2.7168924033140494e-02 E_h, ewmean=-7.4781163962003276 E_h, ewvar=5.1908662696750910e-07 E_h^2, ewstd=7.2047666649761052e-04 E_h, pmove=0.51567383
I0515 06:37:33.935501 129781289469760 train.py:1104] Step 00326000: energy=-7.4780066793845394 E_h, variance=1.0029250166762867e-03 E_h^2, std=3.1668991406047127e-02 E_h, ewmean=-7.4780781339166937 E_h, ewvar=5.9518652113622328e-07 E_h^2, ewstd=7.7148332524833174e-04 E_h, pmove=0.51777344
I0515 06:49:58.159672 129781289469760 train.py:1104] Step 00327000: energy=-7.4768397228176422 E_h, variance=5.7879776947100201e-03 E_h^2, std=7.6078759813170069e-02 E_h, ewmean=-7.4778871328447591 E_h, ewvar=7.1380498539812256e-07 E_h^2, ewstd=8.4486980381483787e-04 E_h, pmove=0.51779785
I0515 07:02:22.423665 129781289469760 train.py:1104] Step 00328000: energy=-7.4781793359466384 E_h, variance=5.0929723214569230e-03 E_h^2, std=7.1365063731891415e-02 E_h, ewmean=-7.4778553487119623 E_h, ewvar=1.0110242702407451e-06 E_h^2, ewstd=1.0054970264703647e-03 E_h, pmove=0.51750488
I0515 07:14:46.722575 129781289469760 train.py:1104] Step 00329000: energy=-7.4783470479183656 E_h, variance=5.4751868268272967e-04 E_h^2, std=2.3399117134685437e-02 E_h, ewmean=-7.4779129963326554 E_h, ewvar=6.4803445512518197e-07 E_h^2, ewstd=8.0500587272713852e-04 E_h, pmove=0.52094727
I0515 07:27:10.223051 129781289469760 train.py:1049] Timing step 00330000: block_iters=10000, block_time=7442.994927 s, sec/iter=0.7442994927, iter/s=1.343545, elapsed=245667.043413 s
I0515 07:27:10.969545 129781289469760 train.py:1104] Step 00330000: energy=-7.4792710353281073 E_h, variance=3.9539377704316311e-03 E_h^2, std=6.2880344865718030e-02 E_h, ewmean=-7.4779824188582635 E_h, ewvar=6.7544545351427060e-07 E_h^2, ewstd=8.2185488592224757e-04 E_h, pmove=0.51552734
I0515 07:33:01.518374 129781289469760 checkpoint.py:124] Saving checkpoint /home/sjtu/PyQMC/Ferminet/checkpoints_ferminet_x64_atoms/Li_doublet/qmcjax_ckpt_330471.npz
I0515 07:39:35.339937 129781289469760 train.py:1104] Step 00331000: energy=-7.4781382449890135 E_h, variance=1.6381849088921475e-03 E_h^2, std=4.0474497018396012e-02 E_h, ewmean=-7.4777313281564117 E_h, ewvar=4.2481385432321878e-07 E_h^2, ewstd=6.5177745766727677e-04 E_h, pmove=0.51682129
I0515 07:51:59.598423 129781289469760 train.py:1104] Step 00332000: energy=-7.4778646103877904 E_h, variance=1.7119355025480422e-03 E_h^2, std=4.1375542323310303e-02 E_h, ewmean=-7.4774000362434325 E_h, ewvar=5.6664643580386751e-07 E_h^2, ewstd=7.5275921502421174e-04 E_h, pmove=0.51662598
I0515 08:04:23.924493 129781289469760 train.py:1104] Step 00333000: energy=-7.4795255859661438 E_h, variance=6.2687210109878596e-03 E_h^2, std=7.9175255042139653e-02 E_h, ewmean=-7.4778217906603333 E_h, ewvar=6.4163101146189053e-07 E_h^2, ewstd=8.0101873352743163e-04 E_h, pmove=0.51811523
I0515 08:16:48.127356 129781289469760 train.py:1104] Step 00334000: energy=-7.4787230770459256 E_h, variance=4.6869600251254889e-03 E_h^2, std=6.8461376155650636e-02 E_h, ewmean=-7.4784744373195382 E_h, ewvar=8.5844731102283537e-07 E_h^2, ewstd=9.2652431755612080e-04 E_h, pmove=0.51931152
I0515 08:29:12.460000 129781289469760 train.py:1104] Step 00335000: energy=-7.4776275689916698 E_h, variance=8.8680046113481608e-04 E_h^2, std=2.9779195105556766e-02 E_h, ewmean=-7.4778765117580592 E_h, ewvar=1.6687084164300279e-06 E_h^2, ewstd=1.2917849729850660e-03 E_h, pmove=0.51928711
I0515 08:41:36.701162 129781289469760 train.py:1104] Step 00336000: energy=-7.4825789543365442 E_h, variance=9.1746972751048358e-02 E_h^2, std=3.0289762750977162e-01 E_h, ewmean=-7.4784834771738939 E_h, ewvar=2.2515056214982103e-06 E_h^2, ewstd=1.5005017899017016e-03 E_h, pmove=0.51855469
I0515 08:54:00.904173 129781289469760 train.py:1104] Step 00337000: energy=-7.4768618175762569 E_h, variance=8.3894048380732432e-04 E_h^2, std=2.8964469334122528e-02 E_h, ewmean=-7.4781934586993355 E_h, ewvar=1.2974671597687875e-06 E_h^2, ewstd=1.1390641596366676e-03 E_h, pmove=0.51745605
I0515 09:06:25.181300 129781289469760 train.py:1104] Step 00338000: energy=-7.4787921853415700 E_h, variance=1.4988414946344058e-03 E_h^2, std=3.8714874333186280e-02 E_h, ewmean=-7.4782842019827287 E_h, ewvar=7.6028481897131940e-07 E_h^2, ewstd=8.7194312828952291e-04 E_h, pmove=0.51716309
I0515 09:13:01.885070 129781289469760 checkpoint.py:124] Saving checkpoint /home/sjtu/PyQMC/Ferminet/checkpoints_ferminet_x64_atoms/Li_doublet/qmcjax_ckpt_338533.npz
I0515 09:18:49.562571 129781289469760 train.py:1104] Step 00339000: energy=-7.4774506824100389 E_h, variance=9.8979483615318120e-04 E_h^2, std=3.1461005008632213e-02 E_h, ewmean=-7.4779570082939024 E_h, ewvar=4.3350565162166884e-06 E_h^2, ewstd=2.0820798534678464e-03 E_h, pmove=0.51936035
I0515 09:31:13.082453 129781289469760 train.py:1049] Timing step 00340000: block_iters=10000, block_time=7442.859413 s, sec/iter=0.7442859413, iter/s=1.343570, elapsed=253109.902827 s
I0515 09:31:13.828875 129781289469760 train.py:1104] Step 00340000: energy=-7.4779508509225145 E_h, variance=6.5140082629337173e-04 E_h^2, std=2.5522555246161614e-02 E_h, ewmean=-7.4778382955369285 E_h, ewvar=5.5279906537900312e-07 E_h^2, ewstd=7.4350458329387802e-04 E_h, pmove=0.52011719
I0515 09:43:38.076359 129781289469760 train.py:1104] Step 00341000: energy=-7.4771010829943556 E_h, variance=2.4249077364300476e-03 E_h^2, std=4.9243352205450508e-02 E_h, ewmean=-7.4780084851557422 E_h, ewvar=5.1344385480821827e-07 E_h^2, ewstd=7.1654996672124562e-04 E_h, pmove=0.51665039
I0515 09:56:02.384815 129781289469760 train.py:1104] Step 00342000: energy=-7.4775499497858444 E_h, variance=5.4957308131094356e-03 E_h^2, std=7.4133196431217213e-02 E_h, ewmean=-7.4780490567845472 E_h, ewvar=5.3083768567351653e-07 E_h^2, ewstd=7.2858608665930238e-04 E_h, pmove=0.52277832
I0515 10:08:26.849518 129781289469760 train.py:1104] Step 00343000: energy=-7.4767305271507958 E_h, variance=7.7490856411387109e-03 E_h^2, std=8.8028890945749796e-02 E_h, ewmean=-7.4776543931666506 E_h, ewvar=6.1281129226360096e-07 E_h^2, ewstd=7.8282264419445675e-04 E_h, pmove=0.51926270
I0515 10:20:51.324215 129781289469760 train.py:1104] Step 00344000: energy=-7.4771926680382306 E_h, variance=2.1622530532413912e-03 E_h^2, std=4.6500032830541001e-02 E_h, ewmean=-7.4778711191119385 E_h, ewvar=4.5344672877757801e-07 E_h^2, ewstd=6.7338453262424881e-04 E_h, pmove=0.51743164
I0515 10:33:15.679315 129781289469760 train.py:1104] Step 00345000: energy=-7.4772534192823326 E_h, variance=1.8599303246540127e-03 E_h^2, std=4.3126909518930438e-02 E_h, ewmean=-7.4779517606644585 E_h, ewvar=8.8787636682697439e-07 E_h^2, ewstd=9.4227191766866020e-04 E_h, pmove=0.51813965
I0515 10:45:40.116752 129781289469760 train.py:1104] Step 00346000: energy=-7.4773153671546808 E_h, variance=1.1313142404191026e-03 E_h^2, std=3.3635015094676299e-02 E_h, ewmean=-7.4777018597050686 E_h, ewvar=3.4543598178614783e-07 E_h^2, ewstd=5.8773802138890744e-04 E_h, pmove=0.52124023
I0515 10:53:02.440281 129781289469760 checkpoint.py:124] Saving checkpoint /home/sjtu/PyQMC/Ferminet/checkpoints_ferminet_x64_atoms/Li_doublet/qmcjax_ckpt_346594.npz
I0515 10:58:04.828104 129781289469760 train.py:1104] Step 00347000: energy=-7.4739316397414299 E_h, variance=6.3529671658784120e-02 E_h^2, std=2.5205093068422524e-01 E_h, ewmean=-7.4774213174361686 E_h, ewvar=1.9706575079865742e-06 E_h^2, ewstd=1.4038010927430475e-03 E_h, pmove=0.51784668
I0515 11:10:29.421560 129781289469760 train.py:1104] Step 00348000: energy=-7.4781674098875968 E_h, variance=7.0723045603658728e-04 E_h^2, std=2.6593804843169533e-02 E_h, ewmean=-7.4777226655411289 E_h, ewvar=2.8666635320250500e-07 E_h^2, ewstd=5.3541232074215948e-04 E_h, pmove=0.52167969
I0515 11:22:53.956218 129781289469760 train.py:1104] Step 00349000: energy=-7.4788652102333195 E_h, variance=3.6641847553744757e-03 E_h^2, std=6.0532509904798061e-02 E_h, ewmean=-7.4780980829978567 E_h, ewvar=1.0396090334299156e-06 E_h^2, ewstd=1.0196121975682303e-03 E_h, pmove=0.51791992
I0515 11:35:17.756250 129781289469760 train.py:1049] Timing step 00350000: block_iters=10000, block_time=7444.673781 s, sec/iter=0.7444673781, iter/s=1.343242, elapsed=260554.576607 s
I0515 11:35:18.503587 129781289469760 train.py:1104] Step 00350000: energy=-7.4755115636253509 E_h, variance=1.1360654903068021e-02 E_h^2, std=1.0658637297078845e-01 E_h, ewmean=-7.4774118284873374 E_h, ewvar=8.5099952791893055e-07 E_h^2, ewstd=9.2249635658843150e-04 E_h, pmove=0.52407227
I0515 11:47:42.911440 129781289469760 train.py:1104] Step 00351000: energy=-7.4778412136433108 E_h, variance=9.2976173995359425e-04 E_h^2, std=3.0491994686369640e-02 E_h, ewmean=-7.4777189762896361 E_h, ewvar=5.0588175959408276e-07 E_h^2, ewstd=7.1125365348382057e-04 E_h, pmove=0.51735840
I0515 12:00:07.361764 129781289469760 train.py:1104] Step 00352000: energy=-7.4784054901190826 E_h, variance=1.5231042421747834e-03 E_h^2, std=3.9026968139669570e-02 E_h, ewmean=-7.4778134195876858 E_h, ewvar=1.0216341750399199e-06 E_h^2, ewstd=1.0107592072496395e-03 E_h, pmove=0.51787109
I0515 12:12:31.691789 129781289469760 train.py:1104] Step 00353000: energy=-7.4782473674167633 E_h, variance=2.9007588062208039e-03 E_h^2, std=5.3858692949428355e-02 E_h, ewmean=-7.4779417646481274 E_h, ewvar=5.1305044505307639e-07 E_h^2, ewstd=7.1627539749252614e-04 E_h, pmove=0.51184082
I0515 12:24:55.979701 129781289469760 train.py:1104] Step 00354000: energy=-7.4761374109607663 E_h, variance=1.1731407177329164e-02 E_h^2, std=1.0831162069385336e-01 E_h, ewmean=-7.4777619202757943 E_h, ewvar=7.4520257060650098e-07 E_h^2, ewstd=8.6325116310752867e-04 E_h, pmove=0.52495117
I0515 12:33:02.758356 129781289469760 checkpoint.py:124] Saving checkpoint /home/sjtu/PyQMC/Ferminet/checkpoints_ferminet_x64_atoms/Li_doublet/qmcjax_ckpt_354654.npz
I0515 12:37:20.400544 129781289469760 train.py:1104] Step 00355000: energy=-7.4790307703314767 E_h, variance=5.7904318992110064e-03 E_h^2, std=7.6094887470913614e-02 E_h, ewmean=-7.4777533131966463 E_h, ewvar=9.0164359963557482e-07 E_h^2, ewstd=9.4954915598697404e-04 E_h, pmove=0.51706543
I0515 12:49:44.766196 129781289469760 train.py:1104] Step 00356000: energy=-7.4775163381320979 E_h, variance=1.3156062662201889e-03 E_h^2, std=3.6271287076973004e-02 E_h, ewmean=-7.4780747865131847 E_h, ewvar=3.7519711589205330e-06 E_h^2, ewstd=1.9370005572845179e-03 E_h, pmove=0.51757812
I0515 13:02:09.108912 129781289469760 train.py:1104] Step 00357000: energy=-7.4783141121350099 E_h, variance=9.3954078508496123e-04 E_h^2, std=3.0651929549132158e-02 E_h, ewmean=-7.4781639662391592 E_h, ewvar=1.2112383532860581e-06 E_h^2, ewstd=1.1005627439115218e-03 E_h, pmove=0.51997070
I0515 13:14:33.389671 129781289469760 train.py:1104] Step 00358000: energy=-7.4777481614159349 E_h, variance=1.8532769551334663e-03 E_h^2, std=4.3049703310632306e-02 E_h, ewmean=-7.4779870666659622 E_h, ewvar=4.9985159773646650e-06 E_h^2, ewstd=2.2357361153241373e-03 E_h, pmove=0.51645508
I0515 13:26:57.692612 129781289469760 train.py:1104] Step 00359000: energy=-7.4771552208712198 E_h, variance=9.4952019033538648e-04 E_h^2, std=3.0814285491235823e-02 E_h, ewmean=-7.4777038017680999 E_h, ewvar=2.8381400814614281e-07 E_h^2, ewstd=5.3274197145160513e-04 E_h, pmove=0.51835938
I0515 13:39:21.258580 129781289469760 train.py:1049] Timing step 00360000: block_iters=10000, block_time=7443.502336 s, sec/iter=0.7443502336, iter/s=1.343454, elapsed=267998.078943 s
I0515 13:39:22.005398 129781289469760 train.py:1104] Step 00360000: energy=-7.4778109518646643 E_h, variance=7.3104788217087191e-04 E_h^2, std=2.7037897147723450e-02 E_h, ewmean=-7.4777505973222160 E_h, ewvar=6.9360292532301161e-07 E_h^2, ewstd=8.3282826880636777e-04 E_h, pmove=0.51970215
I0515 13:51:46.346451 129781289469760 train.py:1104] Step 00361000: energy=-7.4778846730643469 E_h, variance=5.2938890083206627e-04 E_h^2, std=2.3008452812652708e-02 E_h, ewmean=-7.4777025793615781 E_h, ewvar=5.7949542407315277e-07 E_h^2, ewstd=7.6124596818187009e-04 E_h, pmove=0.52224121
I0515 14:04:10.639470 129781289469760 train.py:1104] Step 00362000: energy=-7.4776458258599678 E_h, variance=2.9849051565853262e-03 E_h^2, std=5.4634285541089726e-02 E_h, ewmean=-7.4778505726168998 E_h, ewvar=4.4585677248980648e-07 E_h^2, ewstd=6.6772507253345405e-04 E_h, pmove=0.52285156
I0515 14:13:03.007109 129781289469760 checkpoint.py:124] Saving checkpoint /home/sjtu/PyQMC/Ferminet/checkpoints_ferminet_x64_atoms/Li_doublet/qmcjax_ckpt_362715.npz
I0515 14:16:35.265050 129781289469760 train.py:1104] Step 00363000: energy=-7.4780526829337690 E_h, variance=3.7889667974326958e-04 E_h^2, std=1.9465268550504757e-02 E_h, ewmean=-7.4778702052595882 E_h, ewvar=3.6454420086858151e-07 E_h^2, ewstd=6.0377495879556113e-04 E_h, pmove=0.51455078
I0515 14:28:59.812230 129781289469760 train.py:1104] Step 00364000: energy=-7.4777788688525169 E_h, variance=6.4465433164269056e-04 E_h^2, std=2.5390043947238268e-02 E_h, ewmean=-7.4774974542446069 E_h, ewvar=1.1868386750978008e-06 E_h^2, ewstd=1.0894212569515067e-03 E_h, pmove=0.51669922
I0515 14:41:24.132431 129781289469760 train.py:1104] Step 00365000: energy=-7.4783237404937370 E_h, variance=2.0931725874417722e-03 E_h^2, std=4.5751203125620338e-02 E_h, ewmean=-7.4784163145887321 E_h, ewvar=2.3557313917875570e-06 E_h^2, ewstd=1.5348392071443697e-03 E_h, pmove=0.51655273
I0515 14:53:48.409713 129781289469760 train.py:1104] Step 00366000: energy=-7.4777470752334310 E_h, variance=9.2070989555974954e-04 E_h^2, std=3.0343201801387894e-02 E_h, ewmean=-7.4781091521322427 E_h, ewvar=1.3638942606911354e-06 E_h^2, ewstd=1.1678588359434266e-03 E_h, pmove=0.51535645
I0515 15:06:12.745664 129781289469760 train.py:1104] Step 00367000: energy=-7.4780487107098033 E_h, variance=6.5997077194082405e-04 E_h^2, std=2.5689896300702033e-02 E_h, ewmean=-7.4780857583491329 E_h, ewvar=4.8467579792335832e-07 E_h^2, ewstd=6.9618661142208007e-04 E_h, pmove=0.51853027
