I0512 11:11:32.648844 123403432212288 main.py:42] System config:

batch_size: 4096
config_module: .atom
debug:
  check_nan: false
  deterministic: false
log:
  features: false
  local_energies: false
  restore_path: ''
  save_frequency: 100.0
  save_path: /home/sjtu/PyQMC/Ferminet/checkpoints_ferminet_x64_atoms/He_singlet
  stats_frequency: 1000
  timing_frequency: 10000
  walkers: false
mcmc:
  adapt_frequency: 100
  blocks: 1
  burn_in: 100
  init_means: !!python/tuple []
  init_width: 1.0
  move_width: 0.02
  num_leapfrog_steps: 10
  scale_by_nuclear_distance: false
  steps: 10
  use_hmc: false
network:
  bias_orbitals: false
  complex: false
  determinants: 16
  ferminet:
    electron_nuclear_aux_dims: !!python/tuple []
    hidden_dims: !!python/tuple
    - &id001 !!python/tuple
      - 256
      - 32
    - *id001
    - *id001
    - *id001
    nuclear_embedding_dim: 0
    schnet_electron_electron_convolutions: !!python/tuple []
    schnet_electron_nuclear_convolutions: !!python/tuple []
    separate_spin_channels: false
    use_last_layer: false
  full_det: true
  jastrow: default
  make_envelope_fn: ''
  make_envelope_kwargs: {}
  make_feature_layer_fn: ''
  make_feature_layer_kwargs: {}
  network_type: ferminet
  psiformer:
    heads_dim: 64
    mlp_hidden_dims: !!python/tuple
    - 256
    num_heads: 4
    num_layers: 4
    use_layer_norm: true
  rescale_inputs: false
observables:
  density: false
  density_basis: def2-tzvpd
  dipole: false
  s2: false
optim:
  adam:
    b1: 0.9
    b2: 0.999
    eps: 1.0e-08
    eps_root: 0.0
  center_at_clip: true
  clip_local_energy: 5.0
  clip_median: false
  iterations: 1000000
  kfac:
    cov_ema_decay: 0.95
    cov_update_every: 1
    damping: 0.001
    invert_every: 1
    l2_reg: 0.0
    mean_center: true
    min_damping: 0.0001
    momentum: 0.0
    momentum_type: regular
    norm_constraint: 0.001
    register_only_generic: false
  laplacian: default
  lr:
    decay: 1.0
    delay: 10000.0
    rate: 0.05
  max_vmap_batch_size: 0
  objective: vmc
  optimizer: kfac
  overlap:
    penalty: 1.0
    weights: null
  reset_if_nan: false
  spin_energy: 0.0
  vmc_weight: 0.0
pretrain:
  basis: ccpvdz
  excitation_type: ordered
  iterations: 1000
  method: hf
  scf_fraction: 1.0
system:
  atom: He
  charge: 0
  delta_charge: 0.0
  electrons: !!python/tuple
  - 1
  - 1
  make_local_energy_fn: ''
  make_local_energy_kwargs: {}
  molecule:
  - !!python/object:ferminet.utils.system.Atom
    atomic_number: 2
    charge: 2.0
    coords: !!python/tuple
    - 0.0
    - 0.0
    - 0.0
    symbol: He
    units: bohr
  ndim: 3
  pp:
    basis: ccecp-cc-pVDZ
    symbols: null
    type: ccecp
  pyscf_mol: null
  set_molecule: adjust_nuclear_charge
  spin_polarisation: 0
  states: 0
  type: 1
  units: bohr
  use_pp: false

I0512 11:11:32.905537 123403432212288 train.py:415] Starting QMC with 1 XLA devices per host across 1 hosts.
converged SCF energy = -2.85516047724274  <S^2> = -4.4408921e-16  2S+1 = 1
I0512 11:11:37.101893 123403432212288 train.py:615] No checkpoint found. Training new model.
I0512 11:11:42.275472 123403432212288 pretrain.py:352] Pretrain iter 00000000: loss=5.1622243228881898e-02, pmove=0.96264648
I0512 11:11:42.314411 123403432212288 pretrain.py:352] Pretrain iter 00000001: loss=2.7898435765497567e-02, pmove=0.96533203
I0512 11:11:42.352007 123403432212288 pretrain.py:352] Pretrain iter 00000002: loss=1.4753382790828169e-02, pmove=0.96704102
I0512 11:11:42.389915 123403432212288 pretrain.py:352] Pretrain iter 00000003: loss=8.9110941753057695e-03, pmove=0.96362305
I0512 11:11:42.425356 123403432212288 pretrain.py:352] Pretrain iter 00000004: loss=7.2217953122022741e-03, pmove=0.96582031
I0512 11:11:42.460297 123403432212288 pretrain.py:352] Pretrain iter 00000005: loss=7.1188806096868507e-03, pmove=0.96655273
I0512 11:11:42.494439 123403432212288 pretrain.py:352] Pretrain iter 00000006: loss=7.2285388616186424e-03, pmove=0.95971680
I0512 11:11:42.528576 123403432212288 pretrain.py:352] Pretrain iter 00000007: loss=7.1497003602644035e-03, pmove=0.96215820
I0512 11:11:42.562684 123403432212288 pretrain.py:352] Pretrain iter 00000008: loss=6.8768509312601119e-03, pmove=0.96630859
I0512 11:11:42.597161 123403432212288 pretrain.py:352] Pretrain iter 00000009: loss=6.3984803684457034e-03, pmove=0.96752930
I0512 11:11:42.632319 123403432212288 pretrain.py:352] Pretrain iter 00000010: loss=5.7499751005455494e-03, pmove=0.96752930
I0512 11:11:42.667488 123403432212288 pretrain.py:352] Pretrain iter 00000011: loss=5.0382794220958441e-03, pmove=0.96777344
I0512 11:11:42.702705 123403432212288 pretrain.py:352] Pretrain iter 00000012: loss=4.3408892821323441e-03, pmove=0.96289062
I0512 11:11:42.737882 123403432212288 pretrain.py:352] Pretrain iter 00000013: loss=3.7123602947448744e-03, pmove=0.96752930
I0512 11:11:42.773025 123403432212288 pretrain.py:352] Pretrain iter 00000014: loss=3.2155785412850842e-03, pmove=0.96801758
I0512 11:11:42.808151 123403432212288 pretrain.py:352] Pretrain iter 00000015: loss=2.8806196041772309e-03, pmove=0.96508789
I0512 11:11:42.843317 123403432212288 pretrain.py:352] Pretrain iter 00000016: loss=2.6688850770218301e-03, pmove=0.96435547
I0512 11:11:42.878438 123403432212288 pretrain.py:352] Pretrain iter 00000017: loss=2.5645726873775886e-03, pmove=0.96533203
I0512 11:11:42.913593 123403432212288 pretrain.py:352] Pretrain iter 00000018: loss=2.5021472073957335e-03, pmove=0.96997070
I0512 11:11:42.948698 123403432212288 pretrain.py:352] Pretrain iter 00000019: loss=2.4918347184597015e-03, pmove=0.96704102
I0512 11:11:42.983864 123403432212288 pretrain.py:352] Pretrain iter 00000020: loss=2.4742921787079672e-03, pmove=0.96606445
I0512 11:11:43.019055 123403432212288 pretrain.py:352] Pretrain iter 00000021: loss=2.4405014436976540e-03, pmove=0.96875000
I0512 11:11:43.054275 123403432212288 pretrain.py:352] Pretrain iter 00000022: loss=2.3953646088569107e-03, pmove=0.96411133
I0512 11:11:43.089571 123403432212288 pretrain.py:352] Pretrain iter 00000023: loss=2.3133439734156864e-03, pmove=0.96948242
I0512 11:11:43.124688 123403432212288 pretrain.py:352] Pretrain iter 00000024: loss=2.1931481730969715e-03, pmove=0.96459961
I0512 11:11:43.159884 123403432212288 pretrain.py:352] Pretrain iter 00000025: loss=2.0612997531258186e-03, pmove=0.96948242
I0512 11:11:43.195115 123403432212288 pretrain.py:352] Pretrain iter 00000026: loss=1.9135145087979951e-03, pmove=0.96850586
I0512 11:11:43.230230 123403432212288 pretrain.py:352] Pretrain iter 00000027: loss=1.7567071238425670e-03, pmove=0.96630859
I0512 11:11:43.265509 123403432212288 pretrain.py:352] Pretrain iter 00000028: loss=1.6177983109324601e-03, pmove=0.96484375
I0512 11:11:43.300598 123403432212288 pretrain.py:352] Pretrain iter 00000029: loss=1.5216681152894500e-03, pmove=0.96166992
I0512 11:11:43.335696 123403432212288 pretrain.py:352] Pretrain iter 00000030: loss=1.4419515379764584e-03, pmove=0.96484375
I0512 11:11:43.370848 123403432212288 pretrain.py:352] Pretrain iter 00000031: loss=1.3897495900303479e-03, pmove=0.96557617
I0512 11:11:43.406039 123403432212288 pretrain.py:352] Pretrain iter 00000032: loss=1.3516319631807863e-03, pmove=0.96484375
I0512 11:11:43.447941 123403432212288 pretrain.py:352] Pretrain iter 00000033: loss=1.3167684915436440e-03, pmove=0.96777344
I0512 11:11:43.482607 123403432212288 pretrain.py:352] Pretrain iter 00000034: loss=1.3045220256866171e-03, pmove=0.96826172
I0512 11:11:43.517122 123403432212288 pretrain.py:352] Pretrain iter 00000035: loss=1.2933973435599307e-03, pmove=0.96826172
I0512 11:11:43.555151 123403432212288 pretrain.py:352] Pretrain iter 00000036: loss=1.2638590770762100e-03, pmove=0.96704102
I0512 11:11:43.592178 123403432212288 pretrain.py:352] Pretrain iter 00000037: loss=1.2341081668989320e-03, pmove=0.96313477
I0512 11:11:43.626464 123403432212288 pretrain.py:352] Pretrain iter 00000038: loss=1.1975686954087082e-03, pmove=0.96240234
I0512 11:11:43.660901 123403432212288 pretrain.py:352] Pretrain iter 00000039: loss=1.1509233063334162e-03, pmove=0.96533203
I0512 11:11:43.695334 123403432212288 pretrain.py:352] Pretrain iter 00000040: loss=1.0989102507901597e-03, pmove=0.96972656
I0512 11:11:43.730852 123403432212288 pretrain.py:352] Pretrain iter 00000041: loss=1.0458884211944003e-03, pmove=0.96069336
I0512 11:11:43.767257 123403432212288 pretrain.py:352] Pretrain iter 00000042: loss=1.0059945020064716e-03, pmove=0.96459961
I0512 11:11:43.804156 123403432212288 pretrain.py:352] Pretrain iter 00000043: loss=9.7213149750107180e-04, pmove=0.96704102
I0512 11:11:43.839863 123403432212288 pretrain.py:352] Pretrain iter 00000044: loss=9.3158073517040838e-04, pmove=0.95800781
I0512 11:11:43.877104 123403432212288 pretrain.py:352] Pretrain iter 00000045: loss=9.0089155262770273e-04, pmove=0.96655273
I0512 11:11:43.911892 123403432212288 pretrain.py:352] Pretrain iter 00000046: loss=8.7919758752160718e-04, pmove=0.96459961
I0512 11:11:43.946856 123403432212288 pretrain.py:352] Pretrain iter 00000047: loss=8.5575647790507190e-04, pmove=0.96899414
I0512 11:11:43.981724 123403432212288 pretrain.py:352] Pretrain iter 00000048: loss=8.4430475280418708e-04, pmove=0.96289062
I0512 11:11:44.017098 123403432212288 pretrain.py:352] Pretrain iter 00000049: loss=8.3176432094535886e-04, pmove=0.96557617
I0512 11:11:44.052321 123403432212288 pretrain.py:352] Pretrain iter 00000050: loss=8.1112745160396324e-04, pmove=0.96606445
I0512 11:11:44.087544 123403432212288 pretrain.py:352] Pretrain iter 00000051: loss=7.8543097268660308e-04, pmove=0.96459961
I0512 11:11:44.122678 123403432212288 pretrain.py:352] Pretrain iter 00000052: loss=7.6598991495519376e-04, pmove=0.97021484
I0512 11:11:44.157748 123403432212288 pretrain.py:352] Pretrain iter 00000053: loss=7.4117035846474441e-04, pmove=0.96752930
I0512 11:11:44.192689 123403432212288 pretrain.py:352] Pretrain iter 00000054: loss=7.1821744845276510e-04, pmove=0.96704102
I0512 11:11:44.227603 123403432212288 pretrain.py:352] Pretrain iter 00000055: loss=6.9642012646187700e-04, pmove=0.95947266
I0512 11:11:44.262938 123403432212288 pretrain.py:352] Pretrain iter 00000056: loss=6.7378727964660244e-04, pmove=0.96264648
I0512 11:11:44.298058 123403432212288 pretrain.py:352] Pretrain iter 00000057: loss=6.5758960607542789e-04, pmove=0.96118164
I0512 11:11:44.333456 123403432212288 pretrain.py:352] Pretrain iter 00000058: loss=6.4055623169199591e-04, pmove=0.95898438
I0512 11:11:44.368573 123403432212288 pretrain.py:352] Pretrain iter 00000059: loss=6.2558317263968930e-04, pmove=0.96435547
I0512 11:11:44.403783 123403432212288 pretrain.py:352] Pretrain iter 00000060: loss=6.1196053116232543e-04, pmove=0.96630859
I0512 11:11:44.439114 123403432212288 pretrain.py:352] Pretrain iter 00000061: loss=5.9297991945170790e-04, pmove=0.96508789
I0512 11:11:44.474222 123403432212288 pretrain.py:352] Pretrain iter 00000062: loss=5.8465551661395778e-04, pmove=0.96459961
I0512 11:11:44.508778 123403432212288 pretrain.py:352] Pretrain iter 00000063: loss=5.7472074536741300e-04, pmove=0.96850586
I0512 11:11:44.543285 123403432212288 pretrain.py:352] Pretrain iter 00000064: loss=5.6259959530156390e-04, pmove=0.96289062
I0512 11:11:44.577913 123403432212288 pretrain.py:352] Pretrain iter 00000065: loss=5.4563535537057806e-04, pmove=0.96679688
I0512 11:11:44.612300 123403432212288 pretrain.py:352] Pretrain iter 00000066: loss=5.3182725547031105e-04, pmove=0.96069336
I0512 11:11:44.647206 123403432212288 pretrain.py:352] Pretrain iter 00000067: loss=5.1825919900909054e-04, pmove=0.96313477
I0512 11:11:44.682395 123403432212288 pretrain.py:352] Pretrain iter 00000068: loss=5.0974975266508443e-04, pmove=0.96459961
I0512 11:11:44.717597 123403432212288 pretrain.py:352] Pretrain iter 00000069: loss=4.9948749247658020e-04, pmove=0.96142578
I0512 11:11:44.752764 123403432212288 pretrain.py:352] Pretrain iter 00000070: loss=4.9091055258020111e-04, pmove=0.96704102
I0512 11:11:44.787854 123403432212288 pretrain.py:352] Pretrain iter 00000071: loss=4.7852358194657753e-04, pmove=0.96142578
I0512 11:11:44.823017 123403432212288 pretrain.py:352] Pretrain iter 00000072: loss=4.7334795728831171e-04, pmove=0.96557617
I0512 11:11:44.858191 123403432212288 pretrain.py:352] Pretrain iter 00000073: loss=4.6719912984658331e-04, pmove=0.96459961
I0512 11:11:44.893118 123403432212288 pretrain.py:352] Pretrain iter 00000074: loss=4.6013018157447638e-04, pmove=0.96289062
I0512 11:11:44.928374 123403432212288 pretrain.py:352] Pretrain iter 00000075: loss=4.4833415359853964e-04, pmove=0.96899414
I0512 11:11:44.963252 123403432212288 pretrain.py:352] Pretrain iter 00000076: loss=4.3611024593868844e-04, pmove=0.96728516
I0512 11:11:44.997748 123403432212288 pretrain.py:352] Pretrain iter 00000077: loss=4.2238936958338160e-04, pmove=0.96582031
I0512 11:11:45.032959 123403432212288 pretrain.py:352] Pretrain iter 00000078: loss=4.1526659255315700e-04, pmove=0.96337891
I0512 11:11:45.068151 123403432212288 pretrain.py:352] Pretrain iter 00000079: loss=4.0647291659189251e-04, pmove=0.96630859
I0512 11:11:45.103288 123403432212288 pretrain.py:352] Pretrain iter 00000080: loss=4.0036980669247034e-04, pmove=0.96337891
I0512 11:11:45.138420 123403432212288 pretrain.py:352] Pretrain iter 00000081: loss=3.9015739576292831e-04, pmove=0.96752930
I0512 11:11:45.173428 123403432212288 pretrain.py:352] Pretrain iter 00000082: loss=3.8151633867748816e-04, pmove=0.96923828
I0512 11:11:45.208578 123403432212288 pretrain.py:352] Pretrain iter 00000083: loss=3.7586217352119446e-04, pmove=0.96435547
I0512 11:11:45.243641 123403432212288 pretrain.py:352] Pretrain iter 00000084: loss=3.6938978292999191e-04, pmove=0.96533203
I0512 11:11:45.278626 123403432212288 pretrain.py:352] Pretrain iter 00000085: loss=3.6270238108190845e-04, pmove=0.96850586
I0512 11:11:45.312922 123403432212288 pretrain.py:352] Pretrain iter 00000086: loss=3.5850562376476560e-04, pmove=0.96630859
I0512 11:11:45.347608 123403432212288 pretrain.py:352] Pretrain iter 00000087: loss=3.5301531852754281e-04, pmove=0.96142578
I0512 11:11:45.382966 123403432212288 pretrain.py:352] Pretrain iter 00000088: loss=3.5020835210703653e-04, pmove=0.96826172
I0512 11:11:45.418032 123403432212288 pretrain.py:352] Pretrain iter 00000089: loss=3.4624722822224497e-04, pmove=0.96337891
I0512 11:11:45.453259 123403432212288 pretrain.py:352] Pretrain iter 00000090: loss=3.4471254210552258e-04, pmove=0.96459961
I0512 11:11:45.488228 123403432212288 pretrain.py:352] Pretrain iter 00000091: loss=3.3881035166805984e-04, pmove=0.96118164
I0512 11:11:45.523479 123403432212288 pretrain.py:352] Pretrain iter 00000092: loss=3.3272531558739408e-04, pmove=0.96240234
I0512 11:11:45.558741 123403432212288 pretrain.py:352] Pretrain iter 00000093: loss=3.2940183631703862e-04, pmove=0.96557617
I0512 11:11:45.594104 123403432212288 pretrain.py:352] Pretrain iter 00000094: loss=3.2612806101235025e-04, pmove=0.96728516
I0512 11:11:45.629320 123403432212288 pretrain.py:352] Pretrain iter 00000095: loss=3.2233137556554430e-04, pmove=0.96801758
I0512 11:11:45.664131 123403432212288 pretrain.py:352] Pretrain iter 00000096: loss=3.1638093364783299e-04, pmove=0.97070312
I0512 11:11:45.699396 123403432212288 pretrain.py:352] Pretrain iter 00000097: loss=3.1105971837408085e-04, pmove=0.96582031
I0512 11:11:45.734422 123403432212288 pretrain.py:352] Pretrain iter 00000098: loss=3.0735984486933952e-04, pmove=0.96459961
I0512 11:11:45.768681 123403432212288 pretrain.py:352] Pretrain iter 00000099: loss=3.0586873472626208e-04, pmove=0.97070312
I0512 11:11:45.803428 123403432212288 pretrain.py:352] Pretrain iter 00000100: loss=3.0099039790499260e-04, pmove=0.96533203
I0512 11:11:45.838620 123403432212288 pretrain.py:352] Pretrain iter 00000101: loss=2.9617285851034678e-04, pmove=0.96337891
I0512 11:11:45.873804 123403432212288 pretrain.py:352] Pretrain iter 00000102: loss=2.9167148182956086e-04, pmove=0.96386719
I0512 11:11:45.908905 123403432212288 pretrain.py:352] Pretrain iter 00000103: loss=2.8400526464632687e-04, pmove=0.96533203
I0512 11:11:45.944107 123403432212288 pretrain.py:352] Pretrain iter 00000104: loss=2.7942468062795939e-04, pmove=0.96215820
I0512 11:11:45.979111 123403432212288 pretrain.py:352] Pretrain iter 00000105: loss=2.7828141355109941e-04, pmove=0.96459961
I0512 11:11:46.014047 123403432212288 pretrain.py:352] Pretrain iter 00000106: loss=2.7355725353639360e-04, pmove=0.96411133
I0512 11:11:46.048333 123403432212288 pretrain.py:352] Pretrain iter 00000107: loss=2.6789139322663200e-04, pmove=0.96728516
I0512 11:11:46.083125 123403432212288 pretrain.py:352] Pretrain iter 00000108: loss=2.6656235829095845e-04, pmove=0.96337891
I0512 11:11:46.118484 123403432212288 pretrain.py:352] Pretrain iter 00000109: loss=2.6245835065895703e-04, pmove=0.96752930
I0512 11:11:46.154020 123403432212288 pretrain.py:352] Pretrain iter 00000110: loss=2.5597543599964597e-04, pmove=0.96386719
I0512 11:11:46.188887 123403432212288 pretrain.py:352] Pretrain iter 00000111: loss=2.5504112215622352e-04, pmove=0.96948242
I0512 11:11:46.224146 123403432212288 pretrain.py:352] Pretrain iter 00000112: loss=2.5092626120724887e-04, pmove=0.96752930
I0512 11:11:46.259295 123403432212288 pretrain.py:352] Pretrain iter 00000113: loss=2.4706061776298379e-04, pmove=0.96069336
I0512 11:11:46.294458 123403432212288 pretrain.py:352] Pretrain iter 00000114: loss=2.4385131280257552e-04, pmove=0.96704102
I0512 11:11:46.329635 123403432212288 pretrain.py:352] Pretrain iter 00000115: loss=2.4251664954304949e-04, pmove=0.96752930
I0512 11:11:46.364626 123403432212288 pretrain.py:352] Pretrain iter 00000116: loss=2.3953414333965616e-04, pmove=0.96069336
I0512 11:11:46.399803 123403432212288 pretrain.py:352] Pretrain iter 00000117: loss=2.3595344114128979e-04, pmove=0.96606445
I0512 11:11:46.434935 123403432212288 pretrain.py:352] Pretrain iter 00000118: loss=2.3303583701819147e-04, pmove=0.96972656
I0512 11:11:46.470108 123403432212288 pretrain.py:352] Pretrain iter 00000119: loss=2.2926517715593771e-04, pmove=0.96044922
I0512 11:11:46.505290 123403432212288 pretrain.py:352] Pretrain iter 00000120: loss=2.2676154729722866e-04, pmove=0.96362305
I0512 11:11:46.540324 123403432212288 pretrain.py:352] Pretrain iter 00000121: loss=2.2387244905019109e-04, pmove=0.96484375
I0512 11:11:46.575706 123403432212288 pretrain.py:352] Pretrain iter 00000122: loss=2.2137962140779321e-04, pmove=0.96362305
I0512 11:11:46.610677 123403432212288 pretrain.py:352] Pretrain iter 00000123: loss=2.1842312902032332e-04, pmove=0.96752930
I0512 11:11:46.644989 123403432212288 pretrain.py:352] Pretrain iter 00000124: loss=2.1626227310188971e-04, pmove=0.96313477
I0512 11:11:46.679555 123403432212288 pretrain.py:352] Pretrain iter 00000125: loss=2.1586164799808604e-04, pmove=0.96630859
I0512 11:11:46.714799 123403432212288 pretrain.py:352] Pretrain iter 00000126: loss=2.1322482897343141e-04, pmove=0.96997070
I0512 11:11:46.749722 123403432212288 pretrain.py:352] Pretrain iter 00000127: loss=2.1153996975917288e-04, pmove=0.96899414
I0512 11:11:46.784918 123403432212288 pretrain.py:352] Pretrain iter 00000128: loss=2.1039228719783293e-04, pmove=0.96923828
I0512 11:11:46.820080 123403432212288 pretrain.py:352] Pretrain iter 00000129: loss=2.0814473283493228e-04, pmove=0.96289062
I0512 11:11:46.855350 123403432212288 pretrain.py:352] Pretrain iter 00000130: loss=2.0731625240259132e-04, pmove=0.96337891
I0512 11:11:46.890496 123403432212288 pretrain.py:352] Pretrain iter 00000131: loss=2.0659885534016128e-04, pmove=0.96264648
I0512 11:11:46.925986 123403432212288 pretrain.py:352] Pretrain iter 00000132: loss=2.0467683499436916e-04, pmove=0.96728516
I0512 11:11:46.960716 123403432212288 pretrain.py:352] Pretrain iter 00000133: loss=2.0318684539729864e-04, pmove=0.96704102
I0512 11:11:46.996183 123403432212288 pretrain.py:352] Pretrain iter 00000134: loss=2.0096965757332601e-04, pmove=0.96582031
I0512 11:11:47.031668 123403432212288 pretrain.py:352] Pretrain iter 00000135: loss=2.0028817189976614e-04, pmove=0.96752930
I0512 11:11:47.066705 123403432212288 pretrain.py:352] Pretrain iter 00000136: loss=1.9747123662804681e-04, pmove=0.96850586
I0512 11:11:47.102142 123403432212288 pretrain.py:352] Pretrain iter 00000137: loss=1.9575760243799854e-04, pmove=0.96899414
I0512 11:11:47.137313 123403432212288 pretrain.py:352] Pretrain iter 00000138: loss=1.9295257253016244e-04, pmove=0.96606445
I0512 11:11:47.172441 123403432212288 pretrain.py:352] Pretrain iter 00000139: loss=1.9148576179172917e-04, pmove=0.96533203
I0512 11:11:47.207653 123403432212288 pretrain.py:352] Pretrain iter 00000140: loss=1.9073710650829501e-04, pmove=0.96508789
I0512 11:11:47.242850 123403432212288 pretrain.py:352] Pretrain iter 00000141: loss=1.9009913937386265e-04, pmove=0.96337891
I0512 11:11:47.278084 123403432212288 pretrain.py:352] Pretrain iter 00000142: loss=1.8767729527218677e-04, pmove=0.96044922
I0512 11:11:47.313362 123403432212288 pretrain.py:352] Pretrain iter 00000143: loss=1.8743012181718656e-04, pmove=0.96191406
I0512 11:11:47.348595 123403432212288 pretrain.py:352] Pretrain iter 00000144: loss=1.8572999816628396e-04, pmove=0.97021484
I0512 11:11:47.383716 123403432212288 pretrain.py:352] Pretrain iter 00000145: loss=1.8208183652349127e-04, pmove=0.96533203
I0512 11:11:47.419256 123403432212288 pretrain.py:352] Pretrain iter 00000146: loss=1.8020478238176796e-04, pmove=0.96582031
I0512 11:11:47.454473 123403432212288 pretrain.py:352] Pretrain iter 00000147: loss=1.7935236481887842e-04, pmove=0.96630859
I0512 11:11:47.489638 123403432212288 pretrain.py:352] Pretrain iter 00000148: loss=1.7836163583948353e-04, pmove=0.96191406
I0512 11:11:47.525032 123403432212288 pretrain.py:352] Pretrain iter 00000149: loss=1.7727322632597216e-04, pmove=0.95996094
I0512 11:11:47.560449 123403432212288 pretrain.py:352] Pretrain iter 00000150: loss=1.7487653118482239e-04, pmove=0.96679688
I0512 11:11:47.595640 123403432212288 pretrain.py:352] Pretrain iter 00000151: loss=1.7409134931739583e-04, pmove=0.96606445
I0512 11:11:47.630838 123403432212288 pretrain.py:352] Pretrain iter 00000152: loss=1.7181814115334939e-04, pmove=0.96801758
I0512 11:11:47.665866 123403432212288 pretrain.py:352] Pretrain iter 00000153: loss=1.7011019928148200e-04, pmove=0.97070312
I0512 11:11:47.701154 123403432212288 pretrain.py:352] Pretrain iter 00000154: loss=1.6765164028429243e-04, pmove=0.96289062
I0512 11:11:47.736044 123403432212288 pretrain.py:352] Pretrain iter 00000155: loss=1.6404713286924776e-04, pmove=0.96411133
I0512 11:11:47.771239 123403432212288 pretrain.py:352] Pretrain iter 00000156: loss=1.6280371307212502e-04, pmove=0.96289062
I0512 11:11:47.806016 123403432212288 pretrain.py:352] Pretrain iter 00000157: loss=1.6126234062395392e-04, pmove=0.96679688
I0512 11:11:47.840310 123403432212288 pretrain.py:352] Pretrain iter 00000158: loss=1.6015530612150557e-04, pmove=0.96972656
I0512 11:11:47.874594 123403432212288 pretrain.py:352] Pretrain iter 00000159: loss=1.5874119110849429e-04, pmove=0.96508789
I0512 11:11:47.909313 123403432212288 pretrain.py:352] Pretrain iter 00000160: loss=1.5759153788390756e-04, pmove=0.96752930
I0512 11:11:47.944898 123403432212288 pretrain.py:352] Pretrain iter 00000161: loss=1.5452243871405533e-04, pmove=0.96411133
I0512 11:11:47.980254 123403432212288 pretrain.py:352] Pretrain iter 00000162: loss=1.5195195040601446e-04, pmove=0.96459961
I0512 11:11:48.015334 123403432212288 pretrain.py:352] Pretrain iter 00000163: loss=1.5028260086533639e-04, pmove=0.96899414
I0512 11:11:48.050580 123403432212288 pretrain.py:352] Pretrain iter 00000164: loss=1.4887433423043219e-04, pmove=0.96044922
I0512 11:11:48.085807 123403432212288 pretrain.py:352] Pretrain iter 00000165: loss=1.4758705515714656e-04, pmove=0.96557617
I0512 11:11:48.121191 123403432212288 pretrain.py:352] Pretrain iter 00000166: loss=1.4675695584179141e-04, pmove=0.96630859
I0512 11:11:48.156485 123403432212288 pretrain.py:352] Pretrain iter 00000167: loss=1.4543228938696648e-04, pmove=0.96557617
I0512 11:11:48.191718 123403432212288 pretrain.py:352] Pretrain iter 00000168: loss=1.4518962251457358e-04, pmove=0.96704102
I0512 11:11:48.226950 123403432212288 pretrain.py:352] Pretrain iter 00000169: loss=1.4399989733363913e-04, pmove=0.96459961
I0512 11:11:48.262803 123403432212288 pretrain.py:352] Pretrain iter 00000170: loss=1.4439933430260488e-04, pmove=0.96508789
I0512 11:11:48.297531 123403432212288 pretrain.py:352] Pretrain iter 00000171: loss=1.4215805896471742e-04, pmove=0.96508789
I0512 11:11:48.332873 123403432212288 pretrain.py:352] Pretrain iter 00000172: loss=1.4147731169193261e-04, pmove=0.95971680
I0512 11:11:48.368017 123403432212288 pretrain.py:352] Pretrain iter 00000173: loss=1.3983890908471998e-04, pmove=0.96435547
I0512 11:11:48.403264 123403432212288 pretrain.py:352] Pretrain iter 00000174: loss=1.3832337469565464e-04, pmove=0.96606445
I0512 11:11:48.438441 123403432212288 pretrain.py:352] Pretrain iter 00000175: loss=1.3761125413627940e-04, pmove=0.96313477
I0512 11:11:48.473717 123403432212288 pretrain.py:352] Pretrain iter 00000176: loss=1.3667075934408542e-04, pmove=0.96557617
I0512 11:11:48.509089 123403432212288 pretrain.py:352] Pretrain iter 00000177: loss=1.3585084725718243e-04, pmove=0.96630859
I0512 11:11:48.544393 123403432212288 pretrain.py:352] Pretrain iter 00000178: loss=1.3484397040677999e-04, pmove=0.96191406
I0512 11:11:48.579727 123403432212288 pretrain.py:352] Pretrain iter 00000179: loss=1.3326829027294096e-04, pmove=0.96362305
I0512 11:11:48.614897 123403432212288 pretrain.py:352] Pretrain iter 00000180: loss=1.3165218777241316e-04, pmove=0.96752930
I0512 11:11:48.650132 123403432212288 pretrain.py:352] Pretrain iter 00000181: loss=1.3090012360435907e-04, pmove=0.96557617
I0512 11:11:48.685322 123403432212288 pretrain.py:352] Pretrain iter 00000182: loss=1.3032894557080287e-04, pmove=0.96215820
I0512 11:11:48.720467 123403432212288 pretrain.py:352] Pretrain iter 00000183: loss=1.2993680182057238e-04, pmove=0.96679688
I0512 11:11:48.755363 123403432212288 pretrain.py:352] Pretrain iter 00000184: loss=1.2839932352859629e-04, pmove=0.96557617
I0512 11:11:48.790580 123403432212288 pretrain.py:352] Pretrain iter 00000185: loss=1.2816121845327433e-04, pmove=0.96630859
I0512 11:11:48.825675 123403432212288 pretrain.py:352] Pretrain iter 00000186: loss=1.2757492155299828e-04, pmove=0.96655273
I0512 11:11:48.860870 123403432212288 pretrain.py:352] Pretrain iter 00000187: loss=1.2700950961003362e-04, pmove=0.96875000
I0512 11:11:48.896009 123403432212288 pretrain.py:352] Pretrain iter 00000188: loss=1.2654398358870464e-04, pmove=0.96215820
I0512 11:11:48.931280 123403432212288 pretrain.py:352] Pretrain iter 00000189: loss=1.2591860930333103e-04, pmove=0.96899414
I0512 11:11:48.966315 123403432212288 pretrain.py:352] Pretrain iter 00000190: loss=1.2517274431776400e-04, pmove=0.96533203
I0512 11:11:49.001750 123403432212288 pretrain.py:352] Pretrain iter 00000191: loss=1.2376270596099168e-04, pmove=0.97265625
I0512 11:11:49.037071 123403432212288 pretrain.py:352] Pretrain iter 00000192: loss=1.2358505365616250e-04, pmove=0.96679688
I0512 11:11:49.072301 123403432212288 pretrain.py:352] Pretrain iter 00000193: loss=1.2217892608591747e-04, pmove=0.96704102
I0512 11:11:49.107551 123403432212288 pretrain.py:352] Pretrain iter 00000194: loss=1.2135956635255176e-04, pmove=0.96704102
I0512 11:11:49.142544 123403432212288 pretrain.py:352] Pretrain iter 00000195: loss=1.2097905526518619e-04, pmove=0.96118164
I0512 11:11:49.177726 123403432212288 pretrain.py:352] Pretrain iter 00000196: loss=1.1996349749295042e-04, pmove=0.96655273
I0512 11:11:49.212996 123403432212288 pretrain.py:352] Pretrain iter 00000197: loss=1.2075104817462147e-04, pmove=0.96264648
I0512 11:11:49.248183 123403432212288 pretrain.py:352] Pretrain iter 00000198: loss=1.1985500639420877e-04, pmove=0.96899414
I0512 11:11:49.283390 123403432212288 pretrain.py:352] Pretrain iter 00000199: loss=1.1878676489740141e-04, pmove=0.96069336
I0512 11:11:49.318647 123403432212288 pretrain.py:352] Pretrain iter 00000200: loss=1.1741567616134692e-04, pmove=0.96875000
I0512 11:11:49.353891 123403432212288 pretrain.py:352] Pretrain iter 00000201: loss=1.1602059186336828e-04, pmove=0.96264648
I0512 11:11:49.388947 123403432212288 pretrain.py:352] Pretrain iter 00000202: loss=1.1473307347022907e-04, pmove=0.96435547
I0512 11:11:49.424135 123403432212288 pretrain.py:352] Pretrain iter 00000203: loss=1.1383405645334240e-04, pmove=0.96240234
I0512 11:11:49.459319 123403432212288 pretrain.py:352] Pretrain iter 00000204: loss=1.1435354818256878e-04, pmove=0.96850586
I0512 11:11:49.494725 123403432212288 pretrain.py:352] Pretrain iter 00000205: loss=1.1334383293419197e-04, pmove=0.96240234
I0512 11:11:49.529899 123403432212288 pretrain.py:352] Pretrain iter 00000206: loss=1.1330633564810987e-04, pmove=0.96386719
I0512 11:11:49.564897 123403432212288 pretrain.py:352] Pretrain iter 00000207: loss=1.1167012675997306e-04, pmove=0.96069336
I0512 11:11:49.599843 123403432212288 pretrain.py:352] Pretrain iter 00000208: loss=1.1179907264724094e-04, pmove=0.96337891
I0512 11:11:49.635092 123403432212288 pretrain.py:352] Pretrain iter 00000209: loss=1.1189916042659212e-04, pmove=0.96191406
I0512 11:11:49.670258 123403432212288 pretrain.py:352] Pretrain iter 00000210: loss=1.1036367543051142e-04, pmove=0.96997070
I0512 11:11:49.705552 123403432212288 pretrain.py:352] Pretrain iter 00000211: loss=1.1012177143660145e-04, pmove=0.96313477
I0512 11:11:49.740773 123403432212288 pretrain.py:352] Pretrain iter 00000212: loss=1.0998266807589859e-04, pmove=0.97021484
I0512 11:11:49.775770 123403432212288 pretrain.py:352] Pretrain iter 00000213: loss=1.0913748955740398e-04, pmove=0.96801758
I0512 11:11:49.810470 123403432212288 pretrain.py:352] Pretrain iter 00000214: loss=1.0936862529579171e-04, pmove=0.96704102
I0512 11:11:49.845730 123403432212288 pretrain.py:352] Pretrain iter 00000215: loss=1.0890408375582983e-04, pmove=0.96679688
I0512 11:11:49.880845 123403432212288 pretrain.py:352] Pretrain iter 00000216: loss=1.0774674664509358e-04, pmove=0.96606445
I0512 11:11:49.916117 123403432212288 pretrain.py:352] Pretrain iter 00000217: loss=1.0640739130193968e-04, pmove=0.96508789
I0512 11:11:49.951459 123403432212288 pretrain.py:352] Pretrain iter 00000218: loss=1.0508967225542216e-04, pmove=0.96362305
I0512 11:11:49.986675 123403432212288 pretrain.py:352] Pretrain iter 00000219: loss=1.0420690007645513e-04, pmove=0.96386719
I0512 11:11:50.021936 123403432212288 pretrain.py:352] Pretrain iter 00000220: loss=1.0288314364035326e-04, pmove=0.96337891
I0512 11:11:50.057155 123403432212288 pretrain.py:352] Pretrain iter 00000221: loss=1.0249588317067291e-04, pmove=0.95703125
I0512 11:11:50.092192 123403432212288 pretrain.py:352] Pretrain iter 00000222: loss=1.0179163747717232e-04, pmove=0.96289062
I0512 11:11:50.127478 123403432212288 pretrain.py:352] Pretrain iter 00000223: loss=1.0171956238615363e-04, pmove=0.96972656
I0512 11:11:50.162653 123403432212288 pretrain.py:352] Pretrain iter 00000224: loss=1.0119919890726515e-04, pmove=0.96777344
I0512 11:11:50.197844 123403432212288 pretrain.py:352] Pretrain iter 00000225: loss=1.0119991710261429e-04, pmove=0.96679688
I0512 11:11:50.232990 123403432212288 pretrain.py:352] Pretrain iter 00000226: loss=1.0096824323319955e-04, pmove=0.96679688
I0512 11:11:50.267854 123403432212288 pretrain.py:352] Pretrain iter 00000227: loss=9.9682659785172269e-05, pmove=0.96264648
I0512 11:11:50.302696 123403432212288 pretrain.py:352] Pretrain iter 00000228: loss=9.9582974186675878e-05, pmove=0.96508789
I0512 11:11:50.337979 123403432212288 pretrain.py:352] Pretrain iter 00000229: loss=9.9399202867335630e-05, pmove=0.96606445
I0512 11:11:50.373145 123403432212288 pretrain.py:352] Pretrain iter 00000230: loss=9.8454155131483590e-05, pmove=0.96191406
I0512 11:11:50.407889 123403432212288 pretrain.py:352] Pretrain iter 00000231: loss=9.8154584552308043e-05, pmove=0.96362305
I0512 11:11:50.442539 123403432212288 pretrain.py:352] Pretrain iter 00000232: loss=9.8010154219125688e-05, pmove=0.96362305
I0512 11:11:50.477780 123403432212288 pretrain.py:352] Pretrain iter 00000233: loss=9.7507007707258985e-05, pmove=0.96704102
I0512 11:11:50.512986 123403432212288 pretrain.py:352] Pretrain iter 00000234: loss=9.7350969929226516e-05, pmove=0.96264648
I0512 11:11:50.548224 123403432212288 pretrain.py:352] Pretrain iter 00000235: loss=9.6879730418051609e-05, pmove=0.96606445
I0512 11:11:50.583245 123403432212288 pretrain.py:352] Pretrain iter 00000236: loss=9.6022902533644903e-05, pmove=0.96362305
I0512 11:11:50.618397 123403432212288 pretrain.py:352] Pretrain iter 00000237: loss=9.5172274961432450e-05, pmove=0.96459961
I0512 11:11:50.653749 123403432212288 pretrain.py:352] Pretrain iter 00000238: loss=9.4357035910446456e-05, pmove=0.96606445
I0512 11:11:50.688529 123403432212288 pretrain.py:352] Pretrain iter 00000239: loss=9.3740616611349579e-05, pmove=0.97045898
I0512 11:11:50.723268 123403432212288 pretrain.py:352] Pretrain iter 00000240: loss=9.3630467229431248e-05, pmove=0.96093750
I0512 11:11:50.758630 123403432212288 pretrain.py:352] Pretrain iter 00000241: loss=9.2608255024695201e-05, pmove=0.96289062
I0512 11:11:50.793920 123403432212288 pretrain.py:352] Pretrain iter 00000242: loss=9.1884668528886414e-05, pmove=0.96459961
I0512 11:11:50.829129 123403432212288 pretrain.py:352] Pretrain iter 00000243: loss=9.1444000900062103e-05, pmove=0.96435547
I0512 11:11:50.864410 123403432212288 pretrain.py:352] Pretrain iter 00000244: loss=9.1331161182888105e-05, pmove=0.96362305
I0512 11:11:50.899607 123403432212288 pretrain.py:352] Pretrain iter 00000245: loss=9.0685855257119117e-05, pmove=0.96801758
I0512 11:11:50.934948 123403432212288 pretrain.py:352] Pretrain iter 00000246: loss=9.0320104428825521e-05, pmove=0.96557617
I0512 11:11:50.970233 123403432212288 pretrain.py:352] Pretrain iter 00000247: loss=8.9479117590594368e-05, pmove=0.96508789
I0512 11:11:51.005452 123403432212288 pretrain.py:352] Pretrain iter 00000248: loss=9.0055119028613711e-05, pmove=0.96704102
I0512 11:11:51.040645 123403432212288 pretrain.py:352] Pretrain iter 00000249: loss=8.9017263447966125e-05, pmove=0.96801758
I0512 11:11:51.075623 123403432212288 pretrain.py:352] Pretrain iter 00000250: loss=8.8559005386550435e-05, pmove=0.96093750
I0512 11:11:51.110980 123403432212288 pretrain.py:352] Pretrain iter 00000251: loss=8.8379897836960867e-05, pmove=0.96508789
I0512 11:11:51.146299 123403432212288 pretrain.py:352] Pretrain iter 00000252: loss=8.8497743251913672e-05, pmove=0.96337891
I0512 11:11:51.181515 123403432212288 pretrain.py:352] Pretrain iter 00000253: loss=8.7794103777526374e-05, pmove=0.96386719
I0512 11:11:51.216732 123403432212288 pretrain.py:352] Pretrain iter 00000254: loss=8.7363498202199354e-05, pmove=0.96777344
I0512 11:11:51.251935 123403432212288 pretrain.py:352] Pretrain iter 00000255: loss=8.6242654834158976e-05, pmove=0.96557617
I0512 11:11:51.287154 123403432212288 pretrain.py:352] Pretrain iter 00000256: loss=8.5302289018345976e-05, pmove=0.96728516
I0512 11:11:51.322456 123403432212288 pretrain.py:352] Pretrain iter 00000257: loss=8.5067096792926434e-05, pmove=0.96215820
I0512 11:11:51.357736 123403432212288 pretrain.py:352] Pretrain iter 00000258: loss=8.4146851025146624e-05, pmove=0.96362305
I0512 11:11:51.392901 123403432212288 pretrain.py:352] Pretrain iter 00000259: loss=8.4148990840794864e-05, pmove=0.96508789
I0512 11:11:51.428204 123403432212288 pretrain.py:352] Pretrain iter 00000260: loss=8.3968303431806489e-05, pmove=0.96948242
I0512 11:11:51.463407 123403432212288 pretrain.py:352] Pretrain iter 00000261: loss=8.3870993526957368e-05, pmove=0.96557617
I0512 11:11:51.498513 123403432212288 pretrain.py:352] Pretrain iter 00000262: loss=8.3010221742924606e-05, pmove=0.96777344
I0512 11:11:51.533863 123403432212288 pretrain.py:352] Pretrain iter 00000263: loss=8.2501460502086986e-05, pmove=0.96459961
I0512 11:11:51.569106 123403432212288 pretrain.py:352] Pretrain iter 00000264: loss=8.1315152806516087e-05, pmove=0.97119141
I0512 11:11:51.604329 123403432212288 pretrain.py:352] Pretrain iter 00000265: loss=8.0332223246905963e-05, pmove=0.96484375
I0512 11:11:51.639483 123403432212288 pretrain.py:352] Pretrain iter 00000266: loss=8.0202143374327210e-05, pmove=0.96484375
I0512 11:11:51.674643 123403432212288 pretrain.py:352] Pretrain iter 00000267: loss=7.9892766877362990e-05, pmove=0.96386719
I0512 11:11:51.709792 123403432212288 pretrain.py:352] Pretrain iter 00000268: loss=7.9755941858401829e-05, pmove=0.96557617
I0512 11:11:51.744894 123403432212288 pretrain.py:352] Pretrain iter 00000269: loss=7.8978544154483681e-05, pmove=0.96704102
I0512 11:11:51.780161 123403432212288 pretrain.py:352] Pretrain iter 00000270: loss=7.8690454405817953e-05, pmove=0.96606445
I0512 11:11:51.815208 123403432212288 pretrain.py:352] Pretrain iter 00000271: loss=7.8105746854681396e-05, pmove=0.96411133
I0512 11:11:51.850412 123403432212288 pretrain.py:352] Pretrain iter 00000272: loss=7.7186637218371509e-05, pmove=0.96655273
I0512 11:11:51.885609 123403432212288 pretrain.py:352] Pretrain iter 00000273: loss=7.6539313496078794e-05, pmove=0.96655273
I0512 11:11:51.920884 123403432212288 pretrain.py:352] Pretrain iter 00000274: loss=7.6610958548593147e-05, pmove=0.96191406
I0512 11:11:51.955921 123403432212288 pretrain.py:352] Pretrain iter 00000275: loss=7.5883614744383441e-05, pmove=0.96582031
I0512 11:11:51.991205 123403432212288 pretrain.py:352] Pretrain iter 00000276: loss=7.5697193019955058e-05, pmove=0.96289062
I0512 11:11:52.026436 123403432212288 pretrain.py:352] Pretrain iter 00000277: loss=7.5105986090908506e-05, pmove=0.95971680
I0512 11:11:52.061457 123403432212288 pretrain.py:352] Pretrain iter 00000278: loss=7.4516176546871309e-05, pmove=0.96655273
I0512 11:11:52.096595 123403432212288 pretrain.py:352] Pretrain iter 00000279: loss=7.3918471189699582e-05, pmove=0.96020508
I0512 11:11:52.132029 123403432212288 pretrain.py:352] Pretrain iter 00000280: loss=7.3676323694529193e-05, pmove=0.96508789
I0512 11:11:52.167199 123403432212288 pretrain.py:352] Pretrain iter 00000281: loss=7.3255852053381222e-05, pmove=0.96508789
I0512 11:11:52.202301 123403432212288 pretrain.py:352] Pretrain iter 00000282: loss=7.2803053700305854e-05, pmove=0.96557617
I0512 11:11:52.237492 123403432212288 pretrain.py:352] Pretrain iter 00000283: loss=7.2725002522373917e-05, pmove=0.96118164
I0512 11:11:52.272674 123403432212288 pretrain.py:352] Pretrain iter 00000284: loss=7.1984078030242160e-05, pmove=0.96923828
I0512 11:11:52.308042 123403432212288 pretrain.py:352] Pretrain iter 00000285: loss=7.2081036598046198e-05, pmove=0.96337891
I0512 11:11:52.343398 123403432212288 pretrain.py:352] Pretrain iter 00000286: loss=7.1729111455876813e-05, pmove=0.96337891
I0512 11:11:52.378600 123403432212288 pretrain.py:352] Pretrain iter 00000287: loss=7.1211361853830286e-05, pmove=0.96093750
I0512 11:11:52.413571 123403432212288 pretrain.py:352] Pretrain iter 00000288: loss=7.0935010818144108e-05, pmove=0.96850586
I0512 11:11:52.448742 123403432212288 pretrain.py:352] Pretrain iter 00000289: loss=7.0683799820912233e-05, pmove=0.96655273
I0512 11:11:52.484025 123403432212288 pretrain.py:352] Pretrain iter 00000290: loss=7.0259347869636735e-05, pmove=0.96362305
I0512 11:11:52.519188 123403432212288 pretrain.py:352] Pretrain iter 00000291: loss=6.9903836082511450e-05, pmove=0.96533203
I0512 11:11:52.554538 123403432212288 pretrain.py:352] Pretrain iter 00000292: loss=7.0072930070110598e-05, pmove=0.96752930
I0512 11:11:52.589784 123403432212288 pretrain.py:352] Pretrain iter 00000293: loss=6.9845698191717162e-05, pmove=0.96557617
I0512 11:11:52.624944 123403432212288 pretrain.py:352] Pretrain iter 00000294: loss=6.9464508256575848e-05, pmove=0.96337891
I0512 11:11:52.660154 123403432212288 pretrain.py:352] Pretrain iter 00000295: loss=6.9362203536023272e-05, pmove=0.96704102
I0512 11:11:52.695255 123403432212288 pretrain.py:352] Pretrain iter 00000296: loss=6.8999047993520258e-05, pmove=0.96704102
I0512 11:11:52.730509 123403432212288 pretrain.py:352] Pretrain iter 00000297: loss=6.8542202504392197e-05, pmove=0.96435547
I0512 11:11:52.765734 123403432212288 pretrain.py:352] Pretrain iter 00000298: loss=6.8171663084915407e-05, pmove=0.96606445
I0512 11:11:52.800937 123403432212288 pretrain.py:352] Pretrain iter 00000299: loss=6.8386353072807840e-05, pmove=0.96533203
I0512 11:11:52.836103 123403432212288 pretrain.py:352] Pretrain iter 00000300: loss=6.7972666939551918e-05, pmove=0.96728516
I0512 11:11:52.871351 123403432212288 pretrain.py:352] Pretrain iter 00000301: loss=6.7356005798254411e-05, pmove=0.96337891
I0512 11:11:52.906624 123403432212288 pretrain.py:352] Pretrain iter 00000302: loss=6.7050927635741228e-05, pmove=0.96459961
I0512 11:11:52.941583 123403432212288 pretrain.py:352] Pretrain iter 00000303: loss=6.6804021317588624e-05, pmove=0.96337891
I0512 11:11:52.976648 123403432212288 pretrain.py:352] Pretrain iter 00000304: loss=6.6635826839159642e-05, pmove=0.96752930
I0512 11:11:53.011870 123403432212288 pretrain.py:352] Pretrain iter 00000305: loss=6.6438983533089908e-05, pmove=0.95947266
I0512 11:11:53.047067 123403432212288 pretrain.py:352] Pretrain iter 00000306: loss=6.6082665549603976e-05, pmove=0.96362305
I0512 11:11:53.082070 123403432212288 pretrain.py:352] Pretrain iter 00000307: loss=6.5766592488314494e-05, pmove=0.96630859
I0512 11:11:53.117345 123403432212288 pretrain.py:352] Pretrain iter 00000308: loss=6.5589908280997924e-05, pmove=0.96679688
I0512 11:11:53.152632 123403432212288 pretrain.py:352] Pretrain iter 00000309: loss=6.5191864681866669e-05, pmove=0.97094727
I0512 11:11:53.187887 123403432212288 pretrain.py:352] Pretrain iter 00000310: loss=6.5206408016519523e-05, pmove=0.96240234
I0512 11:11:53.223172 123403432212288 pretrain.py:352] Pretrain iter 00000311: loss=6.4834781279825987e-05, pmove=0.96777344
I0512 11:11:53.258162 123403432212288 pretrain.py:352] Pretrain iter 00000312: loss=6.4576020186783139e-05, pmove=0.96508789
I0512 11:11:53.293439 123403432212288 pretrain.py:352] Pretrain iter 00000313: loss=6.3953216140143885e-05, pmove=0.96655273
I0512 11:11:53.328753 123403432212288 pretrain.py:352] Pretrain iter 00000314: loss=6.3549045849778182e-05, pmove=0.96728516
I0512 11:11:53.364035 123403432212288 pretrain.py:352] Pretrain iter 00000315: loss=6.3212309839258827e-05, pmove=0.96240234
I0512 11:11:53.399297 123403432212288 pretrain.py:352] Pretrain iter 00000316: loss=6.2891404843974321e-05, pmove=0.96459961
I0512 11:11:53.434590 123403432212288 pretrain.py:352] Pretrain iter 00000317: loss=6.2698691687658865e-05, pmove=0.96826172
I0512 11:11:53.469856 123403432212288 pretrain.py:352] Pretrain iter 00000318: loss=6.2959741341069890e-05, pmove=0.96435547
I0512 11:11:53.505109 123403432212288 pretrain.py:352] Pretrain iter 00000319: loss=6.2622455738684717e-05, pmove=0.96606445
I0512 11:11:53.540672 123403432212288 pretrain.py:352] Pretrain iter 00000320: loss=6.2780034446271673e-05, pmove=0.96777344
I0512 11:11:53.575912 123403432212288 pretrain.py:352] Pretrain iter 00000321: loss=6.2663068898629619e-05, pmove=0.96166992
I0512 11:11:53.611152 123403432212288 pretrain.py:352] Pretrain iter 00000322: loss=6.2269498718439697e-05, pmove=0.96801758
I0512 11:11:53.646188 123403432212288 pretrain.py:352] Pretrain iter 00000323: loss=6.1796721656194413e-05, pmove=0.96728516
I0512 11:11:53.681400 123403432212288 pretrain.py:352] Pretrain iter 00000324: loss=6.1467697452085546e-05, pmove=0.96484375
I0512 11:11:53.716637 123403432212288 pretrain.py:352] Pretrain iter 00000325: loss=6.1220086230602872e-05, pmove=0.96264648
I0512 11:11:53.751794 123403432212288 pretrain.py:352] Pretrain iter 00000326: loss=6.1114871939977941e-05, pmove=0.96215820
I0512 11:11:53.787009 123403432212288 pretrain.py:352] Pretrain iter 00000327: loss=6.0975288915128758e-05, pmove=0.96044922
I0512 11:11:53.822188 123403432212288 pretrain.py:352] Pretrain iter 00000328: loss=6.0797522671767108e-05, pmove=0.96264648
I0512 11:11:53.857232 123403432212288 pretrain.py:352] Pretrain iter 00000329: loss=6.0327133765181562e-05, pmove=0.96655273
I0512 11:11:53.892402 123403432212288 pretrain.py:352] Pretrain iter 00000330: loss=5.9776664007331112e-05, pmove=0.96508789
I0512 11:11:53.927702 123403432212288 pretrain.py:352] Pretrain iter 00000331: loss=5.9449148139089875e-05, pmove=0.96728516
I0512 11:11:53.962770 123403432212288 pretrain.py:352] Pretrain iter 00000332: loss=5.8827755379568680e-05, pmove=0.96704102
I0512 11:11:53.997941 123403432212288 pretrain.py:352] Pretrain iter 00000333: loss=5.8281917213881208e-05, pmove=0.96606445
I0512 11:11:54.033202 123403432212288 pretrain.py:352] Pretrain iter 00000334: loss=5.7675867952803040e-05, pmove=0.96435547
I0512 11:11:54.068403 123403432212288 pretrain.py:352] Pretrain iter 00000335: loss=5.7727723008982143e-05, pmove=0.96557617
I0512 11:11:54.103639 123403432212288 pretrain.py:352] Pretrain iter 00000336: loss=5.7701792408043413e-05, pmove=0.96704102
I0512 11:11:54.138874 123403432212288 pretrain.py:352] Pretrain iter 00000337: loss=5.7608881791232027e-05, pmove=0.96777344
I0512 11:11:54.173971 123403432212288 pretrain.py:352] Pretrain iter 00000338: loss=5.7299627954916779e-05, pmove=0.96606445
I0512 11:11:54.208807 123403432212288 pretrain.py:352] Pretrain iter 00000339: loss=5.7054532821386648e-05, pmove=0.96264648
I0512 11:11:54.243272 123403432212288 pretrain.py:352] Pretrain iter 00000340: loss=5.6795813558179227e-05, pmove=0.96826172
I0512 11:11:54.278066 123403432212288 pretrain.py:352] Pretrain iter 00000341: loss=5.6883656447349892e-05, pmove=0.96215820
I0512 11:11:54.313197 123403432212288 pretrain.py:352] Pretrain iter 00000342: loss=5.6948333498825626e-05, pmove=0.96386719
I0512 11:11:54.347928 123403432212288 pretrain.py:352] Pretrain iter 00000343: loss=5.6707429775213367e-05, pmove=0.96679688
I0512 11:11:54.382573 123403432212288 pretrain.py:352] Pretrain iter 00000344: loss=5.6441113795227843e-05, pmove=0.96093750
I0512 11:11:54.417215 123403432212288 pretrain.py:352] Pretrain iter 00000345: loss=5.6120009491690594e-05, pmove=0.96679688
I0512 11:11:54.451705 123403432212288 pretrain.py:352] Pretrain iter 00000346: loss=5.6135776543929952e-05, pmove=0.96582031
I0512 11:11:54.486435 123403432212288 pretrain.py:352] Pretrain iter 00000347: loss=5.5790334627892527e-05, pmove=0.96142578
I0512 11:11:54.521103 123403432212288 pretrain.py:352] Pretrain iter 00000348: loss=5.5390323995668087e-05, pmove=0.96435547
I0512 11:11:54.555713 123403432212288 pretrain.py:352] Pretrain iter 00000349: loss=5.5340959956612528e-05, pmove=0.96215820
I0512 11:11:54.590393 123403432212288 pretrain.py:352] Pretrain iter 00000350: loss=5.5225662877849644e-05, pmove=0.96655273
I0512 11:11:54.625030 123403432212288 pretrain.py:352] Pretrain iter 00000351: loss=5.4833795126757996e-05, pmove=0.96508789
I0512 11:11:54.659862 123403432212288 pretrain.py:352] Pretrain iter 00000352: loss=5.4687021204218015e-05, pmove=0.96435547
I0512 11:11:54.694413 123403432212288 pretrain.py:352] Pretrain iter 00000353: loss=5.4613302712349667e-05, pmove=0.96655273
I0512 11:11:54.729060 123403432212288 pretrain.py:352] Pretrain iter 00000354: loss=5.4314543138497186e-05, pmove=0.96850586
I0512 11:11:54.763493 123403432212288 pretrain.py:352] Pretrain iter 00000355: loss=5.4062814432293848e-05, pmove=0.96386719
I0512 11:11:54.798136 123403432212288 pretrain.py:352] Pretrain iter 00000356: loss=5.3909890221021501e-05, pmove=0.96582031
I0512 11:11:54.832743 123403432212288 pretrain.py:352] Pretrain iter 00000357: loss=5.3834376804216857e-05, pmove=0.96679688
I0512 11:11:54.867206 123403432212288 pretrain.py:352] Pretrain iter 00000358: loss=5.3728050098761563e-05, pmove=0.96362305
I0512 11:11:54.901798 123403432212288 pretrain.py:352] Pretrain iter 00000359: loss=5.3305313908556977e-05, pmove=0.96264648
I0512 11:11:54.936224 123403432212288 pretrain.py:352] Pretrain iter 00000360: loss=5.3247301162276670e-05, pmove=0.96191406
I0512 11:11:54.970876 123403432212288 pretrain.py:352] Pretrain iter 00000361: loss=5.2670723416904162e-05, pmove=0.96093750
I0512 11:11:55.005307 123403432212288 pretrain.py:352] Pretrain iter 00000362: loss=5.2463259897223740e-05, pmove=0.96557617
I0512 11:11:55.039991 123403432212288 pretrain.py:352] Pretrain iter 00000363: loss=5.2106853079029230e-05, pmove=0.96386719
I0512 11:11:55.074634 123403432212288 pretrain.py:352] Pretrain iter 00000364: loss=5.2042935516775132e-05, pmove=0.97021484
I0512 11:11:55.109285 123403432212288 pretrain.py:352] Pretrain iter 00000365: loss=5.1451945362161470e-05, pmove=0.96752930
I0512 11:11:55.143760 123403432212288 pretrain.py:352] Pretrain iter 00000366: loss=5.1183838480214989e-05, pmove=0.96557617
I0512 11:11:55.178417 123403432212288 pretrain.py:352] Pretrain iter 00000367: loss=5.0773711437010381e-05, pmove=0.96972656
I0512 11:11:55.213165 123403432212288 pretrain.py:352] Pretrain iter 00000368: loss=5.0528138614647810e-05, pmove=0.96508789
I0512 11:11:55.247839 123403432212288 pretrain.py:352] Pretrain iter 00000369: loss=4.9927558702083822e-05, pmove=0.96704102
I0512 11:11:55.282476 123403432212288 pretrain.py:352] Pretrain iter 00000370: loss=4.9668197695053070e-05, pmove=0.96264648
I0512 11:11:55.317125 123403432212288 pretrain.py:352] Pretrain iter 00000371: loss=4.9514148415168339e-05, pmove=0.96923828
I0512 11:11:55.351735 123403432212288 pretrain.py:352] Pretrain iter 00000372: loss=4.9246400389434771e-05, pmove=0.96044922
I0512 11:11:55.386409 123403432212288 pretrain.py:352] Pretrain iter 00000373: loss=4.9352403365284599e-05, pmove=0.96704102
I0512 11:11:55.421028 123403432212288 pretrain.py:352] Pretrain iter 00000374: loss=4.9194375186572000e-05, pmove=0.96655273
I0512 11:11:55.455646 123403432212288 pretrain.py:352] Pretrain iter 00000375: loss=4.8879130742827674e-05, pmove=0.96289062
I0512 11:11:55.490287 123403432212288 pretrain.py:352] Pretrain iter 00000376: loss=4.8651538626600541e-05, pmove=0.96337891
I0512 11:11:55.524907 123403432212288 pretrain.py:352] Pretrain iter 00000377: loss=4.8392301097014909e-05, pmove=0.96264648
I0512 11:11:55.559511 123403432212288 pretrain.py:352] Pretrain iter 00000378: loss=4.8254018333484500e-05, pmove=0.96484375
I0512 11:11:55.594114 123403432212288 pretrain.py:352] Pretrain iter 00000379: loss=4.7988273938309132e-05, pmove=0.96142578
I0512 11:11:55.628749 123403432212288 pretrain.py:352] Pretrain iter 00000380: loss=4.7874967672410018e-05, pmove=0.96972656
I0512 11:11:55.663373 123403432212288 pretrain.py:352] Pretrain iter 00000381: loss=4.7947122035496231e-05, pmove=0.95996094
I0512 11:11:55.698037 123403432212288 pretrain.py:352] Pretrain iter 00000382: loss=4.7817827893928061e-05, pmove=0.96044922
I0512 11:11:55.732845 123403432212288 pretrain.py:352] Pretrain iter 00000383: loss=4.7637774762081535e-05, pmove=0.96606445
I0512 11:11:55.767608 123403432212288 pretrain.py:352] Pretrain iter 00000384: loss=4.7590739463449393e-05, pmove=0.96655273
I0512 11:11:55.802339 123403432212288 pretrain.py:352] Pretrain iter 00000385: loss=4.7273987571248472e-05, pmove=0.95849609
I0512 11:11:55.836956 123403432212288 pretrain.py:352] Pretrain iter 00000386: loss=4.7203022986840257e-05, pmove=0.97045898
I0512 11:11:55.871497 123403432212288 pretrain.py:352] Pretrain iter 00000387: loss=4.7149934149024199e-05, pmove=0.96875000
I0512 11:11:55.906138 123403432212288 pretrain.py:352] Pretrain iter 00000388: loss=4.7093910100500392e-05, pmove=0.96508789
I0512 11:11:55.940582 123403432212288 pretrain.py:352] Pretrain iter 00000389: loss=4.6709785735194942e-05, pmove=0.97119141
I0512 11:11:55.975090 123403432212288 pretrain.py:352] Pretrain iter 00000390: loss=4.6372128131422873e-05, pmove=0.96923828
I0512 11:11:56.009692 123403432212288 pretrain.py:352] Pretrain iter 00000391: loss=4.6220005678197978e-05, pmove=0.96508789
I0512 11:11:56.044348 123403432212288 pretrain.py:352] Pretrain iter 00000392: loss=4.6364426128466205e-05, pmove=0.96655273
I0512 11:11:56.078876 123403432212288 pretrain.py:352] Pretrain iter 00000393: loss=4.6816860518196027e-05, pmove=0.96215820
I0512 11:11:56.113460 123403432212288 pretrain.py:352] Pretrain iter 00000394: loss=4.7808933652832395e-05, pmove=0.96191406
I0512 11:11:56.148162 123403432212288 pretrain.py:352] Pretrain iter 00000395: loss=4.9328780043037256e-05, pmove=0.96386719
I0512 11:11:56.183068 123403432212288 pretrain.py:352] Pretrain iter 00000396: loss=5.1875941495699721e-05, pmove=0.96289062
I0512 11:11:56.217725 123403432212288 pretrain.py:352] Pretrain iter 00000397: loss=5.2889350311096376e-05, pmove=0.96801758
I0512 11:11:56.252313 123403432212288 pretrain.py:352] Pretrain iter 00000398: loss=5.0800886915982891e-05, pmove=0.96533203
I0512 11:11:56.287333 123403432212288 pretrain.py:352] Pretrain iter 00000399: loss=4.7010481458416103e-05, pmove=0.96386719
I0512 11:11:56.321982 123403432212288 pretrain.py:352] Pretrain iter 00000400: loss=4.5227829832415056e-05, pmove=0.96435547
I0512 11:11:56.356720 123403432212288 pretrain.py:352] Pretrain iter 00000401: loss=4.6766845030466424e-05, pmove=0.96362305
I0512 11:11:56.391570 123403432212288 pretrain.py:352] Pretrain iter 00000402: loss=4.8016989223562123e-05, pmove=0.96704102
I0512 11:11:56.426474 123403432212288 pretrain.py:352] Pretrain iter 00000403: loss=4.6969221592551739e-05, pmove=0.96630859
I0512 11:11:56.461177 123403432212288 pretrain.py:352] Pretrain iter 00000404: loss=4.4711788896254467e-05, pmove=0.96118164
I0512 11:11:56.495890 123403432212288 pretrain.py:352] Pretrain iter 00000405: loss=4.4453384161318997e-05, pmove=0.96264648
I0512 11:11:56.530703 123403432212288 pretrain.py:352] Pretrain iter 00000406: loss=4.5711728410315040e-05, pmove=0.96240234
I0512 11:11:56.565490 123403432212288 pretrain.py:352] Pretrain iter 00000407: loss=4.5654060337757679e-05, pmove=0.96899414
I0512 11:11:56.600178 123403432212288 pretrain.py:352] Pretrain iter 00000408: loss=4.4322286839977653e-05, pmove=0.96484375
I0512 11:11:56.634807 123403432212288 pretrain.py:352] Pretrain iter 00000409: loss=4.3577340891073717e-05, pmove=0.96166992
I0512 11:11:56.669476 123403432212288 pretrain.py:352] Pretrain iter 00000410: loss=4.4346373223658486e-05, pmove=0.96435547
I0512 11:11:56.704005 123403432212288 pretrain.py:352] Pretrain iter 00000411: loss=4.4741156741131139e-05, pmove=0.96313477
I0512 11:11:56.738752 123403432212288 pretrain.py:352] Pretrain iter 00000412: loss=4.3699207457236573e-05, pmove=0.96337891
I0512 11:11:56.773494 123403432212288 pretrain.py:352] Pretrain iter 00000413: loss=4.3063918252081053e-05, pmove=0.96118164
I0512 11:11:56.808222 123403432212288 pretrain.py:352] Pretrain iter 00000414: loss=4.3491986996204819e-05, pmove=0.96679688
I0512 11:11:56.842940 123403432212288 pretrain.py:352] Pretrain iter 00000415: loss=4.4034994090963998e-05, pmove=0.96728516
I0512 11:11:56.877561 123403432212288 pretrain.py:352] Pretrain iter 00000416: loss=4.3797368052004754e-05, pmove=0.96606445
I0512 11:11:56.912307 123403432212288 pretrain.py:352] Pretrain iter 00000417: loss=4.2833309945106305e-05, pmove=0.96557617
I0512 11:11:56.947080 123403432212288 pretrain.py:352] Pretrain iter 00000418: loss=4.2740092222243664e-05, pmove=0.96484375
I0512 11:11:56.981766 123403432212288 pretrain.py:352] Pretrain iter 00000419: loss=4.3151956185215052e-05, pmove=0.96386719
I0512 11:11:57.016478 123403432212288 pretrain.py:352] Pretrain iter 00000420: loss=4.2995366615328960e-05, pmove=0.96435547
I0512 11:11:57.050892 123403432212288 pretrain.py:352] Pretrain iter 00000421: loss=4.2549544371101943e-05, pmove=0.97167969
I0512 11:11:57.085569 123403432212288 pretrain.py:352] Pretrain iter 00000422: loss=4.2208885904605025e-05, pmove=0.96362305
I0512 11:11:57.120329 123403432212288 pretrain.py:352] Pretrain iter 00000423: loss=4.2359758367154318e-05, pmove=0.96679688
I0512 11:11:57.155099 123403432212288 pretrain.py:352] Pretrain iter 00000424: loss=4.2362260421482988e-05, pmove=0.96411133
I0512 11:11:57.189775 123403432212288 pretrain.py:352] Pretrain iter 00000425: loss=4.2115917237828218e-05, pmove=0.96313477
I0512 11:11:57.224432 123403432212288 pretrain.py:352] Pretrain iter 00000426: loss=4.1903384534966012e-05, pmove=0.96459961
I0512 11:11:57.259126 123403432212288 pretrain.py:352] Pretrain iter 00000427: loss=4.1561853370298712e-05, pmove=0.96508789
I0512 11:11:57.293805 123403432212288 pretrain.py:352] Pretrain iter 00000428: loss=4.1823008866696225e-05, pmove=0.96606445
I0512 11:11:57.328546 123403432212288 pretrain.py:352] Pretrain iter 00000429: loss=4.1963022181423437e-05, pmove=0.96582031
I0512 11:11:57.363177 123403432212288 pretrain.py:352] Pretrain iter 00000430: loss=4.1988501135541212e-05, pmove=0.96118164
I0512 11:11:57.397839 123403432212288 pretrain.py:352] Pretrain iter 00000431: loss=4.1179682229071223e-05, pmove=0.96704102
I0512 11:11:57.432538 123403432212288 pretrain.py:352] Pretrain iter 00000432: loss=4.0947822260275947e-05, pmove=0.96826172
I0512 11:11:57.467106 123403432212288 pretrain.py:352] Pretrain iter 00000433: loss=4.0866666635662482e-05, pmove=0.95922852
I0512 11:11:57.501827 123403432212288 pretrain.py:352] Pretrain iter 00000434: loss=4.0782584535436700e-05, pmove=0.96801758
I0512 11:11:57.536388 123403432212288 pretrain.py:352] Pretrain iter 00000435: loss=4.0777004786589669e-05, pmove=0.96533203
I0512 11:11:57.571146 123403432212288 pretrain.py:352] Pretrain iter 00000436: loss=4.0523697382255342e-05, pmove=0.96435547
I0512 11:11:57.605669 123403432212288 pretrain.py:352] Pretrain iter 00000437: loss=4.0381576342914208e-05, pmove=0.96704102
I0512 11:11:57.640402 123403432212288 pretrain.py:352] Pretrain iter 00000438: loss=4.0156778466691716e-05, pmove=0.96411133
I0512 11:11:57.675019 123403432212288 pretrain.py:352] Pretrain iter 00000439: loss=4.0210370686933497e-05, pmove=0.95996094
I0512 11:11:57.709765 123403432212288 pretrain.py:352] Pretrain iter 00000440: loss=3.9947565597656765e-05, pmove=0.96484375
I0512 11:11:57.744353 123403432212288 pretrain.py:352] Pretrain iter 00000441: loss=4.0071016818061669e-05, pmove=0.96533203
I0512 11:11:57.779052 123403432212288 pretrain.py:352] Pretrain iter 00000442: loss=3.9926660721530646e-05, pmove=0.96435547
I0512 11:11:57.813457 123403432212288 pretrain.py:352] Pretrain iter 00000443: loss=3.9837110673602707e-05, pmove=0.96606445
I0512 11:11:57.848170 123403432212288 pretrain.py:352] Pretrain iter 00000444: loss=3.9503099528455076e-05, pmove=0.96386719
I0512 11:11:57.882872 123403432212288 pretrain.py:352] Pretrain iter 00000445: loss=3.9450642070456051e-05, pmove=0.96850586
I0512 11:11:57.917688 123403432212288 pretrain.py:352] Pretrain iter 00000446: loss=3.9310855598473697e-05, pmove=0.96435547
I0512 11:11:57.952450 123403432212288 pretrain.py:352] Pretrain iter 00000447: loss=3.9430832150980299e-05, pmove=0.96435547
I0512 11:11:57.987144 123403432212288 pretrain.py:352] Pretrain iter 00000448: loss=3.9398173996389567e-05, pmove=0.96508789
I0512 11:11:58.021824 123403432212288 pretrain.py:352] Pretrain iter 00000449: loss=3.9483002512678828e-05, pmove=0.96069336
I0512 11:11:58.056509 123403432212288 pretrain.py:352] Pretrain iter 00000450: loss=3.9331600351940836e-05, pmove=0.96459961
I0512 11:11:58.090889 123403432212288 pretrain.py:352] Pretrain iter 00000451: loss=3.9332940829271514e-05, pmove=0.96850586
I0512 11:11:58.125704 123403432212288 pretrain.py:352] Pretrain iter 00000452: loss=3.8920563865598656e-05, pmove=0.96166992
I0512 11:11:58.160392 123403432212288 pretrain.py:352] Pretrain iter 00000453: loss=3.8767924235280732e-05, pmove=0.96044922
I0512 11:11:58.194910 123403432212288 pretrain.py:352] Pretrain iter 00000454: loss=3.8676523602882400e-05, pmove=0.96850586
I0512 11:11:58.229552 123403432212288 pretrain.py:352] Pretrain iter 00000455: loss=3.8536195451874586e-05, pmove=0.96557617
I0512 11:11:58.264260 123403432212288 pretrain.py:352] Pretrain iter 00000456: loss=3.8227060837349683e-05, pmove=0.96215820
I0512 11:11:58.298896 123403432212288 pretrain.py:352] Pretrain iter 00000457: loss=3.8263627345287449e-05, pmove=0.96459961
I0512 11:11:58.333636 123403432212288 pretrain.py:352] Pretrain iter 00000458: loss=3.8098946132914697e-05, pmove=0.96704102
I0512 11:11:58.368372 123403432212288 pretrain.py:352] Pretrain iter 00000459: loss=3.8102970084015106e-05, pmove=0.96582031
I0512 11:11:58.402916 123403432212288 pretrain.py:352] Pretrain iter 00000460: loss=3.7855808118648113e-05, pmove=0.96093750
I0512 11:11:58.437542 123403432212288 pretrain.py:352] Pretrain iter 00000461: loss=3.7489952885569359e-05, pmove=0.96582031
I0512 11:11:58.472243 123403432212288 pretrain.py:352] Pretrain iter 00000462: loss=3.7323694257455990e-05, pmove=0.96313477
I0512 11:11:58.506691 123403432212288 pretrain.py:352] Pretrain iter 00000463: loss=3.7132877314104240e-05, pmove=0.96166992
I0512 11:11:58.541534 123403432212288 pretrain.py:352] Pretrain iter 00000464: loss=3.7233934133216208e-05, pmove=0.97338867
I0512 11:11:58.576315 123403432212288 pretrain.py:352] Pretrain iter 00000465: loss=3.7136414258803128e-05, pmove=0.95996094
I0512 11:11:58.610668 123403432212288 pretrain.py:352] Pretrain iter 00000466: loss=3.7159608036638415e-05, pmove=0.96337891
I0512 11:11:58.645372 123403432212288 pretrain.py:352] Pretrain iter 00000467: loss=3.7162951003201252e-05, pmove=0.96215820
I0512 11:11:58.679963 123403432212288 pretrain.py:352] Pretrain iter 00000468: loss=3.7201148819727664e-05, pmove=0.97192383
I0512 11:11:58.716065 123403432212288 pretrain.py:352] Pretrain iter 00000469: loss=3.7256315205382700e-05, pmove=0.96435547
I0512 11:11:58.751103 123403432212288 pretrain.py:352] Pretrain iter 00000470: loss=3.7065610887289971e-05, pmove=0.96215820
I0512 11:11:58.785822 123403432212288 pretrain.py:352] Pretrain iter 00000471: loss=3.6921581012153666e-05, pmove=0.95971680
I0512 11:11:58.820257 123403432212288 pretrain.py:352] Pretrain iter 00000472: loss=3.6908442831665129e-05, pmove=0.96215820
I0512 11:11:58.854884 123403432212288 pretrain.py:352] Pretrain iter 00000473: loss=3.6882740146437835e-05, pmove=0.96215820
I0512 11:11:58.889531 123403432212288 pretrain.py:352] Pretrain iter 00000474: loss=3.6841889905532614e-05, pmove=0.96801758
I0512 11:11:58.924118 123403432212288 pretrain.py:352] Pretrain iter 00000475: loss=3.6806975970531794e-05, pmove=0.95971680
I0512 11:11:58.958787 123403432212288 pretrain.py:352] Pretrain iter 00000476: loss=3.6798147633438307e-05, pmove=0.96508789
I0512 11:11:58.993409 123403432212288 pretrain.py:352] Pretrain iter 00000477: loss=3.6642559729499369e-05, pmove=0.96582031
I0512 11:11:59.028035 123403432212288 pretrain.py:352] Pretrain iter 00000478: loss=3.6843790142379768e-05, pmove=0.96215820
I0512 11:11:59.062674 123403432212288 pretrain.py:352] Pretrain iter 00000479: loss=3.7038208463973561e-05, pmove=0.96533203
I0512 11:11:59.097367 123403432212288 pretrain.py:352] Pretrain iter 00000480: loss=3.7600664516822176e-05, pmove=0.96533203
I0512 11:11:59.132143 123403432212288 pretrain.py:352] Pretrain iter 00000481: loss=3.8439225514395721e-05, pmove=0.96508789
I0512 11:11:59.166908 123403432212288 pretrain.py:352] Pretrain iter 00000482: loss=4.0039251569795635e-05, pmove=0.96386719
I0512 11:11:59.201573 123403432212288 pretrain.py:352] Pretrain iter 00000483: loss=4.1132406671270632e-05, pmove=0.96264648
I0512 11:11:59.236132 123403432212288 pretrain.py:352] Pretrain iter 00000484: loss=4.1711718646594200e-05, pmove=0.96728516
I0512 11:11:59.270819 123403432212288 pretrain.py:352] Pretrain iter 00000485: loss=4.1504974387094422e-05, pmove=0.96337891
I0512 11:11:59.305453 123403432212288 pretrain.py:352] Pretrain iter 00000486: loss=4.0366527220678728e-05, pmove=0.96923828
I0512 11:11:59.340400 123403432212288 pretrain.py:352] Pretrain iter 00000487: loss=3.9323478550629966e-05, pmove=0.96679688
I0512 11:11:59.375104 123403432212288 pretrain.py:352] Pretrain iter 00000488: loss=3.9172675748275502e-05, pmove=0.96240234
I0512 11:11:59.409764 123403432212288 pretrain.py:352] Pretrain iter 00000489: loss=3.8938105566833384e-05, pmove=0.96411133
I0512 11:11:59.444436 123403432212288 pretrain.py:352] Pretrain iter 00000490: loss=3.7948232552554216e-05, pmove=0.96484375
I0512 11:11:59.479135 123403432212288 pretrain.py:352] Pretrain iter 00000491: loss=3.6569397202132921e-05, pmove=0.96679688
I0512 11:11:59.513863 123403432212288 pretrain.py:352] Pretrain iter 00000492: loss=3.5659390372613689e-05, pmove=0.96093750
I0512 11:11:59.548537 123403432212288 pretrain.py:352] Pretrain iter 00000493: loss=3.5910207603913471e-05, pmove=0.96508789
I0512 11:11:59.583199 123403432212288 pretrain.py:352] Pretrain iter 00000494: loss=3.6869678619091790e-05, pmove=0.96948242
I0512 11:11:59.617852 123403432212288 pretrain.py:352] Pretrain iter 00000495: loss=3.7465201946727076e-05, pmove=0.96435547
I0512 11:11:59.652398 123403432212288 pretrain.py:352] Pretrain iter 00000496: loss=3.6575528212252625e-05, pmove=0.96411133
I0512 11:11:59.687044 123403432212288 pretrain.py:352] Pretrain iter 00000497: loss=3.5276226668093494e-05, pmove=0.96533203
I0512 11:11:59.721793 123403432212288 pretrain.py:352] Pretrain iter 00000498: loss=3.4439108681641527e-05, pmove=0.96386719
I0512 11:11:59.756413 123403432212288 pretrain.py:352] Pretrain iter 00000499: loss=3.4739954828783904e-05, pmove=0.96948242
I0512 11:11:59.791050 123403432212288 pretrain.py:352] Pretrain iter 00000500: loss=3.5541957520984977e-05, pmove=0.96289062
I0512 11:11:59.825584 123403432212288 pretrain.py:352] Pretrain iter 00000501: loss=3.5759643279113185e-05, pmove=0.96582031
I0512 11:11:59.860212 123403432212288 pretrain.py:352] Pretrain iter 00000502: loss=3.5155545700998954e-05, pmove=0.96191406
I0512 11:11:59.894885 123403432212288 pretrain.py:352] Pretrain iter 00000503: loss=3.4636283210854086e-05, pmove=0.96337891
I0512 11:11:59.929345 123403432212288 pretrain.py:352] Pretrain iter 00000504: loss=3.4398525548751536e-05, pmove=0.96386719
I0512 11:11:59.964069 123403432212288 pretrain.py:352] Pretrain iter 00000505: loss=3.4515474508529139e-05, pmove=0.96752930
I0512 11:11:59.998697 123403432212288 pretrain.py:352] Pretrain iter 00000506: loss=3.4688976959418661e-05, pmove=0.95751953
I0512 11:12:00.033346 123403432212288 pretrain.py:352] Pretrain iter 00000507: loss=3.4221558947874344e-05, pmove=0.96362305
I0512 11:12:00.068001 123403432212288 pretrain.py:352] Pretrain iter 00000508: loss=3.3828581535624325e-05, pmove=0.96484375
I0512 11:12:00.102448 123403432212288 pretrain.py:352] Pretrain iter 00000509: loss=3.4101015423021534e-05, pmove=0.96337891
I0512 11:12:00.137186 123403432212288 pretrain.py:352] Pretrain iter 00000510: loss=3.4148641426694703e-05, pmove=0.96606445
I0512 11:12:00.171862 123403432212288 pretrain.py:352] Pretrain iter 00000511: loss=3.4021776745373274e-05, pmove=0.95996094
I0512 11:12:00.206328 123403432212288 pretrain.py:352] Pretrain iter 00000512: loss=3.3778387549413948e-05, pmove=0.96777344
I0512 11:12:00.240963 123403432212288 pretrain.py:352] Pretrain iter 00000513: loss=3.3393951820909467e-05, pmove=0.96582031
I0512 11:12:00.275623 123403432212288 pretrain.py:352] Pretrain iter 00000514: loss=3.3291120380756602e-05, pmove=0.96044922
I0512 11:12:00.310489 123403432212288 pretrain.py:352] Pretrain iter 00000515: loss=3.3235854072419330e-05, pmove=0.96508789
I0512 11:12:00.345192 123403432212288 pretrain.py:352] Pretrain iter 00000516: loss=3.3432974450079304e-05, pmove=0.96289062
I0512 11:12:00.379849 123403432212288 pretrain.py:352] Pretrain iter 00000517: loss=3.3248397458534960e-05, pmove=0.96508789
I0512 11:12:00.414525 123403432212288 pretrain.py:352] Pretrain iter 00000518: loss=3.3132579613252638e-05, pmove=0.95703125
I0512 11:12:00.449038 123403432212288 pretrain.py:352] Pretrain iter 00000519: loss=3.3050556796468331e-05, pmove=0.96850586
I0512 11:12:00.483688 123403432212288 pretrain.py:352] Pretrain iter 00000520: loss=3.2930840750334354e-05, pmove=0.96240234
I0512 11:12:00.518472 123403432212288 pretrain.py:352] Pretrain iter 00000521: loss=3.2784742546025552e-05, pmove=0.96386719
I0512 11:12:00.552875 123403432212288 pretrain.py:352] Pretrain iter 00000522: loss=3.2806883156552091e-05, pmove=0.96362305
I0512 11:12:00.587555 123403432212288 pretrain.py:352] Pretrain iter 00000523: loss=3.2633522312043481e-05, pmove=0.96704102
I0512 11:12:00.622257 123403432212288 pretrain.py:352] Pretrain iter 00000524: loss=3.2314671589396185e-05, pmove=0.96606445
I0512 11:12:00.656970 123403432212288 pretrain.py:352] Pretrain iter 00000525: loss=3.2198377245887597e-05, pmove=0.95971680
I0512 11:12:00.691602 123403432212288 pretrain.py:352] Pretrain iter 00000526: loss=3.2017116188710957e-05, pmove=0.96142578
I0512 11:12:00.726370 123403432212288 pretrain.py:352] Pretrain iter 00000527: loss=3.2054289108676623e-05, pmove=0.96484375
I0512 11:12:00.760803 123403432212288 pretrain.py:352] Pretrain iter 00000528: loss=3.1963657406142563e-05, pmove=0.95361328
I0512 11:12:00.795519 123403432212288 pretrain.py:352] Pretrain iter 00000529: loss=3.1778713709072114e-05, pmove=0.96972656
I0512 11:12:00.830317 123403432212288 pretrain.py:352] Pretrain iter 00000530: loss=3.1682470975321893e-05, pmove=0.96459961
I0512 11:12:00.865006 123403432212288 pretrain.py:352] Pretrain iter 00000531: loss=3.1526146554507499e-05, pmove=0.96484375
I0512 11:12:00.899693 123403432212288 pretrain.py:352] Pretrain iter 00000532: loss=3.1536838924225679e-05, pmove=0.96923828
I0512 11:12:00.934484 123403432212288 pretrain.py:352] Pretrain iter 00000533: loss=3.1579071170602293e-05, pmove=0.96215820
I0512 11:12:00.969218 123403432212288 pretrain.py:352] Pretrain iter 00000534: loss=3.1589079983406371e-05, pmove=0.96557617
I0512 11:12:01.003729 123403432212288 pretrain.py:352] Pretrain iter 00000535: loss=3.1554270424085593e-05, pmove=0.96484375
I0512 11:12:01.038404 123403432212288 pretrain.py:352] Pretrain iter 00000536: loss=3.1765347693225561e-05, pmove=0.96484375
I0512 11:12:01.072893 123403432212288 pretrain.py:352] Pretrain iter 00000537: loss=3.2163080525262033e-05, pmove=0.96752930
I0512 11:12:01.107574 123403432212288 pretrain.py:352] Pretrain iter 00000538: loss=3.2626943713125368e-05, pmove=0.95727539
I0512 11:12:01.142210 123403432212288 pretrain.py:352] Pretrain iter 00000539: loss=3.3579861332288959e-05, pmove=0.96752930
I0512 11:12:01.176952 123403432212288 pretrain.py:352] Pretrain iter 00000540: loss=3.4726643324039377e-05, pmove=0.96704102
I0512 11:12:01.211520 123403432212288 pretrain.py:352] Pretrain iter 00000541: loss=3.6393213563240906e-05, pmove=0.96923828
I0512 11:12:01.246256 123403432212288 pretrain.py:352] Pretrain iter 00000542: loss=3.8216345688351006e-05, pmove=0.96899414
I0512 11:12:01.280676 123403432212288 pretrain.py:352] Pretrain iter 00000543: loss=3.9719543113033873e-05, pmove=0.95874023
I0512 11:12:01.315507 123403432212288 pretrain.py:352] Pretrain iter 00000544: loss=3.9721088416428280e-05, pmove=0.96972656
I0512 11:12:01.349954 123403432212288 pretrain.py:352] Pretrain iter 00000545: loss=3.8018865164388197e-05, pmove=0.96313477
I0512 11:12:01.384691 123403432212288 pretrain.py:352] Pretrain iter 00000546: loss=3.4670197150111657e-05, pmove=0.96679688
I0512 11:12:01.419491 123403432212288 pretrain.py:352] Pretrain iter 00000547: loss=3.1577856044290324e-05, pmove=0.96337891
I0512 11:12:01.454153 123403432212288 pretrain.py:352] Pretrain iter 00000548: loss=3.0055588723903818e-05, pmove=0.96728516
I0512 11:12:01.488801 123403432212288 pretrain.py:352] Pretrain iter 00000549: loss=3.0903387018533620e-05, pmove=0.96264648
I0512 11:12:01.523564 123403432212288 pretrain.py:352] Pretrain iter 00000550: loss=3.2462258842316831e-05, pmove=0.97094727
I0512 11:12:01.558086 123403432212288 pretrain.py:352] Pretrain iter 00000551: loss=3.3313491108461824e-05, pmove=0.96069336
I0512 11:12:01.592767 123403432212288 pretrain.py:352] Pretrain iter 00000552: loss=3.2961893776684402e-05, pmove=0.95825195
I0512 11:12:01.627520 123403432212288 pretrain.py:352] Pretrain iter 00000553: loss=3.1474632342846952e-05, pmove=0.96118164
I0512 11:12:01.662275 123403432212288 pretrain.py:352] Pretrain iter 00000554: loss=3.0192266476577852e-05, pmove=0.96240234
I0512 11:12:01.697037 123403432212288 pretrain.py:352] Pretrain iter 00000555: loss=2.9941450883263102e-05, pmove=0.96655273
I0512 11:12:01.731799 123403432212288 pretrain.py:352] Pretrain iter 00000556: loss=3.0451079690798160e-05, pmove=0.96728516
I0512 11:12:01.766441 123403432212288 pretrain.py:352] Pretrain iter 00000557: loss=3.1260703477130317e-05, pmove=0.96362305
I0512 11:12:01.801249 123403432212288 pretrain.py:352] Pretrain iter 00000558: loss=3.1425406036687405e-05, pmove=0.96435547
I0512 11:12:01.835934 123403432212288 pretrain.py:352] Pretrain iter 00000559: loss=3.0983218047451037e-05, pmove=0.96411133
I0512 11:12:01.870337 123403432212288 pretrain.py:352] Pretrain iter 00000560: loss=3.0424590806197461e-05, pmove=0.96679688
I0512 11:12:01.905016 123403432212288 pretrain.py:352] Pretrain iter 00000561: loss=2.9959029279875059e-05, pmove=0.96508789
I0512 11:12:01.939769 123403432212288 pretrain.py:352] Pretrain iter 00000562: loss=3.0082280314490601e-05, pmove=0.96508789
I0512 11:12:01.974361 123403432212288 pretrain.py:352] Pretrain iter 00000563: loss=3.0572873367856888e-05, pmove=0.96533203
I0512 11:12:02.009040 123403432212288 pretrain.py:352] Pretrain iter 00000564: loss=3.0787859838165581e-05, pmove=0.96166992
I0512 11:12:02.043562 123403432212288 pretrain.py:352] Pretrain iter 00000565: loss=3.0428493639394078e-05, pmove=0.96704102
I0512 11:12:02.078229 123403432212288 pretrain.py:352] Pretrain iter 00000566: loss=3.0190125462828546e-05, pmove=0.96362305
I0512 11:12:02.113022 123403432212288 pretrain.py:352] Pretrain iter 00000567: loss=2.9694840586377987e-05, pmove=0.96435547
I0512 11:12:02.147458 123403432212288 pretrain.py:352] Pretrain iter 00000568: loss=2.9847300142608000e-05, pmove=0.96582031
I0512 11:12:02.182117 123403432212288 pretrain.py:352] Pretrain iter 00000569: loss=2.9684039047620960e-05, pmove=0.96484375
I0512 11:12:02.216771 123403432212288 pretrain.py:352] Pretrain iter 00000570: loss=2.9810401315438981e-05, pmove=0.96337891
I0512 11:12:02.251276 123403432212288 pretrain.py:352] Pretrain iter 00000571: loss=2.9959648311514464e-05, pmove=0.96362305
I0512 11:12:02.285944 123403432212288 pretrain.py:352] Pretrain iter 00000572: loss=3.0045498840264131e-05, pmove=0.96508789
I0512 11:12:02.320714 123403432212288 pretrain.py:352] Pretrain iter 00000573: loss=2.9890058604384200e-05, pmove=0.96337891
I0512 11:12:02.355441 123403432212288 pretrain.py:352] Pretrain iter 00000574: loss=2.9624687095819408e-05, pmove=0.96362305
I0512 11:12:02.390188 123403432212288 pretrain.py:352] Pretrain iter 00000575: loss=2.9288621547923567e-05, pmove=0.96630859
I0512 11:12:02.424896 123403432212288 pretrain.py:352] Pretrain iter 00000576: loss=2.9083378077030216e-05, pmove=0.96533203
I0512 11:12:02.459566 123403432212288 pretrain.py:352] Pretrain iter 00000577: loss=2.9143780262554632e-05, pmove=0.96386719
I0512 11:12:02.494128 123403432212288 pretrain.py:352] Pretrain iter 00000578: loss=2.9398679591195051e-05, pmove=0.96533203
I0512 11:12:02.528862 123403432212288 pretrain.py:352] Pretrain iter 00000579: loss=2.9539490408697131e-05, pmove=0.96728516
I0512 11:12:02.563447 123403432212288 pretrain.py:352] Pretrain iter 00000580: loss=2.9466660518333170e-05, pmove=0.96606445
I0512 11:12:02.598084 123403432212288 pretrain.py:352] Pretrain iter 00000581: loss=2.9615773544896103e-05, pmove=0.96386719
I0512 11:12:02.632774 123403432212288 pretrain.py:352] Pretrain iter 00000582: loss=2.9517735243191642e-05, pmove=0.96557617
I0512 11:12:02.667446 123403432212288 pretrain.py:352] Pretrain iter 00000583: loss=2.9468780297722422e-05, pmove=0.96166992
I0512 11:12:02.702112 123403432212288 pretrain.py:352] Pretrain iter 00000584: loss=2.9382681277597797e-05, pmove=0.96972656
I0512 11:12:02.736839 123403432212288 pretrain.py:352] Pretrain iter 00000585: loss=2.9129123878951996e-05, pmove=0.96630859
I0512 11:12:02.771507 123403432212288 pretrain.py:352] Pretrain iter 00000586: loss=2.8965927506974027e-05, pmove=0.96533203
I0512 11:12:02.806144 123403432212288 pretrain.py:352] Pretrain iter 00000587: loss=2.9092163210742388e-05, pmove=0.96606445
I0512 11:12:02.840825 123403432212288 pretrain.py:352] Pretrain iter 00000588: loss=2.8874085486001553e-05, pmove=0.96459961
I0512 11:12:02.875360 123403432212288 pretrain.py:352] Pretrain iter 00000589: loss=2.8807764305061020e-05, pmove=0.95971680
I0512 11:12:02.910032 123403432212288 pretrain.py:352] Pretrain iter 00000590: loss=2.8986667203077580e-05, pmove=0.96459961
I0512 11:12:02.944779 123403432212288 pretrain.py:352] Pretrain iter 00000591: loss=2.8606477516456854e-05, pmove=0.96655273
I0512 11:12:02.979463 123403432212288 pretrain.py:352] Pretrain iter 00000592: loss=2.8464843870602496e-05, pmove=0.96020508
I0512 11:12:03.014114 123403432212288 pretrain.py:352] Pretrain iter 00000593: loss=2.8492467382556605e-05, pmove=0.96289062
I0512 11:12:03.048770 123403432212288 pretrain.py:352] Pretrain iter 00000594: loss=2.8499453801235772e-05, pmove=0.96801758
I0512 11:12:03.083443 123403432212288 pretrain.py:352] Pretrain iter 00000595: loss=2.8476607176676365e-05, pmove=0.96313477
I0512 11:12:03.118195 123403432212288 pretrain.py:352] Pretrain iter 00000596: loss=2.8398643642637487e-05, pmove=0.96533203
I0512 11:12:03.152624 123403432212288 pretrain.py:352] Pretrain iter 00000597: loss=2.8448170134742790e-05, pmove=0.96484375
I0512 11:12:03.186735 123403432212288 pretrain.py:352] Pretrain iter 00000598: loss=2.8667162768126426e-05, pmove=0.96020508
I0512 11:12:03.221456 123403432212288 pretrain.py:352] Pretrain iter 00000599: loss=2.8976928381805583e-05, pmove=0.96313477
I0512 11:12:03.256129 123403432212288 pretrain.py:352] Pretrain iter 00000600: loss=2.9657145545956676e-05, pmove=0.96972656
I0512 11:12:03.290686 123403432212288 pretrain.py:352] Pretrain iter 00000601: loss=3.0667927022525552e-05, pmove=0.96875000
I0512 11:12:03.325566 123403432212288 pretrain.py:352] Pretrain iter 00000602: loss=3.2390238437734502e-05, pmove=0.96533203
I0512 11:12:03.360231 123403432212288 pretrain.py:352] Pretrain iter 00000603: loss=3.5188678407464946e-05, pmove=0.96386719
I0512 11:12:03.394633 123403432212288 pretrain.py:352] Pretrain iter 00000604: loss=3.8737164121137421e-05, pmove=0.96386719
I0512 11:12:03.429382 123403432212288 pretrain.py:352] Pretrain iter 00000605: loss=4.2060627451490315e-05, pmove=0.95629883
I0512 11:12:03.464010 123403432212288 pretrain.py:352] Pretrain iter 00000606: loss=4.2866876958237046e-05, pmove=0.96899414
I0512 11:12:03.498686 123403432212288 pretrain.py:352] Pretrain iter 00000607: loss=3.9945424860772761e-05, pmove=0.96264648
I0512 11:12:03.533420 123403432212288 pretrain.py:352] Pretrain iter 00000608: loss=3.3889067704933816e-05, pmove=0.96289062
I0512 11:12:03.568058 123403432212288 pretrain.py:352] Pretrain iter 00000609: loss=2.9309918937797967e-05, pmove=0.96435547
I0512 11:12:03.602671 123403432212288 pretrain.py:352] Pretrain iter 00000610: loss=2.8917117860768702e-05, pmove=0.96752930
I0512 11:12:03.637478 123403432212288 pretrain.py:352] Pretrain iter 00000611: loss=3.1525621064778931e-05, pmove=0.96875000
I0512 11:12:03.672125 123403432212288 pretrain.py:352] Pretrain iter 00000612: loss=3.3438502948268252e-05, pmove=0.96191406
I0512 11:12:03.706836 123403432212288 pretrain.py:352] Pretrain iter 00000613: loss=3.2218030586839697e-05, pmove=0.96411133
I0512 11:12:03.741645 123403432212288 pretrain.py:352] Pretrain iter 00000614: loss=2.9124753400719965e-05, pmove=0.96679688
I0512 11:12:03.776331 123403432212288 pretrain.py:352] Pretrain iter 00000615: loss=2.6972531853261151e-05, pmove=0.96728516
I0512 11:12:03.810989 123403432212288 pretrain.py:352] Pretrain iter 00000616: loss=2.8127896089282241e-05, pmove=0.96923828
I0512 11:12:03.845696 123403432212288 pretrain.py:352] Pretrain iter 00000617: loss=2.9892810789900704e-05, pmove=0.96337891
I0512 11:12:03.880240 123403432212288 pretrain.py:352] Pretrain iter 00000618: loss=3.0242366722647796e-05, pmove=0.96484375
I0512 11:12:03.915051 123403432212288 pretrain.py:352] Pretrain iter 00000619: loss=2.8804920078677259e-05, pmove=0.96630859
I0512 11:12:03.949506 123403432212288 pretrain.py:352] Pretrain iter 00000620: loss=2.7323337169795721e-05, pmove=0.96386719
I0512 11:12:03.984207 123403432212288 pretrain.py:352] Pretrain iter 00000621: loss=2.7107818804330941e-05, pmove=0.96728516
I0512 11:12:04.018681 123403432212288 pretrain.py:352] Pretrain iter 00000622: loss=2.7982370347598265e-05, pmove=0.96313477
I0512 11:12:04.053380 123403432212288 pretrain.py:352] Pretrain iter 00000623: loss=2.8506820226796986e-05, pmove=0.96362305
I0512 11:12:04.088066 123403432212288 pretrain.py:352] Pretrain iter 00000624: loss=2.7889947017039119e-05, pmove=0.96264648
I0512 11:12:04.122965 123403432212288 pretrain.py:352] Pretrain iter 00000625: loss=2.6888477910654817e-05, pmove=0.96508789
I0512 11:12:04.158301 123403432212288 pretrain.py:352] Pretrain iter 00000626: loss=2.6479773864023001e-05, pmove=0.96362305
I0512 11:12:04.192780 123403432212288 pretrain.py:352] Pretrain iter 00000627: loss=2.6788780229710448e-05, pmove=0.96215820
I0512 11:12:04.227495 123403432212288 pretrain.py:352] Pretrain iter 00000628: loss=2.7369705139636566e-05, pmove=0.96777344
I0512 11:12:04.262173 123403432212288 pretrain.py:352] Pretrain iter 00000629: loss=2.7383635950209450e-05, pmove=0.96459961
I0512 11:12:04.296843 123403432212288 pretrain.py:352] Pretrain iter 00000630: loss=2.6858142219366620e-05, pmove=0.96166992
I0512 11:12:04.331592 123403432212288 pretrain.py:352] Pretrain iter 00000631: loss=2.6737004793317593e-05, pmove=0.96313477
I0512 11:12:04.366306 123403432212288 pretrain.py:352] Pretrain iter 00000632: loss=2.6848790504967920e-05, pmove=0.95703125
I0512 11:12:04.401024 123403432212288 pretrain.py:352] Pretrain iter 00000633: loss=2.7207511849653206e-05, pmove=0.96728516
I0512 11:12:04.435476 123403432212288 pretrain.py:352] Pretrain iter 00000634: loss=2.7425593107562377e-05, pmove=0.96435547
I0512 11:12:04.470223 123403432212288 pretrain.py:352] Pretrain iter 00000635: loss=2.7439274454625319e-05, pmove=0.96704102
I0512 11:12:04.504927 123403432212288 pretrain.py:352] Pretrain iter 00000636: loss=2.7371103085591745e-05, pmove=0.96386719
I0512 11:12:04.539625 123403432212288 pretrain.py:352] Pretrain iter 00000637: loss=2.7304567954079317e-05, pmove=0.96582031
I0512 11:12:04.574224 123403432212288 pretrain.py:352] Pretrain iter 00000638: loss=2.7802835194860966e-05, pmove=0.96386719
I0512 11:12:04.608910 123403432212288 pretrain.py:352] Pretrain iter 00000639: loss=2.8414709602445559e-05, pmove=0.95971680
I0512 11:12:04.643546 123403432212288 pretrain.py:352] Pretrain iter 00000640: loss=2.8928909080786477e-05, pmove=0.96411133
I0512 11:12:04.678089 123403432212288 pretrain.py:352] Pretrain iter 00000641: loss=2.9380198473512568e-05, pmove=0.96875000
I0512 11:12:04.712728 123403432212288 pretrain.py:352] Pretrain iter 00000642: loss=2.9820900493875172e-05, pmove=0.95654297
I0512 11:12:04.747504 123403432212288 pretrain.py:352] Pretrain iter 00000643: loss=3.0419644135211066e-05, pmove=0.96630859
I0512 11:12:04.782191 123403432212288 pretrain.py:352] Pretrain iter 00000644: loss=3.0747136249161986e-05, pmove=0.96875000
I0512 11:12:04.816807 123403432212288 pretrain.py:352] Pretrain iter 00000645: loss=3.0742674218369710e-05, pmove=0.96484375
I0512 11:12:04.851488 123403432212288 pretrain.py:352] Pretrain iter 00000646: loss=3.0082293886646448e-05, pmove=0.96533203
I0512 11:12:04.885911 123403432212288 pretrain.py:352] Pretrain iter 00000647: loss=2.9130363749569654e-05, pmove=0.96948242
I0512 11:12:04.920653 123403432212288 pretrain.py:352] Pretrain iter 00000648: loss=2.8017035846214814e-05, pmove=0.96337891
I0512 11:12:04.955398 123403432212288 pretrain.py:352] Pretrain iter 00000649: loss=2.6860883521433952e-05, pmove=0.96777344
I0512 11:12:04.990078 123403432212288 pretrain.py:352] Pretrain iter 00000650: loss=2.6019687198005192e-05, pmove=0.96166992
I0512 11:12:05.024548 123403432212288 pretrain.py:352] Pretrain iter 00000651: loss=2.5393582217910587e-05, pmove=0.96630859
I0512 11:12:05.059224 123403432212288 pretrain.py:352] Pretrain iter 00000652: loss=2.5163100836726460e-05, pmove=0.96582031
I0512 11:12:05.093864 123403432212288 pretrain.py:352] Pretrain iter 00000653: loss=2.5076093333337175e-05, pmove=0.96630859
I0512 11:12:05.128625 123403432212288 pretrain.py:352] Pretrain iter 00000654: loss=2.5330993059348610e-05, pmove=0.96582031
I0512 11:12:05.163168 123403432212288 pretrain.py:352] Pretrain iter 00000655: loss=2.5512285750677415e-05, pmove=0.96313477
I0512 11:12:05.197798 123403432212288 pretrain.py:352] Pretrain iter 00000656: loss=2.5922326407051676e-05, pmove=0.96191406
I0512 11:12:05.232475 123403432212288 pretrain.py:352] Pretrain iter 00000657: loss=2.6188658263044734e-05, pmove=0.96826172
I0512 11:12:05.267105 123403432212288 pretrain.py:352] Pretrain iter 00000658: loss=2.6303784631830796e-05, pmove=0.96313477
I0512 11:12:05.301719 123403432212288 pretrain.py:352] Pretrain iter 00000659: loss=2.6291344621693395e-05, pmove=0.96337891
I0512 11:12:05.336453 123403432212288 pretrain.py:352] Pretrain iter 00000660: loss=2.6189311250688237e-05, pmove=0.96826172
I0512 11:12:05.370850 123403432212288 pretrain.py:352] Pretrain iter 00000661: loss=2.6020985276868239e-05, pmove=0.96386719
I0512 11:12:05.405485 123403432212288 pretrain.py:352] Pretrain iter 00000662: loss=2.5799194660361064e-05, pmove=0.96875000
I0512 11:12:05.440316 123403432212288 pretrain.py:352] Pretrain iter 00000663: loss=2.5349787645322412e-05, pmove=0.96752930
I0512 11:12:05.474708 123403432212288 pretrain.py:352] Pretrain iter 00000664: loss=2.5153335369573544e-05, pmove=0.96337891
I0512 11:12:05.509414 123403432212288 pretrain.py:352] Pretrain iter 00000665: loss=2.4741351643206787e-05, pmove=0.96215820
I0512 11:12:05.544181 123403432212288 pretrain.py:352] Pretrain iter 00000666: loss=2.4483364994615867e-05, pmove=0.96948242
I0512 11:12:05.578776 123403432212288 pretrain.py:352] Pretrain iter 00000667: loss=2.4482123778005187e-05, pmove=0.96850586
I0512 11:12:05.613504 123403432212288 pretrain.py:352] Pretrain iter 00000668: loss=2.4669499189037624e-05, pmove=0.95654297
I0512 11:12:05.648197 123403432212288 pretrain.py:352] Pretrain iter 00000669: loss=2.4909612959451091e-05, pmove=0.96459961
I0512 11:12:05.682586 123403432212288 pretrain.py:352] Pretrain iter 00000670: loss=2.5337436764669368e-05, pmove=0.96728516
I0512 11:12:05.717417 123403432212288 pretrain.py:352] Pretrain iter 00000671: loss=2.5987307615877317e-05, pmove=0.96459961
I0512 11:12:05.752118 123403432212288 pretrain.py:352] Pretrain iter 00000672: loss=2.6256596065376494e-05, pmove=0.97143555
I0512 11:12:05.786670 123403432212288 pretrain.py:352] Pretrain iter 00000673: loss=2.6196326837503931e-05, pmove=0.96582031
I0512 11:12:05.821352 123403432212288 pretrain.py:352] Pretrain iter 00000674: loss=2.6903929175242614e-05, pmove=0.95996094
I0512 11:12:05.856022 123403432212288 pretrain.py:352] Pretrain iter 00000675: loss=2.7521825361722106e-05, pmove=0.96630859
I0512 11:12:05.890715 123403432212288 pretrain.py:352] Pretrain iter 00000676: loss=2.7767825238863779e-05, pmove=0.96508789
I0512 11:12:05.925382 123403432212288 pretrain.py:352] Pretrain iter 00000677: loss=2.8730362835023458e-05, pmove=0.96191406
I0512 11:12:05.960110 123403432212288 pretrain.py:352] Pretrain iter 00000678: loss=2.9662977558122204e-05, pmove=0.96313477
I0512 11:12:05.994800 123403432212288 pretrain.py:352] Pretrain iter 00000679: loss=3.0928870205748402e-05, pmove=0.96679688
I0512 11:12:06.029519 123403432212288 pretrain.py:352] Pretrain iter 00000680: loss=3.2223757950704295e-05, pmove=0.96533203
I0512 11:12:06.063975 123403432212288 pretrain.py:352] Pretrain iter 00000681: loss=3.3429514587109504e-05, pmove=0.96240234
I0512 11:12:06.098698 123403432212288 pretrain.py:352] Pretrain iter 00000682: loss=3.4300255376401294e-05, pmove=0.96508789
I0512 11:12:06.133467 123403432212288 pretrain.py:352] Pretrain iter 00000683: loss=3.4247082808857352e-05, pmove=0.95947266
I0512 11:12:06.168017 123403432212288 pretrain.py:352] Pretrain iter 00000684: loss=3.2967232123474892e-05, pmove=0.96142578
I0512 11:12:06.202710 123403432212288 pretrain.py:352] Pretrain iter 00000685: loss=3.0669465448487438e-05, pmove=0.96899414
I0512 11:12:06.237421 123403432212288 pretrain.py:352] Pretrain iter 00000686: loss=2.8248760173240447e-05, pmove=0.95849609
I0512 11:12:06.271909 123403432212288 pretrain.py:352] Pretrain iter 00000687: loss=2.5939184888273064e-05, pmove=0.96264648
I0512 11:12:06.306581 123403432212288 pretrain.py:352] Pretrain iter 00000688: loss=2.4938097225771261e-05, pmove=0.96093750
I0512 11:12:06.341455 123403432212288 pretrain.py:352] Pretrain iter 00000689: loss=2.5198212262700338e-05, pmove=0.96533203
I0512 11:12:06.375883 123403432212288 pretrain.py:352] Pretrain iter 00000690: loss=2.6023700949260283e-05, pmove=0.96655273
I0512 11:12:06.410700 123403432212288 pretrain.py:352] Pretrain iter 00000691: loss=2.7111082582494146e-05, pmove=0.96142578
I0512 11:12:06.445468 123403432212288 pretrain.py:352] Pretrain iter 00000692: loss=2.7641619450716845e-05, pmove=0.96313477
I0512 11:12:06.480170 123403432212288 pretrain.py:352] Pretrain iter 00000693: loss=2.7807812959261812e-05, pmove=0.96337891
I0512 11:12:06.514685 123403432212288 pretrain.py:352] Pretrain iter 00000694: loss=2.7283530131917822e-05, pmove=0.95751953
I0512 11:12:06.549383 123403432212288 pretrain.py:352] Pretrain iter 00000695: loss=2.6139222098574563e-05, pmove=0.96582031
I0512 11:12:06.583849 123403432212288 pretrain.py:352] Pretrain iter 00000696: loss=2.5068971422088749e-05, pmove=0.96752930
I0512 11:12:06.618518 123403432212288 pretrain.py:352] Pretrain iter 00000697: loss=2.4363047891670969e-05, pmove=0.96826172
I0512 11:12:06.653115 123403432212288 pretrain.py:352] Pretrain iter 00000698: loss=2.4181179180275155e-05, pmove=0.96386719
I0512 11:12:06.687847 123403432212288 pretrain.py:352] Pretrain iter 00000699: loss=2.4229590963804952e-05, pmove=0.96118164
I0512 11:12:06.722389 123403432212288 pretrain.py:352] Pretrain iter 00000700: loss=2.4226720647914218e-05, pmove=0.96728516
I0512 11:12:06.757105 123403432212288 pretrain.py:352] Pretrain iter 00000701: loss=2.4748491687832546e-05, pmove=0.96484375
I0512 11:12:06.791518 123403432212288 pretrain.py:352] Pretrain iter 00000702: loss=2.5126604163160713e-05, pmove=0.95654297
I0512 11:12:06.826245 123403432212288 pretrain.py:352] Pretrain iter 00000703: loss=2.5486719651346202e-05, pmove=0.96435547
I0512 11:12:06.860687 123403432212288 pretrain.py:352] Pretrain iter 00000704: loss=2.5560676632328515e-05, pmove=0.96386719
I0512 11:12:06.895396 123403432212288 pretrain.py:352] Pretrain iter 00000705: loss=2.5354751896095964e-05, pmove=0.96191406
I0512 11:12:06.930125 123403432212288 pretrain.py:352] Pretrain iter 00000706: loss=2.5014055391963905e-05, pmove=0.96191406
I0512 11:12:06.964627 123403432212288 pretrain.py:352] Pretrain iter 00000707: loss=2.4747944925469792e-05, pmove=0.96923828
I0512 11:12:06.999307 123403432212288 pretrain.py:352] Pretrain iter 00000708: loss=2.4501404849730347e-05, pmove=0.96655273
I0512 11:12:07.033986 123403432212288 pretrain.py:352] Pretrain iter 00000709: loss=2.3930333616442946e-05, pmove=0.96801758
I0512 11:12:07.068597 123403432212288 pretrain.py:352] Pretrain iter 00000710: loss=2.3584896871250298e-05, pmove=0.96533203
I0512 11:12:07.103264 123403432212288 pretrain.py:352] Pretrain iter 00000711: loss=2.3495939535476767e-05, pmove=0.96484375
I0512 11:12:07.138028 123403432212288 pretrain.py:352] Pretrain iter 00000712: loss=2.3734619139675171e-05, pmove=0.96459961
I0512 11:12:07.172420 123403432212288 pretrain.py:352] Pretrain iter 00000713: loss=2.3307329474735681e-05, pmove=0.96777344
I0512 11:12:07.207114 123403432212288 pretrain.py:352] Pretrain iter 00000714: loss=2.3178140519847163e-05, pmove=0.96264648
I0512 11:12:07.241848 123403432212288 pretrain.py:352] Pretrain iter 00000715: loss=2.3205968816240650e-05, pmove=0.96557617
I0512 11:12:07.276403 123403432212288 pretrain.py:352] Pretrain iter 00000716: loss=2.3237655962349727e-05, pmove=0.96313477
I0512 11:12:07.311069 123403432212288 pretrain.py:352] Pretrain iter 00000717: loss=2.3259199515308817e-05, pmove=0.96362305
I0512 11:12:07.345592 123403432212288 pretrain.py:352] Pretrain iter 00000718: loss=2.3269493655642108e-05, pmove=0.96191406
I0512 11:12:07.380296 123403432212288 pretrain.py:352] Pretrain iter 00000719: loss=2.3678873200898377e-05, pmove=0.96191406
I0512 11:12:07.414925 123403432212288 pretrain.py:352] Pretrain iter 00000720: loss=2.3901120906018508e-05, pmove=0.96240234
I0512 11:12:07.449574 123403432212288 pretrain.py:352] Pretrain iter 00000721: loss=2.4176493256875290e-05, pmove=0.96337891
I0512 11:12:07.484258 123403432212288 pretrain.py:352] Pretrain iter 00000722: loss=2.4263102042222214e-05, pmove=0.96289062
I0512 11:12:07.518972 123403432212288 pretrain.py:352] Pretrain iter 00000723: loss=2.4732010482799436e-05, pmove=0.96533203
I0512 11:12:07.553698 123403432212288 pretrain.py:352] Pretrain iter 00000724: loss=2.4837379874960440e-05, pmove=0.96166992
I0512 11:12:07.588356 123403432212288 pretrain.py:352] Pretrain iter 00000725: loss=2.5269321956797859e-05, pmove=0.96484375
I0512 11:12:07.623089 123403432212288 pretrain.py:352] Pretrain iter 00000726: loss=2.5868608849724652e-05, pmove=0.96215820
I0512 11:12:07.657762 123403432212288 pretrain.py:352] Pretrain iter 00000727: loss=2.6907537333638730e-05, pmove=0.96386719
I0512 11:12:07.692471 123403432212288 pretrain.py:352] Pretrain iter 00000728: loss=2.8642952674360953e-05, pmove=0.95922852
I0512 11:12:07.727214 123403432212288 pretrain.py:352] Pretrain iter 00000729: loss=3.0693070248706875e-05, pmove=0.95800781
I0512 11:12:07.761646 123403432212288 pretrain.py:352] Pretrain iter 00000730: loss=3.3231102628732539e-05, pmove=0.96093750
I0512 11:12:07.796315 123403432212288 pretrain.py:352] Pretrain iter 00000731: loss=3.5788353409593836e-05, pmove=0.96435547
I0512 11:12:07.830798 123403432212288 pretrain.py:352] Pretrain iter 00000732: loss=3.8268051212086892e-05, pmove=0.96704102
I0512 11:12:07.865461 123403432212288 pretrain.py:352] Pretrain iter 00000733: loss=3.8627359271630615e-05, pmove=0.96313477
I0512 11:12:07.900114 123403432212288 pretrain.py:352] Pretrain iter 00000734: loss=3.6427521416226658e-05, pmove=0.96435547
I0512 11:12:07.934661 123403432212288 pretrain.py:352] Pretrain iter 00000735: loss=3.1741521029568163e-05, pmove=0.96826172
I0512 11:12:07.969372 123403432212288 pretrain.py:352] Pretrain iter 00000736: loss=2.7168280321989418e-05, pmove=0.96508789
I0512 11:12:08.004028 123403432212288 pretrain.py:352] Pretrain iter 00000737: loss=2.5213659104380599e-05, pmove=0.96411133
I0512 11:12:08.038681 123403432212288 pretrain.py:352] Pretrain iter 00000738: loss=2.5754296897597634e-05, pmove=0.95849609
I0512 11:12:08.073347 123403432212288 pretrain.py:352] Pretrain iter 00000739: loss=2.8797350400664876e-05, pmove=0.96386719
I0512 11:12:08.107868 123403432212288 pretrain.py:352] Pretrain iter 00000740: loss=3.1118934805636188e-05, pmove=0.96533203
I0512 11:12:08.142537 123403432212288 pretrain.py:352] Pretrain iter 00000741: loss=3.0600628850307973e-05, pmove=0.95971680
I0512 11:12:08.177238 123403432212288 pretrain.py:352] Pretrain iter 00000742: loss=2.7593998045983604e-05, pmove=0.96606445
I0512 11:12:08.211938 123403432212288 pretrain.py:352] Pretrain iter 00000743: loss=2.4330058871511255e-05, pmove=0.96630859
I0512 11:12:08.246541 123403432212288 pretrain.py:352] Pretrain iter 00000744: loss=2.3195174888438045e-05, pmove=0.96289062
I0512 11:12:08.281349 123403432212288 pretrain.py:352] Pretrain iter 00000745: loss=2.3859213475255329e-05, pmove=0.96362305
I0512 11:12:08.315674 123403432212288 pretrain.py:352] Pretrain iter 00000746: loss=2.5107095914524744e-05, pmove=0.96264648
I0512 11:12:08.349711 123403432212288 pretrain.py:352] Pretrain iter 00000747: loss=2.5616229874200255e-05, pmove=0.96093750
I0512 11:12:08.384205 123403432212288 pretrain.py:352] Pretrain iter 00000748: loss=2.4676766260248929e-05, pmove=0.96704102
I0512 11:12:08.418891 123403432212288 pretrain.py:352] Pretrain iter 00000749: loss=2.2796904351320613e-05, pmove=0.96142578
I0512 11:12:08.453354 123403432212288 pretrain.py:352] Pretrain iter 00000750: loss=2.2165700781129847e-05, pmove=0.95922852
I0512 11:12:08.488042 123403432212288 pretrain.py:352] Pretrain iter 00000751: loss=2.2766214941663980e-05, pmove=0.97021484
I0512 11:12:08.522547 123403432212288 pretrain.py:352] Pretrain iter 00000752: loss=2.3472422562112778e-05, pmove=0.96313477
I0512 11:12:08.557255 123403432212288 pretrain.py:352] Pretrain iter 00000753: loss=2.3507078943669795e-05, pmove=0.96459961
I0512 11:12:08.591887 123403432212288 pretrain.py:352] Pretrain iter 00000754: loss=2.2855146007029167e-05, pmove=0.97070312
I0512 11:12:08.626535 123403432212288 pretrain.py:352] Pretrain iter 00000755: loss=2.2086328070325929e-05, pmove=0.96166992
I0512 11:12:08.661177 123403432212288 pretrain.py:352] Pretrain iter 00000756: loss=2.1715381753460405e-05, pmove=0.96875000
I0512 11:12:08.695737 123403432212288 pretrain.py:352] Pretrain iter 00000757: loss=2.1842408129775583e-05, pmove=0.96191406
I0512 11:12:08.730653 123403432212288 pretrain.py:352] Pretrain iter 00000758: loss=2.2153453025851105e-05, pmove=0.96582031
I0512 11:12:08.765079 123403432212288 pretrain.py:352] Pretrain iter 00000759: loss=2.2168485348389386e-05, pmove=0.96484375
I0512 11:12:08.799737 123403432212288 pretrain.py:352] Pretrain iter 00000760: loss=2.2006867790370391e-05, pmove=0.96557617
I0512 11:12:08.834425 123403432212288 pretrain.py:352] Pretrain iter 00000761: loss=2.1506048841930612e-05, pmove=0.96435547
I0512 11:12:08.868913 123403432212288 pretrain.py:352] Pretrain iter 00000762: loss=2.1256941547499849e-05, pmove=0.96289062
I0512 11:12:08.903572 123403432212288 pretrain.py:352] Pretrain iter 00000763: loss=2.1341863164408795e-05, pmove=0.95898438
I0512 11:12:08.938354 123403432212288 pretrain.py:352] Pretrain iter 00000764: loss=2.1449536190931286e-05, pmove=0.96289062
I0512 11:12:08.973078 123403432212288 pretrain.py:352] Pretrain iter 00000765: loss=2.1819135556678291e-05, pmove=0.96630859
I0512 11:12:09.007693 123403432212288 pretrain.py:352] Pretrain iter 00000766: loss=2.1638044836688140e-05, pmove=0.96142578
I0512 11:12:09.042412 123403432212288 pretrain.py:352] Pretrain iter 00000767: loss=2.1387329999035920e-05, pmove=0.96435547
I0512 11:12:09.077042 123403432212288 pretrain.py:352] Pretrain iter 00000768: loss=2.1563157634252104e-05, pmove=0.96972656
I0512 11:12:09.111660 123403432212288 pretrain.py:352] Pretrain iter 00000769: loss=2.1446049251954414e-05, pmove=0.97045898
I0512 11:12:09.146497 123403432212288 pretrain.py:352] Pretrain iter 00000770: loss=2.1725569146419162e-05, pmove=0.96704102
I0512 11:12:09.181197 123403432212288 pretrain.py:352] Pretrain iter 00000771: loss=2.2187464199596960e-05, pmove=0.95922852
I0512 11:12:09.215871 123403432212288 pretrain.py:352] Pretrain iter 00000772: loss=2.2806221667885543e-05, pmove=0.96459961
I0512 11:12:09.250564 123403432212288 pretrain.py:352] Pretrain iter 00000773: loss=2.3756592430830353e-05, pmove=0.96435547
I0512 11:12:09.285247 123403432212288 pretrain.py:352] Pretrain iter 00000774: loss=2.4999450326635373e-05, pmove=0.96704102
I0512 11:12:09.319961 123403432212288 pretrain.py:352] Pretrain iter 00000775: loss=2.6193937132167522e-05, pmove=0.96533203
I0512 11:12:09.354644 123403432212288 pretrain.py:352] Pretrain iter 00000776: loss=2.8348251061080156e-05, pmove=0.96289062
I0512 11:12:09.389303 123403432212288 pretrain.py:352] Pretrain iter 00000777: loss=3.1094882430205395e-05, pmove=0.96508789
I0512 11:12:09.423888 123403432212288 pretrain.py:352] Pretrain iter 00000778: loss=3.4993249398883051e-05, pmove=0.96801758
I0512 11:12:09.458510 123403432212288 pretrain.py:352] Pretrain iter 00000779: loss=3.9463980928681528e-05, pmove=0.96313477
I0512 11:12:09.493191 123403432212288 pretrain.py:352] Pretrain iter 00000780: loss=4.3558682883665697e-05, pmove=0.96777344
I0512 11:12:09.527890 123403432212288 pretrain.py:352] Pretrain iter 00000781: loss=4.5006721734487586e-05, pmove=0.96752930
I0512 11:12:09.562546 123403432212288 pretrain.py:352] Pretrain iter 00000782: loss=4.2436906234308629e-05, pmove=0.95996094
I0512 11:12:09.597144 123403432212288 pretrain.py:352] Pretrain iter 00000783: loss=3.5569520329018558e-05, pmove=0.96630859
I0512 11:12:09.631760 123403432212288 pretrain.py:352] Pretrain iter 00000784: loss=2.7867379250670950e-05, pmove=0.96508789
I0512 11:12:09.666414 123403432212288 pretrain.py:352] Pretrain iter 00000785: loss=2.2665171514718796e-05, pmove=0.96411133
I0512 11:12:09.701047 123403432212288 pretrain.py:352] Pretrain iter 00000786: loss=2.1734018841182187e-05, pmove=0.96557617
I0512 11:12:09.735895 123403432212288 pretrain.py:352] Pretrain iter 00000787: loss=2.4920456272420750e-05, pmove=0.95800781
I0512 11:12:09.770540 123403432212288 pretrain.py:352] Pretrain iter 00000788: loss=2.9296481164609884e-05, pmove=0.96289062
I0512 11:12:09.805196 123403432212288 pretrain.py:352] Pretrain iter 00000789: loss=3.0142904728472218e-05, pmove=0.96826172
I0512 11:12:09.839834 123403432212288 pretrain.py:352] Pretrain iter 00000790: loss=2.7417726949427644e-05, pmove=0.95947266
I0512 11:12:09.874489 123403432212288 pretrain.py:352] Pretrain iter 00000791: loss=2.3644619010312463e-05, pmove=0.96435547
I0512 11:12:09.909151 123403432212288 pretrain.py:352] Pretrain iter 00000792: loss=2.1297243459985793e-05, pmove=0.96533203
I0512 11:12:09.943640 123403432212288 pretrain.py:352] Pretrain iter 00000793: loss=2.2198357724019961e-05, pmove=0.96289062
I0512 11:12:09.978431 123403432212288 pretrain.py:352] Pretrain iter 00000794: loss=2.3679005673293708e-05, pmove=0.96630859
I0512 11:12:10.012928 123403432212288 pretrain.py:352] Pretrain iter 00000795: loss=2.4657460410042774e-05, pmove=0.96801758
I0512 11:12:10.047558 123403432212288 pretrain.py:352] Pretrain iter 00000796: loss=2.4353528832691873e-05, pmove=0.96533203
I0512 11:12:10.082226 123403432212288 pretrain.py:352] Pretrain iter 00000797: loss=2.2668354417357530e-05, pmove=0.96142578
I0512 11:12:10.116884 123403432212288 pretrain.py:352] Pretrain iter 00000798: loss=2.1849856623439561e-05, pmove=0.95996094
I0512 11:12:10.151568 123403432212288 pretrain.py:352] Pretrain iter 00000799: loss=2.1227216696407839e-05, pmove=0.96118164
I0512 11:12:10.186137 123403432212288 pretrain.py:352] Pretrain iter 00000800: loss=2.1498127737927281e-05, pmove=0.96704102
I0512 11:12:10.220747 123403432212288 pretrain.py:352] Pretrain iter 00000801: loss=2.1702209625459409e-05, pmove=0.96142578
I0512 11:12:10.255367 123403432212288 pretrain.py:352] Pretrain iter 00000802: loss=2.1721993736995762e-05, pmove=0.95996094
I0512 11:12:10.290079 123403432212288 pretrain.py:352] Pretrain iter 00000803: loss=2.1346573284203541e-05, pmove=0.96484375
I0512 11:12:10.324796 123403432212288 pretrain.py:352] Pretrain iter 00000804: loss=2.0732958496032307e-05, pmove=0.96240234
I0512 11:12:10.359075 123403432212288 pretrain.py:352] Pretrain iter 00000805: loss=2.0674060293449858e-05, pmove=0.96484375
I0512 11:12:10.393780 123403432212288 pretrain.py:352] Pretrain iter 00000806: loss=2.0921882554682315e-05, pmove=0.96289062
I0512 11:12:10.428475 123403432212288 pretrain.py:352] Pretrain iter 00000807: loss=2.1079914371609467e-05, pmove=0.96142578
I0512 11:12:10.463144 123403432212288 pretrain.py:352] Pretrain iter 00000808: loss=2.1222511121070192e-05, pmove=0.96289062
I0512 11:12:10.497776 123403432212288 pretrain.py:352] Pretrain iter 00000809: loss=2.0996229018043530e-05, pmove=0.96142578
I0512 11:12:10.532498 123403432212288 pretrain.py:352] Pretrain iter 00000810: loss=2.0437619857006443e-05, pmove=0.96728516
I0512 11:12:10.566938 123403432212288 pretrain.py:352] Pretrain iter 00000811: loss=2.0082450412556646e-05, pmove=0.96386719
I0512 11:12:10.601526 123403432212288 pretrain.py:352] Pretrain iter 00000812: loss=1.9803767617955155e-05, pmove=0.96484375
I0512 11:12:10.636003 123403432212288 pretrain.py:352] Pretrain iter 00000813: loss=1.9821810364810471e-05, pmove=0.96801758
I0512 11:12:10.670612 123403432212288 pretrain.py:352] Pretrain iter 00000814: loss=2.0151383035744579e-05, pmove=0.96801758
I0512 11:12:10.705138 123403432212288 pretrain.py:352] Pretrain iter 00000815: loss=2.0377605174513737e-05, pmove=0.96142578
I0512 11:12:10.739923 123403432212288 pretrain.py:352] Pretrain iter 00000816: loss=2.0170708314443385e-05, pmove=0.95971680
I0512 11:12:10.774510 123403432212288 pretrain.py:352] Pretrain iter 00000817: loss=1.9867848157916816e-05, pmove=0.96240234
I0512 11:12:10.809234 123403432212288 pretrain.py:352] Pretrain iter 00000818: loss=1.9660063789475802e-05, pmove=0.96191406
I0512 11:12:10.843860 123403432212288 pretrain.py:352] Pretrain iter 00000819: loss=1.9445055634085671e-05, pmove=0.96533203
I0512 11:12:10.878521 123403432212288 pretrain.py:352] Pretrain iter 00000820: loss=1.9480762426474534e-05, pmove=0.96459961
I0512 11:12:10.913196 123403432212288 pretrain.py:352] Pretrain iter 00000821: loss=1.9648142075700223e-05, pmove=0.96557617
I0512 11:12:10.947686 123403432212288 pretrain.py:352] Pretrain iter 00000822: loss=2.0264787826316555e-05, pmove=0.96069336
I0512 11:12:10.982356 123403432212288 pretrain.py:352] Pretrain iter 00000823: loss=2.0022819279030071e-05, pmove=0.96142578
I0512 11:12:11.016924 123403432212288 pretrain.py:352] Pretrain iter 00000824: loss=2.0049499212174051e-05, pmove=0.96606445
I0512 11:12:11.051586 123403432212288 pretrain.py:352] Pretrain iter 00000825: loss=1.9901138241348078e-05, pmove=0.96899414
I0512 11:12:11.086161 123403432212288 pretrain.py:352] Pretrain iter 00000826: loss=1.9586964223369235e-05, pmove=0.96533203
I0512 11:12:11.120848 123403432212288 pretrain.py:352] Pretrain iter 00000827: loss=1.9782548872582816e-05, pmove=0.96630859
I0512 11:12:11.155430 123403432212288 pretrain.py:352] Pretrain iter 00000828: loss=1.9656356294537249e-05, pmove=0.96093750
I0512 11:12:11.190128 123403432212288 pretrain.py:352] Pretrain iter 00000829: loss=1.9821494358064947e-05, pmove=0.96459961
I0512 11:12:11.224747 123403432212288 pretrain.py:352] Pretrain iter 00000830: loss=1.9767069698481984e-05, pmove=0.96997070
I0512 11:12:11.259402 123403432212288 pretrain.py:352] Pretrain iter 00000831: loss=1.9580296827455070e-05, pmove=0.96313477
I0512 11:12:11.294107 123403432212288 pretrain.py:352] Pretrain iter 00000832: loss=1.9978646532351217e-05, pmove=0.96411133
I0512 11:12:11.328843 123403432212288 pretrain.py:352] Pretrain iter 00000833: loss=1.9969070449382047e-05, pmove=0.96289062
I0512 11:12:11.363264 123403432212288 pretrain.py:352] Pretrain iter 00000834: loss=2.0132197271411130e-05, pmove=0.96508789
I0512 11:12:11.397969 123403432212288 pretrain.py:352] Pretrain iter 00000835: loss=2.0453405349783648e-05, pmove=0.96508789
I0512 11:12:11.432478 123403432212288 pretrain.py:352] Pretrain iter 00000836: loss=2.0495572205201637e-05, pmove=0.96630859
I0512 11:12:11.467143 123403432212288 pretrain.py:352] Pretrain iter 00000837: loss=2.0846818052547543e-05, pmove=0.96435547
I0512 11:12:11.501586 123403432212288 pretrain.py:352] Pretrain iter 00000838: loss=2.1856634892021137e-05, pmove=0.96191406
I0512 11:12:11.536397 123403432212288 pretrain.py:352] Pretrain iter 00000839: loss=2.3570242842671488e-05, pmove=0.96240234
I0512 11:12:11.570961 123403432212288 pretrain.py:352] Pretrain iter 00000840: loss=2.6274597679988027e-05, pmove=0.96630859
I0512 11:12:11.605606 123403432212288 pretrain.py:352] Pretrain iter 00000841: loss=3.0933133855452218e-05, pmove=0.96435547
I0512 11:12:11.640136 123403432212288 pretrain.py:352] Pretrain iter 00000842: loss=3.7871378651319599e-05, pmove=0.96630859
I0512 11:12:11.674756 123403432212288 pretrain.py:352] Pretrain iter 00000843: loss=4.7580441485631793e-05, pmove=0.96606445
I0512 11:12:11.709456 123403432212288 pretrain.py:352] Pretrain iter 00000844: loss=5.7752606924004684e-05, pmove=0.96191406
I0512 11:12:11.744096 123403432212288 pretrain.py:352] Pretrain iter 00000845: loss=6.3920699921647128e-05, pmove=0.96093750
I0512 11:12:11.778794 123403432212288 pretrain.py:352] Pretrain iter 00000846: loss=5.7002099069570765e-05, pmove=0.96386719
I0512 11:12:11.813473 123403432212288 pretrain.py:352] Pretrain iter 00000847: loss=4.0630722572994469e-05, pmove=0.96215820
I0512 11:12:11.848167 123403432212288 pretrain.py:352] Pretrain iter 00000848: loss=2.5745257594184114e-05, pmove=0.96679688
I0512 11:12:11.882825 123403432212288 pretrain.py:352] Pretrain iter 00000849: loss=2.4268918480458165e-05, pmove=0.96362305
I0512 11:12:11.917511 123403432212288 pretrain.py:352] Pretrain iter 00000850: loss=3.3038806736118058e-05, pmove=0.96484375
I0512 11:12:11.952272 123403432212288 pretrain.py:352] Pretrain iter 00000851: loss=3.8062968696485835e-05, pmove=0.96533203
I0512 11:12:11.986915 123403432212288 pretrain.py:352] Pretrain iter 00000852: loss=3.2556633603335994e-05, pmove=0.96191406
I0512 11:12:12.021538 123403432212288 pretrain.py:352] Pretrain iter 00000853: loss=2.2875073384100951e-05, pmove=0.96142578
I0512 11:12:12.056011 123403432212288 pretrain.py:352] Pretrain iter 00000854: loss=2.0794253333772581e-05, pmove=0.96337891
I0512 11:12:12.090676 123403432212288 pretrain.py:352] Pretrain iter 00000855: loss=2.6694877015631046e-05, pmove=0.96459961
I0512 11:12:12.125475 123403432212288 pretrain.py:352] Pretrain iter 00000856: loss=3.1250655525016011e-05, pmove=0.96020508
I0512 11:12:12.160161 123403432212288 pretrain.py:352] Pretrain iter 00000857: loss=2.7948699062837176e-05, pmove=0.96166992
I0512 11:12:12.194830 123403432212288 pretrain.py:352] Pretrain iter 00000858: loss=2.1258296407802673e-05, pmove=0.96606445
I0512 11:12:12.229476 123403432212288 pretrain.py:352] Pretrain iter 00000859: loss=2.0084928735309645e-05, pmove=0.96484375
I0512 11:12:12.264224 123403432212288 pretrain.py:352] Pretrain iter 00000860: loss=2.3936422216368919e-05, pmove=0.96704102
I0512 11:12:12.298791 123403432212288 pretrain.py:352] Pretrain iter 00000861: loss=2.6319248172530621e-05, pmove=0.96655273
I0512 11:12:12.333553 123403432212288 pretrain.py:352] Pretrain iter 00000862: loss=2.3898764287826007e-05, pmove=0.96655273
I0512 11:12:12.368181 123403432212288 pretrain.py:352] Pretrain iter 00000863: loss=2.0348758827109773e-05, pmove=0.96606445
I0512 11:12:12.402890 123403432212288 pretrain.py:352] Pretrain iter 00000864: loss=2.0507250717824545e-05, pmove=0.96484375
I0512 11:12:12.437442 123403432212288 pretrain.py:352] Pretrain iter 00000865: loss=2.2946705427741341e-05, pmove=0.96093750
I0512 11:12:12.472090 123403432212288 pretrain.py:352] Pretrain iter 00000866: loss=2.3230393281018658e-05, pmove=0.96191406
I0512 11:12:12.506484 123403432212288 pretrain.py:352] Pretrain iter 00000867: loss=2.1110808662216375e-05, pmove=0.96655273
I0512 11:12:12.541241 123403432212288 pretrain.py:352] Pretrain iter 00000868: loss=1.9475465986231006e-05, pmove=0.96752930
I0512 11:12:12.575724 123403432212288 pretrain.py:352] Pretrain iter 00000869: loss=2.0285245017723765e-05, pmove=0.96459961
I0512 11:12:12.610380 123403432212288 pretrain.py:352] Pretrain iter 00000870: loss=2.1477046059526125e-05, pmove=0.96679688
I0512 11:12:12.644919 123403432212288 pretrain.py:352] Pretrain iter 00000871: loss=2.1262193321341805e-05, pmove=0.96240234
I0512 11:12:12.679597 123403432212288 pretrain.py:352] Pretrain iter 00000872: loss=2.0000186268662642e-05, pmove=0.96728516
I0512 11:12:12.714166 123403432212288 pretrain.py:352] Pretrain iter 00000873: loss=1.9421648464809521e-05, pmove=0.95898438
I0512 11:12:12.748939 123403432212288 pretrain.py:352] Pretrain iter 00000874: loss=2.0236199670866847e-05, pmove=0.96459961
I0512 11:12:12.783396 123403432212288 pretrain.py:352] Pretrain iter 00000875: loss=2.0753793976361314e-05, pmove=0.95922852
I0512 11:12:12.818104 123403432212288 pretrain.py:352] Pretrain iter 00000876: loss=1.9951499395321089e-05, pmove=0.95996094
I0512 11:12:12.852787 123403432212288 pretrain.py:352] Pretrain iter 00000877: loss=1.8940796823402526e-05, pmove=0.96118164
I0512 11:12:12.887288 123403432212288 pretrain.py:352] Pretrain iter 00000878: loss=1.9090348184357257e-05, pmove=0.96606445
I0512 11:12:12.922002 123403432212288 pretrain.py:352] Pretrain iter 00000879: loss=1.9576093462572815e-05, pmove=0.96362305
I0512 11:12:12.956532 123403432212288 pretrain.py:352] Pretrain iter 00000880: loss=2.0001192411166380e-05, pmove=0.96362305
I0512 11:12:12.991228 123403432212288 pretrain.py:352] Pretrain iter 00000881: loss=1.9405029453976443e-05, pmove=0.96972656
I0512 11:12:13.025837 123403432212288 pretrain.py:352] Pretrain iter 00000882: loss=1.8904016482255502e-05, pmove=0.96411133
I0512 11:12:13.060477 123403432212288 pretrain.py:352] Pretrain iter 00000883: loss=1.8756943553819259e-05, pmove=0.97143555
I0512 11:12:13.095106 123403432212288 pretrain.py:352] Pretrain iter 00000884: loss=1.9105383161658612e-05, pmove=0.96630859
I0512 11:12:13.129877 123403432212288 pretrain.py:352] Pretrain iter 00000885: loss=1.9043451525128885e-05, pmove=0.96264648
I0512 11:12:13.164510 123403432212288 pretrain.py:352] Pretrain iter 00000886: loss=1.8853562281346911e-05, pmove=0.96533203
I0512 11:12:13.199256 123403432212288 pretrain.py:352] Pretrain iter 00000887: loss=1.8358869215555367e-05, pmove=0.96752930
I0512 11:12:13.233891 123403432212288 pretrain.py:352] Pretrain iter 00000888: loss=1.8569881209609590e-05, pmove=0.96411133
I0512 11:12:13.268567 123403432212288 pretrain.py:352] Pretrain iter 00000889: loss=1.8422475542048950e-05, pmove=0.96533203
I0512 11:12:13.303324 123403432212288 pretrain.py:352] Pretrain iter 00000890: loss=1.8448723345229367e-05, pmove=0.96411133
I0512 11:12:13.338084 123403432212288 pretrain.py:352] Pretrain iter 00000891: loss=1.8528484447783581e-05, pmove=0.96508789
I0512 11:12:13.372514 123403432212288 pretrain.py:352] Pretrain iter 00000892: loss=1.8376397994453300e-05, pmove=0.96557617
I0512 11:12:13.407242 123403432212288 pretrain.py:352] Pretrain iter 00000893: loss=1.8155536517914404e-05, pmove=0.96264648
I0512 11:12:13.441894 123403432212288 pretrain.py:352] Pretrain iter 00000894: loss=1.8358706919743395e-05, pmove=0.96313477
I0512 11:12:13.476532 123403432212288 pretrain.py:352] Pretrain iter 00000895: loss=1.8488347652028018e-05, pmove=0.96264648
I0512 11:12:13.511100 123403432212288 pretrain.py:352] Pretrain iter 00000896: loss=1.8510516568124282e-05, pmove=0.95800781
I0512 11:12:13.545796 123403432212288 pretrain.py:352] Pretrain iter 00000897: loss=1.8568268489471804e-05, pmove=0.96801758
I0512 11:12:13.580516 123403432212288 pretrain.py:352] Pretrain iter 00000898: loss=1.8479146134695013e-05, pmove=0.96191406
I0512 11:12:13.615036 123403432212288 pretrain.py:352] Pretrain iter 00000899: loss=1.8693852119482606e-05, pmove=0.96704102
I0512 11:12:13.649673 123403432212288 pretrain.py:352] Pretrain iter 00000900: loss=1.8604968674752132e-05, pmove=0.96142578
I0512 11:12:13.684365 123403432212288 pretrain.py:352] Pretrain iter 00000901: loss=1.8808088107577441e-05, pmove=0.96411133
I0512 11:12:13.719004 123403432212288 pretrain.py:352] Pretrain iter 00000902: loss=1.8425270263835262e-05, pmove=0.96704102
I0512 11:12:13.753713 123403432212288 pretrain.py:352] Pretrain iter 00000903: loss=1.8324827344102424e-05, pmove=0.96020508
I0512 11:12:13.788387 123403432212288 pretrain.py:352] Pretrain iter 00000904: loss=1.8211084297095755e-05, pmove=0.96215820
I0512 11:12:13.823055 123403432212288 pretrain.py:352] Pretrain iter 00000905: loss=1.8132100665896973e-05, pmove=0.96215820
I0512 11:12:13.857580 123403432212288 pretrain.py:352] Pretrain iter 00000906: loss=1.8433852890718490e-05, pmove=0.96313477
I0512 11:12:13.892224 123403432212288 pretrain.py:352] Pretrain iter 00000907: loss=1.8277831727951304e-05, pmove=0.96630859
I0512 11:12:13.926854 123403432212288 pretrain.py:352] Pretrain iter 00000908: loss=1.8494398634467520e-05, pmove=0.96264648
I0512 11:12:13.961537 123403432212288 pretrain.py:352] Pretrain iter 00000909: loss=1.8214899231684038e-05, pmove=0.96386719
I0512 11:12:13.996201 123403432212288 pretrain.py:352] Pretrain iter 00000910: loss=1.8175472909570663e-05, pmove=0.96655273
I0512 11:12:14.030857 123403432212288 pretrain.py:352] Pretrain iter 00000911: loss=1.8165123342176729e-05, pmove=0.96411133
I0512 11:12:14.065485 123403432212288 pretrain.py:352] Pretrain iter 00000912: loss=1.8429077433140059e-05, pmove=0.96972656
I0512 11:12:14.100051 123403432212288 pretrain.py:352] Pretrain iter 00000913: loss=1.8544343271754423e-05, pmove=0.96411133
I0512 11:12:14.134831 123403432212288 pretrain.py:352] Pretrain iter 00000914: loss=1.8684804719622199e-05, pmove=0.96166992
I0512 11:12:14.169570 123403432212288 pretrain.py:352] Pretrain iter 00000915: loss=1.9088706297188376e-05, pmove=0.96459961
I0512 11:12:14.204150 123403432212288 pretrain.py:352] Pretrain iter 00000916: loss=1.9644422133111151e-05, pmove=0.96923828
I0512 11:12:14.238749 123403432212288 pretrain.py:352] Pretrain iter 00000917: loss=2.0451422920794896e-05, pmove=0.96679688
I0512 11:12:14.273226 123403432212288 pretrain.py:352] Pretrain iter 00000918: loss=2.1695386070015277e-05, pmove=0.96166992
I0512 11:12:14.307893 123403432212288 pretrain.py:352] Pretrain iter 00000919: loss=2.3238542702763693e-05, pmove=0.96289062
I0512 11:12:14.342639 123403432212288 pretrain.py:352] Pretrain iter 00000920: loss=2.5104523277169339e-05, pmove=0.96752930
I0512 11:12:14.377353 123403432212288 pretrain.py:352] Pretrain iter 00000921: loss=2.7787635469437938e-05, pmove=0.96484375
I0512 11:12:14.411859 123403432212288 pretrain.py:352] Pretrain iter 00000922: loss=3.1020699836940072e-05, pmove=0.96557617
I0512 11:12:14.446511 123403432212288 pretrain.py:352] Pretrain iter 00000923: loss=3.4956017146185868e-05, pmove=0.97070312
I0512 11:12:14.481190 123403432212288 pretrain.py:352] Pretrain iter 00000924: loss=3.8230739133390321e-05, pmove=0.96728516
I0512 11:12:14.515843 123403432212288 pretrain.py:352] Pretrain iter 00000925: loss=4.0284177396594114e-05, pmove=0.96337891
I0512 11:12:14.550604 123403432212288 pretrain.py:352] Pretrain iter 00000926: loss=3.8143979513842734e-05, pmove=0.96142578
I0512 11:12:14.585035 123403432212288 pretrain.py:352] Pretrain iter 00000927: loss=3.3457277277812244e-05, pmove=0.96459961
I0512 11:12:14.619623 123403432212288 pretrain.py:352] Pretrain iter 00000928: loss=2.6964301786207855e-05, pmove=0.96508789
I0512 11:12:14.654170 123403432212288 pretrain.py:352] Pretrain iter 00000929: loss=2.2081408372897551e-05, pmove=0.96313477
I0512 11:12:14.688597 123403432212288 pretrain.py:352] Pretrain iter 00000930: loss=2.0583763104241275e-05, pmove=0.96069336
I0512 11:12:14.722624 123403432212288 pretrain.py:352] Pretrain iter 00000931: loss=2.3072336291828090e-05, pmove=0.96655273
I0512 11:12:14.757393 123403432212288 pretrain.py:352] Pretrain iter 00000932: loss=2.7677265511832765e-05, pmove=0.96606445
I0512 11:12:14.792119 123403432212288 pretrain.py:352] Pretrain iter 00000933: loss=3.1713451785224838e-05, pmove=0.96679688
I0512 11:12:14.826732 123403432212288 pretrain.py:352] Pretrain iter 00000934: loss=3.3418012585639681e-05, pmove=0.96166992
I0512 11:12:14.861436 123403432212288 pretrain.py:352] Pretrain iter 00000935: loss=3.2091607631492134e-05, pmove=0.96704102
I0512 11:12:14.895928 123403432212288 pretrain.py:352] Pretrain iter 00000936: loss=2.9779415622120149e-05, pmove=0.96118164
I0512 11:12:14.930845 123403432212288 pretrain.py:352] Pretrain iter 00000937: loss=2.7328608681474032e-05, pmove=0.96850586
I0512 11:12:14.965478 123403432212288 pretrain.py:352] Pretrain iter 00000938: loss=2.6575252830491469e-05, pmove=0.96142578
I0512 11:12:15.000181 123403432212288 pretrain.py:352] Pretrain iter 00000939: loss=2.7036439362832822e-05, pmove=0.96240234
I0512 11:12:15.034847 123403432212288 pretrain.py:352] Pretrain iter 00000940: loss=2.6752611302533371e-05, pmove=0.96508789
I0512 11:12:15.069494 123403432212288 pretrain.py:352] Pretrain iter 00000941: loss=2.4999816466691906e-05, pmove=0.96459961
I0512 11:12:15.104126 123403432212288 pretrain.py:352] Pretrain iter 00000942: loss=2.1670612764299338e-05, pmove=0.96166992
I0512 11:12:15.138884 123403432212288 pretrain.py:352] Pretrain iter 00000943: loss=1.8544358972845614e-05, pmove=0.96411133
I0512 11:12:15.173529 123403432212288 pretrain.py:352] Pretrain iter 00000944: loss=1.7531963990509886e-05, pmove=0.96459961
I0512 11:12:15.208158 123403432212288 pretrain.py:352] Pretrain iter 00000945: loss=1.8614228386178135e-05, pmove=0.96313477
I0512 11:12:15.242734 123403432212288 pretrain.py:352] Pretrain iter 00000946: loss=2.0715093540328485e-05, pmove=0.96240234
I0512 11:12:15.277187 123403432212288 pretrain.py:352] Pretrain iter 00000947: loss=2.2302576880262632e-05, pmove=0.96752930
I0512 11:12:15.311925 123403432212288 pretrain.py:352] Pretrain iter 00000948: loss=2.2510620209967713e-05, pmove=0.97021484
I0512 11:12:15.346680 123403432212288 pretrain.py:352] Pretrain iter 00000949: loss=2.0987260761533501e-05, pmove=0.96582031
I0512 11:12:15.381416 123403432212288 pretrain.py:352] Pretrain iter 00000950: loss=1.9250657915636396e-05, pmove=0.96411133
I0512 11:12:15.416142 123403432212288 pretrain.py:352] Pretrain iter 00000951: loss=1.8028024410365945e-05, pmove=0.96801758
I0512 11:12:15.450978 123403432212288 pretrain.py:352] Pretrain iter 00000952: loss=1.7679080099393072e-05, pmove=0.96655273
I0512 11:12:15.485467 123403432212288 pretrain.py:352] Pretrain iter 00000953: loss=1.7735947933067587e-05, pmove=0.96215820
I0512 11:12:15.519320 123403432212288 pretrain.py:352] Pretrain iter 00000954: loss=1.8208269370431579e-05, pmove=0.96557617
I0512 11:12:15.553773 123403432212288 pretrain.py:352] Pretrain iter 00000955: loss=1.8347802984743052e-05, pmove=0.96508789
I0512 11:12:15.588559 123403432212288 pretrain.py:352] Pretrain iter 00000956: loss=1.8081736057029992e-05, pmove=0.96289062
I0512 11:12:15.622967 123403432212288 pretrain.py:352] Pretrain iter 00000957: loss=1.7932314101392049e-05, pmove=0.96679688
I0512 11:12:15.657607 123403432212288 pretrain.py:352] Pretrain iter 00000958: loss=1.7710637489494703e-05, pmove=0.95874023
I0512 11:12:15.692345 123403432212288 pretrain.py:352] Pretrain iter 00000959: loss=1.8105916365292424e-05, pmove=0.96557617
I0512 11:12:15.726871 123403432212288 pretrain.py:352] Pretrain iter 00000960: loss=1.8456226144520066e-05, pmove=0.96264648
I0512 11:12:15.761579 123403432212288 pretrain.py:352] Pretrain iter 00000961: loss=1.8879274449230066e-05, pmove=0.96313477
I0512 11:12:15.796315 123403432212288 pretrain.py:352] Pretrain iter 00000962: loss=1.8746138012407061e-05, pmove=0.96630859
I0512 11:12:15.830957 123403432212288 pretrain.py:352] Pretrain iter 00000963: loss=1.8048498508934637e-05, pmove=0.96264648
I0512 11:12:15.865612 123403432212288 pretrain.py:352] Pretrain iter 00000964: loss=1.7351048126685763e-05, pmove=0.97070312
I0512 11:12:15.900304 123403432212288 pretrain.py:352] Pretrain iter 00000965: loss=1.6665058711174374e-05, pmove=0.96386719
I0512 11:12:15.935026 123403432212288 pretrain.py:352] Pretrain iter 00000966: loss=1.6705778338645878e-05, pmove=0.95947266
I0512 11:12:15.969695 123403432212288 pretrain.py:352] Pretrain iter 00000967: loss=1.6455842651845461e-05, pmove=0.96508789
I0512 11:12:16.004162 123403432212288 pretrain.py:352] Pretrain iter 00000968: loss=1.6996166031735111e-05, pmove=0.96264648
I0512 11:12:16.038762 123403432212288 pretrain.py:352] Pretrain iter 00000969: loss=1.7589519580685697e-05, pmove=0.96411133
I0512 11:12:16.073202 123403432212288 pretrain.py:352] Pretrain iter 00000970: loss=1.7474160548873257e-05, pmove=0.96582031
I0512 11:12:16.107808 123403432212288 pretrain.py:352] Pretrain iter 00000971: loss=1.7343353568807089e-05, pmove=0.96655273
I0512 11:12:16.142559 123403432212288 pretrain.py:352] Pretrain iter 00000972: loss=1.7138277123005452e-05, pmove=0.96337891
I0512 11:12:16.177278 123403432212288 pretrain.py:352] Pretrain iter 00000973: loss=1.6822514719590046e-05, pmove=0.96557617
I0512 11:12:16.211962 123403432212288 pretrain.py:352] Pretrain iter 00000974: loss=1.6746793242150481e-05, pmove=0.96240234
I0512 11:12:16.246400 123403432212288 pretrain.py:352] Pretrain iter 00000975: loss=1.6671066572366374e-05, pmove=0.96264648
I0512 11:12:16.281107 123403432212288 pretrain.py:352] Pretrain iter 00000976: loss=1.6859262417564094e-05, pmove=0.96679688
I0512 11:12:16.315752 123403432212288 pretrain.py:352] Pretrain iter 00000977: loss=1.7058929938710447e-05, pmove=0.96020508
I0512 11:12:16.350478 123403432212288 pretrain.py:352] Pretrain iter 00000978: loss=1.7045052938941625e-05, pmove=0.96704102
I0512 11:12:16.385232 123403432212288 pretrain.py:352] Pretrain iter 00000979: loss=1.7248884758734729e-05, pmove=0.96362305
I0512 11:12:16.419981 123403432212288 pretrain.py:352] Pretrain iter 00000980: loss=1.7254634594604443e-05, pmove=0.96704102
I0512 11:12:16.454633 123403432212288 pretrain.py:352] Pretrain iter 00000981: loss=1.7373557784428361e-05, pmove=0.96289062
I0512 11:12:16.489284 123403432212288 pretrain.py:352] Pretrain iter 00000982: loss=1.7764459339100455e-05, pmove=0.96093750
I0512 11:12:16.523895 123403432212288 pretrain.py:352] Pretrain iter 00000983: loss=1.7708399086914408e-05, pmove=0.95947266
I0512 11:12:16.558607 123403432212288 pretrain.py:352] Pretrain iter 00000984: loss=1.7999774679919078e-05, pmove=0.96118164
I0512 11:12:16.593091 123403432212288 pretrain.py:352] Pretrain iter 00000985: loss=1.8530412081075027e-05, pmove=0.96630859
I0512 11:12:16.627749 123403432212288 pretrain.py:352] Pretrain iter 00000986: loss=1.9415479587700041e-05, pmove=0.96582031
I0512 11:12:16.662287 123403432212288 pretrain.py:352] Pretrain iter 00000987: loss=2.0571431988541645e-05, pmove=0.96386719
I0512 11:12:16.696916 123403432212288 pretrain.py:352] Pretrain iter 00000988: loss=2.2270746523959181e-05, pmove=0.96728516
I0512 11:12:16.731547 123403432212288 pretrain.py:352] Pretrain iter 00000989: loss=2.4741315087606301e-05, pmove=0.96411133
I0512 11:12:16.766217 123403432212288 pretrain.py:352] Pretrain iter 00000990: loss=2.7578824000087000e-05, pmove=0.96508789
I0512 11:12:16.800652 123403432212288 pretrain.py:352] Pretrain iter 00000991: loss=3.1240753945496074e-05, pmove=0.96582031
I0512 11:12:16.835385 123403432212288 pretrain.py:352] Pretrain iter 00000992: loss=3.4581122864439481e-05, pmove=0.96655273
I0512 11:12:16.870011 123403432212288 pretrain.py:352] Pretrain iter 00000993: loss=3.7674689768789529e-05, pmove=0.96386719
I0512 11:12:16.904728 123403432212288 pretrain.py:352] Pretrain iter 00000994: loss=3.7865211947154615e-05, pmove=0.95971680
I0512 11:12:16.939394 123403432212288 pretrain.py:352] Pretrain iter 00000995: loss=3.5040931586358656e-05, pmove=0.95849609
I0512 11:12:16.974065 123403432212288 pretrain.py:352] Pretrain iter 00000996: loss=2.8693561857697938e-05, pmove=0.96435547
I0512 11:12:17.008691 123403432212288 pretrain.py:352] Pretrain iter 00000997: loss=2.2114822305130220e-05, pmove=0.95922852
I0512 11:12:17.043435 123403432212288 pretrain.py:352] Pretrain iter 00000998: loss=1.7413502313339108e-05, pmove=0.96386719
I0512 11:12:17.078160 123403432212288 pretrain.py:352] Pretrain iter 00000999: loss=1.6482723855016257e-05, pmove=0.96557617
I0512 11:12:18.179604 123403432212288 tag_graph_matcher.py:1786] ==================================================
I0512 11:12:18.180275 123403432212288 tag_graph_matcher.py:1787] Graph parameter registrations:
{'envelope': [{'pi': 'Auto[tag_variant=scale_and_shift(1)|match_type=scale_only_broadcast_1]',
               'sigma': 'Auto[tag_variant=scale_and_shift(0)|match_type=scale_only_broadcast_1]'},
              {'pi': 'Auto[tag_variant=scale_and_shift(3)|match_type=scale_only_broadcast_1]',
               'sigma': 'Auto[tag_variant=scale_and_shift(2)|match_type=scale_only_broadcast_1]'}],
 'layers': {'input': {},
            'streams': [{'double': {'b': 'Auto[tag_variant=repeated_dense(1)|match_type=repeated_dense2_with_bias]',
                                    'w': 'Auto[tag_variant=repeated_dense(1)|match_type=repeated_dense2_with_bias]'},
                         'single': {'b': 'Auto[tag_variant=repeated_dense(0)|match_type=repeated_dense1_with_bias]',
                                    'w': 'Auto[tag_variant=repeated_dense(0)|match_type=repeated_dense1_with_bias]'}},
                        {'double': {'b': 'Auto[tag_variant=repeated_dense(3)|match_type=repeated_dense2_with_bias]',
                                    'w': 'Auto[tag_variant=repeated_dense(3)|match_type=repeated_dense2_with_bias]'},
                         'single': {'b': 'Auto[tag_variant=repeated_dense(2)|match_type=repeated_dense1_with_bias]',
                                    'w': 'Auto[tag_variant=repeated_dense(2)|match_type=repeated_dense1_with_bias]'}},
                        {'double': {'b': 'Auto[tag_variant=repeated_dense(5)|match_type=repeated_dense2_with_bias]',
                                    'w': 'Auto[tag_variant=repeated_dense(5)|match_type=repeated_dense2_with_bias]'},
                         'single': {'b': 'Auto[tag_variant=repeated_dense(4)|match_type=repeated_dense1_with_bias]',
                                    'w': 'Auto[tag_variant=repeated_dense(4)|match_type=repeated_dense1_with_bias]'}},
                        {'single': {'b': 'Auto[tag_variant=repeated_dense(6)|match_type=repeated_dense1_with_bias]',
                                    'w': 'Auto[tag_variant=repeated_dense(6)|match_type=repeated_dense1_with_bias]'}}]},
 'orbital': [{'w': 'Auto[tag_variant=repeated_dense(7)|match_type=repeated_dense1_no_bias]'},
             {'w': 'Auto[tag_variant=repeated_dense(8)|match_type=repeated_dense1_no_bias]'}]}
I0512 11:12:18.180327 123403432212288 tag_graph_matcher.py:1793] ==================================================
I0512 11:12:18.192341 123403432212288 tracer.py:267] Graph registered losses:
I0512 11:12:18.192438 123403432212288 tracer.py:280] NormalMeanNegativeLogProbLoss(mean=Var(id=123395219692672):float64[4096,1], variance=Literal(0.5), weight=Literal(1.0), normalize_log_prob=Literal(True))
I0512 11:12:18.192471 123403432212288 tracer.py:282] ==================================================
I0512 11:12:18.193252 123403432212288 block_diagonal.py:333] BlockDiagonalCurvature blocks:
I0512 11:12:18.193358 123403432212288 block_diagonal.py:335] ScaleAndShiftDiagonal, tag name: Auto[tag_variant=scale_and_shift(1)|match_type=scale_only_broadcast_1], params shapes: ((1, 32),)
I0512 11:12:18.193439 123403432212288 block_diagonal.py:335] ScaleAndShiftDiagonal, tag name: Auto[tag_variant=scale_and_shift(0)|match_type=scale_only_broadcast_1], params shapes: ((1, 32),)
I0512 11:12:18.193519 123403432212288 block_diagonal.py:335] ScaleAndShiftDiagonal, tag name: Auto[tag_variant=scale_and_shift(3)|match_type=scale_only_broadcast_1], params shapes: ((1, 32),)
I0512 11:12:18.193594 123403432212288 block_diagonal.py:335] ScaleAndShiftDiagonal, tag name: Auto[tag_variant=scale_and_shift(2)|match_type=scale_only_broadcast_1], params shapes: ((1, 32),)
I0512 11:12:18.193692 123403432212288 block_diagonal.py:335] RepeatedDenseBlock(parameter_specs=['ab -> (a)b', 'a -> 1a'], parameters_concat_axis=0), tag name: Auto[tag_variant=repeated_dense(1)|match_type=repeated_dense2_with_bias], params shapes: ((4, 32), (32,))
I0512 11:12:18.193787 123403432212288 block_diagonal.py:335] RepeatedDenseBlock(parameter_specs=['ab -> (a)b', 'a -> 1a'], parameters_concat_axis=0), tag name: Auto[tag_variant=repeated_dense(0)|match_type=repeated_dense1_with_bias], params shapes: ((20, 256), (256,))
I0512 11:12:18.193887 123403432212288 block_diagonal.py:335] RepeatedDenseBlock(parameter_specs=['ab -> (a)b', 'a -> 1a'], parameters_concat_axis=0), tag name: Auto[tag_variant=repeated_dense(3)|match_type=repeated_dense2_with_bias], params shapes: ((32, 32), (32,))
I0512 11:12:18.193984 123403432212288 block_diagonal.py:335] RepeatedDenseBlock(parameter_specs=['ab -> (a)b', 'a -> 1a'], parameters_concat_axis=0), tag name: Auto[tag_variant=repeated_dense(2)|match_type=repeated_dense1_with_bias], params shapes: ((832, 256), (256,))
I0512 11:12:18.194075 123403432212288 block_diagonal.py:335] RepeatedDenseBlock(parameter_specs=['ab -> (a)b', 'a -> 1a'], parameters_concat_axis=0), tag name: Auto[tag_variant=repeated_dense(5)|match_type=repeated_dense2_with_bias], params shapes: ((32, 32), (32,))
I0512 11:12:18.194170 123403432212288 block_diagonal.py:335] RepeatedDenseBlock(parameter_specs=['ab -> (a)b', 'a -> 1a'], parameters_concat_axis=0), tag name: Auto[tag_variant=repeated_dense(4)|match_type=repeated_dense1_with_bias], params shapes: ((832, 256), (256,))
I0512 11:12:18.194267 123403432212288 block_diagonal.py:335] RepeatedDenseBlock(parameter_specs=['ab -> (a)b', 'a -> 1a'], parameters_concat_axis=0), tag name: Auto[tag_variant=repeated_dense(6)|match_type=repeated_dense1_with_bias], params shapes: ((832, 256), (256,))
I0512 11:12:18.194362 123403432212288 block_diagonal.py:335] RepeatedDenseBlock(parameter_specs=['ab -> (a)b'], parameters_concat_axis=0), tag name: Auto[tag_variant=repeated_dense(7)|match_type=repeated_dense1_no_bias], params shapes: ((256, 32),)
I0512 11:12:18.194450 123403432212288 block_diagonal.py:335] RepeatedDenseBlock(parameter_specs=['ab -> (a)b'], parameters_concat_axis=0), tag name: Auto[tag_variant=repeated_dense(8)|match_type=repeated_dense1_no_bias], params shapes: ((256, 32),)
I0512 11:12:18.194478 123403432212288 block_diagonal.py:336] ==================================================
I0512 11:12:18.402992 123403432212288 train.py:918] Burning in MCMC chain for 100 steps
I0512 11:12:32.392682 123403432212288 train.py:931] Completed burn-in MCMC steps
I0512 11:12:35.264973 123403432212288 train.py:935] Initial energy: -2.8171 E_h
I0512 11:12:46.950785 123403432212288 train.py:1104] Step 00000000: energy=-2.8233335786315505 E_h, variance=4.0567753449838623e-01 E_h^2, std=6.3692820199641520e-01 E_h, ewmean=-2.8233335786315505 E_h, ewvar=-0.0000000000000000e+00 E_h^2, ewstd=0.0000000000000000e+00 E_h, pmove=0.96364746
I0512 11:19:45.038696 123403432212288 train.py:1104] Step 00001000: energy=-2.9050988241303921 E_h, variance=8.7865217407854957e-03 E_h^2, std=9.3736448304730935e-02 E_h, ewmean=-2.9035454513068912 E_h, ewvar=2.0373602028022152e-06 E_h^2, ewstd=1.4273612726994575e-03 E_h, pmove=0.90798340
I0512 11:26:43.650574 123403432212288 train.py:1104] Step 00002000: energy=-2.9031897169133138 E_h, variance=1.2059795180726501e-03 E_h^2, std=3.4727215812279714e-02 E_h, ewmean=-2.9039352382347055 E_h, ewvar=1.0197927793234344e-06 E_h^2, ewstd=1.0098478991033425e-03 E_h, pmove=0.76938477
I0512 11:33:42.307097 123403432212288 train.py:1104] Step 00003000: energy=-2.9041115015128014 E_h, variance=7.3503622402256103e-04 E_h^2, std=2.7111551486821279e-02 E_h, ewmean=-2.9036884516201273 E_h, ewvar=3.6559348303386365e-07 E_h^2, ewstd=6.0464326923721204e-04 E_h, pmove=0.52231445
I0512 11:40:40.953872 123403432212288 train.py:1104] Step 00004000: energy=-2.9033462371197043 E_h, variance=1.3968776575029364e-03 E_h^2, std=3.7374826521375804e-02 E_h, ewmean=-2.9035860239764801 E_h, ewvar=1.9641835349184595e-07 E_h^2, ewstd=4.4319110267676396e-04 E_h, pmove=0.52294922
I0512 11:47:39.530117 123403432212288 train.py:1104] Step 00005000: energy=-2.9035719340574770 E_h, variance=8.5166035053929980e-04 E_h^2, std=2.9183220359297220e-02 E_h, ewmean=-2.9036290575675419 E_h, ewvar=1.4644765765303372e-07 E_h^2, ewstd=3.8268480196244236e-04 E_h, pmove=0.51860352
I0512 11:54:38.142138 123403432212288 train.py:1104] Step 00006000: energy=-2.9037107102524731 E_h, variance=4.0158787679512968e-04 E_h^2, std=2.0039657601743841e-02 E_h, ewmean=-2.9036545247986165 E_h, ewvar=4.3799970861616652e-07 E_h^2, ewstd=6.6181546417121932e-04 E_h, pmove=0.51621094
I0512 12:01:36.736418 123403432212288 train.py:1104] Step 00007000: energy=-2.9049391523776160 E_h, variance=2.4983991306170910e-03 E_h^2, std=4.9983988742567265e-02 E_h, ewmean=-2.9039187853399149 E_h, ewvar=4.1835872698868796e-07 E_h^2, ewstd=6.4680656071864945e-04 E_h, pmove=0.52011719
I0512 12:08:35.353883 123403432212288 train.py:1104] Step 00008000: energy=-2.9039063483216405 E_h, variance=3.0238849425034427e-04 E_h^2, std=1.7389321270548323e-02 E_h, ewmean=-2.9037471951276008 E_h, ewvar=2.2642684552779598e-07 E_h^2, ewstd=4.7584329934107086e-04 E_h, pmove=0.51896973
I0512 12:15:33.970249 123403432212288 train.py:1104] Step 00009000: energy=-2.9043342329362987 E_h, variance=1.3964584070162616e-03 E_h^2, std=3.7369217372273958e-02 E_h, ewmean=-2.9038972504421956 E_h, ewvar=2.9353860734705983e-07 E_h^2, ewstd=5.4179203329973377e-04 E_h, pmove=0.51892090
I0512 12:22:32.150696 123403432212288 train.py:1049] Timing step 00010000: block_iters=10000, block_time=4196.734541 s, sec/iter=0.4196734541, iter/s=2.382805, elapsed=4196.734535 s
I0512 12:22:32.571265 123403432212288 train.py:1104] Step 00010000: energy=-2.9033711670812976 E_h, variance=3.1418658645439854e-04 E_h^2, std=1.7725309206171793e-02 E_h, ewmean=-2.9036243340603463 E_h, ewvar=1.6288667942926798e-07 E_h^2, ewstd=4.0359221923776974e-04 E_h, pmove=0.51899414
I0512 12:29:31.182033 123403432212288 train.py:1104] Step 00011000: energy=-2.9028765900147642 E_h, variance=1.0766270644215839e-03 E_h^2, std=3.2811995739692276e-02 E_h, ewmean=-2.9035489589012879 E_h, ewvar=1.6694561730915014e-07 E_h^2, ewstd=4.0858979099966529e-04 E_h, pmove=0.51860352
I0512 12:36:29.776404 123403432212288 train.py:1104] Step 00012000: energy=-2.9037146532119245 E_h, variance=4.7213694395045302e-04 E_h^2, std=2.1728712431951715e-02 E_h, ewmean=-2.9037174671657326 E_h, ewvar=1.1641323635736358e-07 E_h^2, ewstd=3.4119383985846456e-04 E_h, pmove=0.51564941
I0512 12:43:28.380631 123403432212288 train.py:1104] Step 00013000: energy=-2.9046343425764620 E_h, variance=7.4641220114164686e-04 E_h^2, std=2.7320545403444033e-02 E_h, ewmean=-2.9039645104880414 E_h, ewvar=2.6386326870046976e-07 E_h^2, ewstd=5.1367622944854059e-04 E_h, pmove=0.52194824
I0512 12:50:27.016364 123403432212288 train.py:1104] Step 00014000: energy=-2.9041288190787835 E_h, variance=4.2410381139881847e-04 E_h^2, std=2.0593780891298676e-02 E_h, ewmean=-2.9039064805263353 E_h, ewvar=2.0829034172937553e-07 E_h^2, ewstd=4.5638836721522113e-04 E_h, pmove=0.51843262
I0512 12:52:35.521349 123403432212288 checkpoint.py:124] Saving checkpoint /home/sjtu/PyQMC/Ferminet/checkpoints_ferminet_x64_atoms/He_singlet/qmcjax_ckpt_014307.npz
I0512 12:57:25.773957 123403432212288 train.py:1104] Step 00015000: energy=-2.9033888461341792 E_h, variance=3.7490985366487055e-04 E_h^2, std=1.9362589022774577e-02 E_h, ewmean=-2.9036603352071317 E_h, ewvar=2.0409436678229160e-07 E_h^2, ewstd=4.5176804533110970e-04 E_h, pmove=0.51809082
I0512 13:04:24.444223 123403432212288 train.py:1104] Step 00016000: energy=-2.9041233158224702 E_h, variance=3.9405534368363936e-04 E_h^2, std=1.9850827279578032e-02 E_h, ewmean=-2.9037333860497516 E_h, ewvar=2.3348672615143331e-07 E_h^2, ewstd=4.8320464210459870e-04 E_h, pmove=0.52443848
I0512 13:11:23.064509 123403432212288 train.py:1104] Step 00017000: energy=-2.9041601103361740 E_h, variance=6.8558390959096984e-04 E_h^2, std=2.6183657299754172e-02 E_h, ewmean=-2.9038091534459287 E_h, ewvar=1.4898446012913785e-06 E_h^2, ewstd=1.2205919061223445e-03 E_h, pmove=0.51831055
I0512 13:18:21.730389 123403432212288 train.py:1104] Step 00018000: energy=-2.9042276579435473 E_h, variance=2.4257570302017403e-04 E_h^2, std=1.5574841990215312e-02 E_h, ewmean=-2.9037389668477793 E_h, ewvar=1.8171251014516319e-07 E_h^2, ewstd=4.2627750368177204e-04 E_h, pmove=0.51877441
I0512 13:25:20.384925 123403432212288 train.py:1104] Step 00019000: energy=-2.9035728378733161 E_h, variance=8.0721214001926514e-04 E_h^2, std=2.8411479018510547e-02 E_h, ewmean=-2.9037920478079116 E_h, ewvar=2.5924026320410470e-07 E_h^2, ewstd=5.0915642311975665e-04 E_h, pmove=0.51767578
I0512 13:32:18.616519 123403432212288 train.py:1049] Timing step 00020000: block_iters=10000, block_time=4186.465800 s, sec/iter=0.4186465800, iter/s=2.388650, elapsed=8383.200340 s
I0512 13:32:19.037200 123403432212288 train.py:1104] Step 00020000: energy=-2.9038540080213693 E_h, variance=2.0096024210896433e-04 E_h^2, std=1.4176044656707467e-02 E_h, ewmean=-2.9036775219427855 E_h, ewvar=2.0520702163653315e-07 E_h^2, ewstd=4.5299781637060145e-04 E_h, pmove=0.51828613
I0512 13:39:17.695551 123403432212288 train.py:1104] Step 00021000: energy=-2.9042312782339916 E_h, variance=1.4825719635610626e-03 E_h^2, std=3.8504181117913192e-02 E_h, ewmean=-2.9039168083413589 E_h, ewvar=1.7075796528559474e-07 E_h^2, ewstd=4.1322870820599425e-04 E_h, pmove=0.51486816
I0512 13:46:16.353108 123403432212288 train.py:1104] Step 00022000: energy=-2.9039892770840798 E_h, variance=2.8421077866563242e-04 E_h^2, std=1.6858552092799441e-02 E_h, ewmean=-2.9036877565285666 E_h, ewvar=9.5149076412101552e-08 E_h^2, ewstd=3.0846243922413234e-04 E_h, pmove=0.51496582
I0512 13:53:14.960016 123403432212288 train.py:1104] Step 00023000: energy=-2.9039451029098098 E_h, variance=3.5724370723684519e-04 E_h^2, std=1.8900891704807084e-02 E_h, ewmean=-2.9037409398260734 E_h, ewvar=2.9880910493235171e-07 E_h^2, ewstd=5.4663434298656325e-04 E_h, pmove=0.52199707
I0512 14:00:13.606772 123403432212288 train.py:1104] Step 00024000: energy=-2.9033661271116720 E_h, variance=1.3704354363236216e-04 E_h^2, std=1.1706559854729405e-02 E_h, ewmean=-2.9036675542339290 E_h, ewvar=1.2449347661634650e-07 E_h^2, ewstd=3.5283633120236711e-04 E_h, pmove=0.51845703
I0512 14:07:12.239729 123403432212288 train.py:1104] Step 00025000: energy=-2.9032469001031704 E_h, variance=2.9314540012179439e-04 E_h^2, std=1.7121489424749073e-02 E_h, ewmean=-2.9035962741293373 E_h, ewvar=1.3888300220182653e-07 E_h^2, ewstd=3.7267009834681737e-04 E_h, pmove=0.51699219
I0512 14:14:10.850068 123403432212288 train.py:1104] Step 00026000: energy=-2.9036015079350155 E_h, variance=2.2108512931528801e-04 E_h^2, std=1.4868931680362515e-02 E_h, ewmean=-2.9039666274613216 E_h, ewvar=3.6907711680453793e-07 E_h^2, ewstd=6.0751717408196609e-04 E_h, pmove=0.52055664
I0512 14:21:09.549887 123403432212288 train.py:1104] Step 00027000: energy=-2.9030774920200506 E_h, variance=4.0409322302487278e-04 E_h^2, std=2.0102070117897629e-02 E_h, ewmean=-2.9034999355781954 E_h, ewvar=1.4150337079093537e-07 E_h^2, ewstd=3.7616933791968663e-04 E_h, pmove=0.51728516
I0512 14:28:08.243607 123403432212288 train.py:1104] Step 00028000: energy=-2.9032542204229062 E_h, variance=4.2319263231884992e-04 E_h^2, std=2.0571646320089454e-02 E_h, ewmean=-2.9036890994197257 E_h, ewvar=6.4138836228778057e-08 E_h^2, ewstd=2.5325646335045044e-04 E_h, pmove=0.52194824
I0512 14:32:35.780112 123403432212288 checkpoint.py:124] Saving checkpoint /home/sjtu/PyQMC/Ferminet/checkpoints_ferminet_x64_atoms/He_singlet/qmcjax_ckpt_028639.npz
I0512 14:35:07.016387 123403432212288 train.py:1104] Step 00029000: energy=-2.9037039714601689 E_h, variance=5.5294615085249295e-04 E_h^2, std=2.3514807055395819e-02 E_h, ewmean=-2.9036747510764744 E_h, ewvar=1.8998246793131700e-07 E_h^2, ewstd=4.3586978322810702e-04 E_h, pmove=0.51948242
I0512 14:42:05.274362 123403432212288 train.py:1049] Timing step 00030000: block_iters=10000, block_time=4186.657822 s, sec/iter=0.4186657822, iter/s=2.388540, elapsed=12569.858162 s
I0512 14:42:05.695278 123403432212288 train.py:1104] Step 00030000: energy=-2.9043097902497510 E_h, variance=6.9718294091051960e-04 E_h^2, std=2.6404222028124966e-02 E_h, ewmean=-2.9038544890634350 E_h, ewvar=2.9028584422342585e-07 E_h^2, ewstd=5.3878181504522392e-04 E_h, pmove=0.51979980
I0512 14:49:04.398664 123403432212288 train.py:1104] Step 00031000: energy=-2.9032409146680633 E_h, variance=3.3624192761516202e-04 E_h^2, std=1.8336900709093728e-02 E_h, ewmean=-2.9036564514470400 E_h, ewvar=1.0995172724551143e-07 E_h^2, ewstd=3.3158969713414113e-04 E_h, pmove=0.52202148
I0512 14:56:03.108180 123403432212288 train.py:1104] Step 00032000: energy=-2.9038523035199155 E_h, variance=1.9156542045755510e-04 E_h^2, std=1.3840716038469798e-02 E_h, ewmean=-2.9036011381108469 E_h, ewvar=2.6440103579052728e-07 E_h^2, ewstd=5.1419941247586750e-04 E_h, pmove=0.52221680
I0512 15:03:01.777356 123403432212288 train.py:1104] Step 00033000: energy=-2.9037811520955676 E_h, variance=4.9430684412178996e-04 E_h^2, std=2.2233012484181938e-02 E_h, ewmean=-2.9037103462442602 E_h, ewvar=1.0436289435795649e-07 E_h^2, ewstd=3.2305246378561559e-04 E_h, pmove=0.52014160
I0512 15:10:00.426884 123403432212288 train.py:1104] Step 00034000: energy=-2.9035000735086487 E_h, variance=5.4999516011724060e-04 E_h^2, std=2.3451975612243003e-02 E_h, ewmean=-2.9037248050002584 E_h, ewvar=1.2813584011587880e-07 E_h^2, ewstd=3.5796066839232325e-04 E_h, pmove=0.51706543
I0512 15:16:59.066123 123403432212288 train.py:1104] Step 00035000: energy=-2.9039127751623939 E_h, variance=1.6788782372218840e-03 E_h^2, std=4.0974116674089317e-02 E_h, ewmean=-2.9037425328478572 E_h, ewvar=1.0987389026132917e-07 E_h^2, ewstd=3.3147230692974814e-04 E_h, pmove=0.51923828
I0512 15:23:57.709204 123403432212288 train.py:1104] Step 00036000: energy=-2.9043598611640853 E_h, variance=1.5650121855649037e-03 E_h^2, std=3.9560234902802381e-02 E_h, ewmean=-2.9037613999163314 E_h, ewvar=1.2074117937223924e-07 E_h^2, ewstd=3.4747831496690441e-04 E_h, pmove=0.51853027
I0512 15:30:56.317238 123403432212288 train.py:1104] Step 00037000: energy=-2.9035043498494821 E_h, variance=2.6676643272991666e-04 E_h^2, std=1.6332986032257441e-02 E_h, ewmean=-2.9036611458306223 E_h, ewvar=1.1714304784110257e-07 E_h^2, ewstd=3.4226166574874049e-04 E_h, pmove=0.51730957
I0512 15:37:54.979119 123403432212288 train.py:1104] Step 00038000: energy=-2.9041106658357183 E_h, variance=3.8731570166211041e-04 E_h^2, std=1.9680337945830871e-02 E_h, ewmean=-2.9038645137706833 E_h, ewvar=1.8769864317973745e-07 E_h^2, ewstd=4.3324201455968860e-04 E_h, pmove=0.52087402
I0512 15:44:53.620941 123403432212288 train.py:1104] Step 00039000: energy=-2.9040213748352590 E_h, variance=2.9335906275029919e-04 E_h^2, std=1.7127727892230750e-02 E_h, ewmean=-2.9037489451237062 E_h, ewvar=1.1624906175064091e-07 E_h^2, ewstd=3.4095316650625335e-04 E_h, pmove=0.51887207
I0512 15:51:51.813077 123403432212288 train.py:1049] Timing step 00040000: block_iters=10000, block_time=4186.538716 s, sec/iter=0.4186538716, iter/s=2.388608, elapsed=16756.396878 s
I0512 15:51:52.233844 123403432212288 train.py:1104] Step 00040000: energy=-2.9038520496506512 E_h, variance=2.2602693454113753e-04 E_h^2, std=1.5034192181196086e-02 E_h, ewmean=-2.9037075789256863 E_h, ewvar=9.8919984404651842e-08 E_h^2, ewstd=3.1451547562028141e-04 E_h, pmove=0.51906738
I0512 15:58:50.845313 123403432212288 train.py:1104] Step 00041000: energy=-2.9033951954157495 E_h, variance=2.7073469156548799e-04 E_h^2, std=1.6454017490129515e-02 E_h, ewmean=-2.9037071268982939 E_h, ewvar=1.2715674014666917e-07 E_h^2, ewstd=3.5659043754238443e-04 E_h, pmove=0.51984863
I0512 16:05:49.511897 123403432212288 train.py:1104] Step 00042000: energy=-2.9034336511984153 E_h, variance=3.8979673547026442e-04 E_h^2, std=1.9743270637618895e-02 E_h, ewmean=-2.9035880309998268 E_h, ewvar=9.9625521978959167e-08 E_h^2, ewstd=3.1563510891369353e-04 E_h, pmove=0.51943359
I0512 16:12:35.962531 123403432212288 checkpoint.py:124] Saving checkpoint /home/sjtu/PyQMC/Ferminet/checkpoints_ferminet_x64_atoms/He_singlet/qmcjax_ckpt_042971.npz
I0512 16:12:48.185910 123403432212288 train.py:1104] Step 00043000: energy=-2.9034863407397120 E_h, variance=1.7291018621338664e-04 E_h^2, std=1.3149531786850308e-02 E_h, ewmean=-2.9037078243318524 E_h, ewvar=9.9561142939070978e-08 E_h^2, ewstd=3.1553310910120187e-04 E_h, pmove=0.52460938
I0512 16:19:46.771193 123403432212288 train.py:1104] Step 00044000: energy=-2.9034897827203245 E_h, variance=2.0932948246851500e-04 E_h^2, std=1.4468223196664994e-02 E_h, ewmean=-2.9037702072744285 E_h, ewvar=1.0366813415614631e-07 E_h^2, ewstd=3.2197536265395575e-04 E_h, pmove=0.51867676
I0512 16:26:45.372108 123403432212288 train.py:1104] Step 00045000: energy=-2.9030687608926238 E_h, variance=1.3113653078919720e-03 E_h^2, std=3.6212778240449488e-02 E_h, ewmean=-2.9036218850464408 E_h, ewvar=1.3175048983670489e-07 E_h^2, ewstd=3.6297450301185744e-04 E_h, pmove=0.52302246
I0512 16:33:43.956850 123403432212288 train.py:1104] Step 00046000: energy=-2.9038270758230120 E_h, variance=4.0049497732774135e-04 E_h^2, std=2.0012370607395351e-02 E_h, ewmean=-2.9037059476495601 E_h, ewvar=6.8719826737885989e-08 E_h^2, ewstd=2.6214466757476870e-04 E_h, pmove=0.51394043
I0512 16:40:42.546535 123403432212288 train.py:1104] Step 00047000: energy=-2.9034063209573606 E_h, variance=1.0844342371286951e-04 E_h^2, std=1.0413617225194592e-02 E_h, ewmean=-2.9036372368512748 E_h, ewvar=1.0276562434139132e-07 E_h^2, ewstd=3.2057077898865223e-04 E_h, pmove=0.51623535
I0512 16:47:41.150887 123403432212288 train.py:1104] Step 00048000: energy=-2.9031247756333629 E_h, variance=4.6405363665290569e-03 E_h^2, std=6.8121482415821347e-02 E_h, ewmean=-2.9036823486667571 E_h, ewvar=1.3341836631116546e-07 E_h^2, ewstd=3.6526478931203518e-04 E_h, pmove=0.52390137
I0512 16:54:39.754721 123403432212288 train.py:1104] Step 00049000: energy=-2.9041547196291391 E_h, variance=2.8777142764883153e-04 E_h^2, std=1.6963827034275947e-02 E_h, ewmean=-2.9036922792497073 E_h, ewvar=1.4472588015124645e-07 E_h^2, ewstd=3.8042854802347110e-04 E_h, pmove=0.51518555
I0512 17:01:37.923945 123403432212288 train.py:1049] Timing step 00050000: block_iters=10000, block_time=4186.110881 s, sec/iter=0.4186110881, iter/s=2.388852, elapsed=20942.507759 s
I0512 17:01:38.344783 123403432212288 train.py:1104] Step 00050000: energy=-2.9036926461809522 E_h, variance=1.0239971204790341e-03 E_h^2, std=3.1999955007453278e-02 E_h, ewmean=-2.9035870219701674 E_h, ewvar=1.5570765365159790e-07 E_h^2, ewstd=3.9459809129239071e-04 E_h, pmove=0.51525879
I0512 17:08:36.940679 123403432212288 train.py:1104] Step 00051000: energy=-2.9028738439707369 E_h, variance=3.0366033846921507e-03 E_h^2, std=5.5105384353002662e-02 E_h, ewmean=-2.9037277706790467 E_h, ewvar=1.9987954909428106e-07 E_h^2, ewstd=4.4707890701114615e-04 E_h, pmove=0.51567383
I0512 17:15:35.597084 123403432212288 train.py:1104] Step 00052000: energy=-2.9037701143355266 E_h, variance=6.2030523857854367e-04 E_h^2, std=2.4905927779919054e-02 E_h, ewmean=-2.9038179672592017 E_h, ewvar=1.0183101333328584e-07 E_h^2, ewstd=3.1910971989785241e-04 E_h, pmove=0.51250000
I0512 17:22:34.246660 123403432212288 train.py:1104] Step 00053000: energy=-2.9035693724154239 E_h, variance=1.7553038272661453e-04 E_h^2, std=1.3248787971985004e-02 E_h, ewmean=-2.9037214929507376 E_h, ewvar=1.6076235271293101e-07 E_h^2, ewstd=4.0095180846696653e-04 E_h, pmove=0.51613770
I0512 17:29:33.047902 123403432212288 train.py:1104] Step 00054000: energy=-2.9037667107691103 E_h, variance=1.4845587150463799e-04 E_h^2, std=1.2184246858326451e-02 E_h, ewmean=-2.9036020699695491 E_h, ewvar=8.2576376906198449e-08 E_h^2, ewstd=2.8736105669731668e-04 E_h, pmove=0.51914063
I0512 17:36:31.787062 123403432212288 train.py:1104] Step 00055000: energy=-2.9036993008580652 E_h, variance=1.0527797008529955e-04 E_h^2, std=1.0260505352335213e-02 E_h, ewmean=-2.9036273402069899 E_h, ewvar=1.2215518494479514e-07 E_h^2, ewstd=3.4950705993555428e-04 E_h, pmove=0.51711426
I0512 17:43:30.545350 123403432212288 train.py:1104] Step 00056000: energy=-2.9036204284895080 E_h, variance=3.8500523876714224e-04 E_h^2, std=1.9621550366042493e-02 E_h, ewmean=-2.9037632236073714 E_h, ewvar=4.4367728136237272e-08 E_h^2, ewstd=2.1063648339316073e-04 E_h, pmove=0.51398926
I0512 17:50:29.283095 123403432212288 train.py:1104] Step 00057000: energy=-2.9038150192482535 E_h, variance=1.5445966644550503e-04 E_h^2, std=1.2428180335250411e-02 E_h, ewmean=-2.9036877843821021 E_h, ewvar=8.7563248873088582e-08 E_h^2, ewstd=2.9591087995051580e-04 E_h, pmove=0.52473145
I0512 17:52:36.146394 123403432212288 checkpoint.py:124] Saving checkpoint /home/sjtu/PyQMC/Ferminet/checkpoints_ferminet_x64_atoms/He_singlet/qmcjax_ckpt_057303.npz
I0512 17:57:28.011335 123403432212288 train.py:1104] Step 00058000: energy=-2.9039990347059890 E_h, variance=2.7919141241880205e-04 E_h^2, std=1.6709021886956821e-02 E_h, ewmean=-2.9037799347627429 E_h, ewvar=5.8220542725457728e-08 E_h^2, ewstd=2.4128933404827022e-04 E_h, pmove=0.52177734
I0512 18:04:26.659348 123403432212288 train.py:1104] Step 00059000: energy=-2.9033606120108049 E_h, variance=5.2584655075789682e-04 E_h^2, std=2.2931344285887317e-02 E_h, ewmean=-2.9037053387333160 E_h, ewvar=7.5533832545314907e-08 E_h^2, ewstd=2.7483419100489463e-04 E_h, pmove=0.51770020
I0512 18:11:24.904328 123403432212288 train.py:1049] Timing step 00060000: block_iters=10000, block_time=4186.980401 s, sec/iter=0.4186980401, iter/s=2.388356, elapsed=25129.488160 s
I0512 18:11:25.325129 123403432212288 train.py:1104] Step 00060000: energy=-2.9034377565578833 E_h, variance=2.4344506225461662e-04 E_h^2, std=1.5602726116118831e-02 E_h, ewmean=-2.9036493491486968 E_h, ewvar=8.2454947762491633e-08 E_h^2, ewstd=2.8714969573811431e-04 E_h, pmove=0.52233887
I0512 18:18:24.007343 123403432212288 train.py:1104] Step 00061000: energy=-2.9034503133606773 E_h, variance=1.6005887227892084e-04 E_h^2, std=1.2651437557800332e-02 E_h, ewmean=-2.9035988943292255 E_h, ewvar=1.0167277499516147e-07 E_h^2, ewstd=3.1886168630796877e-04 E_h, pmove=0.52019043
I0512 18:25:22.650148 123403432212288 train.py:1104] Step 00062000: energy=-2.9040188159907592 E_h, variance=3.2294028973526244e-04 E_h^2, std=1.7970539494830490e-02 E_h, ewmean=-2.9037418773909653 E_h, ewvar=7.8678787941111303e-08 E_h^2, ewstd=2.8049739382231574e-04 E_h, pmove=0.52097168
I0512 18:32:21.316908 123403432212288 train.py:1104] Step 00063000: energy=-2.9036936738791757 E_h, variance=1.5493780981019266e-04 E_h^2, std=1.2447401729284416e-02 E_h, ewmean=-2.9037916188470652 E_h, ewvar=9.2703772462079767e-08 E_h^2, ewstd=3.0447294208530215e-04 E_h, pmove=0.52043457
I0512 18:39:19.998981 123403432212288 train.py:1104] Step 00064000: energy=-2.9036922734094031 E_h, variance=9.8440921612385216e-05 E_h^2, std=9.9217398480500995e-03 E_h, ewmean=-2.9036323463903475 E_h, ewvar=2.8356830327910734e-07 E_h^2, ewstd=5.3251131751269598e-04 E_h, pmove=0.51779785
I0512 18:46:18.622553 123403432212288 train.py:1104] Step 00065000: energy=-2.9028662121781466 E_h, variance=3.8028791802033929e-03 E_h^2, std=6.1667488843015109e-02 E_h, ewmean=-2.9035924225341248 E_h, ewvar=1.9516223582334622e-07 E_h^2, ewstd=4.4177170102140562e-04 E_h, pmove=0.52287598
I0512 18:53:17.222104 123403432212288 train.py:1104] Step 00066000: energy=-2.9035489205208784 E_h, variance=1.1441967196396275e-04 E_h^2, std=1.0696713138341271e-02 E_h, ewmean=-2.9037210151401482 E_h, ewvar=5.0617293728410953e-08 E_h^2, ewstd=2.2498287430026970e-04 E_h, pmove=0.51770020
I0512 19:00:15.853638 123403432212288 train.py:1104] Step 00067000: energy=-2.9038006349735679 E_h, variance=1.4665536298178323e-04 E_h^2, std=1.2110134721867599e-02 E_h, ewmean=-2.9037525973145755 E_h, ewvar=3.5727932524110767e-08 E_h^2, ewstd=1.8901833912113070e-04 E_h, pmove=0.51845703
I0512 19:07:14.499613 123403432212288 train.py:1104] Step 00068000: energy=-2.9034428227508080 E_h, variance=3.1110600209841607e-04 E_h^2, std=1.7638197246272535e-02 E_h, ewmean=-2.9036216991687347 E_h, ewvar=1.6691164177283164e-07 E_h^2, ewstd=4.0854821229915038e-04 E_h, pmove=0.51862793
I0512 19:14:13.123445 123403432212288 train.py:1104] Step 00069000: energy=-2.9040456502242291 E_h, variance=6.8284117813018183e-04 E_h^2, std=2.6131229939101257e-02 E_h, ewmean=-2.9038186471583805 E_h, ewvar=1.1244098217795823e-07 E_h^2, ewstd=3.3532220650884164e-04 E_h, pmove=0.51745605
I0512 19:21:11.369181 123403432212288 train.py:1049] Timing step 00070000: block_iters=10000, block_time=4186.464839 s, sec/iter=0.4186464839, iter/s=2.388650, elapsed=29315.952999 s
I0512 19:21:11.790118 123403432212288 train.py:1104] Step 00070000: energy=-2.9039344234609858 E_h, variance=4.3310516104897139e-04 E_h^2, std=2.0811178752030635e-02 E_h, ewmean=-2.9037217958341963 E_h, ewvar=8.1741341641879341e-08 E_h^2, ewstd=2.8590442746113487e-04 E_h, pmove=0.52023926
I0512 19:28:10.476561 123403432212288 train.py:1104] Step 00071000: energy=-2.9035622084087929 E_h, variance=9.7412741255874642e-05 E_h^2, std=9.8697893217573104e-03 E_h, ewmean=-2.9036872643676017 E_h, ewvar=6.1844207006553498e-08 E_h^2, ewstd=2.4868495532812899e-04 E_h, pmove=0.51789551
I0512 19:32:36.381882 123403432212288 checkpoint.py:124] Saving checkpoint /home/sjtu/PyQMC/Ferminet/checkpoints_ferminet_x64_atoms/He_singlet/qmcjax_ckpt_071635.npz
I0512 19:35:09.269325 123403432212288 train.py:1104] Step 00072000: energy=-2.9043747269708815 E_h, variance=6.5343403278033492e-04 E_h^2, std=2.5562355775247611e-02 E_h, ewmean=-2.9038255753688564 E_h, ewvar=1.5452591991235344e-07 E_h^2, ewstd=3.9309785030238137e-04 E_h, pmove=0.52211914
I0512 19:42:08.055211 123403432212288 train.py:1104] Step 00073000: energy=-2.9037718087048878 E_h, variance=2.1416812544821845e-04 E_h^2, std=1.4634484119647623e-02 E_h, ewmean=-2.9036586896017376 E_h, ewvar=1.1314792377180450e-07 E_h^2, ewstd=3.3637467766139072e-04 E_h, pmove=0.51745605
I0512 19:49:06.768544 123403432212288 train.py:1104] Step 00074000: energy=-2.9037868434917788 E_h, variance=1.1035930757202615e-04 E_h^2, std=1.0505203832959461e-02 E_h, ewmean=-2.9037376981302621 E_h, ewvar=6.1542101704889323e-08 E_h^2, ewstd=2.4807680605991631e-04 E_h, pmove=0.52006836
I0512 19:56:05.508985 123403432212288 train.py:1104] Step 00075000: energy=-2.9032905300747052 E_h, variance=2.5663332627997632e-04 E_h^2, std=1.6019779220700150e-02 E_h, ewmean=-2.9035974387059751 E_h, ewvar=1.4289907878414235e-07 E_h^2, ewstd=3.7801994495547764e-04 E_h, pmove=0.51284180
I0512 20:03:04.320836 123403432212288 train.py:1104] Step 00076000: energy=-2.9038443364546209 E_h, variance=3.9576796601090467e-04 E_h^2, std=1.9893917814520715e-02 E_h, ewmean=-2.9037181229106372 E_h, ewvar=5.4072730282295386e-08 E_h^2, ewstd=2.3253543876642843e-04 E_h, pmove=0.51994629
I0512 20:10:03.247682 123403432212288 train.py:1104] Step 00077000: energy=-2.9038151500029579 E_h, variance=2.7775319969851456e-04 E_h^2, std=1.6665929307977834e-02 E_h, ewmean=-2.9037336249811698 E_h, ewvar=1.0439397792374292e-07 E_h^2, ewstd=3.2310056936462201e-04 E_h, pmove=0.52094727
I0512 20:17:01.927808 123403432212288 train.py:1104] Step 00078000: energy=-2.9035298646528629 E_h, variance=1.4336166332671625e-04 E_h^2, std=1.1973373097281996e-02 E_h, ewmean=-2.9037733694834964 E_h, ewvar=4.6702355576148741e-08 E_h^2, ewstd=2.1610727793424435e-04 E_h, pmove=0.51997070
I0512 20:24:00.529867 123403432212288 train.py:1104] Step 00079000: energy=-2.9037976958851353 E_h, variance=1.4537542471211278e-04 E_h^2, std=1.2057173164225219e-02 E_h, ewmean=-2.9036769169273864 E_h, ewvar=1.5305618312118002e-07 E_h^2, ewstd=3.9122395519852824e-04 E_h, pmove=0.51850586
I0512 20:30:58.844394 123403432212288 train.py:1049] Timing step 00080000: block_iters=10000, block_time=4187.475209 s, sec/iter=0.4187475209, iter/s=2.388074, elapsed=33503.428208 s
I0512 20:30:59.265173 123403432212288 train.py:1104] Step 00080000: energy=-2.9036540489215614 E_h, variance=1.9401695227261594e-04 E_h^2, std=1.3928996815012053e-02 E_h, ewmean=-2.9037385909271078 E_h, ewvar=3.7045410962430178e-07 E_h^2, ewstd=6.0864941437933039e-04 E_h, pmove=0.52158203
I0512 20:37:57.981096 123403432212288 train.py:1104] Step 00081000: energy=-2.9039932318101447 E_h, variance=2.3352532798640997e-04 E_h^2, std=1.5281535524495240e-02 E_h, ewmean=-2.9037261265890426 E_h, ewvar=7.0165310037642177e-08 E_h^2, ewstd=2.6488735348755737e-04 E_h, pmove=0.51806641
I0512 20:44:56.782320 123403432212288 train.py:1104] Step 00082000: energy=-2.9037682343306850 E_h, variance=1.6036636554218398e-04 E_h^2, std=1.2663584229679368e-02 E_h, ewmean=-2.9037124991350747 E_h, ewvar=1.1349690253680779e-07 E_h^2, ewstd=3.3689301348767653e-04 E_h, pmove=0.52053223
I0512 20:51:55.508679 123403432212288 train.py:1104] Step 00083000: energy=-2.9038556546459091 E_h, variance=2.0908546061739548e-04 E_h^2, std=1.4459787709969862e-02 E_h, ewmean=-2.9037025625828763 E_h, ewvar=3.9987046887296282e-08 E_h^2, ewstd=1.9996761459620474e-04 E_h, pmove=0.51931152
I0512 20:58:54.197885 123403432212288 train.py:1104] Step 00084000: energy=-2.9037298377517309 E_h, variance=1.5384323316299008e-04 E_h^2, std=1.2403355721859712e-02 E_h, ewmean=-2.9035957116317799 E_h, ewvar=1.1864906980896885e-07 E_h^2, ewstd=3.4445474275870969e-04 E_h, pmove=0.51784668
I0512 21:05:52.946543 123403432212288 train.py:1104] Step 00085000: energy=-2.9038918336645025 E_h, variance=2.0468013912288397e-04 E_h^2, std=1.4306646676383813e-02 E_h, ewmean=-2.9038126167999421 E_h, ewvar=6.3819891801178951e-08 E_h^2, ewstd=2.5262599193507176e-04 E_h, pmove=0.51794434
I0512 21:12:36.760559 123403432212288 checkpoint.py:124] Saving checkpoint /home/sjtu/PyQMC/Ferminet/checkpoints_ferminet_x64_atoms/He_singlet/qmcjax_ckpt_085964.npz
I0512 21:12:51.938935 123403432212288 train.py:1104] Step 00086000: energy=-2.9030739788935480 E_h, variance=1.3085376639719306e-03 E_h^2, std=3.6173715097732644e-02 E_h, ewmean=-2.9036919540053274 E_h, ewvar=1.1557193233896754e-07 E_h^2, ewstd=3.3995872152213941e-04 E_h, pmove=0.51938477
I0512 21:19:50.665007 123403432212288 train.py:1104] Step 00087000: energy=-2.9038963997976905 E_h, variance=8.1182525035567235e-04 E_h^2, std=2.8492547277414008e-02 E_h, ewmean=-2.9037717043019375 E_h, ewvar=4.9337677849966376e-08 E_h^2, ewstd=2.2212086315780060e-04 E_h, pmove=0.52050781
I0512 21:26:49.296989 123403432212288 train.py:1104] Step 00088000: energy=-2.9038907308845765 E_h, variance=8.9851167500940287e-05 E_h^2, std=9.4789855734113380e-03 E_h, ewmean=-2.9036782785801458 E_h, ewvar=1.4417095290842429e-07 E_h^2, ewstd=3.7969850264179904e-04 E_h, pmove=0.52277832
I0512 21:33:47.982472 123403432212288 train.py:1104] Step 00089000: energy=-2.9036635655519918 E_h, variance=1.0135677950420157e-04 E_h^2, std=1.0067610416787172e-02 E_h, ewmean=-2.9034638507130883 E_h, ewvar=2.0876222503010848e-06 E_h^2, ewstd=1.4448606335218234e-03 E_h, pmove=0.52031250
I0512 21:40:46.295919 123403432212288 train.py:1049] Timing step 00090000: block_iters=10000, block_time=4187.451576 s, sec/iter=0.4187451576, iter/s=2.388087, elapsed=37690.879784 s
I0512 21:40:46.716406 123403432212288 train.py:1104] Step 00090000: energy=-2.9036595948530861 E_h, variance=7.0797363291951013e-05 E_h^2, std=8.4141169050561109e-03 E_h, ewmean=-2.9036678471487951 E_h, ewvar=7.3458636025272207e-08 E_h^2, ewstd=2.7103253683879395e-04 E_h, pmove=0.51716309
I0512 21:47:45.527537 123403432212288 train.py:1104] Step 00091000: energy=-2.9040330979452058 E_h, variance=3.1212676667837522e-04 E_h^2, std=1.7667109743202909e-02 E_h, ewmean=-2.9038029467680238 E_h, ewvar=1.3967970855807074e-07 E_h^2, ewstd=3.7373748615581864e-04 E_h, pmove=0.51694336
I0512 21:54:44.316926 123403432212288 train.py:1104] Step 00092000: energy=-2.9028987887543698 E_h, variance=9.7778732965383779e-04 E_h^2, std=3.1269591133461241e-02 E_h, ewmean=-2.9035965379171862 E_h, ewvar=1.3280749535483992e-07 E_h^2, ewstd=3.6442762704663311e-04 E_h, pmove=0.52358398
I0512 22:01:43.088337 123403432212288 train.py:1104] Step 00093000: energy=-2.9036042917143217 E_h, variance=2.2406012866067895e-04 E_h^2, std=1.4968638169876342e-02 E_h, ewmean=-2.9036020317143936 E_h, ewvar=1.4717860273744235e-07 E_h^2, ewstd=3.8363863561617769e-04 E_h, pmove=0.52160645
I0512 22:08:41.893605 123403432212288 train.py:1104] Step 00094000: energy=-2.9040793858128628 E_h, variance=4.0660064589952420e-04 E_h^2, std=2.0164340948801780e-02 E_h, ewmean=-2.9037415187451794 E_h, ewvar=1.0730591086695169e-07 E_h^2, ewstd=3.2757580934335138e-04 E_h, pmove=0.52124023
I0512 22:15:40.697680 123403432212288 train.py:1104] Step 00095000: energy=-2.9038053597476496 E_h, variance=1.4508091312073756e-04 E_h^2, std=1.2044953844691043e-02 E_h, ewmean=-2.9037096476515494 E_h, ewvar=7.8105506336816305e-08 E_h^2, ewstd=2.7947362368713137e-04 E_h, pmove=0.52070313
I0512 22:22:39.496863 123403432212288 train.py:1104] Step 00096000: energy=-2.9038957556493576 E_h, variance=1.5071229706766070e-04 E_h^2, std=1.2276493679697827e-02 E_h, ewmean=-2.9037520917960822 E_h, ewvar=8.6678979189206575e-08 E_h^2, ewstd=2.9441293991468273e-04 E_h, pmove=0.52294922
I0512 22:29:38.301909 123403432212288 train.py:1104] Step 00097000: energy=-2.9039723800392050 E_h, variance=2.2723032111544565e-04 E_h^2, std=1.5074160710150521e-02 E_h, ewmean=-2.9036833597643010 E_h, ewvar=1.3557176994319633e-07 E_h^2, ewstd=3.6820071963970460e-04 E_h, pmove=0.51950684
I0512 22:36:37.114409 123403432212288 train.py:1104] Step 00098000: energy=-2.9038577815218809 E_h, variance=1.9163814339206051e-04 E_h^2, std=1.3843342926911134e-02 E_h, ewmean=-2.9037526683457444 E_h, ewvar=5.3160155834483824e-08 E_h^2, ewstd=2.3056486253218166e-04 E_h, pmove=0.51782227
I0512 22:43:35.915429 123403432212288 train.py:1104] Step 00099000: energy=-2.9038309686952060 E_h, variance=2.6029117337021180e-04 E_h^2, std=1.6133541873073372e-02 E_h, ewmean=-2.9037501736937377 E_h, ewvar=9.9450973002049240e-08 E_h^2, ewstd=3.1535848332025135e-04 E_h, pmove=0.52277832
I0512 22:50:34.290065 123403432212288 train.py:1049] Timing step 00100000: block_iters=10000, block_time=4187.994104 s, sec/iter=0.4187994104, iter/s=2.387778, elapsed=41878.873888 s
I0512 22:50:34.711005 123403432212288 train.py:1104] Step 00100000: energy=-2.9035089071797526 E_h, variance=2.6473784431581943e-04 E_h^2, std=1.6270766555876198e-02 E_h, ewmean=-2.9036992146566494 E_h, ewvar=5.7940525022891350e-08 E_h^2, ewstd=2.4070838170469128e-04 E_h, pmove=0.51823730
I0512 22:52:36.977496 123403432212288 checkpoint.py:124] Saving checkpoint /home/sjtu/PyQMC/Ferminet/checkpoints_ferminet_x64_atoms/He_singlet/qmcjax_ckpt_100292.npz
I0512 22:57:33.529456 123403432212288 train.py:1104] Step 00101000: energy=-2.9037537137509624 E_h, variance=1.2099234025045387e-04 E_h^2, std=1.0999651824055790e-02 E_h, ewmean=-2.9037032336066395 E_h, ewvar=1.0232414025486310e-07 E_h^2, ewstd=3.1988144718764655e-04 E_h, pmove=0.52294922
I0512 23:04:32.293619 123403432212288 train.py:1104] Step 00102000: energy=-2.9030773797139342 E_h, variance=1.2322623632687710e-03 E_h^2, std=3.5103594734282859e-02 E_h, ewmean=-2.9036423729588767 E_h, ewvar=2.0753266534127305e-07 E_h^2, ewstd=4.5555753241634922e-04 E_h, pmove=0.51625977
I0512 23:11:30.980913 123403432212288 train.py:1104] Step 00103000: energy=-2.9040305329374494 E_h, variance=6.3156400607083615e-04 E_h^2, std=2.5130937230251404e-02 E_h, ewmean=-2.9038027505224924 E_h, ewvar=1.0860161531493537e-07 E_h^2, ewstd=3.2954759188156022e-04 E_h, pmove=0.51638184
I0512 23:18:29.673610 123403432212288 train.py:1104] Step 00104000: energy=-2.9036364191128934 E_h, variance=9.8736798564794990e-05 E_h^2, std=9.9366391986825710e-03 E_h, ewmean=-2.9036130206736130 E_h, ewvar=1.2477634273930478e-07 E_h^2, ewstd=3.5323694984996229e-04 E_h, pmove=0.51967773
I0512 23:25:28.370799 123403432212288 train.py:1104] Step 00105000: energy=-2.9038526773328752 E_h, variance=2.0581781913380913e-04 E_h^2, std=1.4346352119399870e-02 E_h, ewmean=-2.9037162003824126 E_h, ewvar=7.2920739418561173e-08 E_h^2, ewstd=2.7003840359949021e-04 E_h, pmove=0.51760254
I0512 23:32:27.025693 123403432212288 train.py:1104] Step 00106000: energy=-2.9035009199474011 E_h, variance=3.6869972532435098e-04 E_h^2, std=1.9201555283995902e-02 E_h, ewmean=-2.9037824458768156 E_h, ewvar=1.1153014561110811e-07 E_h^2, ewstd=3.3396129358221759e-04 E_h, pmove=0.51970215
I0512 23:39:25.657792 123403432212288 train.py:1104] Step 00107000: energy=-2.9037439902335960 E_h, variance=7.6707039154811713e-05 E_h^2, std=8.7582554858151810e-03 E_h, ewmean=-2.9037798487426323 E_h, ewvar=7.5659765546544103e-08 E_h^2, ewstd=2.7506320282172261e-04 E_h, pmove=0.51843262
I0512 23:46:24.226367 123403432212288 train.py:1104] Step 00108000: energy=-2.9040921428660331 E_h, variance=3.1264663947473724e-04 E_h^2, std=1.7681816633896452e-02 E_h, ewmean=-2.9036620532453208 E_h, ewvar=1.1382666602020760e-07 E_h^2, ewstd=3.3738207720655170e-04 E_h, pmove=0.52006836
I0512 23:53:22.797941 123403432212288 train.py:1104] Step 00109000: energy=-2.9035994755362871 E_h, variance=9.4081555060363255e-05 E_h^2, std=9.6995646840651178e-03 E_h, ewmean=-2.9036676876943610 E_h, ewvar=7.7203073575362912e-08 E_h^2, ewstd=2.7785441075383867e-04 E_h, pmove=0.51948242
I0513 00:00:20.985009 123403432212288 train.py:1049] Timing step 00110000: block_iters=10000, block_time=4186.694950 s, sec/iter=0.4186694950, iter/s=2.388519, elapsed=46065.568838 s
I0513 00:00:21.405433 123403432212288 train.py:1104] Step 00110000: energy=-2.9038857699601914 E_h, variance=9.6769784278286013e-05 E_h^2, std=9.8371634264296948e-03 E_h, ewmean=-2.9037338590281112 E_h, ewvar=5.2002758514567627e-08 E_h^2, ewstd=2.2804113338292201e-04 E_h, pmove=0.52170410
I0513 00:07:20.021605 123403432212288 train.py:1104] Step 00111000: energy=-2.9037316080499225 E_h, variance=2.4454824787608655e-04 E_h^2, std=1.5638038491962044e-02 E_h, ewmean=-2.9037501039124800 E_h, ewvar=7.5498431401945662e-08 E_h^2, ewstd=2.7476977890944569e-04 E_h, pmove=0.52043457
I0513 00:14:18.638921 123403432212288 train.py:1104] Step 00112000: energy=-2.9038194171692453 E_h, variance=1.0472797234230200e-04 E_h^2, std=1.0233668567151371e-02 E_h, ewmean=-2.9037056609205538 E_h, ewvar=7.3502197881527377e-08 E_h^2, ewstd=2.7111288770828909e-04 E_h, pmove=0.51779785
I0513 00:21:17.249394 123403432212288 train.py:1104] Step 00113000: energy=-2.9026192681843455 E_h, variance=3.6961949105035470e-03 E_h^2, std=6.0796339614351345e-02 E_h, ewmean=-2.9035677010022818 E_h, ewvar=1.7767260711388216e-07 E_h^2, ewstd=4.2151228583978682e-04 E_h, pmove=0.51857910
I0513 00:28:15.827376 123403432212288 train.py:1104] Step 00114000: energy=-2.9040987728580672 E_h, variance=1.2545692222308644e-04 E_h^2, std=1.1200755430911187e-02 E_h, ewmean=-2.9038200341539424 E_h, ewvar=6.2777733911250597e-08 E_h^2, ewstd=2.5055485210079368e-04 E_h, pmove=0.52163086
I0513 00:32:37.466638 123403432212288 checkpoint.py:124] Saving checkpoint /home/sjtu/PyQMC/Ferminet/checkpoints_ferminet_x64_atoms/He_singlet/qmcjax_ckpt_114625.npz
I0513 00:35:14.551279 123403432212288 train.py:1104] Step 00115000: energy=-2.9041837269919073 E_h, variance=3.2173765991211248e-04 E_h^2, std=1.7937047134690607e-02 E_h, ewmean=-2.9037198562036441 E_h, ewvar=1.1195582873829925e-07 E_h^2, ewstd=3.3459801066100086e-04 E_h, pmove=0.51520996
I0513 00:42:13.171640 123403432212288 train.py:1104] Step 00116000: energy=-2.9028798607362223 E_h, variance=1.6999723608097112e-03 E_h^2, std=4.1230721080399636e-02 E_h, ewmean=-2.9036101943550903 E_h, ewvar=1.6825578403129782e-07 E_h^2, ewstd=4.1018993653099028e-04 E_h, pmove=0.51958008
I0513 00:49:11.780970 123403432212288 train.py:1104] Step 00117000: energy=-2.9034846210162106 E_h, variance=3.6415262914342461e-04 E_h^2, std=1.9082783579536414e-02 E_h, ewmean=-2.9036729484241675 E_h, ewvar=1.8192102909727771e-07 E_h^2, ewstd=4.2652201478619802e-04 E_h, pmove=0.52182617
I0513 00:56:10.391349 123403432212288 train.py:1104] Step 00118000: energy=-2.9042369764098259 E_h, variance=4.9582866272923761e-04 E_h^2, std=2.2267210483786191e-02 E_h, ewmean=-2.9037656765562621 E_h, ewvar=8.0007709791337739e-08 E_h^2, ewstd=2.8285634126060837e-04 E_h, pmove=0.51560059
I0513 01:03:09.022538 123403432212288 train.py:1104] Step 00119000: energy=-2.9038872119830641 E_h, variance=9.1782821756245078e-05 E_h^2, std=9.5803351588681432e-03 E_h, ewmean=-2.9037615796780702 E_h, ewvar=6.0601115818231717e-08 E_h^2, ewstd=2.4617293884225314e-04 E_h, pmove=0.51713867
I0513 01:10:07.233187 123403432212288 train.py:1049] Timing step 00120000: block_iters=10000, block_time=4186.248158 s, sec/iter=0.4186248158, iter/s=2.388774, elapsed=50251.816996 s
I0513 01:10:07.654294 123403432212288 train.py:1104] Step 00120000: energy=-2.9035645382678199 E_h, variance=2.5992433844410003e-04 E_h^2, std=1.6122169160634064e-02 E_h, ewmean=-2.9038357380369946 E_h, ewvar=2.5475769838075333e-07 E_h^2, ewstd=5.0473527554625440e-04 E_h, pmove=0.52434082
I0513 01:17:06.302337 123403432212288 train.py:1104] Step 00121000: energy=-2.9034488094820214 E_h, variance=1.7965110970243742e-04 E_h^2, std=1.3403399184626168e-02 E_h, ewmean=-2.9037022209149814 E_h, ewvar=9.1223824968888636e-08 E_h^2, ewstd=3.0203282101269829e-04 E_h, pmove=0.51901855
I0513 01:24:04.930153 123403432212288 train.py:1104] Step 00122000: energy=-2.9043082451114448 E_h, variance=1.7562560813504779e-03 E_h^2, std=4.1907709092128598e-02 E_h, ewmean=-2.9037327582061860 E_h, ewvar=1.6584690653335046e-07 E_h^2, ewstd=4.0724305584423468e-04 E_h, pmove=0.51452637
I0513 01:31:03.612875 123403432212288 train.py:1104] Step 00123000: energy=-2.9037329926015407 E_h, variance=1.1768807877087382e-04 E_h^2, std=1.0848413652275332e-02 E_h, ewmean=-2.9038104372324347 E_h, ewvar=4.4204069945455531e-08 E_h^2, ewstd=2.1024763957166209e-04 E_h, pmove=0.51674805
I0513 01:38:02.281673 123403432212288 train.py:1104] Step 00124000: energy=-2.9045515432132216 E_h, variance=1.7865243114428958e-03 E_h^2, std=4.2267296003445691e-02 E_h, ewmean=-2.9039476445173924 E_h, ewvar=2.1397429087903875e-07 E_h^2, ewstd=4.6257355185855444e-04 E_h, pmove=0.52194824
I0513 01:45:00.956568 123403432212288 train.py:1104] Step 00125000: energy=-2.9038859438982207 E_h, variance=2.4629224374938407e-04 E_h^2, std=1.5693700766529994e-02 E_h, ewmean=-2.9037414194242501 E_h, ewvar=7.8399416366161649e-08 E_h^2, ewstd=2.7999895779477762e-04 E_h, pmove=0.52058105
I0513 01:51:59.636754 123403432212288 train.py:1104] Step 00126000: energy=-2.9037957905488865 E_h, variance=3.1869966938331818e-04 E_h^2, std=1.7852161476508054e-02 E_h, ewmean=-2.9037419728191836 E_h, ewvar=9.9252457333083211e-08 E_h^2, ewstd=3.1504358005374943e-04 E_h, pmove=0.52329102
I0513 01:58:58.306672 123403432212288 train.py:1104] Step 00127000: energy=-2.9036392678575700 E_h, variance=8.0203052353312242e-05 E_h^2, std=8.9556156881206248e-03 E_h, ewmean=-2.9036900766488154 E_h, ewvar=6.0269755379319189e-08 E_h^2, ewstd=2.4549899262383786e-04 E_h, pmove=0.51701660
I0513 02:05:56.938607 123403432212288 train.py:1104] Step 00128000: energy=-2.9039998838530252 E_h, variance=3.9416783502299710e-04 E_h^2, std=1.9853660494301727e-02 E_h, ewmean=-2.9037916358572007 E_h, ewvar=8.8907586018844509e-08 E_h^2, ewstd=2.9817375139144038e-04 E_h, pmove=0.51962891
I0513 02:12:37.586974 123403432212288 checkpoint.py:124] Saving checkpoint /home/sjtu/PyQMC/Ferminet/checkpoints_ferminet_x64_atoms/He_singlet/qmcjax_ckpt_128957.npz
I0513 02:12:55.672404 123403432212288 train.py:1104] Step 00129000: energy=-2.9037335017009220 E_h, variance=1.1291127844010522e-04 E_h^2, std=1.0625971882143544e-02 E_h, ewmean=-2.9036272772692984 E_h, ewvar=2.7493999470827246e-07 E_h^2, ewstd=5.2434720816294282e-04 E_h, pmove=0.51899414
I0513 02:19:53.889557 123403432212288 train.py:1049] Timing step 00130000: block_iters=10000, block_time=4186.656375 s, sec/iter=0.4186656375, iter/s=2.388541, elapsed=54438.473371 s
I0513 02:19:54.310300 123403432212288 train.py:1104] Step 00130000: energy=-2.9035760698471873 E_h, variance=4.2957864719534789e-04 E_h^2, std=2.0726279144973124e-02 E_h, ewmean=-2.9036900727280703 E_h, ewvar=4.3347623160025634e-08 E_h^2, ewstd=2.0820092017093881e-04 E_h, pmove=0.51335449
I0513 02:26:52.969413 123403432212288 train.py:1104] Step 00131000: energy=-2.9035486273697271 E_h, variance=6.1778982460209423e-05 E_h^2, std=7.8599607162001400e-03 E_h, ewmean=-2.9037727662750212 E_h, ewvar=2.4613191289228435e-07 E_h^2, ewstd=4.9611683391342844e-04 E_h, pmove=0.51689453
I0513 02:33:51.566886 123403432212288 train.py:1104] Step 00132000: energy=-2.9039310009884018 E_h, variance=5.0364375324789441e-04 E_h^2, std=2.2442008672306817e-02 E_h, ewmean=-2.9038076260547379 E_h, ewvar=5.2802952877292271e-08 E_h^2, ewstd=2.2978893114615479e-04 E_h, pmove=0.51848145
I0513 02:40:50.222946 123403432212288 train.py:1104] Step 00133000: energy=-2.9038595699757384 E_h, variance=3.6969712472993422e-04 E_h^2, std=1.9227509582104861e-02 E_h, ewmean=-2.9039967442491390 E_h, ewvar=5.6851998328986315e-07 E_h^2, ewstd=7.5400264143427455e-04 E_h, pmove=0.51384277
I0513 02:47:48.913219 123403432212288 train.py:1104] Step 00134000: energy=-2.9035252545533670 E_h, variance=1.0752146876993513e-04 E_h^2, std=1.0369255940998618e-02 E_h, ewmean=-2.9037643006725329 E_h, ewvar=1.3736638910236874e-07 E_h^2, ewstd=3.7062971966960335e-04 E_h, pmove=0.51857910
I0513 02:54:47.564894 123403432212288 train.py:1104] Step 00135000: energy=-2.9038022781163777 E_h, variance=2.4681901038245857e-04 E_h^2, std=1.5710474543515818e-02 E_h, ewmean=-2.9036513710659433 E_h, ewvar=5.3806561808609735e-08 E_h^2, ewstd=2.3196241464644598e-04 E_h, pmove=0.51228027
I0513 03:01:46.170897 123403432212288 train.py:1104] Step 00136000: energy=-2.9036322798214123 E_h, variance=1.0540469770944881e-04 E_h^2, std=1.0266679000993885e-02 E_h, ewmean=-2.9036524791978366 E_h, ewvar=1.2807203180643894e-07 E_h^2, ewstd=3.5787152975116492e-04 E_h, pmove=0.51423340
I0513 03:08:44.852248 123403432212288 train.py:1104] Step 00137000: energy=-2.9037241613367182 E_h, variance=9.3724800655639850e-05 E_h^2, std=9.6811569895152438e-03 E_h, ewmean=-2.9036611013183289 E_h, ewvar=9.3877240523255210e-08 E_h^2, ewstd=3.0639393029767285e-04 E_h, pmove=0.51997070
I0513 03:15:43.537872 123403432212288 train.py:1104] Step 00138000: energy=-2.9035584278091702 E_h, variance=2.9873110490306941e-04 E_h^2, std=1.7283839414408749e-02 E_h, ewmean=-2.9035740488183568 E_h, ewvar=2.5539484142790744e-07 E_h^2, ewstd=5.0536604696784632e-04 E_h, pmove=0.51909180
I0513 03:22:42.203674 123403432212288 train.py:1104] Step 00139000: energy=-2.9034208407640554 E_h, variance=5.6109173116788867e-03 E_h^2, std=7.4906056575412425e-02 E_h, ewmean=-2.9036758511329817 E_h, ewvar=9.4484933654505373e-08 E_h^2, ewstd=3.0738401658919314e-04 E_h, pmove=0.51999512
I0513 03:29:40.380650 123403432212288 train.py:1049] Timing step 00140000: block_iters=10000, block_time=4186.491107 s, sec/iter=0.4186491107, iter/s=2.388635, elapsed=58624.964478 s
I0513 03:29:40.801309 123403432212288 train.py:1104] Step 00140000: energy=-2.9037228313825603 E_h, variance=1.5276186827968343e-04 E_h^2, std=1.2359687224185062e-02 E_h, ewmean=-2.9036639549271945 E_h, ewvar=7.3793306637715333e-08 E_h^2, ewstd=2.7164923456125426e-04 E_h, pmove=0.52014160
I0513 03:36:39.427798 123403432212288 train.py:1104] Step 00141000: energy=-2.9040966571641240 E_h, variance=3.0115551541710055e-04 E_h^2, std=1.7353832873953250e-02 E_h, ewmean=-2.9036076946493456 E_h, ewvar=1.2201642629881838e-07 E_h^2, ewstd=3.4930849731837100e-04 E_h, pmove=0.52302246
I0513 03:43:38.024109 123403432212288 train.py:1104] Step 00142000: energy=-2.9025543754883079 E_h, variance=2.9693880481468427e-03 E_h^2, std=5.4492091611047955e-02 E_h, ewmean=-2.9034913479048305 E_h, ewvar=3.3401940599930282e-07 E_h^2, ewstd=5.7794412013559130e-04 E_h, pmove=0.51960449
I0513 03:50:36.651757 123403432212288 train.py:1104] Step 00143000: energy=-2.9035613740866024 E_h, variance=1.7692647657159213e-04 E_h^2, std=1.3301371228997112e-02 E_h, ewmean=-2.9038402373873318 E_h, ewvar=9.9966832364314479e-08 E_h^2, ewstd=3.1617531903093652e-04 E_h, pmove=0.51911621
I0513 03:52:38.047101 123403432212288 checkpoint.py:124] Saving checkpoint /home/sjtu/PyQMC/Ferminet/checkpoints_ferminet_x64_atoms/He_singlet/qmcjax_ckpt_143290.npz
I0513 03:57:35.358491 123403432212288 train.py:1104] Step 00144000: energy=-2.9038031464318736 E_h, variance=8.0015526095240409e-05 E_h^2, std=8.9451398030014270e-03 E_h, ewmean=-2.9038114152135797 E_h, ewvar=1.1081984393362470e-07 E_h^2, ewstd=3.3289614586778368e-04 E_h, pmove=0.51933594
I0513 04:04:33.983901 123403432212288 train.py:1104] Step 00145000: energy=-2.9036468807331977 E_h, variance=1.1054638585278817e-04 E_h^2, std=1.0514104139335323e-02 E_h, ewmean=-2.9037085849835722 E_h, ewvar=7.7724472547324679e-08 E_h^2, ewstd=2.7879109122661125e-04 E_h, pmove=0.51396484
I0513 04:11:32.602586 123403432212288 train.py:1104] Step 00146000: energy=-2.9036618026125081 E_h, variance=3.8070191444339384e-04 E_h^2, std=1.9511584109020822e-02 E_h, ewmean=-2.9037074780452725 E_h, ewvar=1.2470943395881995e-07 E_h^2, ewstd=3.5314222907890800e-04 E_h, pmove=0.51740723
I0513 04:18:31.242065 123403432212288 train.py:1104] Step 00147000: energy=-2.9037274568955183 E_h, variance=6.6444840501626634e-05 E_h^2, std=8.1513704676960085e-03 E_h, ewmean=-2.9036416119973198 E_h, ewvar=6.9417320122739681e-08 E_h^2, ewstd=2.6347166853902848e-04 E_h, pmove=0.51508789
I0513 04:25:29.912730 123403432212288 train.py:1104] Step 00148000: energy=-2.9038015197667768 E_h, variance=1.2846654193515489e-04 E_h^2, std=1.1334308180703174e-02 E_h, ewmean=-2.9036639042448806 E_h, ewvar=5.5249435226972732e-08 E_h^2, ewstd=2.3505198409495023e-04 E_h, pmove=0.51611328
I0513 04:32:28.556791 123403432212288 train.py:1104] Step 00149000: energy=-2.9039548206642434 E_h, variance=1.5862509444054831e-04 E_h^2, std=1.2594645467044649e-02 E_h, ewmean=-2.9033006506553147 E_h, ewvar=1.3433224621603589e-06 E_h^2, ewstd=1.1590178869026824e-03 E_h, pmove=0.52275391
I0513 04:39:26.761974 123403432212288 train.py:1049] Timing step 00150000: block_iters=10000, block_time=4186.381314 s, sec/iter=0.4186381314, iter/s=2.388698, elapsed=62811.345791 s
I0513 04:39:27.182912 123403432212288 train.py:1104] Step 00150000: energy=-2.9039406685399944 E_h, variance=1.5414692344632391e-04 E_h^2, std=1.2415591949090624e-02 E_h, ewmean=-2.9039056678547408 E_h, ewvar=1.3857152559295565e-07 E_h^2, ewstd=3.7225196519690215e-04 E_h, pmove=0.51557617
I0513 04:46:25.836526 123403432212288 train.py:1104] Step 00151000: energy=-2.9037573432398922 E_h, variance=2.2065094077961003e-04 E_h^2, std=1.4854323975853295e-02 E_h, ewmean=-2.9037198288799599 E_h, ewvar=4.8230927242043374e-08 E_h^2, ewstd=2.1961540756978634e-04 E_h, pmove=0.51320801
I0513 04:53:24.471040 123403432212288 train.py:1104] Step 00152000: energy=-2.9033700415617192 E_h, variance=1.5950641676564616e-03 E_h^2, std=3.9938254439277406e-02 E_h, ewmean=-2.9037313506494007 E_h, ewvar=1.4314827903048986e-07 E_h^2, ewstd=3.7834941394231054e-04 E_h, pmove=0.51682129
I0513 05:00:23.063236 123403432212288 train.py:1104] Step 00153000: energy=-2.9034884879622513 E_h, variance=2.3020982797281315e-03 E_h^2, std=4.7980186324441586e-02 E_h, ewmean=-2.9038618127929849 E_h, ewvar=1.0379952578794867e-07 E_h^2, ewstd=3.2217933792834803e-04 E_h, pmove=0.51506348
I0513 05:07:21.687762 123403432212288 train.py:1104] Step 00154000: energy=-2.9039645984382787 E_h, variance=3.4665413209870503e-04 E_h^2, std=1.8618650114836603e-02 E_h, ewmean=-2.9037012565870133 E_h, ewvar=4.1557772870737450e-08 E_h^2, ewstd=2.0385723649342805e-04 E_h, pmove=0.52312012
I0513 05:14:20.358325 123403432212288 train.py:1104] Step 00155000: energy=-2.9038338266396440 E_h, variance=7.9126324196450123e-05 E_h^2, std=8.8952978700238099e-03 E_h, ewmean=-2.9036996812541891 E_h, ewvar=6.5110800220700598e-08 E_h^2, ewstd=2.5516818026685966e-04 E_h, pmove=0.51977539
I0513 05:21:19.020416 123403432212288 train.py:1104] Step 00156000: energy=-2.9034707646114990 E_h, variance=1.1035960943391856e-04 E_h^2, std=1.0505218200205009e-02 E_h, ewmean=-2.9036872880079789 E_h, ewvar=8.7790286101770756e-08 E_h^2, ewstd=2.9629425593786113e-04 E_h, pmove=0.51833496
I0513 05:28:17.683882 123403432212288 train.py:1104] Step 00157000: energy=-2.9039583506766324 E_h, variance=3.3361852730908847e-04 E_h^2, std=1.8265227272308671e-02 E_h, ewmean=-2.9036100225700467 E_h, ewvar=1.3009767845328672e-07 E_h^2, ewstd=3.6069055775454772e-04 E_h, pmove=0.52226563
I0513 05:32:38.491369 123403432212288 checkpoint.py:124] Saving checkpoint /home/sjtu/PyQMC/Ferminet/checkpoints_ferminet_x64_atoms/He_singlet/qmcjax_ckpt_157623.npz
I0513 05:35:16.402271 123403432212288 train.py:1104] Step 00158000: energy=-2.9033616058425364 E_h, variance=2.8253656007860118e-04 E_h^2, std=1.6808823875530409e-02 E_h, ewmean=-2.9037254615267525 E_h, ewvar=8.8720857461177095e-08 E_h^2, ewstd=2.9786046642879126e-04 E_h, pmove=0.51845703
I0513 05:42:14.997462 123403432212288 train.py:1104] Step 00159000: energy=-2.9038417893222213 E_h, variance=1.3297917047892782e-04 E_h^2, std=1.1531659485040643e-02 E_h, ewmean=-2.9036492293491021 E_h, ewvar=1.2723706732978608e-07 E_h^2, ewstd=3.5670305203318076e-04 E_h, pmove=0.51501465
I0513 05:49:13.207540 123403432212288 train.py:1049] Timing step 00160000: block_iters=10000, block_time=4186.445560 s, sec/iter=0.4186445560, iter/s=2.388661, elapsed=66997.791352 s
I0513 05:49:13.628273 123403432212288 train.py:1104] Step 00160000: energy=-2.9036494617884951 E_h, variance=1.6860283654935459e-04 E_h^2, std=1.2984715497435998e-02 E_h, ewmean=-2.9036794935748165 E_h, ewvar=9.1891642833077125e-08 E_h^2, ewstd=3.0313634363612213e-04 E_h, pmove=0.52084961
I0513 05:56:12.222464 123403432212288 train.py:1104] Step 00161000: energy=-2.9033691702739191 E_h, variance=1.7066808512872166e-04 E_h^2, std=1.3063999583922285e-02 E_h, ewmean=-2.9036547060881914 E_h, ewvar=9.7932486130446180e-08 E_h^2, ewstd=3.1294166569897046e-04 E_h, pmove=0.51994629
I0513 06:03:10.892586 123403432212288 train.py:1104] Step 00162000: energy=-2.9036913167279539 E_h, variance=1.5041181190276380e-04 E_h^2, std=1.2264249341185290e-02 E_h, ewmean=-2.9038118434683695 E_h, ewvar=7.5387063566956039e-08 E_h^2, ewstd=2.7456704748923539e-04 E_h, pmove=0.51899414
I0513 06:10:09.487652 123403432212288 train.py:1104] Step 00163000: energy=-2.9037008164114178 E_h, variance=5.8081130404776036e-04 E_h^2, std=2.4100027054917601e-02 E_h, ewmean=-2.9037244169885801 E_h, ewvar=1.0688083718695908e-07 E_h^2, ewstd=3.2692634826052042e-04 E_h, pmove=0.51857910
I0513 06:17:08.142117 123403432212288 train.py:1104] Step 00164000: energy=-2.9038287880119964 E_h, variance=1.1885501124796439e-04 E_h^2, std=1.0902064540625523e-02 E_h, ewmean=-2.9037239607732985 E_h, ewvar=6.7842072737223718e-08 E_h^2, ewstd=2.6046510848331243e-04 E_h, pmove=0.51853027
I0513 06:24:06.826350 123403432212288 train.py:1104] Step 00165000: energy=-2.9030646457658795 E_h, variance=9.0269920856504357e-04 E_h^2, std=3.0044953129686251e-02 E_h, ewmean=-2.9036096188409792 E_h, ewvar=1.0417946663145443e-07 E_h^2, ewstd=3.2276844119500661e-04 E_h, pmove=0.51953125
I0513 06:31:05.474247 123403432212288 train.py:1104] Step 00166000: energy=-2.9040169134538498 E_h, variance=2.2776183489037525e-04 E_h^2, std=1.5091780375104034e-02 E_h, ewmean=-2.9037489658109106 E_h, ewvar=1.2049323907550074e-07 E_h^2, ewstd=3.4712136073065388e-04 E_h, pmove=0.52099609
I0513 06:38:04.135235 123403432212288 train.py:1104] Step 00167000: energy=-2.9038465131439359 E_h, variance=2.2018541334032813e-04 E_h^2, std=1.4838645940257762e-02 E_h, ewmean=-2.9037809607541747 E_h, ewvar=6.5260810754436249e-08 E_h^2, ewstd=2.5546195559111390e-04 E_h, pmove=0.52265625
I0513 06:45:02.852518 123403432212288 train.py:1104] Step 00168000: energy=-2.9035756065376823 E_h, variance=2.0110725385556234e-04 E_h^2, std=1.4181228926139031e-02 E_h, ewmean=-2.9037975952597277 E_h, ewvar=9.9780535689952718e-08 E_h^2, ewstd=3.1588057187796896e-04 E_h, pmove=0.51972656
I0513 06:52:01.610347 123403432212288 train.py:1104] Step 00169000: energy=-2.9036967320979397 E_h, variance=1.5207258359869674e-04 E_h^2, std=1.2331771308238600e-02 E_h, ewmean=-2.9036186423667121 E_h, ewvar=2.7994561289106763e-07 E_h^2, ewstd=5.2909886872971824e-04 E_h, pmove=0.52265625
I0513 06:58:59.916947 123403432212288 train.py:1049] Timing step 00170000: block_iters=10000, block_time=4186.709408 s, sec/iter=0.4186709408, iter/s=2.388511, elapsed=71184.500759 s
I0513 06:59:00.338117 123403432212288 train.py:1104] Step 00170000: energy=-2.9043442703587248 E_h, variance=1.4372528236089761e-03 E_h^2, std=3.7911117414407294e-02 E_h, ewmean=-2.9038187452275213 E_h, ewvar=1.1670891513305281e-07 E_h^2, ewstd=3.4162686535612626e-04 E_h, pmove=0.51643066
I0513 07:05:59.112267 123403432212288 train.py:1104] Step 00171000: energy=-2.9037991932140521 E_h, variance=2.0957315355903385e-04 E_h^2, std=1.4476641653333617e-02 E_h, ewmean=-2.9037370762182531 E_h, ewvar=5.0865013147434707e-08 E_h^2, ewstd=2.2553273187596231e-04 E_h, pmove=0.52236328
I0513 07:12:38.968859 123403432212288 checkpoint.py:124] Saving checkpoint /home/sjtu/PyQMC/Ferminet/checkpoints_ferminet_x64_atoms/He_singlet/qmcjax_ckpt_171955.npz
I0513 07:12:57.892743 123403432212288 train.py:1104] Step 00172000: energy=-2.9034427019297695 E_h, variance=2.0104248719314189e-04 E_h^2, std=1.4178945207353820e-02 E_h, ewmean=-2.9035186804414264 E_h, ewvar=6.6580936242217522e-07 E_h^2, ewstd=8.1597142255239257e-04 E_h, pmove=0.51943359
I0513 07:19:56.502262 123403432212288 train.py:1104] Step 00173000: energy=-2.9042505559932419 E_h, variance=8.8795613870164595e-04 E_h^2, std=2.9798592898015269e-02 E_h, ewmean=-2.9035835434208139 E_h, ewvar=1.5953562277982555e-07 E_h^2, ewstd=3.9941910667846818e-04 E_h, pmove=0.52197266
I0513 07:26:55.134250 123403432212288 train.py:1104] Step 00174000: energy=-2.9042025876687347 E_h, variance=2.7340853007411182e-04 E_h^2, std=1.6535069702729163e-02 E_h, ewmean=-2.9038545024938749 E_h, ewvar=1.0624823070089572e-07 E_h^2, ewstd=3.2595740626789832e-04 E_h, pmove=0.52182617
I0513 07:33:53.797889 123403432212288 train.py:1104] Step 00175000: energy=-2.9036375662065881 E_h, variance=1.0626836740322459e-04 E_h^2, std=1.0308654975467197e-02 E_h, ewmean=-2.9036154091869082 E_h, ewvar=8.2334518089977571e-08 E_h^2, ewstd=2.8693992069765678e-04 E_h, pmove=0.52307129
I0513 07:40:52.462148 123403432212288 train.py:1104] Step 00176000: energy=-2.9038084272362905 E_h, variance=6.5851501381717519e-05 E_h^2, std=8.1148937997805939e-03 E_h, ewmean=-2.9037449933305362 E_h, ewvar=6.5023891217629355e-08 E_h^2, ewstd=2.5499782590765230e-04 E_h, pmove=0.52268066
I0513 07:47:51.121311 123403432212288 train.py:1104] Step 00177000: energy=-2.9040521752147201 E_h, variance=1.6929965478863627e-04 E_h^2, std=1.3011520079861394e-02 E_h, ewmean=-2.9037294482805436 E_h, ewvar=1.0533227455917674e-07 E_h^2, ewstd=3.2454934071597918e-04 E_h, pmove=0.51926270
I0513 07:54:49.770869 123403432212288 train.py:1104] Step 00178000: energy=-2.9043365209084833 E_h, variance=6.4296288502776002e-04 E_h^2, std=2.5356712819838458e-02 E_h, ewmean=-2.9037834835581058 E_h, ewvar=9.6558157807088962e-08 E_h^2, ewstd=3.1073808554325772e-04 E_h, pmove=0.51894531
I0513 08:01:48.372587 123403432212288 train.py:1104] Step 00179000: energy=-2.9036731893936603 E_h, variance=1.9020546724181041e-04 E_h^2, std=1.3791499818432019e-02 E_h, ewmean=-2.9037147171616624 E_h, ewvar=5.8279310987210416e-08 E_h^2, ewstd=2.4141108298338421e-04 E_h, pmove=0.52094727
I0513 08:08:46.580476 123403432212288 train.py:1049] Timing step 00180000: block_iters=10000, block_time=4186.663539 s, sec/iter=0.4186663539, iter/s=2.388537, elapsed=75371.164298 s
I0513 08:08:47.001206 123403432212288 train.py:1104] Step 00180000: energy=-2.9032359788976647 E_h, variance=2.3279978696248275e-03 E_h^2, std=4.8249330250531228e-02 E_h, ewmean=-2.9036257969306241 E_h, ewvar=2.6864192428229935e-07 E_h^2, ewstd=5.1830678587328892e-04 E_h, pmove=0.52016602
I0513 08:15:45.613787 123403432212288 train.py:1104] Step 00181000: energy=-2.9037528642435824 E_h, variance=8.2559887305057669e-05 E_h^2, std=9.0862471518805641e-03 E_h, ewmean=-2.9037173848752507 E_h, ewvar=8.0311582826162403e-08 E_h^2, ewstd=2.8339298302209671e-04 E_h, pmove=0.52119141
I0513 08:22:44.244199 123403432212288 train.py:1104] Step 00182000: energy=-2.9036417636996861 E_h, variance=1.8194812157121596e-04 E_h^2, std=1.3488814683700565e-02 E_h, ewmean=-2.9038016690645483 E_h, ewvar=7.9262729855518162e-08 E_h^2, ewstd=2.8153637394752061e-04 E_h, pmove=0.51997070
I0513 08:29:42.871452 123403432212288 train.py:1104] Step 00183000: energy=-2.9037028504778633 E_h, variance=1.2724727113239175e-04 E_h^2, std=1.1280393217099826e-02 E_h, ewmean=-2.9036912918192730 E_h, ewvar=4.1320744572590879e-08 E_h^2, ewstd=2.0327504660580176e-04 E_h, pmove=0.52287598
I0513 08:36:41.520428 123403432212288 train.py:1104] Step 00184000: energy=-2.9030191952676243 E_h, variance=9.2618637069571052e-04 E_h^2, std=3.0433310215875475e-02 E_h, ewmean=-2.9035727539629157 E_h, ewvar=1.1669039853391702e-07 E_h^2, ewstd=3.4159976366197480e-04 E_h, pmove=0.51928711
I0513 08:43:40.156381 123403432212288 train.py:1104] Step 00185000: energy=-2.9036194949866561 E_h, variance=2.3776883491514344e-04 E_h^2, std=1.5419754696983460e-02 E_h, ewmean=-2.9037792891120473 E_h, ewvar=1.7426431050455925e-07 E_h^2, ewstd=4.1744977003773672e-04 E_h, pmove=0.52045898
I0513 08:50:38.808492 123403432212288 train.py:1104] Step 00186000: energy=-2.9039006848468132 E_h, variance=9.1560790878470621e-05 E_h^2, std=9.5687402973678101e-03 E_h, ewmean=-2.9038351113369014 E_h, ewvar=6.6310772556783540e-08 E_h^2, ewstd=2.5750878151391954e-04 E_h, pmove=0.51840820
I0513 08:52:39.375528 123403432212288 checkpoint.py:124] Saving checkpoint /home/sjtu/PyQMC/Ferminet/checkpoints_ferminet_x64_atoms/He_singlet/qmcjax_ckpt_186288.npz
I0513 08:57:37.517049 123403432212288 train.py:1104] Step 00187000: energy=-2.9038398153013847 E_h, variance=2.3960665342880229e-04 E_h^2, std=1.5479232972883452e-02 E_h, ewmean=-2.9037528724104957 E_h, ewvar=8.2797550877487402e-08 E_h^2, ewstd=2.8774563572274626e-04 E_h, pmove=0.51787109
I0513 09:04:36.146269 123403432212288 train.py:1104] Step 00188000: energy=-2.9034459665904713 E_h, variance=6.9335523783088540e-04 E_h^2, std=2.6331639482396179e-02 E_h, ewmean=-2.9035915233940286 E_h, ewvar=9.6328084834072974e-08 E_h^2, ewstd=3.1036766074137457e-04 E_h, pmove=0.52270508
I0513 09:11:34.759197 123403432212288 train.py:1104] Step 00189000: energy=-2.9036392083075362 E_h, variance=1.8533603025323788e-04 E_h^2, std=1.3613817622299702e-02 E_h, ewmean=-2.9037388277475418 E_h, ewvar=4.4167538743325873e-08 E_h^2, ewstd=2.1016074501039881e-04 E_h, pmove=0.51667480
I0513 09:18:33.343500 123403432212288 train.py:1049] Timing step 00190000: block_iters=10000, block_time=4186.763011 s, sec/iter=0.4186763011, iter/s=2.388480, elapsed=79557.927309 s
I0513 09:18:33.764321 123403432212288 train.py:1104] Step 00190000: energy=-2.9035831110093904 E_h, variance=4.1200478185447141e-04 E_h^2, std=2.0297900922373019e-02 E_h, ewmean=-2.9037149199628796 E_h, ewvar=6.3311070458711863e-08 E_h^2, ewstd=2.5161691210789439e-04 E_h, pmove=0.51953125
I0513 09:25:32.416547 123403432212288 train.py:1104] Step 00191000: energy=-2.9034946024469148 E_h, variance=8.7408058858851916e-05 E_h^2, std=9.3492277145682950e-03 E_h, ewmean=-2.9037079468237628 E_h, ewvar=1.1510998995769248e-07 E_h^2, ewstd=3.3927863174342779e-04 E_h, pmove=0.51955566
I0513 09:32:31.066403 123403432212288 train.py:1104] Step 00192000: energy=-2.9042384282540734 E_h, variance=3.3050506624105093e-04 E_h^2, std=1.8179798300340159e-02 E_h, ewmean=-2.9038573248012658 E_h, ewvar=1.0165787516458184e-07 E_h^2, ewstd=3.1883832135516871e-04 E_h, pmove=0.51550293
I0513 09:39:29.741783 123403432212288 train.py:1104] Step 00193000: energy=-2.9035219085114705 E_h, variance=2.0122519734480410e-04 E_h^2, std=1.4185386753444690e-02 E_h, ewmean=-2.9037079776274775 E_h, ewvar=1.1152541386127545e-07 E_h^2, ewstd=3.3395420922826451e-04 E_h, pmove=0.51564941
I0513 09:46:29.437118 123403432212288 train.py:1104] Step 00194000: energy=-2.9033897760615659 E_h, variance=1.4400757752086491e-03 E_h^2, std=3.7948330334925791e-02 E_h, ewmean=-2.9036355530994618 E_h, ewvar=7.8183468390153338e-08 E_h^2, ewstd=2.7961306906178999e-04 E_h, pmove=0.52148438
I0513 09:53:29.539369 123403432212288 train.py:1104] Step 00195000: energy=-2.9037764309013481 E_h, variance=1.4516959286024799e-04 E_h^2, std=1.2048634481145487e-02 E_h, ewmean=-2.9037310954252482 E_h, ewvar=1.5153075262157849e-07 E_h^2, ewstd=3.8926951154897617e-04 E_h, pmove=0.52148438
I0513 10:00:28.687045 123403432212288 train.py:1104] Step 00196000: energy=-2.9038656596253056 E_h, variance=1.3405632680559901e-04 E_h^2, std=1.1578269594615553e-02 E_h, ewmean=-2.9036884699730670 E_h, ewvar=7.8015223583610679e-08 E_h^2, ewstd=2.7931205413231038e-04 E_h, pmove=0.51547852
I0513 10:07:27.415710 123403432212288 train.py:1104] Step 00197000: energy=-2.9037162446002807 E_h, variance=6.1933719453797907e-05 E_h^2, std=7.8697979296674381e-03 E_h, ewmean=-2.9037622621427035 E_h, ewvar=4.2937959603945636e-08 E_h^2, ewstd=2.0721476685783193e-04 E_h, pmove=0.51940918
I0513 10:14:26.059109 123403432212288 train.py:1104] Step 00198000: energy=-2.9037449515130840 E_h, variance=1.3741657369614160e-04 E_h^2, std=1.1722481550258103e-02 E_h, ewmean=-2.9036990702740013 E_h, ewvar=8.9219560334377499e-08 E_h^2, ewstd=2.9869643508816356e-04 E_h, pmove=0.52036133
I0513 10:21:24.710584 123403432212288 train.py:1104] Step 00199000: energy=-2.9037969989264933 E_h, variance=5.6671839354555445e-04 E_h^2, std=2.3805847885457775e-02 E_h, ewmean=-2.9037735801299416 E_h, ewvar=7.5458688460513477e-08 E_h^2, ewstd=2.7469744895159380e-04 E_h, pmove=0.52204590
I0513 10:28:22.920392 123403432212288 train.py:1049] Timing step 00200000: block_iters=10000, block_time=4189.576901 s, sec/iter=0.4189576901, iter/s=2.386876, elapsed=83747.504210 s
I0513 10:28:23.341198 123403432212288 train.py:1104] Step 00200000: energy=-2.9029529382300434 E_h, variance=2.5945322520862881e-03 E_h^2, std=5.0936551238636954e-02 E_h, ewmean=-2.9037404331805834 E_h, ewvar=2.4147444085666103e-07 E_h^2, ewstd=4.9140048927189830e-04 E_h, pmove=0.51691895
I0513 10:32:39.541340 123403432212288 checkpoint.py:124] Saving checkpoint /home/sjtu/PyQMC/Ferminet/checkpoints_ferminet_x64_atoms/He_singlet/qmcjax_ckpt_200612.npz
I0513 10:35:22.073466 123403432212288 train.py:1104] Step 00201000: energy=-2.9036279590399729 E_h, variance=1.3695040001179075e-04 E_h^2, std=1.1702580912422300e-02 E_h, ewmean=-2.9037684158084880 E_h, ewvar=4.9487069650914635e-08 E_h^2, ewstd=2.2245689391635996e-04 E_h, pmove=0.52165527
I0513 10:42:20.797898 123403432212288 train.py:1104] Step 00202000: energy=-2.9041925366904877 E_h, variance=1.8776992244217455e-04 E_h^2, std=1.3702916567000420e-02 E_h, ewmean=-2.9036741378737903 E_h, ewvar=9.0247616572917123e-08 E_h^2, ewstd=3.0041241081705850e-04 E_h, pmove=0.51503906
I0513 10:49:19.457193 123403432212288 train.py:1104] Step 00203000: energy=-2.9039992017073546 E_h, variance=2.8716738096469497e-04 E_h^2, std=1.6946013719004685e-02 E_h, ewmean=-2.9037969379158439 E_h, ewvar=5.3861165210394479e-08 E_h^2, ewstd=2.3208008361424399e-04 E_h, pmove=0.51635742
I0513 10:56:18.116362 123403432212288 train.py:1104] Step 00204000: energy=-2.9042700694426218 E_h, variance=6.9302026721837853e-04 E_h^2, std=2.6325278103343532e-02 E_h, ewmean=-2.9036641465268702 E_h, ewvar=1.4058317156761776e-07 E_h^2, ewstd=3.7494422460896467e-04 E_h, pmove=0.51423340
I0513 11:03:16.781241 123403432212288 train.py:1104] Step 00205000: energy=-2.9037908003084110 E_h, variance=3.7313256832786917e-04 E_h^2, std=1.9316639674846894e-02 E_h, ewmean=-2.9038444065215767 E_h, ewvar=8.1860456203495344e-08 E_h^2, ewstd=2.8611266347978266e-04 E_h, pmove=0.52202148
I0513 11:10:15.480190 123403432212288 train.py:1104] Step 00206000: energy=-2.9039518065894461 E_h, variance=1.5516054849450613e-04 E_h^2, std=1.2456345711905483e-02 E_h, ewmean=-2.9037549760459052 E_h, ewvar=1.1736118987258849e-07 E_h^2, ewstd=3.4258019480493687e-04 E_h, pmove=0.51169434
I0513 11:17:14.214306 123403432212288 train.py:1104] Step 00207000: energy=-2.9038578510865438 E_h, variance=6.5068638345473859e-05 E_h^2, std=8.0665133946131815e-03 E_h, ewmean=-2.9037085698393987 E_h, ewvar=3.6104300554890761e-08 E_h^2, ewstd=1.9001131691267961e-04 E_h, pmove=0.51865234
I0513 11:24:13.011136 123403432212288 train.py:1104] Step 00208000: energy=-2.9038090289263798 E_h, variance=2.1884701275168658e-04 E_h^2, std=1.4793478723805520e-02 E_h, ewmean=-2.9037684123465590 E_h, ewvar=9.1914624102991767e-08 E_h^2, ewstd=3.0317424709726216e-04 E_h, pmove=0.52028809
I0513 11:31:11.687093 123403432212288 train.py:1104] Step 00209000: energy=-2.9037556644013693 E_h, variance=9.1688555335913804e-05 E_h^2, std=9.5754141078030573e-03 E_h, ewmean=-2.9037210161761537 E_h, ewvar=6.7216538432526433e-08 E_h^2, ewstd=2.5926152516817153e-04 E_h, pmove=0.51767578
I0513 11:38:09.947058 123403432212288 train.py:1049] Timing step 00210000: block_iters=10000, block_time=4187.026719 s, sec/iter=0.4187026719, iter/s=2.388330, elapsed=87934.530929 s
I0513 11:38:10.367410 123403432212288 train.py:1104] Step 00210000: energy=-2.9037891313545754 E_h, variance=5.3486928801799985e-04 E_h^2, std=2.3127241253941201e-02 E_h, ewmean=-2.9037892383421600 E_h, ewvar=4.0629328428071530e-08 E_h^2, ewstd=2.0156718093001036e-04 E_h, pmove=0.52309570
I0513 11:45:09.087112 123403432212288 train.py:1104] Step 00211000: energy=-2.9037113643453893 E_h, variance=1.5679086957068647e-04 E_h^2, std=1.2521616092609072e-02 E_h, ewmean=-2.9036080539350460 E_h, ewvar=1.2838914826771247e-07 E_h^2, ewstd=3.5831431490761359e-04 E_h, pmove=0.51408691
I0513 11:52:07.807205 123403432212288 train.py:1104] Step 00212000: energy=-2.9034794400111750 E_h, variance=1.1916094065495021e-03 E_h^2, std=3.4519695922031267e-02 E_h, ewmean=-2.9037114961697541 E_h, ewvar=8.2225746000025215e-08 E_h^2, ewstd=2.8675031996499190e-04 E_h, pmove=0.51596680
I0513 11:59:06.454317 123403432212288 train.py:1104] Step 00213000: energy=-2.9039393927181063 E_h, variance=3.8697241575094275e-04 E_h^2, std=1.9671614467321758e-02 E_h, ewmean=-2.9037741060247373 E_h, ewvar=7.8647854120937674e-08 E_h^2, ewstd=2.8044224738961438e-04 E_h, pmove=0.51479492
I0513 12:06:05.182783 123403432212288 train.py:1104] Step 00214000: energy=-2.9032714525374113 E_h, variance=3.2227903017714667e-04 E_h^2, std=1.7952131633239176e-02 E_h, ewmean=-2.9036834615152802 E_h, ewvar=6.7739966594316835e-08 E_h^2, ewstd=2.6026902734347171e-04 E_h, pmove=0.51916504
I0513 12:12:39.998065 123403432212288 checkpoint.py:124] Saving checkpoint /home/sjtu/PyQMC/Ferminet/checkpoints_ferminet_x64_atoms/He_singlet/qmcjax_ckpt_214943.npz
I0513 12:13:03.946346 123403432212288 train.py:1104] Step 00215000: energy=-2.9035691017189533 E_h, variance=6.5460568836746735e-04 E_h^2, std=2.5585263109209319e-02 E_h, ewmean=-2.9036063367532954 E_h, ewvar=1.2402056816013109e-07 E_h^2, ewstd=3.5216554084710092e-04 E_h, pmove=0.52036133
I0513 12:20:02.616173 123403432212288 train.py:1104] Step 00216000: energy=-2.9037267826441426 E_h, variance=1.8160845915561046e-04 E_h^2, std=1.3476218280942561e-02 E_h, ewmean=-2.9036488131324507 E_h, ewvar=5.8067550070120428e-08 E_h^2, ewstd=2.4097209396550554e-04 E_h, pmove=0.51682129
I0513 12:27:01.271079 123403432212288 train.py:1104] Step 00217000: energy=-2.9038288064305462 E_h, variance=1.2083136045681916e-04 E_h^2, std=1.0992331893498266e-02 E_h, ewmean=-2.9036712521117525 E_h, ewvar=8.0611401053194839e-08 E_h^2, ewstd=2.8392146987009424e-04 E_h, pmove=0.51699219
I0513 12:34:00.008897 123403432212288 train.py:1104] Step 00218000: energy=-2.9033969437128944 E_h, variance=8.8559706009710656e-04 E_h^2, std=2.9758982847152331e-02 E_h, ewmean=-2.9036562729600681 E_h, ewvar=1.1709238483281671e-07 E_h^2, ewstd=3.4218764564609386e-04 E_h, pmove=0.52006836
I0513 12:40:58.631299 123403432212288 train.py:1104] Step 00219000: energy=-2.9040457982299621 E_h, variance=2.9444994055031505e-04 E_h^2, std=1.7159543716262243e-02 E_h, ewmean=-2.9036660369877123 E_h, ewvar=8.0715284258742046e-08 E_h^2, ewstd=2.8410435452266841e-04 E_h, pmove=0.51728516
I0513 12:47:56.867166 123403432212288 train.py:1049] Timing step 00220000: block_iters=10000, block_time=4186.920047 s, sec/iter=0.4186920047, iter/s=2.388390, elapsed=92121.450976 s
I0513 12:47:57.288003 123403432212288 train.py:1104] Step 00220000: energy=-2.9037323736677561 E_h, variance=6.0338834851807325e-05 E_h^2, std=7.7678075962144769e-03 E_h, ewmean=-2.9036714789122278 E_h, ewvar=8.7500001059792492e-08 E_h^2, ewstd=2.9580399094635706e-04 E_h, pmove=0.52436523
I0513 12:54:55.975455 123403432212288 train.py:1104] Step 00221000: energy=-2.9037144484535546 E_h, variance=2.4152136391316519e-04 E_h^2, std=1.5540957625357749e-02 E_h, ewmean=-2.9037234202949564 E_h, ewvar=4.4501937284549992e-08 E_h^2, ewstd=2.1095482285207417e-04 E_h, pmove=0.51423340
I0513 13:01:54.709295 123403432212288 train.py:1104] Step 00222000: energy=-2.9037862745480489 E_h, variance=4.4257413486096050e-04 E_h^2, std=2.1037446015639838e-02 E_h, ewmean=-2.9035556500916342 E_h, ewvar=1.9198601732389441e-07 E_h^2, ewstd=4.3816209024046617e-04 E_h, pmove=0.51904297
I0513 13:08:53.403844 123403432212288 train.py:1104] Step 00223000: energy=-2.9037075927898721 E_h, variance=9.6159720299611581e-05 E_h^2, std=9.8061062761736154e-03 E_h, ewmean=-2.9037060277549021 E_h, ewvar=1.4249453003748573e-07 E_h^2, ewstd=3.7748447655166660e-04 E_h, pmove=0.51987305
I0513 13:15:52.145124 123403432212288 train.py:1104] Step 00224000: energy=-2.9033870181352319 E_h, variance=2.4038138100479714e-04 E_h^2, std=1.5504237517685194e-02 E_h, ewmean=-2.9037019110146174 E_h, ewvar=7.9528434160931252e-08 E_h^2, ewstd=2.8200786187787611e-04 E_h, pmove=0.51933594
I0513 13:22:50.806112 123403432212288 train.py:1104] Step 00225000: energy=-2.9032385283232642 E_h, variance=7.5208913155712875e-04 E_h^2, std=2.7424243500179340e-02 E_h, ewmean=-2.9035909284284389 E_h, ewvar=1.2591281041717998e-07 E_h^2, ewstd=3.5484195132083802e-04 E_h, pmove=0.51564941
I0513 13:29:49.479539 123403432212288 train.py:1104] Step 00226000: energy=-2.9037658748386299 E_h, variance=1.4984413115024772e-04 E_h^2, std=1.2241083740839605e-02 E_h, ewmean=-2.9037227033906876 E_h, ewvar=3.6683049176207441e-08 E_h^2, ewstd=1.9152819420703427e-04 E_h, pmove=0.51733398
I0513 13:36:48.180090 123403432212288 train.py:1104] Step 00227000: energy=-2.9037726489326854 E_h, variance=2.7884686067268136e-04 E_h^2, std=1.6698708353423068e-02 E_h, ewmean=-2.9038191327096570 E_h, ewvar=1.0186791552106774e-07 E_h^2, ewstd=3.1916753519283214e-04 E_h, pmove=0.52258301
I0513 13:43:46.861250 123403432212288 train.py:1104] Step 00228000: energy=-2.9036186240104644 E_h, variance=1.2784422976872624e-04 E_h^2, std=1.1306822266610820e-02 E_h, ewmean=-2.9038236765228804 E_h, ewvar=1.3922916582776459e-07 E_h^2, ewstd=3.7313424638830002e-04 E_h, pmove=0.51848145
I0513 13:50:45.583530 123403432212288 train.py:1104] Step 00229000: energy=-2.9041355346697353 E_h, variance=1.6711527907588709e-04 E_h^2, std=1.2927307495216747e-02 E_h, ewmean=-2.9040113410930739 E_h, ewvar=1.9300435097453104e-07 E_h^2, ewstd=4.3932260467056673e-04 E_h, pmove=0.51594238
I0513 13:52:40.291311 123403432212288 checkpoint.py:124] Saving checkpoint /home/sjtu/PyQMC/Ferminet/checkpoints_ferminet_x64_atoms/He_singlet/qmcjax_ckpt_229274.npz
I0513 13:57:43.886671 123403432212288 train.py:1049] Timing step 00230000: block_iters=10000, block_time=4187.019500 s, sec/iter=0.4187019500, iter/s=2.388334, elapsed=96308.470476 s
I0513 13:57:44.307327 123403432212288 train.py:1104] Step 00230000: energy=-2.9035810474987134 E_h, variance=1.7369962799219078e-04 E_h^2, std=1.3179515468794397e-02 E_h, ewmean=-2.9037334126445162 E_h, ewvar=5.8051869000021133e-08 E_h^2, ewstd=2.4093955466054372e-04 E_h, pmove=0.51911621
I0513 14:04:43.012722 123403432212288 train.py:1104] Step 00231000: energy=-2.9038871819266574 E_h, variance=1.1170613806438011e-04 E_h^2, std=1.0569112453956581e-02 E_h, ewmean=-2.9037466704641655 E_h, ewvar=6.2578136217641513e-08 E_h^2, ewstd=2.5015622362364187e-04 E_h, pmove=0.52092285
I0513 14:11:41.745683 123403432212288 train.py:1104] Step 00232000: energy=-2.9032402983047416 E_h, variance=3.0364842417076742e-04 E_h^2, std=1.7425510729122615e-02 E_h, ewmean=-2.9036928072011587 E_h, ewvar=1.9301024042839393e-07 E_h^2, ewstd=4.3932930749995944e-04 E_h, pmove=0.52114258
I0513 14:18:40.448183 123403432212288 train.py:1104] Step 00233000: energy=-2.9037898628272067 E_h, variance=1.0457094688964443e-04 E_h^2, std=1.0225993687150626e-02 E_h, ewmean=-2.9037226572695287 E_h, ewvar=2.4447824516850569e-08 E_h^2, ewstd=1.5635800112834191e-04 E_h, pmove=0.51762695
I0513 14:25:39.147399 123403432212288 train.py:1104] Step 00234000: energy=-2.9037741236060040 E_h, variance=1.2637154508029241e-04 E_h^2, std=1.1241509911052537e-02 E_h, ewmean=-2.9036714223977360 E_h, ewvar=1.0183476793255707e-07 E_h^2, ewstd=3.1911560277203164e-04 E_h, pmove=0.52236328
I0513 14:32:37.835430 123403432212288 train.py:1104] Step 00235000: energy=-2.9034706205046934 E_h, variance=1.3363772120629416e-04 E_h^2, std=1.1560178251493103e-02 E_h, ewmean=-2.9035761079215434 E_h, ewvar=1.3847055842460145e-07 E_h^2, ewstd=3.7211632378142385e-04 E_h, pmove=0.52172852
I0513 14:39:36.540892 123403432212288 train.py:1104] Step 00236000: energy=-2.9038476343532373 E_h, variance=1.1920793963550330e-04 E_h^2, std=1.0918238852283060e-02 E_h, ewmean=-2.9036562089707560 E_h, ewvar=2.1391787110705462e-07 E_h^2, ewstd=4.6251256318834692e-04 E_h, pmove=0.51799316
I0513 14:46:35.228981 123403432212288 train.py:1104] Step 00237000: energy=-2.9037618404057328 E_h, variance=7.5694760514656361e-05 E_h^2, std=8.7002735884945809e-03 E_h, ewmean=-2.9037424071391591 E_h, ewvar=1.0573045010678601e-07 E_h^2, ewstd=3.2516219046313798e-04 E_h, pmove=0.51862793
I0513 14:53:33.951052 123403432212288 train.py:1104] Step 00238000: energy=-2.9036591626660329 E_h, variance=9.0685965320351882e-05 E_h^2, std=9.5229178994860539e-03 E_h, ewmean=-2.9036057676038705 E_h, ewvar=1.2098231906512700e-07 E_h^2, ewstd=3.4782512713305659e-04 E_h, pmove=0.51691895
I0513 15:00:32.692449 123403432212288 train.py:1104] Step 00239000: energy=-2.9041658861388928 E_h, variance=3.8547517530854582e-04 E_h^2, std=1.9633521724554303e-02 E_h, ewmean=-2.9037220462234394 E_h, ewvar=1.2997879037856894e-07 E_h^2, ewstd=3.6052571389370960e-04 E_h, pmove=0.51621094
I0513 15:07:30.993151 123403432212288 train.py:1049] Timing step 00240000: block_iters=10000, block_time=4187.106491 s, sec/iter=0.4187106491, iter/s=2.388284, elapsed=100495.576967 s
I0513 15:07:31.414011 123403432212288 train.py:1104] Step 00240000: energy=-2.9036387410459623 E_h, variance=1.1447190628207851e-04 E_h^2, std=1.0699154465754689e-02 E_h, ewmean=-2.9037174969259101 E_h, ewvar=5.8462150110742225e-08 E_h^2, ewstd=2.4178947477246032e-04 E_h, pmove=0.51477051
I0513 15:14:30.073670 123403432212288 train.py:1104] Step 00241000: energy=-2.9040787041110070 E_h, variance=2.1280194690687464e-04 E_h^2, std=1.4587732754162816e-02 E_h, ewmean=-2.9037786656238285 E_h, ewvar=6.4502010555992560e-08 E_h^2, ewstd=2.5397246023140495e-04 E_h, pmove=0.51782227
I0513 15:21:28.749285 123403432212288 train.py:1104] Step 00242000: energy=-2.9036287313786744 E_h, variance=8.0333515248332124e-05 E_h^2, std=8.9628965880641578e-03 E_h, ewmean=-2.9037230094027033 E_h, ewvar=1.7345308460495567e-07 E_h^2, ewstd=4.1647699168736280e-04 E_h, pmove=0.51892090
I0513 15:28:27.418382 123403432212288 train.py:1104] Step 00243000: energy=-2.9035611450349395 E_h, variance=2.1954937399094990e-04 E_h^2, std=1.4817198587821852e-02 E_h, ewmean=-2.9037035210655309 E_h, ewvar=3.3688494671816025e-08 E_h^2, ewstd=1.8354425807367558e-04 E_h, pmove=0.51928711
I0513 15:32:40.377897 123403432212288 checkpoint.py:124] Saving checkpoint /home/sjtu/PyQMC/Ferminet/checkpoints_ferminet_x64_atoms/He_singlet/qmcjax_ckpt_243604.npz
I0513 15:35:26.251122 123403432212288 train.py:1104] Step 00244000: energy=-2.9038768034314768 E_h, variance=1.7160001264226457e-04 E_h^2, std=1.3099618797593485e-02 E_h, ewmean=-2.9037552842687044 E_h, ewvar=7.7430593034831999e-08 E_h^2, ewstd=2.7826353162933875e-04 E_h, pmove=0.51486816
I0513 15:42:24.903502 123403432212288 train.py:1104] Step 00245000: energy=-2.9038731209741875 E_h, variance=1.2751177778568424e-03 E_h^2, std=3.5708791324502186e-02 E_h, ewmean=-2.9038134947610676 E_h, ewvar=1.3835683861892120e-07 E_h^2, ewstd=3.7196349097582304e-04 E_h, pmove=0.52397461
I0513 15:49:23.586447 123403432212288 train.py:1104] Step 00246000: energy=-2.9030547294934266 E_h, variance=3.3356063831737373e-04 E_h^2, std=1.8263642525996115e-02 E_h, ewmean=-2.9035959263789568 E_h, ewvar=7.2219604339397380e-08 E_h^2, ewstd=2.6873705427312659e-04 E_h, pmove=0.51721191
I0513 15:56:22.306293 123403432212288 train.py:1104] Step 00247000: energy=-2.9038641372750145 E_h, variance=9.1413676605967827e-05 E_h^2, std=9.5610499740335954e-03 E_h, ewmean=-2.9036732784649999 E_h, ewvar=1.4831177001630956e-07 E_h^2, ewstd=3.8511267184592818e-04 E_h, pmove=0.51745605
I0513 16:03:21.206903 123403432212288 train.py:1104] Step 00248000: energy=-2.9035408615987235 E_h, variance=3.8851926862524551e-04 E_h^2, std=1.9710892131642482e-02 E_h, ewmean=-2.9037712141242258 E_h, ewvar=6.3172551309652394e-08 E_h^2, ewstd=2.5134150335679221e-04 E_h, pmove=0.52094727
I0513 16:10:20.063479 123403432212288 train.py:1104] Step 00249000: energy=-2.9037985378612170 E_h, variance=6.6159445517035781e-05 E_h^2, std=8.1338456782161644e-03 E_h, ewmean=-2.9036674744242075 E_h, ewvar=1.0801524021042616e-07 E_h^2, ewstd=3.2865672092690599e-04 E_h, pmove=0.51755371
I0513 16:17:18.558504 123403432212288 train.py:1049] Timing step 00250000: block_iters=10000, block_time=4187.565343 s, sec/iter=0.4187565343, iter/s=2.388022, elapsed=104683.142310 s
I0513 16:17:18.979982 123403432212288 train.py:1104] Step 00250000: energy=-2.9034979941873571 E_h, variance=2.0719574921962251e-04 E_h^2, std=1.4394295718082997e-02 E_h, ewmean=-2.9037545791797448 E_h, ewvar=1.4844878709038676e-07 E_h^2, ewstd=3.8529052296985811e-04 E_h, pmove=0.51997070
I0513 16:24:17.899991 123403432212288 train.py:1104] Step 00251000: energy=-2.9038615067965070 E_h, variance=1.3656722761220554e-04 E_h^2, std=1.1686198167590927e-02 E_h, ewmean=-2.9037448047994374 E_h, ewvar=9.2926059386653742e-08 E_h^2, ewstd=3.0483775912221525e-04 E_h, pmove=0.51901855
I0513 16:31:16.654511 123403432212288 train.py:1104] Step 00252000: energy=-2.9040250841269342 E_h, variance=2.1165942450923392e-04 E_h^2, std=1.4548519667280033e-02 E_h, ewmean=-2.9036187542780949 E_h, ewvar=1.2509473092013996e-07 E_h^2, ewstd=3.5368733497276935e-04 E_h, pmove=0.52114258
I0513 16:38:15.444328 123403432212288 train.py:1104] Step 00253000: energy=-2.9037639579495806 E_h, variance=1.2493999750506240e-04 E_h^2, std=1.1177656172251069e-02 E_h, ewmean=-2.9037797624323987 E_h, ewvar=6.5123267360028266e-08 E_h^2, ewstd=2.5519260835695900e-04 E_h, pmove=0.51972656
I0513 16:45:14.159883 123403432212288 train.py:1104] Step 00254000: energy=-2.9034329874345608 E_h, variance=8.9241293313090282e-05 E_h^2, std=9.4467609958699753e-03 E_h, ewmean=-2.9036371210740248 E_h, ewvar=8.0396381979281928e-08 E_h^2, ewstd=2.8354255761575182e-04 E_h, pmove=0.51948242
I0513 16:52:12.994354 123403432212288 train.py:1104] Step 00255000: energy=-2.9037888235063050 E_h, variance=1.7070478301722803e-04 E_h^2, std=1.3065404051051312e-02 E_h, ewmean=-2.9037480845642385 E_h, ewvar=6.7136436947763184e-08 E_h^2, ewstd=2.5910699903276097e-04 E_h, pmove=0.51767578
I0513 16:59:11.699477 123403432212288 train.py:1104] Step 00256000: energy=-2.9038888848802462 E_h, variance=6.6395344438529148e-04 E_h^2, std=2.5767294083494516e-02 E_h, ewmean=-2.9037002620132260 E_h, ewvar=1.0997796652276101e-07 E_h^2, ewstd=3.3162926065527000e-04 E_h, pmove=0.52097168
I0513 17:06:10.418102 123403432212288 train.py:1104] Step 00257000: energy=-2.9037812806944068 E_h, variance=5.4967568492735977e-05 E_h^2, std=7.4140116328972657e-03 E_h, ewmean=-2.9036989062770124 E_h, ewvar=4.6752137995453278e-08 E_h^2, ewstd=2.1622242713338798e-04 E_h, pmove=0.52031250
I0513 17:12:40.756963 123403432212288 checkpoint.py:124] Saving checkpoint /home/sjtu/PyQMC/Ferminet/checkpoints_ferminet_x64_atoms/He_singlet/qmcjax_ckpt_257932.npz
I0513 17:13:09.312675 123403432212288 train.py:1104] Step 00258000: energy=-2.9034571707066625 E_h, variance=4.9314390169628017e-04 E_h^2, std=2.2206843577966685e-02 E_h, ewmean=-2.9036708484755831 E_h, ewvar=5.6939498008055963e-08 E_h^2, ewstd=2.3861998660643655e-04 E_h, pmove=0.51911621
I0513 17:20:08.055190 123403432212288 train.py:1104] Step 00259000: energy=-2.9037460940377855 E_h, variance=9.5178943972073823e-05 E_h^2, std=9.7559696582181828e-03 E_h, ewmean=-2.9036392701672531 E_h, ewvar=1.5377051952361375e-07 E_h^2, ewstd=3.9213584320183453e-04 E_h, pmove=0.52229004
I0513 17:27:06.341943 123403432212288 train.py:1049] Timing step 00260000: block_iters=10000, block_time=4187.783438 s, sec/iter=0.4187783438, iter/s=2.387898, elapsed=108870.925748 s
I0513 17:27:06.762777 123403432212288 train.py:1104] Step 00260000: energy=-2.9037659096919262 E_h, variance=1.1983569886741195e-04 E_h^2, std=1.0946949295005068e-02 E_h, ewmean=-2.9037566354978295 E_h, ewvar=8.3504511404161260e-08 E_h^2, ewstd=2.8897147160950206e-04 E_h, pmove=0.51821289
I0513 17:34:05.467165 123403432212288 train.py:1104] Step 00261000: energy=-2.9039570972722766 E_h, variance=3.1741626586852999e-04 E_h^2, std=1.7816179889879030e-02 E_h, ewmean=-2.9037254501876317 E_h, ewvar=8.8054281705111812e-08 E_h^2, ewstd=2.9673941717458401e-04 E_h, pmove=0.52048340
I0513 17:41:04.172564 123403432212288 train.py:1104] Step 00262000: energy=-2.9035869273734383 E_h, variance=1.1445144876349494e-04 E_h^2, std=1.0698198388677176e-02 E_h, ewmean=-2.9038267211159163 E_h, ewvar=9.6705950113379380e-08 E_h^2, ewstd=3.1097580309950059e-04 E_h, pmove=0.52268066
I0513 17:48:02.941434 123403432212288 train.py:1104] Step 00263000: energy=-2.9039049669730916 E_h, variance=1.1559514178383338e-04 E_h^2, std=1.0751518115309734e-02 E_h, ewmean=-2.9036922555775582 E_h, ewvar=8.9925027909209425e-08 E_h^2, ewstd=2.9987502048221592e-04 E_h, pmove=0.52246094
I0513 17:55:01.628910 123403432212288 train.py:1104] Step 00264000: energy=-2.9026011334737873 E_h, variance=1.7727917987025942e-03 E_h^2, std=4.2104534182230237e-02 E_h, ewmean=-2.9035425493687819 E_h, ewvar=1.3826447620102369e-07 E_h^2, ewstd=3.7183931502871465e-04 E_h, pmove=0.51914063
I0513 18:02:00.449745 123403432212288 train.py:1104] Step 00265000: energy=-2.9034765533992468 E_h, variance=5.8747368594177281e-04 E_h^2, std=2.4237856463428707e-02 E_h, ewmean=-2.9036738251057721 E_h, ewvar=1.1733198792925310e-07 E_h^2, ewstd=3.4253757155858553e-04 E_h, pmove=0.52023926
I0513 18:08:59.243720 123403432212288 train.py:1104] Step 00266000: energy=-2.9038041855960195 E_h, variance=5.6800460120547130e-05 E_h^2, std=7.5366079983336751e-03 E_h, ewmean=-2.9036163519790401 E_h, ewvar=8.5446677555681649e-08 E_h^2, ewstd=2.9231263666780070e-04 E_h, pmove=0.51997070
I0513 18:15:57.981644 123403432212288 train.py:1104] Step 00267000: energy=-2.9037356791468092 E_h, variance=2.0707301668266325e-04 E_h^2, std=1.4390031851342903e-02 E_h, ewmean=-2.9037349661331566 E_h, ewvar=6.4055273750551101e-08 E_h^2, ewstd=2.5309143357796823e-04 E_h, pmove=0.51645508
I0513 18:22:56.775214 123403432212288 train.py:1104] Step 00268000: energy=-2.9036910067924566 E_h, variance=6.4139154520104262e-05 E_h^2, std=8.0086924351047625e-03 E_h, ewmean=-2.9037441586340584 E_h, ewvar=8.0228373580024881e-08 E_h^2, ewstd=2.8324613603723683e-04 E_h, pmove=0.51672363
I0513 18:29:55.535234 123403432212288 train.py:1104] Step 00269000: energy=-2.9040238056390129 E_h, variance=1.7436302540167959e-04 E_h^2, std=1.3204659230804845e-02 E_h, ewmean=-2.9037319005162954 E_h, ewvar=1.0316147254354528e-07 E_h^2, ewstd=3.2118759711972889e-04 E_h, pmove=0.51706543
I0513 18:36:53.824416 123403432212288 train.py:1049] Timing step 00270000: block_iters=10000, block_time=4187.482533 s, sec/iter=0.4187482533, iter/s=2.388070, elapsed=113058.408281 s
I0513 18:36:54.244760 123403432212288 train.py:1104] Step 00270000: energy=-2.9040427742391195 E_h, variance=5.1773420096815884e-04 E_h^2, std=2.2753773334727556e-02 E_h, ewmean=-2.9036500412999131 E_h, ewvar=7.9104584950592855e-08 E_h^2, ewstd=2.8125537319417180e-04 E_h, pmove=0.52321777
I0513 18:43:52.990042 123403432212288 train.py:1104] Step 00271000: energy=-2.9038896688121909 E_h, variance=2.0994770920364521e-04 E_h^2, std=1.4489572429980301e-02 E_h, ewmean=-2.9037588088554656 E_h, ewvar=5.5359628677248324e-08 E_h^2, ewstd=2.3528626963180050e-04 E_h, pmove=0.51550293
I0513 18:50:51.702481 123403432212288 train.py:1104] Step 00272000: energy=-2.9030703287300561 E_h, variance=3.4092289278615097e-03 E_h^2, std=5.8388602722290843e-02 E_h, ewmean=-2.9035594948926531 E_h, ewvar=1.9309880233991731e-07 E_h^2, ewstd=4.3943008811404496e-04 E_h, pmove=0.51945801
I0513 18:52:40.985225 123403432212288 checkpoint.py:124] Saving checkpoint /home/sjtu/PyQMC/Ferminet/checkpoints_ferminet_x64_atoms/He_singlet/qmcjax_ckpt_272261.npz
I0513 18:57:50.484455 123403432212288 train.py:1104] Step 00273000: energy=-2.9037443782813304 E_h, variance=3.0084735064315625e-04 E_h^2, std=1.7344951733664647e-02 E_h, ewmean=-2.9036809213827466 E_h, ewvar=7.1578126584029854e-08 E_h^2, ewstd=2.6754088768640553e-04 E_h, pmove=0.51506348
I0513 19:04:49.266296 123403432212288 train.py:1104] Step 00274000: energy=-2.9039597583038379 E_h, variance=6.5503143193250239e-05 E_h^2, std=8.0934012129172395e-03 E_h, ewmean=-2.9037038028754161 E_h, ewvar=7.0021298522522473e-08 E_h^2, ewstd=2.6461537846943526e-04 E_h, pmove=0.52109375
I0513 19:11:47.983602 123403432212288 train.py:1104] Step 00275000: energy=-2.9037466723929146 E_h, variance=2.6101144415979554e-04 E_h^2, std=1.6155848605374945e-02 E_h, ewmean=-2.9037292712924501 E_h, ewvar=2.8746394581403896e-08 E_h^2, ewstd=1.6954761744537698e-04 E_h, pmove=0.51953125
I0513 19:18:46.656907 123403432212288 train.py:1104] Step 00276000: energy=-2.9041155250372714 E_h, variance=2.0431447269560982e-04 E_h^2, std=1.4293861364082479e-02 E_h, ewmean=-2.9037090912625709 E_h, ewvar=1.0291535779282751e-07 E_h^2, ewstd=3.2080423593342330e-04 E_h, pmove=0.51760254
I0513 19:25:45.279974 123403432212288 train.py:1104] Step 00277000: energy=-2.9037379053853938 E_h, variance=1.2042249713024796e-04 E_h^2, std=1.0973718473254540e-02 E_h, ewmean=-2.9036150588973428 E_h, ewvar=7.6358842570667099e-08 E_h^2, ewstd=2.7633103801539757e-04 E_h, pmove=0.51557617
I0513 19:32:43.916985 123403432212288 train.py:1104] Step 00278000: energy=-2.9037135924940314 E_h, variance=4.8796856750727341e-05 E_h^2, std=6.9854746975940973e-03 E_h, ewmean=-2.9036963442543935 E_h, ewvar=6.6538670056504700e-08 E_h^2, ewstd=2.5795090629130324e-04 E_h, pmove=0.51701660
I0513 19:39:42.577915 123403432212288 train.py:1104] Step 00279000: energy=-2.9034822110713132 E_h, variance=2.4667174487805925e-04 E_h^2, std=1.5705786986905789e-02 E_h, ewmean=-2.9036812289995182 E_h, ewvar=2.2342112447044519e-07 E_h^2, ewstd=4.7267443813945047e-04 E_h, pmove=0.51760254
I0513 19:46:40.818262 123403432212288 train.py:1049] Timing step 00280000: block_iters=10000, block_time=4186.993831 s, sec/iter=0.4186993831, iter/s=2.388348, elapsed=117245.402113 s
I0513 19:46:41.238935 123403432212288 train.py:1104] Step 00280000: energy=-2.9037735266069786 E_h, variance=2.4930976958684463e-04 E_h^2, std=1.5789546212188768e-02 E_h, ewmean=-2.9038621075021505 E_h, ewvar=4.5835124482746437e-08 E_h^2, ewstd=2.1409139282733072e-04 E_h, pmove=0.51879883
I0513 19:53:39.922779 123403432212288 train.py:1104] Step 00281000: energy=-2.9027798657710857 E_h, variance=3.6631433045736278e-03 E_h^2, std=6.0523906884582625e-02 E_h, ewmean=-2.9035850014713627 E_h, ewvar=2.0084687668022561e-07 E_h^2, ewstd=4.4815943221160212e-04 E_h, pmove=0.51691895
I0513 20:00:38.678149 123403432212288 train.py:1104] Step 00282000: energy=-2.9040878215269554 E_h, variance=6.3636279210361742e-04 E_h^2, std=2.5226232221709555e-02 E_h, ewmean=-2.9037609340234374 E_h, ewvar=5.1052098221209196e-08 E_h^2, ewstd=2.2594711377047771e-04 E_h, pmove=0.51853027
I0513 20:07:37.433914 123403432212288 train.py:1104] Step 00283000: energy=-2.9038119702689138 E_h, variance=4.3122160809938700e-04 E_h^2, std=2.0765876049408244e-02 E_h, ewmean=-2.9037473696109526 E_h, ewvar=6.6497077546532304e-08 E_h^2, ewstd=2.5787027270806598e-04 E_h, pmove=0.51914063
I0513 20:14:36.246454 123403432212288 train.py:1104] Step 00284000: energy=-2.9041648331330654 E_h, variance=1.3740836708309248e-03 E_h^2, std=3.7068634596258393e-02 E_h, ewmean=-2.9037745823763044 E_h, ewvar=8.6620270292749917e-08 E_h^2, ewstd=2.9431321800549483e-04 E_h, pmove=0.51616211
I0513 20:21:34.960493 123403432212288 train.py:1104] Step 00285000: energy=-2.9036373388388430 E_h, variance=1.2459011797640059e-04 E_h^2, std=1.1161994354791647e-02 E_h, ewmean=-2.9037141448154573 E_h, ewvar=5.3506302446157512e-08 E_h^2, ewstd=2.3131429364861461e-04 E_h, pmove=0.52226563
I0513 20:28:33.641946 123403432212288 train.py:1104] Step 00286000: energy=-2.9034031660887476 E_h, variance=7.2652660877674735e-04 E_h^2, std=2.6954157541588038e-02 E_h, ewmean=-2.9037021188335252 E_h, ewvar=6.9743468916321733e-08 E_h^2, ewstd=2.6408988794787605e-04 E_h, pmove=0.51745605
I0513 20:32:41.091728 123403432212288 checkpoint.py:124] Saving checkpoint /home/sjtu/PyQMC/Ferminet/checkpoints_ferminet_x64_atoms/He_singlet/qmcjax_ckpt_286591.npz
I0513 20:35:32.442123 123403432212288 train.py:1104] Step 00287000: energy=-2.9035721235828822 E_h, variance=4.1656494834335016e-04 E_h^2, std=2.0409922791214820e-02 E_h, ewmean=-2.9038006421174312 E_h, ewvar=6.6906443071262572e-08 E_h^2, ewstd=2.5866279800400863e-04 E_h, pmove=0.51557617
I0513 20:42:31.285515 123403432212288 train.py:1104] Step 00288000: energy=-2.9034122096449826 E_h, variance=7.1111329725219170e-04 E_h^2, std=2.6666707656780423e-02 E_h, ewmean=-2.9036974576234664 E_h, ewvar=2.4982710989964640e-07 E_h^2, ewstd=4.9982707999831938e-04 E_h, pmove=0.52065430
I0513 20:49:30.291217 123403432212288 train.py:1104] Step 00289000: energy=-2.9037300665440200 E_h, variance=5.5711689363492724e-05 E_h^2, std=7.4640263506697731e-03 E_h, ewmean=-2.9036910743553670 E_h, ewvar=1.8702123218970146e-07 E_h^2, ewstd=4.3245951508748363e-04 E_h, pmove=0.51970215
I0513 20:56:28.745707 123403432212288 train.py:1049] Timing step 00290000: block_iters=10000, block_time=4187.927406 s, sec/iter=0.4187927406, iter/s=2.387816, elapsed=121433.329519 s
I0513 20:56:29.166559 123403432212288 train.py:1104] Step 00290000: energy=-2.9041575297349635 E_h, variance=7.9061223835933655e-05 E_h^2, std=8.8916378601432960e-03 E_h, ewmean=-2.9037745971137916 E_h, ewvar=1.4525497679356000e-07 E_h^2, ewstd=3.8112330917113951e-04 E_h, pmove=0.52121582
I0513 21:03:27.916224 123403432212288 train.py:1104] Step 00291000: energy=-2.9039187159656183 E_h, variance=1.4574365560499831e-04 E_h^2, std=1.2072433706796584e-02 E_h, ewmean=-2.9037841323711477 E_h, ewvar=7.9288744535137404e-08 E_h^2, ewstd=2.8158257143356263e-04 E_h, pmove=0.52067871
I0513 21:10:26.742993 123403432212288 train.py:1104] Step 00292000: energy=-2.9034770519049458 E_h, variance=2.3369578627174950e-04 E_h^2, std=1.5287111770107180e-02 E_h, ewmean=-2.9036650814697489 E_h, ewvar=6.9582545154089864e-08 E_h^2, ewstd=2.6378503587976682e-04 E_h, pmove=0.51875000
I0513 21:17:25.565330 123403432212288 train.py:1104] Step 00293000: energy=-2.9037412901732766 E_h, variance=5.3412162244375063e-05 E_h^2, std=7.3083624872043026e-03 E_h, ewmean=-2.9036725066366933 E_h, ewvar=6.1072689274503702e-08 E_h^2, ewstd=2.4712889202702239e-04 E_h, pmove=0.51647949
I0513 21:24:24.414027 123403432212288 train.py:1104] Step 00294000: energy=-2.9039891030738847 E_h, variance=7.5325976851601942e-05 E_h^2, std=8.6790539145463284e-03 E_h, ewmean=-2.9037634668325909 E_h, ewvar=9.0041739757662011e-08 E_h^2, ewstd=3.0006955819886498e-04 E_h, pmove=0.52333984
I0513 21:31:23.339554 123403432212288 train.py:1104] Step 00295000: energy=-2.9041938651840136 E_h, variance=4.1483171085687765e-04 E_h^2, std=2.0367417874067338e-02 E_h, ewmean=-2.9038124426084404 E_h, ewvar=6.6308454483836436e-08 E_h^2, ewstd=2.5750428051556041e-04 E_h, pmove=0.52504883
I0513 21:38:22.079915 123403432212288 train.py:1104] Step 00296000: energy=-2.9037581851371890 E_h, variance=8.3869932781703181e-04 E_h^2, std=2.8960306072571676e-02 E_h, ewmean=-2.9036824607201459 E_h, ewvar=7.2572089771005283e-08 E_h^2, ewstd=2.6939207443984928e-04 E_h, pmove=0.52402344
I0513 21:45:20.728534 123403432212288 train.py:1104] Step 00297000: energy=-2.9037377053714124 E_h, variance=8.4550247228754310e-05 E_h^2, std=9.1951208381812095e-03 E_h, ewmean=-2.9037344912333909 E_h, ewvar=9.9197548620754555e-08 E_h^2, ewstd=3.1495642336798680e-04 E_h, pmove=0.52170410
I0513 21:52:19.475983 123403432212288 train.py:1104] Step 00298000: energy=-2.9034599161081731 E_h, variance=1.4225552352832857e-03 E_h^2, std=3.7716776575991824e-02 E_h, ewmean=-2.9036408748575928 E_h, ewvar=4.5545817543359970e-08 E_h^2, ewstd=2.1341466103189812e-04 E_h, pmove=0.51909180
I0513 21:59:18.253888 123403432212288 train.py:1104] Step 00299000: energy=-2.9036342261528940 E_h, variance=1.0509870592194024e-04 E_h^2, std=1.0251765990400884e-02 E_h, ewmean=-2.9037551146978116 E_h, ewvar=9.6345886037516126e-08 E_h^2, ewstd=3.1039633702335492e-04 E_h, pmove=0.51794434
I0513 22:06:16.531033 123403432212288 train.py:1049] Timing step 00300000: block_iters=10000, block_time=4187.785330 s, sec/iter=0.4187785330, iter/s=2.387897, elapsed=125621.114849 s
I0513 22:06:16.951908 123403432212288 train.py:1104] Step 00300000: energy=-2.9036346570822671 E_h, variance=7.3431177440696490e-05 E_h^2, std=8.5691993465373695e-03 E_h, ewmean=-2.9037580492043262 E_h, ewvar=4.8375628240881489e-08 E_h^2, ewstd=2.1994460266367414e-04 E_h, pmove=0.51718750
I0513 22:12:41.386274 123403432212288 checkpoint.py:124] Saving checkpoint /home/sjtu/PyQMC/Ferminet/checkpoints_ferminet_x64_atoms/He_singlet/qmcjax_ckpt_300918.npz
I0513 22:13:15.822617 123403432212288 train.py:1104] Step 00301000: energy=-2.9038142620006937 E_h, variance=1.0902614661410860e-04 E_h^2, std=1.0441558629539395e-02 E_h, ewmean=-2.9038055467320483 E_h, ewvar=5.7381213226521923e-08 E_h^2, ewstd=2.3954376056687830e-04 E_h, pmove=0.51826172
I0513 22:20:14.559059 123403432212288 train.py:1104] Step 00302000: energy=-2.9035730246453944 E_h, variance=5.7642818232859432e-05 E_h^2, std=7.5922867591299154e-03 E_h, ewmean=-2.9037452495206191 E_h, ewvar=7.7932126977742049e-08 E_h^2, ewstd=2.7916326222793367e-04 E_h, pmove=0.51987305
I0513 22:27:13.240501 123403432212288 train.py:1104] Step 00303000: energy=-2.9036930348382572 E_h, variance=1.0235390086105249e-04 E_h^2, std=1.0117010470541804e-02 E_h, ewmean=-2.9036584536476364 E_h, ewvar=4.7904055397248563e-08 E_h^2, ewstd=2.1886995087779537e-04 E_h, pmove=0.51901855
I0513 22:34:11.932102 123403432212288 train.py:1104] Step 00304000: energy=-2.9043695707425821 E_h, variance=5.5984001115839239e-04 E_h^2, std=2.3660938509670160e-02 E_h, ewmean=-2.9038147855534944 E_h, ewvar=1.4191819789227484e-07 E_h^2, ewstd=3.7672031786495781e-04 E_h, pmove=0.51938477
I0513 22:41:10.806334 123403432212288 train.py:1104] Step 00305000: energy=-2.9037003740030460 E_h, variance=6.4925611758185334e-05 E_h^2, std=8.0576430647047986e-03 E_h, ewmean=-2.9037266388353156 E_h, ewvar=1.6793154543587173e-07 E_h^2, ewstd=4.0979451611249232e-04 E_h, pmove=0.51784668
I0513 22:48:09.605496 123403432212288 train.py:1104] Step 00306000: energy=-2.9038327377822797 E_h, variance=2.2581707871807531e-04 E_h^2, std=1.5027211275485392e-02 E_h, ewmean=-2.9037632024889724 E_h, ewvar=5.1047233351769804e-08 E_h^2, ewstd=2.2593634800927850e-04 E_h, pmove=0.51845703
I0513 22:55:08.393108 123403432212288 train.py:1104] Step 00307000: energy=-2.9028438267733820 E_h, variance=1.6907873066921348e-03 E_h^2, std=4.1119184168610823e-02 E_h, ewmean=-2.9036125420542072 E_h, ewvar=1.1791547873253720e-07 E_h^2, ewstd=3.4338823324705988e-04 E_h, pmove=0.52006836
I0513 23:02:07.116319 123403432212288 train.py:1104] Step 00308000: energy=-2.9037665808519639 E_h, variance=3.1527250608388911e-05 E_h^2, std=5.6149132324897870e-03 E_h, ewmean=-2.9037235031429840 E_h, ewvar=6.3556912148178067e-08 E_h^2, ewstd=2.5210496256158481e-04 E_h, pmove=0.52697754
I0513 23:09:05.847161 123403432212288 train.py:1104] Step 00309000: energy=-2.9035950014935010 E_h, variance=6.6345581550198638e-05 E_h^2, std=8.1452797097582002e-03 E_h, ewmean=-2.9036380187478028 E_h, ewvar=2.4146290529423981e-07 E_h^2, ewstd=4.9138875169690225e-04 E_h, pmove=0.51872559
I0513 23:16:04.138230 123403432212288 train.py:1049] Timing step 00310000: block_iters=10000, block_time=4187.607237 s, sec/iter=0.4187607237, iter/s=2.387999, elapsed=129808.722085 s
I0513 23:16:04.559250 123403432212288 train.py:1104] Step 00310000: energy=-2.9034964924691691 E_h, variance=9.7758496116544556e-05 E_h^2, std=9.8872896243887062e-03 E_h, ewmean=-2.9038047849289246 E_h, ewvar=8.0691620161201054e-08 E_h^2, ewstd=2.8406270462910308e-04 E_h, pmove=0.51350098
I0513 23:23:03.400796 123403432212288 train.py:1104] Step 00311000: energy=-2.9041042174586993 E_h, variance=4.3317202913208466e-04 E_h^2, std=2.0812785232449900e-02 E_h, ewmean=-2.9038078262523666 E_h, ewvar=5.6051093226441166e-08 E_h^2, ewstd=2.3675112085572302e-04 E_h, pmove=0.52707520
I0513 23:30:02.179246 123403432212288 train.py:1104] Step 00312000: energy=-2.9035643967161064 E_h, variance=2.3766299242216238e-04 E_h^2, std=1.5416322272908100e-02 E_h, ewmean=-2.9036367067294195 E_h, ewvar=3.3070119760956400e-08 E_h^2, ewstd=1.8185191712202651e-04 E_h, pmove=0.51669922
I0513 23:37:00.987273 123403432212288 train.py:1104] Step 00313000: energy=-2.9038691659867273 E_h, variance=3.2530823709644654e-04 E_h^2, std=1.8036303310169925e-02 E_h, ewmean=-2.9037428816033999 E_h, ewvar=5.9165976092506765e-08 E_h^2, ewstd=2.4324057246377867e-04 E_h, pmove=0.51706543
I0513 23:43:59.780948 123403432212288 train.py:1104] Step 00314000: energy=-2.9039047000223972 E_h, variance=1.6243696190176697e-04 E_h^2, std=1.2745075986504237e-02 E_h, ewmean=-2.9037770832241874 E_h, ewvar=7.2573123468591762e-08 E_h^2, ewstd=2.6939399300762398e-04 E_h, pmove=0.51967773
I0513 23:50:58.430309 123403432212288 train.py:1104] Step 00315000: energy=-2.9039653727269035 E_h, variance=1.0722833674219854e-04 E_h^2, std=1.0355111623840592e-02 E_h, ewmean=-2.9037303061480206 E_h, ewvar=8.6383248103996217e-08 E_h^2, ewstd=2.9391027219884000e-04 E_h, pmove=0.51770020
I0513 23:52:41.822556 123403432212288 checkpoint.py:124] Saving checkpoint /home/sjtu/PyQMC/Ferminet/checkpoints_ferminet_x64_atoms/He_singlet/qmcjax_ckpt_315247.npz
I0513 23:57:57.152479 123403432212288 train.py:1104] Step 00316000: energy=-2.9035861465280144 E_h, variance=1.6084649467226081e-04 E_h^2, std=1.2682527140608090e-02 E_h, ewmean=-2.9037606753626966 E_h, ewvar=5.2349526504139190e-08 E_h^2, ewstd=2.2880018903868762e-04 E_h, pmove=0.51970215
I0514 00:04:55.800093 123403432212288 train.py:1104] Step 00317000: energy=-2.9038045349414445 E_h, variance=1.1622501302733027e-04 E_h^2, std=1.0780770521040241e-02 E_h, ewmean=-2.9036166223756785 E_h, ewvar=3.0038404737983473e-07 E_h^2, ewstd=5.4807303106414089e-04 E_h, pmove=0.52272949
I0514 00:11:54.589287 123403432212288 train.py:1104] Step 00318000: energy=-2.9043673331438873 E_h, variance=6.4154972855892081e-04 E_h^2, std=2.5328831961993842e-02 E_h, ewmean=-2.9038591193444989 E_h, ewvar=8.0049782344069887e-08 E_h^2, ewstd=2.8293070237086305e-04 E_h, pmove=0.51538086
I0514 00:18:53.411169 123403432212288 train.py:1104] Step 00319000: energy=-2.9039072529877012 E_h, variance=2.2678386177958366e-04 E_h^2, std=1.5059344666338693e-02 E_h, ewmean=-2.9037438602665397 E_h, ewvar=8.6434403981582315e-08 E_h^2, ewstd=2.9399728567043322e-04 E_h, pmove=0.51950684
I0514 00:25:51.701258 123403432212288 train.py:1049] Timing step 00320000: block_iters=10000, block_time=4187.562983 s, sec/iter=0.4187562983, iter/s=2.388024, elapsed=133996.285069 s
I0514 00:25:52.122158 123403432212288 train.py:1104] Step 00320000: energy=-2.9036623751143931 E_h, variance=1.5641516065594300e-04 E_h^2, std=1.2506604681365083e-02 E_h, ewmean=-2.9037154091778188 E_h, ewvar=6.2308280835694248e-08 E_h^2, ewstd=2.4961626716961827e-04 E_h, pmove=0.52294922
I0514 00:32:50.851562 123403432212288 train.py:1104] Step 00321000: energy=-2.9036403104244211 E_h, variance=4.4486049154930987e-05 E_h^2, std=6.6697862900494034e-03 E_h, ewmean=-2.9037072330424252 E_h, ewvar=6.6873650142334670e-08 E_h^2, ewstd=2.5859940089322458e-04 E_h, pmove=0.51618652
I0514 00:39:49.757141 123403432212288 train.py:1104] Step 00322000: energy=-2.9036111200906709 E_h, variance=1.7191623820467586e-04 E_h^2, std=1.3111683271215632e-02 E_h, ewmean=-2.9036537911378968 E_h, ewvar=1.4643467062928565e-07 E_h^2, ewstd=3.8266783328271225e-04 E_h, pmove=0.51713867
I0514 00:46:48.547140 123403432212288 train.py:1104] Step 00323000: energy=-2.9039515361028925 E_h, variance=3.7536495179891485e-04 E_h^2, std=1.9374337454450278e-02 E_h, ewmean=-2.9038243037362510 E_h, ewvar=9.5161585828160212e-08 E_h^2, ewstd=3.0848271560682326e-04 E_h, pmove=0.51545410
I0514 00:53:47.458045 123403432212288 train.py:1104] Step 00324000: energy=-2.9037067903081057 E_h, variance=7.3649826495426012e-05 E_h^2, std=8.5819477098981450e-03 E_h, ewmean=-2.9037632476472313 E_h, ewvar=4.1774941742258392e-08 E_h^2, ewstd=2.0438919184305807e-04 E_h, pmove=0.52270508
I0514 01:00:46.250747 123403432212288 train.py:1104] Step 00325000: energy=-2.9039639816433400 E_h, variance=1.8243055859694507e-04 E_h^2, std=1.3506685699939311e-02 E_h, ewmean=-2.9037285205854793 E_h, ewvar=8.4167653578069429e-08 E_h^2, ewstd=2.9011662065119508e-04 E_h, pmove=0.52285156
I0514 01:07:44.962056 123403432212288 train.py:1104] Step 00326000: energy=-2.9039859993985431 E_h, variance=1.1395779017017528e-04 E_h^2, std=1.0675101412641254e-02 E_h, ewmean=-2.9037834267884839 E_h, ewvar=6.8355476832544513e-08 E_h^2, ewstd=2.6144880346359308e-04 E_h, pmove=0.51713867
I0514 01:14:43.842252 123403432212288 train.py:1104] Step 00327000: energy=-2.9039721872102460 E_h, variance=1.5804483344543266e-04 E_h^2, std=1.2571588342187818e-02 E_h, ewmean=-2.9037314698583798 E_h, ewvar=1.8113590435737314e-07 E_h^2, ewstd=4.2560063951711016e-04 E_h, pmove=0.52331543
I0514 01:21:42.838308 123403432212288 train.py:1104] Step 00328000: energy=-2.9040240845815113 E_h, variance=2.9156606562862107e-04 E_h^2, std=1.7075305725773142e-02 E_h, ewmean=-2.9037491577950183 E_h, ewvar=9.4726167312595465e-08 E_h^2, ewstd=3.0777616430223355e-04 E_h, pmove=0.51347656
I0514 01:28:41.663970 123403432212288 train.py:1104] Step 00329000: energy=-2.9034006307590579 E_h, variance=3.7036612227467065e-04 E_h^2, std=1.9244898603907237e-02 E_h, ewmean=-2.9037036513764036 E_h, ewvar=1.0628960546287302e-07 E_h^2, ewstd=3.2602086660653030e-04 E_h, pmove=0.51799316
I0514 01:32:42.082604 123403432212288 checkpoint.py:124] Saving checkpoint /home/sjtu/PyQMC/Ferminet/checkpoints_ferminet_x64_atoms/He_singlet/qmcjax_ckpt_329574.npz
I0514 01:35:40.171106 123403432212288 train.py:1049] Timing step 00330000: block_iters=10000, block_time=4188.469872 s, sec/iter=0.4188469872, iter/s=2.387507, elapsed=138184.754941 s
I0514 01:35:40.591974 123403432212288 train.py:1104] Step 00330000: energy=-2.9039731757334772 E_h, variance=1.4327369128002695e-04 E_h^2, std=1.1969698880089965e-02 E_h, ewmean=-2.9038627015549663 E_h, ewvar=8.6386043677967236e-08 E_h^2, ewstd=2.9391502798932761e-04 E_h, pmove=0.51713867
I0514 01:42:39.397492 123403432212288 train.py:1104] Step 00331000: energy=-2.9029878924221522 E_h, variance=8.4852188069230779e-04 E_h^2, std=2.9129398907157485e-02 E_h, ewmean=-2.9036990591928347 E_h, ewvar=1.1770309182338404e-07 E_h^2, ewstd=3.4307884199318391e-04 E_h, pmove=0.51826172
I0514 01:49:38.216978 123403432212288 train.py:1104] Step 00332000: energy=-2.9038076301582620 E_h, variance=9.3367306167378277e-05 E_h^2, std=9.6626759320272287e-03 E_h, ewmean=-2.9037570160513089 E_h, ewvar=6.4524611612524102e-08 E_h^2, ewstd=2.5401695142750631e-04 E_h, pmove=0.51909180
I0514 01:56:37.014848 123403432212288 train.py:1104] Step 00333000: energy=-2.9037361181705283 E_h, variance=1.3013257765345191e-04 E_h^2, std=1.1407566684155386e-02 E_h, ewmean=-2.9035988997623194 E_h, ewvar=1.3854944939355612e-07 E_h^2, ewstd=3.7222231178901156e-04 E_h, pmove=0.51623535
I0514 02:03:35.915204 123403432212288 train.py:1104] Step 00334000: energy=-2.9040729543856276 E_h, variance=5.5253781033392547e-04 E_h^2, std=2.3506122826487688e-02 E_h, ewmean=-2.9037975998102268 E_h, ewvar=6.3335134995869514e-08 E_h^2, ewstd=2.5166472735739016e-04 E_h, pmove=0.51774902
I0514 02:10:34.717039 123403432212288 train.py:1104] Step 00335000: energy=-2.9042901105559471 E_h, variance=1.6879142887338558e-03 E_h^2, std=4.1084234065318241e-02 E_h, ewmean=-2.9037485781052936 E_h, ewvar=6.0156868860617673e-08 E_h^2, ewstd=2.4526897247841538e-04 E_h, pmove=0.52089844
I0514 02:17:33.449546 123403432212288 train.py:1104] Step 00336000: energy=-2.9035373841476613 E_h, variance=3.5821054592320809e-04 E_h^2, std=1.8926450959522445e-02 E_h, ewmean=-2.9037497050848389 E_h, ewvar=5.2594312990939551e-08 E_h^2, ewstd=2.2933450021952553e-04 E_h, pmove=0.51870117
I0514 02:24:32.283791 123403432212288 train.py:1104] Step 00337000: energy=-2.9039495910942286 E_h, variance=5.9409852526123321e-04 E_h^2, std=2.4374136400316489e-02 E_h, ewmean=-2.9037994948605403 E_h, ewvar=1.0185198056035573e-07 E_h^2, ewstd=3.1914257089952092e-04 E_h, pmove=0.51525879
I0514 02:31:31.043593 123403432212288 train.py:1104] Step 00338000: energy=-2.9037889302463515 E_h, variance=1.3301696916503784e-04 E_h^2, std=1.1533298277814453e-02 E_h, ewmean=-2.9036747909431422 E_h, ewvar=1.2770486441705295e-07 E_h^2, ewstd=3.5735817384950489e-04 E_h, pmove=0.52324219
I0514 02:38:29.814363 123403432212288 train.py:1104] Step 00339000: energy=-2.9033616351456084 E_h, variance=2.9411765492389587e-04 E_h^2, std=1.7149858743555173e-02 E_h, ewmean=-2.9039258645966837 E_h, ewvar=3.3751649069495082e-07 E_h^2, ewstd=5.8096169468817033e-04 E_h, pmove=0.51960449
I0514 02:45:28.130833 123403432212288 train.py:1049] Timing step 00340000: block_iters=10000, block_time=4187.959704 s, sec/iter=0.4187959704, iter/s=2.387798, elapsed=142372.714645 s
I0514 02:45:28.551783 123403432212288 train.py:1104] Step 00340000: energy=-2.9030535895415999 E_h, variance=6.1750732010084112e-04 E_h^2, std=2.4849694567556382e-02 E_h, ewmean=-2.9036831549052486 E_h, ewvar=1.1276116256609521e-07 E_h^2, ewstd=3.3579928910897831e-04 E_h, pmove=0.52150879
I0514 02:52:27.260998 123403432212288 train.py:1104] Step 00341000: energy=-2.9039580234181792 E_h, variance=1.5616709802832200e-04 E_h^2, std=1.2496683481160991e-02 E_h, ewmean=-2.9037032363967064 E_h, ewvar=1.0265265363090472e-07 E_h^2, ewstd=3.2039452809139033e-04 E_h, pmove=0.51801758
I0514 02:59:25.920246 123403432212288 train.py:1104] Step 00342000: energy=-2.9036914416672701 E_h, variance=1.8634628655262272e-04 E_h^2, std=1.3650871274487306e-02 E_h, ewmean=-2.9037324968365192 E_h, ewvar=8.8663261353572369e-08 E_h^2, ewstd=2.9776376769777139e-04 E_h, pmove=0.52160645
I0514 03:06:24.573806 123403432212288 train.py:1104] Step 00343000: energy=-2.9036423841235983 E_h, variance=5.8325880118438092e-05 E_h^2, std=7.6371382152242142e-03 E_h, ewmean=-2.9037223871787226 E_h, ewvar=3.6890599388063894e-08 E_h^2, ewstd=1.9206925674887144e-04 E_h, pmove=0.51428223
I0514 03:12:42.233658 123403432212288 checkpoint.py:124] Saving checkpoint /home/sjtu/PyQMC/Ferminet/checkpoints_ferminet_x64_atoms/He_singlet/qmcjax_ckpt_343902.npz
I0514 03:13:23.353774 123403432212288 train.py:1104] Step 00344000: energy=-2.9037373578899333 E_h, variance=1.2445239171742219e-04 E_h^2, std=1.1155823220068620e-02 E_h, ewmean=-2.9037785054389063 E_h, ewvar=6.3536512870380509e-08 E_h^2, ewstd=2.5206450140862857e-04 E_h, pmove=0.51899414
I0514 03:20:21.968415 123403432212288 train.py:1104] Step 00345000: energy=-2.9038469659940613 E_h, variance=1.0345288716345801e-04 E_h^2, std=1.0171179241536253e-02 E_h, ewmean=-2.9038304583145003 E_h, ewvar=6.2741035395708210e-08 E_h^2, ewstd=2.5048160690100221e-04 E_h, pmove=0.51984863
I0514 03:27:20.623148 123403432212288 train.py:1104] Step 00346000: energy=-2.9039718336342046 E_h, variance=2.4268941791968381e-04 E_h^2, std=1.5578492158090391e-02 E_h, ewmean=-2.9037344202211095 E_h, ewvar=5.8183665992879668e-08 E_h^2, ewstd=2.4121290594178346e-04 E_h, pmove=0.51701660
I0514 03:34:19.271451 123403432212288 train.py:1104] Step 00347000: energy=-2.9036711621289379 E_h, variance=1.4143308386468394e-04 E_h^2, std=1.1892564225796048e-02 E_h, ewmean=-2.9036865360516675 E_h, ewvar=1.2200102375207670e-07 E_h^2, ewstd=3.4928644942521989e-04 E_h, pmove=0.51848145
I0514 03:41:17.913562 123403432212288 train.py:1104] Step 00348000: energy=-2.9037017637539462 E_h, variance=1.3765887805691302e-04 E_h^2, std=1.1732812026829418e-02 E_h, ewmean=-2.9036847796391494 E_h, ewvar=5.3696050440849093e-08 E_h^2, ewstd=2.3172408256555703e-04 E_h, pmove=0.51972656
I0514 03:48:16.554708 123403432212288 train.py:1104] Step 00349000: energy=-2.9040739432413853 E_h, variance=1.4648135454609789e-04 E_h^2, std=1.2102948175799891e-02 E_h, ewmean=-2.9038014996954296 E_h, ewvar=5.9804726965238708e-08 E_h^2, ewstd=2.4455005002092865e-04 E_h, pmove=0.51696777
I0514 03:55:14.777187 123403432212288 train.py:1049] Timing step 00350000: block_iters=10000, block_time=4186.646358 s, sec/iter=0.4186646358, iter/s=2.388547, elapsed=146559.361002 s
I0514 03:55:15.197969 123403432212288 train.py:1104] Step 00350000: energy=-2.9037152008691152 E_h, variance=2.4130021731538445e-04 E_h^2, std=1.5533841035474274e-02 E_h, ewmean=-2.9037207741772577 E_h, ewvar=9.1375334633077140e-08 E_h^2, ewstd=3.0228353351295390e-04 E_h, pmove=0.52133789
I0514 04:02:13.850520 123403432212288 train.py:1104] Step 00351000: energy=-2.9039122173012428 E_h, variance=1.9129651866303530e-04 E_h^2, std=1.3830998469490020e-02 E_h, ewmean=-2.9038326926901976 E_h, ewvar=8.6483555320415037e-08 E_h^2, ewstd=2.9408086527418786e-04 E_h, pmove=0.52207031
I0514 04:09:12.500952 123403432212288 train.py:1104] Step 00352000: energy=-2.9038674619052047 E_h, variance=8.0343710488160167e-05 E_h^2, std=8.9634653169496994e-03 E_h, ewmean=-2.9038678814739227 E_h, ewvar=1.6705505672037188e-07 E_h^2, ewstd=4.0872369238933515e-04 E_h, pmove=0.51962891
I0514 04:16:11.128072 123403432212288 train.py:1104] Step 00353000: energy=-2.9038290901124695 E_h, variance=9.1938796406061216e-05 E_h^2, std=9.5884720579486084e-03 E_h, ewmean=-2.9038001040300898 E_h, ewvar=3.0537964876164383e-08 E_h^2, ewstd=1.7475115128709275e-04 E_h, pmove=0.51706543
I0514 04:23:09.742450 123403432212288 train.py:1104] Step 00354000: energy=-2.9035719447935571 E_h, variance=2.0235712255797634e-04 E_h^2, std=1.4225228383332773e-02 E_h, ewmean=-2.9036848777991926 E_h, ewvar=5.6473287383802587e-08 E_h^2, ewstd=2.3764108942647647e-04 E_h, pmove=0.51831055
I0514 04:30:08.340026 123403432212288 train.py:1104] Step 00355000: energy=-2.9044311620013357 E_h, variance=2.8876035649901275e-03 E_h^2, std=5.3736426797751702e-02 E_h, ewmean=-2.9037451596184303 E_h, ewvar=1.2503681228708794e-07 E_h^2, ewstd=3.5360544719657236e-04 E_h, pmove=0.52033691
I0514 04:37:06.959858 123403432212288 train.py:1104] Step 00356000: energy=-2.9037307190762029 E_h, variance=7.1999001936409420e-05 E_h^2, std=8.4852225625736775e-03 E_h, ewmean=-2.9037043291658180 E_h, ewvar=2.9746499404200897e-08 E_h^2, ewstd=1.7247173508781345e-04 E_h, pmove=0.51645508
I0514 04:44:05.572037 123403432212288 train.py:1104] Step 00357000: energy=-2.9033407944090270 E_h, variance=4.5892042550237078e-04 E_h^2, std=2.1422428095395039e-02 E_h, ewmean=-2.9036010822945548 E_h, ewvar=9.6367183731342256e-08 E_h^2, ewstd=3.1043064238464325e-04 E_h, pmove=0.51650391
I0514 04:51:04.192956 123403432212288 train.py:1104] Step 00358000: energy=-2.9036079931119172 E_h, variance=1.0257936597979578e-04 E_h^2, std=1.0128147213572469e-02 E_h, ewmean=-2.9035804438233548 E_h, ewvar=2.9109117456218014e-08 E_h^2, ewstd=1.7061394273686431e-04 E_h, pmove=0.52143555
I0514 04:52:42.566703 123403432212288 checkpoint.py:124] Saving checkpoint /home/sjtu/PyQMC/Ferminet/checkpoints_ferminet_x64_atoms/He_singlet/qmcjax_ckpt_358235.npz
I0514 04:58:02.906428 123403432212288 train.py:1104] Step 00359000: energy=-2.9035740185753065 E_h, variance=1.2623071900372615e-04 E_h^2, std=1.1235244501288174e-02 E_h, ewmean=-2.9036972034962494 E_h, ewvar=4.0118787630398400e-08 E_h^2, ewstd=2.0029674892618301e-04 E_h, pmove=0.52224121
I0514 05:05:01.119218 123403432212288 train.py:1049] Timing step 00360000: block_iters=10000, block_time=4186.342036 s, sec/iter=0.4186342036, iter/s=2.388720, elapsed=150745.703039 s
I0514 05:05:01.539885 123403432212288 train.py:1104] Step 00360000: energy=-2.9038923176360383 E_h, variance=3.1638845643102472e-04 E_h^2, std=1.7787311669586969e-02 E_h, ewmean=-2.9035977444175574 E_h, ewvar=7.1989877360596473e-08 E_h^2, ewstd=2.6830929421210232e-04 E_h, pmove=0.51982422
I0514 05:12:00.183100 123403432212288 train.py:1104] Step 00361000: energy=-2.9035225473026802 E_h, variance=1.9775070963677494e-04 E_h^2, std=1.4062386342181576e-02 E_h, ewmean=-2.9036636462965677 E_h, ewvar=3.2342188722560317e-08 E_h^2, ewstd=1.7983934142050319e-04 E_h, pmove=0.51528320
I0514 05:18:58.843576 123403432212288 train.py:1104] Step 00362000: energy=-2.9038885721943037 E_h, variance=2.9419188414255546e-04 E_h^2, std=1.7152022742013710e-02 E_h, ewmean=-2.9037392658903296 E_h, ewvar=3.7724373457139682e-08 E_h^2, ewstd=1.9422763309359377e-04 E_h, pmove=0.51916504
I0514 05:25:57.501274 123403432212288 train.py:1104] Step 00363000: energy=-2.9040513151969467 E_h, variance=4.6296443148414665e-04 E_h^2, std=2.1516608270918228e-02 E_h, ewmean=-2.9038151174182305 E_h, ewvar=9.4142608115130007e-08 E_h^2, ewstd=3.0682667438658266e-04 E_h, pmove=0.51728516
I0514 05:32:56.117720 123403432212288 train.py:1104] Step 00364000: energy=-2.9036786785970090 E_h, variance=3.2040570783165874e-05 E_h^2, std=5.6604390980882283e-03 E_h, ewmean=-2.9037411210322408 E_h, ewvar=7.1945582103708167e-08 E_h^2, ewstd=2.6822673637001248e-04 E_h, pmove=0.51665039
I0514 05:39:54.751514 123403432212288 train.py:1104] Step 00365000: energy=-2.9042517218642394 E_h, variance=4.2309256852133203e-04 E_h^2, std=2.0569214095860152e-02 E_h, ewmean=-2.9037151212721977 E_h, ewvar=7.7602952058377863e-08 E_h^2, ewstd=2.7857306412928343e-04 E_h, pmove=0.51550293
I0514 05:46:53.422312 123403432212288 train.py:1104] Step 00366000: energy=-2.9038610007317014 E_h, variance=1.2553090491083601e-04 E_h^2, std=1.1204057519971772e-02 E_h, ewmean=-2.9037888285768574 E_h, ewvar=7.9723806002293769e-08 E_h^2, ewstd=2.8235404371514458e-04 E_h, pmove=0.51701660
I0514 05:53:52.058465 123403432212288 train.py:1104] Step 00367000: energy=-2.9038451605651456 E_h, variance=1.6362787743674122e-04 E_h^2, std=1.2791711278665619e-02 E_h, ewmean=-2.9037152706578300 E_h, ewvar=6.6048753649739494e-08 E_h^2, ewstd=2.5699952071889064e-04 E_h, pmove=0.51796875
I0514 06:00:50.701515 123403432212288 train.py:1104] Step 00368000: energy=-2.9034837789318626 E_h, variance=2.9010430440003026e-04 E_h^2, std=1.7032448573238972e-02 E_h, ewmean=-2.9036999220678057 E_h, ewvar=8.1717731813221557e-08 E_h^2, ewstd=2.8586313475721480e-04 E_h, pmove=0.51416016
I0514 06:07:49.336046 123403432212288 train.py:1104] Step 00369000: energy=-2.9038709842940786 E_h, variance=9.1754126675044263e-05 E_h^2, std=9.5788374385957845e-03 E_h, ewmean=-2.9037122337694528 E_h, ewvar=7.8115157915746797e-08 E_h^2, ewstd=2.7949089057739755e-04 E_h, pmove=0.51545410
I0514 06:14:47.522033 123403432212288 train.py:1049] Timing step 00370000: block_iters=10000, block_time=4186.402823 s, sec/iter=0.4186402823, iter/s=2.388686, elapsed=154932.105862 s
I0514 06:14:47.942760 123403432212288 train.py:1104] Step 00370000: energy=-2.9035508777323864 E_h, variance=1.3541630846081626e-04 E_h^2, std=1.1636851312138360e-02 E_h, ewmean=-2.9038398413194471 E_h, ewvar=7.4449349625881793e-08 E_h^2, ewstd=2.7285408119704166e-04 E_h, pmove=0.51843262
I0514 06:21:46.573149 123403432212288 train.py:1104] Step 00371000: energy=-2.9030151498256807 E_h, variance=2.1151949527389293e-03 E_h^2, std=4.5991248653835540e-02 E_h, ewmean=-2.9035826314034066 E_h, ewvar=1.1084899060102600e-07 E_h^2, ewstd=3.3293992040761046e-04 E_h, pmove=0.52028809
I0514 06:28:45.205306 123403432212288 train.py:1104] Step 00372000: energy=-2.9039858785850750 E_h, variance=1.2891261572315916e-04 E_h^2, std=1.1353969161626218e-02 E_h, ewmean=-2.9036884004563452 E_h, ewvar=4.0710618580516357e-08 E_h^2, ewstd=2.0176872547676054e-04 E_h, pmove=0.51840820
I0514 06:32:42.971694 123403432212288 checkpoint.py:124] Saving checkpoint /home/sjtu/PyQMC/Ferminet/checkpoints_ferminet_x64_atoms/He_singlet/qmcjax_ckpt_372568.npz
I0514 06:35:43.902665 123403432212288 train.py:1104] Step 00373000: energy=-2.9038619037866162 E_h, variance=4.9779012966795716e-04 E_h^2, std=2.2311210851676276e-02 E_h, ewmean=-2.9037881056806434 E_h, ewvar=1.1080908283253037e-07 E_h^2, ewstd=3.3287998262516533e-04 E_h, pmove=0.51599121
I0514 06:42:42.479408 123403432212288 train.py:1104] Step 00374000: energy=-2.9037438029165745 E_h, variance=3.0641891503864087e-04 E_h^2, std=1.7504825478668471e-02 E_h, ewmean=-2.9038254248986473 E_h, ewvar=5.1254719549970450e-08 E_h^2, ewstd=2.2639505195558150e-04 E_h, pmove=0.51450195
I0514 06:49:41.078204 123403432212288 train.py:1104] Step 00375000: energy=-2.9035009109806977 E_h, variance=3.7141356922438650e-04 E_h^2, std=1.9272093016182403e-02 E_h, ewmean=-2.9037273771025043 E_h, ewvar=6.4757857556251818e-08 E_h^2, ewstd=2.5447565218749676e-04 E_h, pmove=0.51616211
I0514 06:56:39.688488 123403432212288 train.py:1104] Step 00376000: energy=-2.9046810115253399 E_h, variance=7.3070700131525946e-04 E_h^2, std=2.7031592652214546e-02 E_h, ewmean=-2.9038298131239673 E_h, ewvar=1.4168217380885606e-07 E_h^2, ewstd=3.7640692582477289e-04 E_h, pmove=0.52258301
I0514 07:03:38.289567 123403432212288 train.py:1104] Step 00377000: energy=-2.9035349198053129 E_h, variance=6.4337574765751436e-05 E_h^2, std=8.0210706745266515e-03 E_h, ewmean=-2.9036455275988575 E_h, ewvar=6.4503529323822766e-08 E_h^2, ewstd=2.5397545023844877e-04 E_h, pmove=0.51950684
I0514 07:10:36.921183 123403432212288 train.py:1104] Step 00378000: energy=-2.9036846823055242 E_h, variance=9.3196827805478537e-05 E_h^2, std=9.6538504134608665e-03 E_h, ewmean=-2.9036859533215855 E_h, ewvar=8.5942820277356677e-08 E_h^2, ewstd=2.9316005914407353e-04 E_h, pmove=0.52263184
I0514 07:17:35.544978 123403432212288 train.py:1104] Step 00379000: energy=-2.9035387041588070 E_h, variance=1.8409231146604652e-04 E_h^2, std=1.3568062185369233e-02 E_h, ewmean=-2.9036302454822573 E_h, ewvar=1.5375128931737523e-07 E_h^2, ewstd=3.9211132260797473e-04 E_h, pmove=0.51750488
I0514 07:24:33.730140 123403432212288 train.py:1049] Timing step 00380000: block_iters=10000, block_time=4186.208098 s, sec/iter=0.4186208098, iter/s=2.388797, elapsed=159118.313960 s
I0514 07:24:34.150788 123403432212288 train.py:1104] Step 00380000: energy=-2.9040835741039404 E_h, variance=1.0378541026823559e-04 E_h^2, std=1.0187512467145039e-02 E_h, ewmean=-2.9037889354608382 E_h, ewvar=9.6948216436436087e-08 E_h^2, ewstd=3.1136508544863550e-04 E_h, pmove=0.52055664
I0514 07:31:32.789106 123403432212288 train.py:1104] Step 00381000: energy=-2.9038448804150709 E_h, variance=2.4642162981556182e-04 E_h^2, std=1.5697822454581459e-02 E_h, ewmean=-2.9036115179814637 E_h, ewvar=6.3075023796907011e-08 E_h^2, ewstd=2.5114741447386437e-04 E_h, pmove=0.52148438
I0514 07:38:31.426299 123403432212288 train.py:1104] Step 00382000: energy=-2.9037105711808930 E_h, variance=1.3715644611951968e-04 E_h^2, std=1.1711381050905981e-02 E_h, ewmean=-2.9037299134276995 E_h, ewvar=6.6227548876163248e-08 E_h^2, ewstd=2.5734713691075574e-04 E_h, pmove=0.51669922
I0514 07:45:30.026504 123403432212288 train.py:1104] Step 00383000: energy=-2.9032541238712604 E_h, variance=2.1623961969044641e-04 E_h^2, std=1.4705088224504007e-02 E_h, ewmean=-2.9036626140105306 E_h, ewvar=9.3975905729025780e-08 E_h^2, ewstd=3.0655489839346195e-04 E_h, pmove=0.51628418
I0514 07:52:28.661029 123403432212288 train.py:1104] Step 00384000: energy=-2.9035393316463312 E_h, variance=1.1969304508467908e-04 E_h^2, std=1.0940431668114339e-02 E_h, ewmean=-2.9035945734548143 E_h, ewvar=3.8300748029331632e-08 E_h^2, ewstd=1.9570576902414407e-04 E_h, pmove=0.52062988
I0514 07:59:27.303765 123403432212288 train.py:1104] Step 00385000: energy=-2.9035026045130077 E_h, variance=3.1382940926410189e-04 E_h^2, std=1.7715230996633996e-02 E_h, ewmean=-2.9037334489248998 E_h, ewvar=1.5064722745751075e-07 E_h^2, ewstd=3.8813300227822777e-04 E_h, pmove=0.51584473
I0514 08:06:25.944149 123403432212288 train.py:1104] Step 00386000: energy=-2.9037679611976719 E_h, variance=1.2532589933097446e-04 E_h^2, std=1.1194905061275618e-02 E_h, ewmean=-2.9036283139909567 E_h, ewvar=9.4380073627429414e-08 E_h^2, ewstd=3.0721340079402365e-04 E_h, pmove=0.51862793
I0514 08:12:43.132214 123403432212288 checkpoint.py:124] Saving checkpoint /home/sjtu/PyQMC/Ferminet/checkpoints_ferminet_x64_atoms/He_singlet/qmcjax_ckpt_386901.npz
I0514 08:13:24.661608 123403432212288 train.py:1104] Step 00387000: energy=-2.9038675861533640 E_h, variance=4.7454102814846737e-04 E_h^2, std=2.1783962636500905e-02 E_h, ewmean=-2.9037705902538868 E_h, ewvar=3.8392359914570723e-07 E_h^2, ewstd=6.1961568665238557e-04 E_h, pmove=0.51691895
I0514 08:20:23.302678 123403432212288 train.py:1104] Step 00388000: energy=-2.9038676336118439 E_h, variance=5.3466855648357817e-05 E_h^2, std=7.3121033669087182e-03 E_h, ewmean=-2.9038451158182501 E_h, ewvar=7.2184166180970706e-08 E_h^2, ewstd=2.6867111154899162e-04 E_h, pmove=0.52026367
I0514 08:27:21.943040 123403432212288 train.py:1104] Step 00389000: energy=-2.9039216347761805 E_h, variance=2.8369394614930854e-04 E_h^2, std=1.6843216621219015e-02 E_h, ewmean=-2.9036620609714499 E_h, ewvar=5.7841301728097962e-08 E_h^2, ewstd=2.4050218653496263e-04 E_h, pmove=0.51491699
I0514 08:34:20.162989 123403432212288 train.py:1049] Timing step 00390000: block_iters=10000, block_time=4186.432856 s, sec/iter=0.4186432856, iter/s=2.388668, elapsed=163304.746816 s
I0514 08:34:20.583623 123403432212288 train.py:1104] Step 00390000: energy=-2.9035917615504241 E_h, variance=5.3760966115253309e-05 E_h^2, std=7.3321869940184501e-03 E_h, ewmean=-2.9037783565728623 E_h, ewvar=1.0570323995499774e-07 E_h^2, ewstd=3.2512034687942517e-04 E_h, pmove=0.51740723
I0514 08:41:19.215343 123403432212288 train.py:1104] Step 00391000: energy=-2.9036476899806027 E_h, variance=8.3211300234276378e-04 E_h^2, std=2.8846368962882726e-02 E_h, ewmean=-2.9037898446243302 E_h, ewvar=7.0969207026284466e-08 E_h^2, ewstd=2.6640046363751783e-04 E_h, pmove=0.51960449
I0514 08:48:17.899541 123403432212288 train.py:1104] Step 00392000: energy=-2.9037684955174390 E_h, variance=6.3691468694619517e-05 E_h^2, std=7.9806934970978252e-03 E_h, ewmean=-2.9036137921995326 E_h, ewvar=6.1971257144351698e-08 E_h^2, ewstd=2.4894026822583706e-04 E_h, pmove=0.51977539
I0514 08:55:16.527356 123403432212288 train.py:1104] Step 00393000: energy=-2.9034590214080449 E_h, variance=9.8429616386296308e-05 E_h^2, std=9.9211701117507458e-03 E_h, ewmean=-2.9037308599530918 E_h, ewvar=4.5653730275596363e-08 E_h^2, ewstd=2.1366733553727010e-04 E_h, pmove=0.51511230
I0514 09:02:15.160773 123403432212288 train.py:1104] Step 00394000: energy=-2.9036671463746160 E_h, variance=5.6326068326546328e-05 E_h^2, std=7.5050695084420320e-03 E_h, ewmean=-2.9036851384044344 E_h, ewvar=5.2771043251871342e-08 E_h^2, ewstd=2.2971948818476708e-04 E_h, pmove=0.51708984
I0514 09:09:13.835786 123403432212288 train.py:1104] Step 00395000: energy=-2.9039172402647502 E_h, variance=7.8924629584958229e-05 E_h^2, std=8.8839534884508613e-03 E_h, ewmean=-2.9037441521812379 E_h, ewvar=6.8533830767640287e-08 E_h^2, ewstd=2.6178966894749739e-04 E_h, pmove=0.51921387
I0514 09:16:12.492572 123403432212288 train.py:1104] Step 00396000: energy=-2.9048171358101920 E_h, variance=1.9285799013951518e-03 E_h^2, std=4.3915599749919751e-02 E_h, ewmean=-2.9039763744680140 E_h, ewvar=1.6494122140267078e-07 E_h^2, ewstd=4.0612956233531040e-04 E_h, pmove=0.51896973
I0514 09:23:11.134505 123403432212288 train.py:1104] Step 00397000: energy=-2.9033859969275246 E_h, variance=3.7718371057412668e-04 E_h^2, std=1.9421218050733241e-02 E_h, ewmean=-2.9036454095091284 E_h, ewvar=4.6851084131599169e-08 E_h^2, ewstd=2.1645111256724732e-04 E_h, pmove=0.51987305
I0514 09:30:09.848799 123403432212288 train.py:1104] Step 00398000: energy=-2.9038097148281490 E_h, variance=2.2788795629086970e-04 E_h^2, std=1.5095958276666960e-02 E_h, ewmean=-2.9038043639473692 E_h, ewvar=4.4672387975660689e-08 E_h^2, ewstd=2.1135843483443165e-04 E_h, pmove=0.51745605
I0514 09:37:08.550066 123403432212288 train.py:1104] Step 00399000: energy=-2.9035578557747117 E_h, variance=1.7655023164749771e-04 E_h^2, std=1.3287220614089981e-02 E_h, ewmean=-2.9037067489021031 E_h, ewvar=9.9578083209891485e-08 E_h^2, ewstd=3.1555995184733357e-04 E_h, pmove=0.52099609
I0514 09:44:06.844436 123403432212288 train.py:1049] Timing step 00400000: block_iters=10000, block_time=4186.681431 s, sec/iter=0.4186681431, iter/s=2.388527, elapsed=167491.428247 s
I0514 09:44:07.266061 123403432212288 train.py:1104] Step 00400000: energy=-2.9038443429715057 E_h, variance=5.1629057456327947e-05 E_h^2, std=7.1853362799752067e-03 E_h, ewmean=-2.9036611466500974 E_h, ewvar=6.5241546673677666e-08 E_h^2, ewstd=2.5542424840581927e-04 E_h, pmove=0.51635742
I0514 09:51:05.975052 123403432212288 train.py:1104] Step 00401000: energy=-2.9040610119480545 E_h, variance=2.5456344756242069e-04 E_h^2, std=1.5955044580395903e-02 E_h, ewmean=-2.9036980354261197 E_h, ewvar=6.8533230471876466e-08 E_h^2, ewstd=2.6178852242196652e-04 E_h, pmove=0.51748047
I0514 09:52:43.546117 123403432212288 checkpoint.py:124] Saving checkpoint /home/sjtu/PyQMC/Ferminet/checkpoints_ferminet_x64_atoms/He_singlet/qmcjax_ckpt_401233.npz
I0514 09:58:04.792339 123403432212288 train.py:1104] Step 00402000: energy=-2.9036331146096099 E_h, variance=5.9165647243340650e-05 E_h^2, std=7.6919209072468138e-03 E_h, ewmean=-2.9036369044419539 E_h, ewvar=9.9820355928735026e-08 E_h^2, ewstd=3.1594359611920452e-04 E_h, pmove=0.51818848
I0514 10:05:03.450054 123403432212288 train.py:1104] Step 00403000: energy=-2.9037898814597334 E_h, variance=7.9221223659426885e-04 E_h^2, std=2.8146265055851882e-02 E_h, ewmean=-2.9037333976899626 E_h, ewvar=5.9893445584513024e-08 E_h^2, ewstd=2.4473137433625675e-04 E_h, pmove=0.51657715
I0514 10:12:02.088917 123403432212288 train.py:1104] Step 00404000: energy=-2.9038189797123954 E_h, variance=7.7766990853957234e-05 E_h^2, std=8.8185594545797125e-03 E_h, ewmean=-2.9038153968420213 E_h, ewvar=4.1797916206385587e-08 E_h^2, ewstd=2.0444538685523229e-04 E_h, pmove=0.51369629
I0514 10:19:00.751897 123403432212288 train.py:1104] Step 00405000: energy=-2.9038311964148593 E_h, variance=1.2752073005869706e-04 E_h^2, std=1.1292507695755493e-02 E_h, ewmean=-2.9037119912482612 E_h, ewvar=6.3868079668979126e-08 E_h^2, ewstd=2.5272134786950455e-04 E_h, pmove=0.52023926
I0514 10:25:59.395575 123403432212288 train.py:1104] Step 00406000: energy=-2.9038808629862727 E_h, variance=2.4959023258615802e-04 E_h^2, std=1.5798425003339986e-02 E_h, ewmean=-2.9037097762610107 E_h, ewvar=1.0139603596324888e-07 E_h^2, ewstd=3.1842744222703058e-04 E_h, pmove=0.51923828
I0514 10:32:58.068189 123403432212288 train.py:1104] Step 00407000: energy=-2.9034485894907016 E_h, variance=2.1847897977079751e-04 E_h^2, std=1.4781034462134154e-02 E_h, ewmean=-2.9036308381792777 E_h, ewvar=6.7643412804984913e-08 E_h^2, ewstd=2.6008347276400496e-04 E_h, pmove=0.51379395
I0514 10:39:56.738167 123403432212288 train.py:1104] Step 00408000: energy=-2.9037435092354409 E_h, variance=8.8448359099727578e-05 E_h^2, std=9.4046987777242283e-03 E_h, ewmean=-2.9037708297775215 E_h, ewvar=1.0786078545360715e-07 E_h^2, ewstd=3.2842165801543469e-04 E_h, pmove=0.51889648
I0514 10:46:55.407357 123403432212288 train.py:1104] Step 00409000: energy=-2.9022214932399524 E_h, variance=5.6705456713753389e-03 E_h^2, std=7.5303025645556493e-02 E_h, ewmean=-2.9036135156897389 E_h, ewvar=2.5580055916698642e-07 E_h^2, ewstd=5.0576729744714261e-04 E_h, pmove=0.51442871
I0514 10:53:53.683849 123403432212288 train.py:1049] Timing step 00410000: block_iters=10000, block_time=4186.839404 s, sec/iter=0.4186839404, iter/s=2.388436, elapsed=171678.267651 s
I0514 10:53:54.104655 123403432212288 train.py:1104] Step 00410000: energy=-2.9039430982456809 E_h, variance=1.0811264678981645e-04 E_h^2, std=1.0397723154124485e-02 E_h, ewmean=-2.9037644672427505 E_h, ewvar=7.1027684710621875e-08 E_h^2, ewstd=2.6651019626014661e-04 E_h, pmove=0.52106934
I0514 11:00:52.808159 123403432212288 train.py:1104] Step 00411000: energy=-2.9037507799706019 E_h, variance=7.1974576631597762e-05 E_h^2, std=8.4837831556209501e-03 E_h, ewmean=-2.9036387134130401 E_h, ewvar=7.2197794872120637e-08 E_h^2, ewstd=2.6869647350145968e-04 E_h, pmove=0.52368164
I0514 11:07:51.473242 123403432212288 train.py:1104] Step 00412000: energy=-2.9039663826392097 E_h, variance=3.6307633566663798e-04 E_h^2, std=1.9054562069662950e-02 E_h, ewmean=-2.9037934750172334 E_h, ewvar=4.9539855427641143e-08 E_h^2, ewstd=2.2257550500367541e-04 E_h, pmove=0.52045898
I0514 11:14:50.123661 123403432212288 train.py:1104] Step 00413000: energy=-2.9044266427872483 E_h, variance=1.6680132009230485e-03 E_h^2, std=4.0841317326000257e-02 E_h, ewmean=-2.9038681096997863 E_h, ewvar=9.9236646942103876e-08 E_h^2, ewstd=3.1501848666721746e-04 E_h, pmove=0.52163086
I0514 11:21:48.769132 123403432212288 train.py:1104] Step 00414000: energy=-2.9038576877812696 E_h, variance=1.4228494276595296e-04 E_h^2, std=1.1928325228880748e-02 E_h, ewmean=-2.9036421287092855 E_h, ewvar=4.8006883705578948e-08 E_h^2, ewstd=2.1910473227563788e-04 E_h, pmove=0.51791992
I0514 11:28:47.474737 123403432212288 train.py:1104] Step 00415000: energy=-2.9038240826477719 E_h, variance=4.4912342453404101e-05 E_h^2, std=6.7016671398543882e-03 E_h, ewmean=-2.9037432259959752 E_h, ewvar=5.9025849369717093e-08 E_h^2, ewstd=2.4295236028842588e-04 E_h, pmove=0.51779785
I0514 11:32:44.033206 123403432212288 checkpoint.py:124] Saving checkpoint /home/sjtu/PyQMC/Ferminet/checkpoints_ferminet_x64_atoms/He_singlet/qmcjax_ckpt_415565.npz
I0514 11:35:46.242295 123403432212288 train.py:1104] Step 00416000: energy=-2.9037011715372749 E_h, variance=2.3628062635028219e-04 E_h^2, std=1.5371422391902520e-02 E_h, ewmean=-2.9036234410242883 E_h, ewvar=1.1417495204020788e-06 E_h^2, ewstd=1.0685267991033631e-03 E_h, pmove=0.51928711
I0514 11:42:45.014169 123403432212288 train.py:1104] Step 00417000: energy=-2.9037203250027699 E_h, variance=6.9264505227281892e-05 E_h^2, std=8.3225299775538143e-03 E_h, ewmean=-2.9037343396582558 E_h, ewvar=2.3043900497469123e-08 E_h^2, ewstd=1.5180217553602163e-04 E_h, pmove=0.51713867
I0514 11:49:43.822461 123403432212288 train.py:1104] Step 00418000: energy=-2.9037144026737476 E_h, variance=1.4646101088382397e-04 E_h^2, std=1.2102107704190374e-02 E_h, ewmean=-2.9036451433900132 E_h, ewvar=8.0060091447572424e-08 E_h^2, ewstd=2.8294892020923568e-04 E_h, pmove=0.51733398
I0514 11:56:42.471713 123403432212288 train.py:1104] Step 00419000: energy=-2.9037737993898087 E_h, variance=5.1252771670380959e-05 E_h^2, std=7.1591041108773493e-03 E_h, ewmean=-2.9038275095263892 E_h, ewvar=8.6127048749675552e-08 E_h^2, ewstd=2.9347410234921163e-04 E_h, pmove=0.51574707
I0514 12:03:40.734888 123403432212288 train.py:1049] Timing step 00420000: block_iters=10000, block_time=4187.051047 s, sec/iter=0.4187051047, iter/s=2.388316, elapsed=175865.318697 s
I0514 12:03:41.155828 123403432212288 train.py:1104] Step 00420000: energy=-2.9038503574668031 E_h, variance=4.8900393175999317e-04 E_h^2, std=2.2113433287483723e-02 E_h, ewmean=-2.9037953885886494 E_h, ewvar=4.5869109076283738e-08 E_h^2, ewstd=2.1417074748033107e-04 E_h, pmove=0.51777344
I0514 12:10:39.907381 123403432212288 train.py:1104] Step 00421000: energy=-2.9041427550924030 E_h, variance=6.1438553682257983e-04 E_h^2, std=2.4786801665857977e-02 E_h, ewmean=-2.9037179507571795 E_h, ewvar=7.1755734506759694e-08 E_h^2, ewstd=2.6787260872802897e-04 E_h, pmove=0.51577148
I0514 12:17:38.706064 123403432212288 train.py:1104] Step 00422000: energy=-2.9037885216951933 E_h, variance=5.4439523380035585e-05 E_h^2, std=7.3783143996468178e-03 E_h, ewmean=-2.9038314001936909 E_h, ewvar=1.0804609450191730e-07 E_h^2, ewstd=3.2870365757307494e-04 E_h, pmove=0.52302246
I0514 12:24:37.370674 123403432212288 train.py:1104] Step 00423000: energy=-2.9036029549046902 E_h, variance=1.3918290589918977e-04 E_h^2, std=1.1797580510392364e-02 E_h, ewmean=-2.9035947905998487 E_h, ewvar=1.1671740416061061e-07 E_h^2, ewstd=3.4163928954470475e-04 E_h, pmove=0.51899414
I0514 12:31:36.052520 123403432212288 train.py:1104] Step 00424000: energy=-2.9033691718816197 E_h, variance=3.6526404507786404e-04 E_h^2, std=1.9111882300753738e-02 E_h, ewmean=-2.9036760903760728 E_h, ewvar=3.8876476648568419e-08 E_h^2, ewstd=1.9717118615195380e-04 E_h, pmove=0.51772461
I0514 12:38:35.688379 123403432212288 train.py:1104] Step 00425000: energy=-2.9033288390891068 E_h, variance=7.1034924161525069e-04 E_h^2, std=2.6652377785391881e-02 E_h, ewmean=-2.9036419528860997 E_h, ewvar=9.3222306856191330e-08 E_h^2, ewstd=3.0532328253212419e-04 E_h, pmove=0.52136230
I0514 12:45:34.343574 123403432212288 train.py:1104] Step 00426000: energy=-2.9037053100349968 E_h, variance=1.9475155638208014e-04 E_h^2, std=1.3955341500016406e-02 E_h, ewmean=-2.9038143223309811 E_h, ewvar=1.0744209750457580e-07 E_h^2, ewstd=3.2778361384391353e-04 E_h, pmove=0.51997070
I0514 12:52:33.024075 123403432212288 train.py:1104] Step 00427000: energy=-2.9035690594874080 E_h, variance=1.1925360249198336e-04 E_h^2, std=1.0920329779451872e-02 E_h, ewmean=-2.9036577967706010 E_h, ewvar=7.6631271462104486e-08 E_h^2, ewstd=2.7682353848996382e-04 E_h, pmove=0.52065430
I0514 12:59:31.729545 123403432212288 train.py:1104] Step 00428000: energy=-2.9037981208216861 E_h, variance=6.1787192202811362e-05 E_h^2, std=7.8604829497182522e-03 E_h, ewmean=-2.9037271805451388 E_h, ewvar=4.7870548213174377e-08 E_h^2, ewstd=2.1879339161221111e-04 E_h, pmove=0.52175293
I0514 13:06:30.396888 123403432212288 train.py:1104] Step 00429000: energy=-2.9036531159021530 E_h, variance=9.0786333570592271e-05 E_h^2, std=9.5281862686763356e-03 E_h, ewmean=-2.9037059439026343 E_h, ewvar=5.9187647633512184e-08 E_h^2, ewstd=2.4328511593090150e-04 E_h, pmove=0.52026367
I0514 13:12:44.260866 123403432212288 checkpoint.py:124] Saving checkpoint /home/sjtu/PyQMC/Ferminet/checkpoints_ferminet_x64_atoms/He_singlet/qmcjax_ckpt_429893.npz
I0514 13:13:28.725070 123403432212288 train.py:1049] Timing step 00430000: block_iters=10000, block_time=4187.990189 s, sec/iter=0.4187990189, iter/s=2.387780, elapsed=180053.308886 s
I0514 13:13:29.145844 123403432212288 train.py:1104] Step 00430000: energy=-2.9035496050347556 E_h, variance=4.7536070906606101e-05 E_h^2, std=6.8946407380374867e-03 E_h, ewmean=-2.9037017993509169 E_h, ewvar=3.1210237983260395e-08 E_h^2, ewstd=1.7666419553282549e-04 E_h, pmove=0.51911621
I0514 13:20:27.868491 123403432212288 train.py:1104] Step 00431000: energy=-2.9038286984485575 E_h, variance=9.3100292497585099e-05 E_h^2, std=9.6488492835977643e-03 E_h, ewmean=-2.9036661710765337 E_h, ewvar=7.2766763607663428e-08 E_h^2, ewstd=2.6975315310050305e-04 E_h, pmove=0.51804199
I0514 13:27:26.727918 123403432212288 train.py:1104] Step 00432000: energy=-2.9042009125499848 E_h, variance=8.8260096212585445e-04 E_h^2, std=2.9708600810638228e-02 E_h, ewmean=-2.9038415985901858 E_h, ewvar=1.3216431265081902e-07 E_h^2, ewstd=3.6354410000826452e-04 E_h, pmove=0.51081543
I0514 13:34:25.423294 123403432212288 train.py:1104] Step 00433000: energy=-2.9034415846415120 E_h, variance=5.8794492574868254e-04 E_h^2, std=2.4247575667449367e-02 E_h, ewmean=-2.9036259616053202 E_h, ewvar=1.0763286223721185e-07 E_h^2, ewstd=3.2807447666225402e-04 E_h, pmove=0.52128906
I0514 13:41:24.131292 123403432212288 train.py:1104] Step 00434000: energy=-2.9037771426153620 E_h, variance=5.8363439302921050e-05 E_h^2, std=7.6395968023791052e-03 E_h, ewmean=-2.9037373695135362 E_h, ewvar=2.9915304735334201e-08 E_h^2, ewstd=1.7296041378111408e-04 E_h, pmove=0.52141113
I0514 13:48:22.977569 123403432212288 train.py:1104] Step 00435000: energy=-2.9042129991500070 E_h, variance=1.3579386174113540e-03 E_h^2, std=3.6850218688786011e-02 E_h, ewmean=-2.9037533124606996 E_h, ewvar=6.9044997682210774e-08 E_h^2, ewstd=2.6276414839587758e-04 E_h, pmove=0.51523438
I0514 13:55:21.701291 123403432212288 train.py:1104] Step 00436000: energy=-2.9036187132628704 E_h, variance=1.1750139346777611e-04 E_h^2, std=1.0839805970024376e-02 E_h, ewmean=-2.9037161901646451 E_h, ewvar=6.1985798258354848e-08 E_h^2, ewstd=2.4896947254303056e-04 E_h, pmove=0.51479492
I0514 14:02:20.340287 123403432212288 train.py:1104] Step 00437000: energy=-2.9035639522096393 E_h, variance=6.4802816561013795e-04 E_h^2, std=2.5456397341535545e-02 E_h, ewmean=-2.9036987517016155 E_h, ewvar=3.0758314290803097e-08 E_h^2, ewstd=1.7538048434989308e-04 E_h, pmove=0.51899414
I0514 14:09:19.145034 123403432212288 train.py:1104] Step 00438000: energy=-2.9036709596879731 E_h, variance=8.8767046807263438e-04 E_h^2, std=2.9793799154734100e-02 E_h, ewmean=-2.9037906348483875 E_h, ewvar=8.7899805635439068e-08 E_h^2, ewstd=2.9647901381959412e-04 E_h, pmove=0.51823730
I0514 14:16:17.880228 123403432212288 train.py:1104] Step 00439000: energy=-2.9036480069556716 E_h, variance=1.4580046902847951e-04 E_h^2, std=1.2074786500327015e-02 E_h, ewmean=-2.9037834945593608 E_h, ewvar=6.5959326637864467e-08 E_h^2, ewstd=2.5682547894993686e-04 E_h, pmove=0.52150879
I0514 14:23:16.160212 123403432212288 train.py:1049] Timing step 00440000: block_iters=10000, block_time=4187.435176 s, sec/iter=0.4187435176, iter/s=2.388097, elapsed=184240.744062 s
I0514 14:23:16.581162 123403432212288 train.py:1104] Step 00440000: energy=-2.9039461541179090 E_h, variance=2.1808126734201852e-04 E_h^2, std=1.4767574863261013e-02 E_h, ewmean=-2.9038166148110229 E_h, ewvar=5.9118925908448726e-08 E_h^2, ewstd=2.4314383789939798e-04 E_h, pmove=0.52248535
I0514 14:30:15.382198 123403432212288 train.py:1104] Step 00441000: energy=-2.9040747917941365 E_h, variance=1.1483135325526465e-04 E_h^2, std=1.0715939214798889e-02 E_h, ewmean=-2.9039206172416407 E_h, ewvar=4.1288441204599164e-08 E_h^2, ewstd=2.0319557378200727e-04 E_h, pmove=0.51901855
I0514 14:37:14.128963 123403432212288 train.py:1104] Step 00442000: energy=-2.9035892408735675 E_h, variance=2.4407513391015386e-04 E_h^2, std=1.5622904144561403e-02 E_h, ewmean=-2.9037195512594187 E_h, ewvar=6.5303237283816480e-08 E_h^2, ewstd=2.5554498094037474e-04 E_h, pmove=0.51806641
I0514 14:44:12.900480 123403432212288 train.py:1104] Step 00443000: energy=-2.9036557391705493 E_h, variance=5.7184818051804099e-05 E_h^2, std=7.5620644041031609e-03 E_h, ewmean=-2.9036580066731608 E_h, ewvar=3.9107705684375183e-08 E_h^2, ewstd=1.9775668303340644e-04 E_h, pmove=0.52023926
I0514 14:51:11.744609 123403432212288 train.py:1104] Step 00444000: energy=-2.9035761087685210 E_h, variance=5.8922921923365785e-04 E_h^2, std=2.4274044146652980e-02 E_h, ewmean=-2.9036953883869212 E_h, ewvar=7.8097311788645237e-08 E_h^2, ewstd=2.7945896261999766e-04 E_h, pmove=0.51677246
I0514 14:52:44.698193 123403432212288 checkpoint.py:124] Saving checkpoint /home/sjtu/PyQMC/Ferminet/checkpoints_ferminet_x64_atoms/He_singlet/qmcjax_ckpt_444222.npz
I0514 14:58:10.693050 123403432212288 train.py:1104] Step 00445000: energy=-2.9040582439189686 E_h, variance=3.7106553714073685e-04 E_h^2, std=1.9263061468539646e-02 E_h, ewmean=-2.9037990094989952 E_h, ewvar=1.3285711882779510e-07 E_h^2, ewstd=3.6449570481391833e-04 E_h, pmove=0.52131348
I0514 15:05:09.701808 123403432212288 train.py:1104] Step 00446000: energy=-2.9038722432013486 E_h, variance=2.0456838824199538e-04 E_h^2, std=1.4302740585006616e-02 E_h, ewmean=-2.9036217839052987 E_h, ewvar=2.6701024957858879e-07 E_h^2, ewstd=5.1673034513040632e-04 E_h, pmove=0.51630859
I0514 15:12:08.538549 123403432212288 train.py:1104] Step 00447000: energy=-2.9038719361145127 E_h, variance=1.4077375617539527e-04 E_h^2, std=1.1864811678884552e-02 E_h, ewmean=-2.9038209531304680 E_h, ewvar=4.2254452796884151e-08 E_h^2, ewstd=2.0555887914873477e-04 E_h, pmove=0.51650391
I0514 15:19:07.566686 123403432212288 train.py:1104] Step 00448000: energy=-2.9037909382104359 E_h, variance=7.4773306436495997e-04 E_h^2, std=2.7344708160171687e-02 E_h, ewmean=-2.9036444659801237 E_h, ewvar=6.3111442749067304e-08 E_h^2, ewstd=2.5121990914150753e-04 E_h, pmove=0.51674805
I0514 15:26:06.410755 123403432212288 train.py:1104] Step 00449000: energy=-2.9039676694077095 E_h, variance=2.6833490778822226e-04 E_h^2, std=1.6380931224696058e-02 E_h, ewmean=-2.9037601197909626 E_h, ewvar=3.0527519604789256e-08 E_h^2, ewstd=1.7472126260071856e-04 E_h, pmove=0.51735840
I0514 15:33:04.796267 123403432212288 train.py:1049] Timing step 00450000: block_iters=10000, block_time=4188.636037 s, sec/iter=0.4188636037, iter/s=2.387412, elapsed=188429.380099 s
I0514 15:33:05.217362 123403432212288 train.py:1104] Step 00450000: energy=-2.9036028015626267 E_h, variance=4.6277366830715862e-04 E_h^2, std=2.1512174885565585e-02 E_h, ewmean=-2.9036441765176737 E_h, ewvar=7.1648177878424744e-08 E_h^2, ewstd=2.6767177265902496e-04 E_h, pmove=0.52375488
I0514 15:40:04.049350 123403432212288 train.py:1104] Step 00451000: energy=-2.9035901383874267 E_h, variance=4.9155705459936439e-05 E_h^2, std=7.0111129972306426e-03 E_h, ewmean=-2.9036921927885011 E_h, ewvar=8.8027054037124245e-08 E_h^2, ewstd=2.9669353554994125e-04 E_h, pmove=0.52114258
I0514 15:47:02.841056 123403432212288 train.py:1104] Step 00452000: energy=-2.9037489697680616 E_h, variance=7.6174184089614327e-05 E_h^2, std=8.7277823122265327e-03 E_h, ewmean=-2.9037834131851787 E_h, ewvar=1.3281168409706760e-07 E_h^2, ewstd=3.6443337401652391e-04 E_h, pmove=0.51984863
I0514 15:54:01.732378 123403432212288 train.py:1104] Step 00453000: energy=-2.9034756320960478 E_h, variance=1.1906283376638756e-04 E_h^2, std=1.0911591715528380e-02 E_h, ewmean=-2.9036199585667504 E_h, ewvar=6.8173941136237093e-08 E_h^2, ewstd=2.6110140010393872e-04 E_h, pmove=0.52153320
I0514 16:01:00.437856 123403432212288 train.py:1104] Step 00454000: energy=-2.9037412811632199 E_h, variance=6.5905230557137780e-05 E_h^2, std=8.1182036533421469e-03 E_h, ewmean=-2.9037159797977199 E_h, ewvar=3.4003266783116326e-08 E_h^2, ewstd=1.8439974724255000e-04 E_h, pmove=0.51638184
I0514 16:07:59.239773 123403432212288 train.py:1104] Step 00455000: energy=-2.9037037719574332 E_h, variance=2.3368318479420920e-04 E_h^2, std=1.5286699604368799e-02 E_h, ewmean=-2.9037606491443873 E_h, ewvar=6.5368140085384506e-08 E_h^2, ewstd=2.5567193840033461e-04 E_h, pmove=0.51860352
I0514 16:14:58.280061 123403432212288 train.py:1104] Step 00456000: energy=-2.9037077831689624 E_h, variance=1.2201169605510863e-04 E_h^2, std=1.1045890460035743e-02 E_h, ewmean=-2.9036714342627952 E_h, ewvar=4.1386596003314244e-08 E_h^2, ewstd=2.0343695830235528e-04 E_h, pmove=0.52431641
I0514 16:21:57.137062 123403432212288 train.py:1104] Step 00457000: energy=-2.9034994895445942 E_h, variance=9.5018929807410613e-04 E_h^2, std=3.0825140682146222e-02 E_h, ewmean=-2.9037421996330104 E_h, ewvar=5.9505506039808270e-08 E_h^2, ewstd=2.4393750437316577e-04 E_h, pmove=0.51777344
I0514 16:28:56.039986 123403432212288 train.py:1104] Step 00458000: energy=-2.9037783548500631 E_h, variance=7.9941076715201478e-05 E_h^2, std=8.9409773914936996e-03 E_h, ewmean=-2.9038530104817974 E_h, ewvar=9.1629759163256157e-08 E_h^2, ewstd=3.0270407853753167e-04 E_h, pmove=0.51782227
I0514 16:32:44.851929 123403432212288 checkpoint.py:124] Saving checkpoint /home/sjtu/PyQMC/Ferminet/checkpoints_ferminet_x64_atoms/He_singlet/qmcjax_ckpt_458546.npz
I0514 16:35:55.186891 123403432212288 train.py:1104] Step 00459000: energy=-2.9040557578856347 E_h, variance=2.7347101151327374e-04 E_h^2, std=1.6536958956025551e-02 E_h, ewmean=-2.9038827237410310 E_h, ewvar=1.9424064789226381e-07 E_h^2, ewstd=4.4072740769353542e-04 E_h, pmove=0.51884766
I0514 16:42:53.549021 123403432212288 train.py:1049] Timing step 00460000: block_iters=10000, block_time=4188.752733 s, sec/iter=0.4188752733, iter/s=2.387346, elapsed=192618.132833 s
I0514 16:42:53.969964 123403432212288 train.py:1104] Step 00460000: energy=-2.9035753276153446 E_h, variance=2.7458525429950933e-04 E_h^2, std=1.6570614179912263e-02 E_h, ewmean=-2.9036392560925837 E_h, ewvar=8.6582461265981837e-08 E_h^2, ewstd=2.9424897836013270e-04 E_h, pmove=0.51892090
I0514 16:49:53.070659 123403432212288 train.py:1104] Step 00461000: energy=-2.9034334827792225 E_h, variance=2.1237720216396805e-04 E_h^2, std=1.4573167197420335e-02 E_h, ewmean=-2.9035362332747519 E_h, ewvar=7.3427138598745922e-08 E_h^2, ewstd=2.7097442425207943e-04 E_h, pmove=0.52238770
I0514 16:56:52.120031 123403432212288 train.py:1104] Step 00462000: energy=-2.9033717536063852 E_h, variance=3.4898800486630034e-04 E_h^2, std=1.8681220647117799e-02 E_h, ewmean=-2.9037163939060373 E_h, ewvar=7.2591124850598259e-08 E_h^2, ewstd=2.6942740181837158e-04 E_h, pmove=0.51933594
I0514 17:03:51.016960 123403432212288 train.py:1104] Step 00463000: energy=-2.9035356699895551 E_h, variance=1.7856286721523111e-04 E_h^2, std=1.3362741755165034e-02 E_h, ewmean=-2.9036528002046342 E_h, ewvar=7.2590786147030185e-08 E_h^2, ewstd=2.6942677325579616e-04 E_h, pmove=0.52263184
I0514 17:10:49.852669 123403432212288 train.py:1104] Step 00464000: energy=-2.9050956777565968 E_h, variance=6.5203068553086937e-03 E_h^2, std=8.0748417045219498e-02 E_h, ewmean=-2.9038105753874950 E_h, ewvar=2.5536749686605091e-07 E_h^2, ewstd=5.0533899203015283e-04 E_h, pmove=0.51655273
I0514 17:17:48.820576 123403432212288 train.py:1104] Step 00465000: energy=-2.9036966066831353 E_h, variance=1.6408422122923480e-04 E_h^2, std=1.2809536339354161e-02 E_h, ewmean=-2.9036996490532729 E_h, ewvar=3.4219360847522002e-08 E_h^2, ewstd=1.8498475841950332e-04 E_h, pmove=0.51843262
I0514 17:24:47.724183 123403432212288 train.py:1104] Step 00466000: energy=-2.9038601960145858 E_h, variance=1.2313876440658714e-04 E_h^2, std=1.1096790725547055e-02 E_h, ewmean=-2.9036093716932698 E_h, ewvar=3.2932845997797050e-07 E_h^2, ewstd=5.7387146642603733e-04 E_h, pmove=0.51835938
I0514 17:31:46.492821 123403432212288 train.py:1104] Step 00467000: energy=-2.9036569013986964 E_h, variance=9.8434451003014977e-05 E_h^2, std=9.9214137602972180e-03 E_h, ewmean=-2.9037211588137994 E_h, ewvar=6.5204486876535484e-08 E_h^2, ewstd=2.5535169252725832e-04 E_h, pmove=0.51582031
I0514 17:38:45.234974 123403432212288 train.py:1104] Step 00468000: energy=-2.9036669619705551 E_h, variance=1.5660794475232345e-04 E_h^2, std=1.2514309599507415e-02 E_h, ewmean=-2.9037442696705393 E_h, ewvar=3.9177013263931570e-08 E_h^2, ewstd=1.9793183994479404e-04 E_h, pmove=0.51926270
I0514 17:45:43.988620 123403432212288 train.py:1104] Step 00469000: energy=-2.9041691391900923 E_h, variance=2.3954952688560213e-04 E_h^2, std=1.5477387598868296e-02 E_h, ewmean=-2.9038476596831595 E_h, ewvar=9.8298814791157478e-08 E_h^2, ewstd=3.1352641801155685e-04 E_h, pmove=0.51716309
I0514 17:52:42.363603 123403432212288 train.py:1049] Timing step 00470000: block_iters=10000, block_time=4188.814582 s, sec/iter=0.4188814582, iter/s=2.387310, elapsed=196806.947414 s
I0514 17:52:42.784564 123403432212288 train.py:1104] Step 00470000: energy=-2.9036289505407451 E_h, variance=1.3558531510924243e-04 E_h^2, std=1.1644110747894940e-02 E_h, ewmean=-2.9037183556004811 E_h, ewvar=6.2223720272857878e-08 E_h^2, ewstd=2.4944682854840606e-04 E_h, pmove=0.52004395
I0514 17:59:41.604425 123403432212288 train.py:1104] Step 00471000: energy=-2.9042690330893901 E_h, variance=5.0300983476601543e-04 E_h^2, std=2.2427880746205501e-02 E_h, ewmean=-2.9038746201759107 E_h, ewvar=9.6859413519721771e-08 E_h^2, ewstd=3.1122245021804221e-04 E_h, pmove=0.51928711
I0514 18:06:40.463320 123403432212288 train.py:1104] Step 00472000: energy=-2.9045484721226211 E_h, variance=1.8573924811983455e-03 E_h^2, std=4.3097476506152255e-02 E_h, ewmean=-2.9038133291237420 E_h, ewvar=9.1734971133657360e-08 E_h^2, ewstd=3.0287781551915840e-04 E_h, pmove=0.51635742
I0514 18:12:45.165908 123403432212288 checkpoint.py:124] Saving checkpoint /home/sjtu/PyQMC/Ferminet/checkpoints_ferminet_x64_atoms/He_singlet/qmcjax_ckpt_472871.npz
I0514 18:13:39.253758 123403432212288 train.py:1104] Step 00473000: energy=-2.9035921228696662 E_h, variance=2.1290881296675689e-04 E_h^2, std=1.4591395168617596e-02 E_h, ewmean=-2.9036952945206571 E_h, ewvar=5.9116580480699143e-08 E_h^2, ewstd=2.4313901472346872e-04 E_h, pmove=0.51506348
I0514 18:20:38.019071 123403432212288 train.py:1104] Step 00474000: energy=-2.9038500496830455 E_h, variance=1.8785527293274697e-04 E_h^2, std=1.3706030531585247e-02 E_h, ewmean=-2.9037354193605345 E_h, ewvar=4.5891948953201739e-08 E_h^2, ewstd=2.1422406249812774e-04 E_h, pmove=0.52009277
I0514 18:27:36.880566 123403432212288 train.py:1104] Step 00475000: energy=-2.9036433987947605 E_h, variance=9.9856432630652861e-05 E_h^2, std=9.9928190532328192e-03 E_h, ewmean=-2.9037257858366394 E_h, ewvar=3.7690561616090234e-08 E_h^2, ewstd=1.9414057179294140e-04 E_h, pmove=0.52060547
I0514 18:34:35.677241 123403432212288 train.py:1104] Step 00476000: energy=-2.9038621540670757 E_h, variance=1.6572831507251980e-04 E_h^2, std=1.2873550989238354e-02 E_h, ewmean=-2.9036195437253585 E_h, ewvar=5.4013529383752044e-08 E_h^2, ewstd=2.3240810954816538e-04 E_h, pmove=0.51923828
I0514 18:41:34.324009 123403432212288 train.py:1104] Step 00477000: energy=-2.9039913634438772 E_h, variance=4.0616304260551197e-04 E_h^2, std=2.0153487107831040e-02 E_h, ewmean=-2.9036738967046931 E_h, ewvar=2.6036072611896972e-07 E_h^2, ewstd=5.1025554981692239e-04 E_h, pmove=0.51699219
I0514 18:48:33.042768 123403432212288 train.py:1104] Step 00478000: energy=-2.9038157256825512 E_h, variance=1.5705499950466578e-04 E_h^2, std=1.2532158613130692e-02 E_h, ewmean=-2.9037579408046885 E_h, ewvar=4.3402485992533871e-08 E_h^2, ewstd=2.0833263304757100e-04 E_h, pmove=0.52048340
I0514 18:55:31.789771 123403432212288 train.py:1104] Step 00479000: energy=-2.9037443148390696 E_h, variance=4.9193892981465781e-04 E_h^2, std=2.2179696341804542e-02 E_h, ewmean=-2.9036951104183282 E_h, ewvar=3.3087465034942011e-08 E_h^2, ewstd=1.8189960152496765e-04 E_h, pmove=0.51694336
I0514 19:02:30.147152 123403432212288 train.py:1049] Timing step 00480000: block_iters=10000, block_time=4187.783590 s, sec/iter=0.4187783590, iter/s=2.387898, elapsed=200994.731004 s
I0514 19:02:30.568106 123403432212288 train.py:1104] Step 00480000: energy=-2.9034692489961191 E_h, variance=1.7472189720673531e-04 E_h^2, std=1.3218241078401291e-02 E_h, ewmean=-2.9036503329154488 E_h, ewvar=5.9477200199127806e-08 E_h^2, ewstd=2.4387947883970846e-04 E_h, pmove=0.51779785
I0514 19:09:29.352519 123403432212288 train.py:1104] Step 00481000: energy=-2.9037554755973214 E_h, variance=2.6370816010274603e-04 E_h^2, std=1.6239093573926656e-02 E_h, ewmean=-2.9036884475220210 E_h, ewvar=2.5461650387070831e-08 E_h^2, ewstd=1.5956707175063039e-04 E_h, pmove=0.52014160
I0514 19:16:28.153623 123403432212288 train.py:1104] Step 00482000: energy=-2.9037419021049260 E_h, variance=9.8382745469405560e-05 E_h^2, std=9.9188076636965578e-03 E_h, ewmean=-2.9037649049595089 E_h, ewvar=4.2379778214328752e-08 E_h^2, ewstd=2.0586349412736769e-04 E_h, pmove=0.51406250
I0514 19:23:26.923058 123403432212288 train.py:1104] Step 00483000: energy=-2.9041419663663035 E_h, variance=1.2527258081881687e-04 E_h^2, std=1.1192523433918593e-02 E_h, ewmean=-2.9037679219460308 E_h, ewvar=5.5051351725135784e-08 E_h^2, ewstd=2.3463024469393495e-04 E_h, pmove=0.52172852
I0514 19:30:25.765004 123403432212288 train.py:1104] Step 00484000: energy=-2.9032788090442025 E_h, variance=2.9363617376968539e-04 E_h^2, std=1.7135815526834006e-02 E_h, ewmean=-2.9037610219172403 E_h, ewvar=1.4586790581991357e-07 E_h^2, ewstd=3.8192657124100907e-04 E_h, pmove=0.51740723
I0514 19:37:24.534741 123403432212288 train.py:1104] Step 00485000: energy=-2.9042116487525647 E_h, variance=2.7680375160514878e-04 E_h^2, std=1.6637420220850008e-02 E_h, ewmean=-2.9038566917738282 E_h, ewvar=6.2209767827958044e-08 E_h^2, ewstd=2.4941886020900272e-04 E_h, pmove=0.51958008
I0514 19:44:23.308242 123403432212288 train.py:1104] Step 00486000: energy=-2.9038821073523575 E_h, variance=1.4384634716210426e-04 E_h^2, std=1.1993596089668197e-02 E_h, ewmean=-2.9037039232624196 E_h, ewvar=5.9094514841459945e-08 E_h^2, ewstd=2.4309363389743457e-04 E_h, pmove=0.51831055
I0514 19:51:22.006178 123403432212288 train.py:1104] Step 00487000: energy=-2.9034025511481136 E_h, variance=3.2545796798725808e-04 E_h^2, std=1.8040453652479423e-02 E_h, ewmean=-2.9036379283414129 E_h, ewvar=4.8602567406019254e-08 E_h^2, ewstd=2.2045989976868639e-04 E_h, pmove=0.51477051
I0514 19:52:45.314548 123403432212288 checkpoint.py:124] Saving checkpoint /home/sjtu/PyQMC/Ferminet/checkpoints_ferminet_x64_atoms/He_singlet/qmcjax_ckpt_487199.npz
I0514 19:58:20.778104 123403432212288 train.py:1104] Step 00488000: energy=-2.9032504181397711 E_h, variance=3.0886974454298263e-04 E_h^2, std=1.7574690453688868e-02 E_h, ewmean=-2.9037686357850196 E_h, ewvar=1.1120287233878274e-07 E_h^2, ewstd=3.3347094676865441e-04 E_h, pmove=0.51945801
I0514 20:05:19.503206 123403432212288 train.py:1104] Step 00489000: energy=-2.9036561356257979 E_h, variance=2.1715785487310408e-04 E_h^2, std=1.4736276832127717e-02 E_h, ewmean=-2.9037565108510925 E_h, ewvar=4.9538949401879247e-08 E_h^2, ewstd=2.2257346967210456e-04 E_h, pmove=0.51652832
I0514 20:12:17.823356 123403432212288 train.py:1049] Timing step 00490000: block_iters=10000, block_time=4187.676169 s, sec/iter=0.4187676169, iter/s=2.387959, elapsed=205182.407173 s
I0514 20:12:18.244124 123403432212288 train.py:1104] Step 00490000: energy=-2.9034530686431297 E_h, variance=2.1207232717379543e-04 E_h^2, std=1.4562703292101898e-02 E_h, ewmean=-2.9036374348742808 E_h, ewvar=1.1537976618733631e-07 E_h^2, ewstd=3.3967597234325583e-04 E_h, pmove=0.51433105
I0514 20:19:16.928881 123403432212288 train.py:1104] Step 00491000: energy=-2.9039293662483576 E_h, variance=1.2536859951612530e-04 E_h^2, std=1.1196812024684763e-02 E_h, ewmean=-2.9037932395477899 E_h, ewvar=1.0273757891657087e-07 E_h^2, ewstd=3.2052703305114665e-04 E_h, pmove=0.52043457
I0514 20:26:15.608801 123403432212288 train.py:1104] Step 00492000: energy=-2.9037912695910855 E_h, variance=1.5401007348076943e-04 E_h^2, std=1.2410079511460410e-02 E_h, ewmean=-2.9038431309439394 E_h, ewvar=5.1056011757218607e-08 E_h^2, ewstd=2.2595577389661589e-04 E_h, pmove=0.51652832
I0514 20:33:14.209110 123403432212288 train.py:1104] Step 00493000: energy=-2.9035269152115140 E_h, variance=1.3704517745033885e-04 E_h^2, std=1.1706629636677623e-02 E_h, ewmean=-2.9036545748440750 E_h, ewvar=5.8384471403804955e-08 E_h^2, ewstd=2.4162878844170236e-04 E_h, pmove=0.52365723
I0514 20:40:12.813781 123403432212288 train.py:1104] Step 00494000: energy=-2.9038638248588517 E_h, variance=4.5602916450073242e-04 E_h^2, std=2.1354839369583944e-02 E_h, ewmean=-2.9037542046880631 E_h, ewvar=9.0897309766854561e-08 E_h^2, ewstd=3.0149180713056624e-04 E_h, pmove=0.51574707
I0514 20:47:11.431913 123403432212288 train.py:1104] Step 00495000: energy=-2.9037702329480961 E_h, variance=4.6048057155204840e-04 E_h^2, std=2.1458811047027942e-02 E_h, ewmean=-2.9037972978215847 E_h, ewvar=5.2047997519134443e-08 E_h^2, ewstd=2.2814030226843841e-04 E_h, pmove=0.52019043
I0514 20:54:10.027325 123403432212288 train.py:1104] Step 00496000: energy=-2.9037544232136390 E_h, variance=1.3371055530564225e-04 E_h^2, std=1.1563328037621447e-02 E_h, ewmean=-2.9036496531369118 E_h, ewvar=2.3392089952600587e-07 E_h^2, ewstd=4.8365369793479911e-04 E_h, pmove=0.51787109
I0514 21:01:08.693915 123403432212288 train.py:1104] Step 00497000: energy=-2.9035944216356215 E_h, variance=1.5635072674471148e-04 E_h^2, std=1.2504028420661539e-02 E_h, ewmean=-2.9037176579708133 E_h, ewvar=6.8627107199156955e-08 E_h^2, ewstd=2.6196775984681198e-04 E_h, pmove=0.52253418
I0514 21:08:07.351718 123403432212288 train.py:1104] Step 00498000: energy=-2.9035346087736640 E_h, variance=4.2316042679481261e-04 E_h^2, std=2.0570863540328409e-02 E_h, ewmean=-2.9037261356217030 E_h, ewvar=1.1072966326342127e-07 E_h^2, ewstd=3.3276066964625081e-04 E_h, pmove=0.51423340
I0514 21:15:06.058601 123403432212288 train.py:1104] Step 00499000: energy=-2.9037602688463333 E_h, variance=8.0307271283562484e-05 E_h^2, std=8.9614324348042985e-03 E_h, ewmean=-2.9037085743932898 E_h, ewvar=8.3960534429243313e-08 E_h^2, ewstd=2.8975944234699812e-04 E_h, pmove=0.51647949
I0514 21:22:04.275946 123403432212288 train.py:1049] Timing step 00500000: block_iters=10000, block_time=4186.452590 s, sec/iter=0.4186452590, iter/s=2.388657, elapsed=209368.859763 s
I0514 21:22:04.696631 123403432212288 train.py:1104] Step 00500000: energy=-2.9034285410295713 E_h, variance=3.0248976316438327e-04 E_h^2, std=1.7392232840103748e-02 E_h, ewmean=-2.9037243188128992 E_h, ewvar=7.0846309973422459e-08 E_h^2, ewstd=2.6616970145646265e-04 E_h, pmove=0.51474609
I0514 21:29:03.362533 123403432212288 train.py:1104] Step 00501000: energy=-2.9038351806380129 E_h, variance=1.0138215510412427e-04 E_h^2, std=1.0068870597247950e-02 E_h, ewmean=-2.9036808074081031 E_h, ewvar=6.1795767839286548e-08 E_h^2, ewstd=2.4858754562384367e-04 E_h, pmove=0.51914063
I0514 21:32:45.656212 123403432212288 checkpoint.py:124] Saving checkpoint /home/sjtu/PyQMC/Ferminet/checkpoints_ferminet_x64_atoms/He_singlet/qmcjax_ckpt_501531.npz
I0514 21:36:02.097554 123403432212288 train.py:1104] Step 00502000: energy=-2.9036773508071034 E_h, variance=6.1938824313011095e-05 E_h^2, std=7.8701222552773030e-03 E_h, ewmean=-2.9036586267977667 E_h, ewvar=9.0380597776761864e-08 E_h^2, ewstd=3.0063366041872602e-04 E_h, pmove=0.51877441
I0514 21:43:00.805040 123403432212288 train.py:1104] Step 00503000: energy=-2.9038064800543646 E_h, variance=1.4526177100514926e-04 E_h^2, std=1.2052459126881503e-02 E_h, ewmean=-2.9037008586694162 E_h, ewvar=4.8749574621281044e-08 E_h^2, ewstd=2.2079305836298624e-04 E_h, pmove=0.51882324
I0514 21:49:59.526683 123403432212288 train.py:1104] Step 00504000: energy=-2.9033604584564427 E_h, variance=1.4996059063484174e-04 E_h^2, std=1.2245839727631656e-02 E_h, ewmean=-2.9037626526293687 E_h, ewvar=6.2705753103911219e-08 E_h^2, ewstd=2.5041116808942690e-04 E_h, pmove=0.51904297
I0514 21:56:58.207114 123403432212288 train.py:1104] Step 00505000: energy=-2.9037491374227433 E_h, variance=5.8239017495298419e-05 E_h^2, std=7.6314492395152846e-03 E_h, ewmean=-2.9037767881590195 E_h, ewvar=1.2261898848556445e-07 E_h^2, ewstd=3.5016994229311637e-04 E_h, pmove=0.51398926
I0514 22:03:56.928789 123403432212288 train.py:1104] Step 00506000: energy=-2.9032184723894128 E_h, variance=1.6762052462552607e-04 E_h^2, std=1.2946834540748796e-02 E_h, ewmean=-2.9037326162379720 E_h, ewvar=1.7433100233775477e-07 E_h^2, ewstd=4.1752964246596284e-04 E_h, pmove=0.51809082
I0514 22:10:55.626685 123403432212288 train.py:1104] Step 00507000: energy=-2.9037630170306548 E_h, variance=1.3347871306108205e-04 E_h^2, std=1.1553298795628981e-02 E_h, ewmean=-2.9035581921340015 E_h, ewvar=1.7037703293997901e-07 E_h^2, ewstd=4.1276752893121212e-04 E_h, pmove=0.51713867
I0514 22:17:54.269440 123403432212288 train.py:1104] Step 00508000: energy=-2.9031806455559934 E_h, variance=7.1045911326314722e-04 E_h^2, std=2.6654438903551268e-02 E_h, ewmean=-2.9035960553394031 E_h, ewvar=4.3535509130237105e-08 E_h^2, ewstd=2.0865164540505570e-04 E_h, pmove=0.52138672
I0514 22:24:52.909659 123403432212288 train.py:1104] Step 00509000: energy=-2.9037904267930434 E_h, variance=1.4574863605075722e-04 E_h^2, std=1.2072639978511627e-02 E_h, ewmean=-2.9037496264177349 E_h, ewvar=8.9356304006329732e-08 E_h^2, ewstd=2.9892524819146631e-04 E_h, pmove=0.51916504
I0514 22:31:51.107038 123403432212288 train.py:1049] Timing step 00510000: block_iters=10000, block_time=4186.831150 s, sec/iter=0.4186831150, iter/s=2.388441, elapsed=213555.690913 s
I0514 22:31:51.527336 123403432212288 train.py:1104] Step 00510000: energy=-2.9038862965048731 E_h, variance=6.5061578883368696e-05 E_h^2, std=8.0660758044645668e-03 E_h, ewmean=-2.9038666848698114 E_h, ewvar=6.5404796512348402e-08 E_h^2, ewstd=2.5574361480269335e-04 E_h, pmove=0.51579590
I0514 22:38:50.219381 123403432212288 train.py:1104] Step 00511000: energy=-2.9040745979626390 E_h, variance=2.7219742343314771e-04 E_h^2, std=1.6498406693773424e-02 E_h, ewmean=-2.9037486816884415 E_h, ewvar=9.0470463410725509e-08 E_h^2, ewstd=3.0078308365120120e-04 E_h, pmove=0.51716309
I0514 22:45:48.907798 123403432212288 train.py:1104] Step 00512000: energy=-2.9035751000410617 E_h, variance=6.0785093432641772e-04 E_h^2, std=2.4654633120904837e-02 E_h, ewmean=-2.9036283288755613 E_h, ewvar=1.6690170366935445e-07 E_h^2, ewstd=4.0853604941223297e-04 E_h, pmove=0.51489258
I0514 22:52:47.733523 123403432212288 train.py:1104] Step 00513000: energy=-2.9032286525645472 E_h, variance=1.9620615947413679e-03 E_h^2, std=4.4295164462290551e-02 E_h, ewmean=-2.9037467262954291 E_h, ewvar=1.0905520834949679e-07 E_h^2, ewstd=3.3023508043437299e-04 E_h, pmove=0.51726074
I0514 22:59:46.424060 123403432212288 train.py:1104] Step 00514000: energy=-2.9037782585447918 E_h, variance=2.1533232779308260e-04 E_h^2, std=1.4674206206574943e-02 E_h, ewmean=-2.9037252962938007 E_h, ewvar=6.2952860760038339e-08 E_h^2, ewstd=2.5090408677428582e-04 E_h, pmove=0.52011719
I0514 23:06:45.167832 123403432212288 train.py:1104] Step 00515000: energy=-2.9041737207990863 E_h, variance=1.8899725196120656e-04 E_h^2, std=1.3747627139299588e-02 E_h, ewmean=-2.9037848367923673 E_h, ewvar=4.8262302592053097e-08 E_h^2, ewstd=2.1968682844461363e-04 E_h, pmove=0.51901855
I0514 23:12:46.088943 123403432212288 checkpoint.py:124] Saving checkpoint /home/sjtu/PyQMC/Ferminet/checkpoints_ferminet_x64_atoms/He_singlet/qmcjax_ckpt_515862.npz
I0514 23:13:43.951708 123403432212288 train.py:1104] Step 00516000: energy=-2.9034041425702699 E_h, variance=2.0807195851634810e-04 E_h^2, std=1.4424699598825207e-02 E_h, ewmean=-2.9037323231391658 E_h, ewvar=1.1591040143956785e-07 E_h^2, ewstd=3.4045616669340538e-04 E_h, pmove=0.52119141
I0514 23:20:42.768203 123403432212288 train.py:1104] Step 00517000: energy=-2.9034646444214660 E_h, variance=5.8321894257612255e-05 E_h^2, std=7.6368772582523711e-03 E_h, ewmean=-2.9037037478464147 E_h, ewvar=7.8594190311251875e-08 E_h^2, ewstd=2.8034655394930733e-04 E_h, pmove=0.51550293
I0514 23:27:41.540464 123403432212288 train.py:1104] Step 00518000: energy=-2.9037852158658115 E_h, variance=1.8911404718930500e-04 E_h^2, std=1.3751874315499870e-02 E_h, ewmean=-2.9037515457736602 E_h, ewvar=5.0268074426080668e-08 E_h^2, ewstd=2.2420542907360800e-04 E_h, pmove=0.52187500
I0514 23:34:40.243138 123403432212288 train.py:1104] Step 00519000: energy=-2.9039119207586408 E_h, variance=1.7240880045980641e-04 E_h^2, std=1.3130453170390062e-02 E_h, ewmean=-2.9036758514179013 E_h, ewvar=4.7354519943592240e-08 E_h^2, ewstd=2.1761093709552430e-04 E_h, pmove=0.51748047
I0514 23:41:38.603355 123403432212288 train.py:1049] Timing step 00520000: block_iters=10000, block_time=4187.496275 s, sec/iter=0.4187496275, iter/s=2.388062, elapsed=217743.187188 s
I0514 23:41:39.024428 123403432212288 train.py:1104] Step 00520000: energy=-2.9038266018741186 E_h, variance=1.9500499610525444e-04 E_h^2, std=1.3964418931887372e-02 E_h, ewmean=-2.9036679237257350 E_h, ewvar=1.3325311708899088e-07 E_h^2, ewstd=3.6503851452824931e-04 E_h, pmove=0.51594238
I0514 23:48:37.824082 123403432212288 train.py:1104] Step 00521000: energy=-2.9040504031490570 E_h, variance=4.0574773888008139e-04 E_h^2, std=2.0143180952373968e-02 E_h, ewmean=-2.9038453515816749 E_h, ewvar=2.8744341333534525e-08 E_h^2, ewstd=1.6954156225992058e-04 E_h, pmove=0.52065430
I0514 23:55:36.479922 123403432212288 train.py:1104] Step 00522000: energy=-2.9049260817222144 E_h, variance=2.4020073752504065e-03 E_h^2, std=4.9010278261303580e-02 E_h, ewmean=-2.9038433275620212 E_h, ewvar=1.8117173258868455e-07 E_h^2, ewstd=4.2564272880983713e-04 E_h, pmove=0.52136230
I0515 00:02:35.163580 123403432212288 train.py:1104] Step 00523000: energy=-2.9036066655424753 E_h, variance=3.5555983507452166e-04 E_h^2, std=1.8856294309182852e-02 E_h, ewmean=-2.9036613873758492 E_h, ewvar=4.7458055791913835e-08 E_h^2, ewstd=2.1784869931196246e-04 E_h, pmove=0.51503906
I0515 00:09:33.889527 123403432212288 train.py:1104] Step 00524000: energy=-2.9037056622506272 E_h, variance=6.2293080963160229e-05 E_h^2, std=7.8925965919436313e-03 E_h, ewmean=-2.9037860443455692 E_h, ewvar=8.7093940357490672e-08 E_h^2, ewstd=2.9511682493123069e-04 E_h, pmove=0.52202148
I0515 00:16:32.548009 123403432212288 train.py:1104] Step 00525000: energy=-2.9034940718559428 E_h, variance=1.6293012104138236e-04 E_h^2, std=1.2764408370205897e-02 E_h, ewmean=-2.9036585347482844 E_h, ewvar=7.5378037995901479e-08 E_h^2, ewstd=2.7455061099167395e-04 E_h, pmove=0.51896973
I0515 00:23:31.197069 123403432212288 train.py:1104] Step 00526000: energy=-2.9038845105728779 E_h, variance=8.3546587130085221e-05 E_h^2, std=9.1403822201309073e-03 E_h, ewmean=-2.9037427499722019 E_h, ewvar=7.7820499544607127e-08 E_h^2, ewstd=2.7896325841337443e-04 E_h, pmove=0.51921387
I0515 00:30:29.976186 123403432212288 train.py:1104] Step 00527000: energy=-2.9036791078415622 E_h, variance=3.8878575447937703e-05 E_h^2, std=6.2352686748798330e-03 E_h, ewmean=-2.9037529466417653 E_h, ewvar=8.4592595237543662e-08 E_h^2, ewstd=2.9084806211756621e-04 E_h, pmove=0.52082520
I0515 00:37:28.762209 123403432212288 train.py:1104] Step 00528000: energy=-2.9035537826143099 E_h, variance=1.1239907923860813e-04 E_h^2, std=1.0601843200057626e-02 E_h, ewmean=-2.9037494095998690 E_h, ewvar=4.6755034628632783e-08 E_h^2, ewstd=2.1622912530145605e-04 E_h, pmove=0.51740723
I0515 00:44:27.477800 123403432212288 train.py:1104] Step 00529000: energy=-2.9039111533801383 E_h, variance=1.4177835202318484e-04 E_h^2, std=1.1907071513314466e-02 E_h, ewmean=-2.9037989347870945 E_h, ewvar=4.5544337104687091e-08 E_h^2, ewstd=2.1341119254783027e-04 E_h, pmove=0.51721191
I0515 00:51:25.773432 123403432212288 train.py:1049] Timing step 00530000: block_iters=10000, block_time=4187.170089 s, sec/iter=0.4187170089, iter/s=2.388248, elapsed=221930.357277 s
I0515 00:51:26.194382 123403432212288 train.py:1104] Step 00530000: energy=-2.9032495490642796 E_h, variance=1.6473680406592204e-04 E_h^2, std=1.2834983602090112e-02 E_h, ewmean=-2.9035783070372956 E_h, ewvar=4.9074512399686715e-08 E_h^2, ewstd=2.2152767863110632e-04 E_h, pmove=0.51894531
I0515 00:52:46.576478 123403432212288 checkpoint.py:124] Saving checkpoint /home/sjtu/PyQMC/Ferminet/checkpoints_ferminet_x64_atoms/He_singlet/qmcjax_ckpt_530192.npz
I0515 00:58:24.949071 123403432212288 train.py:1104] Step 00531000: energy=-2.9035772958705959 E_h, variance=2.7992402841841495e-04 E_h^2, std=1.6730930291481552e-02 E_h, ewmean=-2.9038029073948088 E_h, ewvar=4.9552971724942036e-08 E_h^2, ewstd=2.2260496788019363e-04 E_h, pmove=0.51752930
I0515 01:05:23.605675 123403432212288 train.py:1104] Step 00532000: energy=-2.9037443143228048 E_h, variance=1.4898980911290209e-04 E_h^2, std=1.2206138173595369e-02 E_h, ewmean=-2.9037763614333061 E_h, ewvar=1.3667945091609426e-07 E_h^2, ewstd=3.6970184056357399e-04 E_h, pmove=0.51530762
I0515 01:12:22.226053 123403432212288 train.py:1104] Step 00533000: energy=-2.9049058514948110 E_h, variance=5.3365981081746018e-03 E_h^2, std=7.3052023299663663e-02 E_h, ewmean=-2.9038341578103433 E_h, ewvar=1.9274917858331034e-07 E_h^2, ewstd=4.3903209288537247e-04 E_h, pmove=0.52246094
I0515 01:19:20.939311 123403432212288 train.py:1104] Step 00534000: energy=-2.9036676764246221 E_h, variance=2.5182149150064079e-05 E_h^2, std=5.0181818570139598e-03 E_h, ewmean=-2.9037423340358854 E_h, ewvar=8.0263729470025391e-08 E_h^2, ewstd=2.8330854111732208e-04 E_h, pmove=0.51784668
I0515 01:26:19.675751 123403432212288 train.py:1104] Step 00535000: energy=-2.9027986984763574 E_h, variance=1.0047617904036766e-03 E_h^2, std=3.1697977702113377e-02 E_h, ewmean=-2.9036321877175375 E_h, ewvar=1.1985319099274015e-07 E_h^2, ewstd=3.4619819611422033e-04 E_h, pmove=0.51904297
I0515 01:33:18.327773 123403432212288 train.py:1104] Step 00536000: energy=-2.9037569273376871 E_h, variance=9.1176787017513181e-05 E_h^2, std=9.5486536756504668e-03 E_h, ewmean=-2.9036566687951408 E_h, ewvar=4.7021013810090097e-08 E_h^2, ewstd=2.1684329320984335e-04 E_h, pmove=0.51923828
I0515 01:40:17.021823 123403432212288 train.py:1104] Step 00537000: energy=-2.9035586754538771 E_h, variance=2.4843039070478141e-04 E_h^2, std=1.5761674743020850e-02 E_h, ewmean=-2.9036135042548064 E_h, ewvar=2.5022201756510993e-07 E_h^2, ewstd=5.0022196829518581e-04 E_h, pmove=0.51604004
I0515 01:47:15.720432 123403432212288 train.py:1104] Step 00538000: energy=-2.9037178155372225 E_h, variance=9.9965430258496782e-05 E_h^2, std=9.9982713635156338e-03 E_h, ewmean=-2.9036886410297544 E_h, ewvar=9.2372999573286880e-08 E_h^2, ewstd=3.0392926738517117e-04 E_h, pmove=0.51838379
I0515 01:54:14.521565 123403432212288 train.py:1104] Step 00539000: energy=-2.9044144933915907 E_h, variance=3.0122800151814854e-03 E_h^2, std=5.4884241956881262e-02 E_h, ewmean=-2.9038226028230527 E_h, ewvar=9.1404001426570378e-08 E_h^2, ewstd=3.0233094685554499e-04 E_h, pmove=0.51997070
I0515 02:01:12.765572 123403432212288 train.py:1049] Timing step 00540000: block_iters=10000, block_time=4186.992146 s, sec/iter=0.4186992146, iter/s=2.388349, elapsed=226117.349424 s
I0515 02:01:13.186194 123403432212288 train.py:1104] Step 00540000: energy=-2.9038241747752709 E_h, variance=1.0913386092282945e-04 E_h^2, std=1.0446715317401420e-02 E_h, ewmean=-2.9037742593733089 E_h, ewvar=6.3071880631356547e-08 E_h^2, ewstd=2.5114115678509676e-04 E_h, pmove=0.51496582
I0515 02:08:11.844274 123403432212288 train.py:1104] Step 00541000: energy=-2.9036829494883181 E_h, variance=1.9047056228707328e-04 E_h^2, std=1.3801107284818610e-02 E_h, ewmean=-2.9037832960695731 E_h, ewvar=3.7561345396163697e-08 E_h^2, ewstd=1.9380749571717729e-04 E_h, pmove=0.52067871
I0515 02:15:10.597394 123403432212288 train.py:1104] Step 00542000: energy=-2.9042984617832324 E_h, variance=1.5039065999979831e-03 E_h^2, std=3.8780234656303758e-02 E_h, ewmean=-2.9038354798237096 E_h, ewvar=7.1172594774409435e-08 E_h^2, ewstd=2.6678192362753785e-04 E_h, pmove=0.52121582
I0515 02:22:09.388433 123403432212288 train.py:1104] Step 00543000: energy=-2.9037432225801010 E_h, variance=9.7339157578601830e-05 E_h^2, std=9.8660608947341195e-03 E_h, ewmean=-2.9037263369315394 E_h, ewvar=7.9735133600485822e-08 E_h^2, ewstd=2.8237410221280176e-04 E_h, pmove=0.51994629
I0515 02:29:08.142174 123403432212288 train.py:1104] Step 00544000: energy=-2.9037695072822758 E_h, variance=9.6733473667095777e-05 E_h^2, std=9.8353176698618011e-03 E_h, ewmean=-2.9037368595651807 E_h, ewvar=4.2702992386033068e-08 E_h^2, ewstd=2.0664702365636207e-04 E_h, pmove=0.52138672
I0515 02:32:46.719216 123403432212288 checkpoint.py:124] Saving checkpoint /home/sjtu/PyQMC/Ferminet/checkpoints_ferminet_x64_atoms/He_singlet/qmcjax_ckpt_544522.npz
I0515 02:36:06.987637 123403432212288 train.py:1104] Step 00545000: energy=-2.9036753840192375 E_h, variance=1.0147881708965424e-04 E_h^2, std=1.0073669494759805e-02 E_h, ewmean=-2.9037186854421013 E_h, ewvar=2.6784966214309494e-08 E_h^2, ewstd=1.6366113226514564e-04 E_h, pmove=0.51721191
I0515 02:43:05.732662 123403432212288 train.py:1104] Step 00546000: energy=-2.9037534487635108 E_h, variance=8.8435137686321792e-05 E_h^2, std=9.4039958361497485e-03 E_h, ewmean=-2.9037770169643284 E_h, ewvar=3.2013949523740434e-08 E_h^2, ewstd=1.7892442405591371e-04 E_h, pmove=0.52153320
I0515 02:50:04.408367 123403432212288 train.py:1104] Step 00547000: energy=-2.9036647172177750 E_h, variance=1.0961120548933973e-04 E_h^2, std=1.0469537023638616e-02 E_h, ewmean=-2.9036762789074122 E_h, ewvar=1.0678874462682132e-07 E_h^2, ewstd=3.2678547187232990e-04 E_h, pmove=0.51838379
I0515 02:57:03.078654 123403432212288 train.py:1104] Step 00548000: energy=-2.9038392884733915 E_h, variance=7.1589069505950198e-05 E_h^2, std=8.4610324137158466e-03 E_h, ewmean=-2.9036236363671648 E_h, ewvar=1.0210200734044498e-07 E_h^2, ewstd=3.1953404723197339e-04 E_h, pmove=0.52014160
I0515 03:04:01.758402 123403432212288 train.py:1104] Step 00549000: energy=-2.9040271691072830 E_h, variance=1.1033708956002041e-04 E_h^2, std=1.0504146303247133e-02 E_h, ewmean=-2.9036135446714928 E_h, ewvar=1.1763522995483677e-07 E_h^2, ewstd=3.4297992646048074e-04 E_h, pmove=0.51721191
I0515 03:11:00.074151 123403432212288 train.py:1049] Timing step 00550000: block_iters=10000, block_time=4187.308591 s, sec/iter=0.4187308591, iter/s=2.388169, elapsed=230304.658015 s
I0515 03:11:00.494776 123403432212288 train.py:1104] Step 00550000: energy=-2.9037637022191820 E_h, variance=8.9195933455401893e-04 E_h^2, std=2.9865688248456940e-02 E_h, ewmean=-2.9037271467298775 E_h, ewvar=9.4924787651525031e-08 E_h^2, ewstd=3.0809866544911392e-04 E_h, pmove=0.51455078
I0515 03:17:59.307073 123403432212288 train.py:1104] Step 00551000: energy=-2.9033751447379146 E_h, variance=6.6491191499702757e-05 E_h^2, std=8.1542131134587567e-03 E_h, ewmean=-2.9036003409162419 E_h, ewvar=6.4906334373107286e-08 E_h^2, ewstd=2.5476721604850828e-04 E_h, pmove=0.52021484
I0515 03:24:58.037145 123403432212288 train.py:1104] Step 00552000: energy=-2.9037714053311845 E_h, variance=1.8528434144454849e-04 E_h^2, std=1.3611919094842891e-02 E_h, ewmean=-2.9036655069286286 E_h, ewvar=5.5116496911594581e-08 E_h^2, ewstd=2.3476902885941872e-04 E_h, pmove=0.52036133
I0515 03:31:56.648090 123403432212288 train.py:1104] Step 00553000: energy=-2.9037667454378955 E_h, variance=8.6881612787732324e-05 E_h^2, std=9.3210306719660740e-03 E_h, ewmean=-2.9037267645037290 E_h, ewvar=3.5820451817981425e-08 E_h^2, ewstd=1.8926291717603167e-04 E_h, pmove=0.51604004
I0515 03:38:55.264495 123403432212288 train.py:1104] Step 00554000: energy=-2.9049544515016437 E_h, variance=7.8002478221503415e-03 E_h^2, std=8.8319011668781380e-02 E_h, ewmean=-2.9038779066453686 E_h, ewvar=2.1031356691195985e-07 E_h^2, ewstd=4.5859957142583532e-04 E_h, pmove=0.51945801
I0515 03:45:53.961351 123403432212288 train.py:1104] Step 00555000: energy=-2.9039632207212724 E_h, variance=5.2754485635831154e-04 E_h^2, std=2.2968344658645112e-02 E_h, ewmean=-2.9038483321659561 E_h, ewvar=7.5148044358823664e-08 E_h^2, ewstd=2.7413143628344356e-04 E_h, pmove=0.51975098
I0515 03:52:52.667718 123403432212288 train.py:1104] Step 00556000: energy=-2.9036755995692936 E_h, variance=4.2927586551238675e-05 E_h^2, std=6.5519147240511817e-03 E_h, ewmean=-2.9036979215405814 E_h, ewvar=1.1652695701926353e-07 E_h^2, ewstd=3.4136045028571125e-04 E_h, pmove=0.51708984
I0515 03:59:51.421122 123403432212288 train.py:1104] Step 00557000: energy=-2.9037200681856858 E_h, variance=5.2317270248521817e-05 E_h^2, std=7.2330678310466448e-03 E_h, ewmean=-2.9036522015774255 E_h, ewvar=4.4878227845419260e-07 E_h^2, ewstd=6.6991214233971948e-04 E_h, pmove=0.51718750
I0515 04:06:50.009410 123403432212288 train.py:1104] Step 00558000: energy=-2.9039498297585067 E_h, variance=1.3680838106624630e-04 E_h^2, std=1.1696511491305701e-02 E_h, ewmean=-2.9036194632257497 E_h, ewvar=1.3389874482863957e-07 E_h^2, ewstd=3.6592177419311848e-04 E_h, pmove=0.51791992
I0515 04:12:47.092680 123403432212288 checkpoint.py:124] Saving checkpoint /home/sjtu/PyQMC/Ferminet/checkpoints_ferminet_x64_atoms/He_singlet/qmcjax_ckpt_558853.npz
I0515 04:13:48.716509 123403432212288 train.py:1104] Step 00559000: energy=-2.9035603975726207 E_h, variance=1.0478206853939757e-04 E_h^2, std=1.0236311276011373e-02 E_h, ewmean=-2.9036777149894299 E_h, ewvar=3.8197530201802282e-08 E_h^2, ewstd=1.9544188446134642e-04 E_h, pmove=0.51218262
I0515 04:20:46.927659 123403432212288 train.py:1049] Timing step 00560000: block_iters=10000, block_time=4186.853481 s, sec/iter=0.4186853481, iter/s=2.388428, elapsed=234491.511495 s
I0515 04:20:47.348255 123403432212288 train.py:1104] Step 00560000: energy=-2.9034339177339143 E_h, variance=1.5266666640878913e-04 E_h^2, std=1.2355835318131636e-02 E_h, ewmean=-2.9035718102145296 E_h, ewvar=1.1313728279869286e-07 E_h^2, ewstd=3.3635886014596501e-04 E_h, pmove=0.51555176
I0515 04:27:45.965598 123403432212288 train.py:1104] Step 00561000: energy=-2.9036562043316483 E_h, variance=5.2728494119511082e-05 E_h^2, std=7.2614388463658553e-03 E_h, ewmean=-2.9037826998588230 E_h, ewvar=1.2765722376461350e-07 E_h^2, ewstd=3.5729151090477018e-04 E_h, pmove=0.52329102
I0515 04:34:44.579583 123403432212288 train.py:1104] Step 00562000: energy=-2.9037700826670463 E_h, variance=7.7804277711311591e-05 E_h^2, std=8.8206733139433065e-03 E_h, ewmean=-2.9036096396300937 E_h, ewvar=6.5155867628941867e-08 E_h^2, ewstd=2.5525647421552675e-04 E_h, pmove=0.52209473
I0515 04:41:43.185749 123403432212288 train.py:1104] Step 00563000: energy=-2.9037125078480104 E_h, variance=7.4385821585878052e-05 E_h^2, std=8.6247215367151447e-03 E_h, ewmean=-2.9038071854095131 E_h, ewvar=3.6111601789730349e-08 E_h^2, ewstd=1.9003052857299101e-04 E_h, pmove=0.51928711
I0515 04:48:41.808160 123403432212288 train.py:1104] Step 00564000: energy=-2.9036705745130096 E_h, variance=4.2319344694639618e-05 E_h^2, std=6.5053320203229915e-03 E_h, ewmean=-2.9037011590489921 E_h, ewvar=2.0196057816870196e-07 E_h^2, ewstd=4.4940024273324770e-04 E_h, pmove=0.51601562
I0515 04:55:40.442913 123403432212288 train.py:1104] Step 00565000: energy=-2.9034327901035075 E_h, variance=5.0594367115646766e-04 E_h^2, std=2.2493191662289008e-02 E_h, ewmean=-2.9034375625673179 E_h, ewvar=2.4992484661868092e-07 E_h^2, ewstd=4.9992484096980107e-04 E_h, pmove=0.51926270
I0515 05:02:39.089260 123403432212288 train.py:1104] Step 00566000: energy=-2.9039195231837533 E_h, variance=3.0839205942798228e-04 E_h^2, std=1.7561095052074125e-02 E_h, ewmean=-2.9037191929629476 E_h, ewvar=8.8501830704874481e-08 E_h^2, ewstd=2.9749257252051603e-04 E_h, pmove=0.51950684
I0515 05:09:37.718516 123403432212288 train.py:1104] Step 00567000: energy=-2.9039798289937142 E_h, variance=7.2511447394714670e-05 E_h^2, std=8.5153653705941860e-03 E_h, ewmean=-2.9036958838360967 E_h, ewvar=6.2146803796257128e-08 E_h^2, ewstd=2.4929260678218502e-04 E_h, pmove=0.51716309
I0515 05:16:36.324802 123403432212288 train.py:1104] Step 00568000: energy=-2.9040310621588104 E_h, variance=8.3899225798034002e-05 E_h^2, std=9.1596520566031327e-03 E_h, ewmean=-2.9036966542936544 E_h, ewvar=5.5305104329678079e-08 E_h^2, ewstd=2.3517037298451964e-04 E_h, pmove=0.51628418
I0515 05:23:34.948450 123403432212288 train.py:1104] Step 00569000: energy=-2.9038920980682605 E_h, variance=2.5560554203356745e-04 E_h^2, std=1.5987668436440863e-02 E_h, ewmean=-2.9037521502476329 E_h, ewvar=4.7409111057487329e-08 E_h^2, ewstd=2.1773633380188832e-04 E_h, pmove=0.51401367
I0515 05:30:33.145182 123403432212288 train.py:1049] Timing step 00570000: block_iters=10000, block_time=4186.217497 s, sec/iter=0.4186217497, iter/s=2.388791, elapsed=238677.728993 s
I0515 05:30:33.565836 123403432212288 train.py:1104] Step 00570000: energy=-2.9038463379972859 E_h, variance=1.1767426873695998e-04 E_h^2, std=1.0847777133448123e-02 E_h, ewmean=-2.9038714480608792 E_h, ewvar=1.1951304905918099e-07 E_h^2, ewstd=3.4570659389022507e-04 E_h, pmove=0.51743164
I0515 05:37:32.243922 123403432212288 train.py:1104] Step 00571000: energy=-2.9034731928798712 E_h, variance=5.9264430256194926e-04 E_h^2, std=2.4344286856713408e-02 E_h, ewmean=-2.9037333845802484 E_h, ewvar=8.1643770116630970e-08 E_h^2, ewstd=2.8573373989893280e-04 E_h, pmove=0.52138672
I0515 05:44:30.867280 123403432212288 train.py:1104] Step 00572000: energy=-2.9035375931782808 E_h, variance=3.4160045249131751e-05 E_h^2, std=5.8446595494632322e-03 E_h, ewmean=-2.9036968156917631 E_h, ewvar=7.3232373418010859e-08 E_h^2, ewstd=2.7061480635399618e-04 E_h, pmove=0.51860352
I0515 05:51:29.510632 123403432212288 train.py:1104] Step 00573000: energy=-2.9037211208106242 E_h, variance=1.4593297992484931e-04 E_h^2, std=1.2080272344812815e-02 E_h, ewmean=-2.9037830927563077 E_h, ewvar=5.3643382443236554e-08 E_h^2, ewstd=2.3161041091288742e-04 E_h, pmove=0.51877441
I0515 05:52:47.378279 123403432212288 checkpoint.py:124] Saving checkpoint /home/sjtu/PyQMC/Ferminet/checkpoints_ferminet_x64_atoms/He_singlet/qmcjax_ckpt_573186.npz
I0515 05:58:28.228165 123403432212288 train.py:1104] Step 00574000: energy=-2.9039278764770882 E_h, variance=5.5247752266319701e-04 E_h^2, std=2.3504840409226287e-02 E_h, ewmean=-2.9037827456856493 E_h, ewvar=3.8790862133929655e-08 E_h^2, ewstd=1.9695395942689159e-04 E_h, pmove=0.51962891
I0515 06:05:26.867638 123403432212288 train.py:1104] Step 00575000: energy=-2.9038498662325605 E_h, variance=2.7668317130010161e-04 E_h^2, std=1.6633796058029015e-02 E_h, ewmean=-2.9037097089211015 E_h, ewvar=5.7650729398419437e-08 E_h^2, ewstd=2.4010566298698463e-04 E_h, pmove=0.52165527
I0515 06:12:25.560817 123403432212288 train.py:1104] Step 00576000: energy=-2.9032308802089264 E_h, variance=7.8884869771073064e-04 E_h^2, std=2.8086450429179025e-02 E_h, ewmean=-2.9036571518387624 E_h, ewvar=1.0577037289722100e-07 E_h^2, ewstd=3.2522357371079515e-04 E_h, pmove=0.51579590
I0515 06:19:24.206233 123403432212288 train.py:1104] Step 00577000: energy=-2.9037429830572412 E_h, variance=1.6343043183258949e-04 E_h^2, std=1.2783991232498147e-02 E_h, ewmean=-2.9036945306899500 E_h, ewvar=5.8306415976604625e-08 E_h^2, ewstd=2.4146721511750748e-04 E_h, pmove=0.52141113
I0515 06:26:22.881622 123403432212288 train.py:1104] Step 00578000: energy=-2.9039830635125479 E_h, variance=2.9030531511683820e-04 E_h^2, std=1.7038348368220383e-02 E_h, ewmean=-2.9036921282035131 E_h, ewvar=1.1497940309944664e-07 E_h^2, ewstd=3.3908612932328363e-04 E_h, pmove=0.52026367
I0515 06:33:21.561769 123403432212288 train.py:1104] Step 00579000: energy=-2.9038204268814596 E_h, variance=2.1058285075025964e-04 E_h^2, std=1.4511473073063936e-02 E_h, ewmean=-2.9039334277478517 E_h, ewvar=1.8537477852754675e-07 E_h^2, ewstd=4.3055171411521140e-04 E_h, pmove=0.51447754
I0515 06:40:19.805563 123403432212288 train.py:1049] Timing step 00580000: block_iters=10000, block_time=4186.660422 s, sec/iter=0.4186660422, iter/s=2.388539, elapsed=242864.389414 s
I0515 06:40:20.226275 123403432212288 train.py:1104] Step 00580000: energy=-2.9038231113788280 E_h, variance=9.4341323555817091e-05 E_h^2, std=9.7129461831010414e-03 E_h, ewmean=-2.9037339145224879 E_h, ewvar=3.3287067662262024e-08 E_h^2, ewstd=1.8244743808084021e-04 E_h, pmove=0.51667480
I0515 06:47:18.899060 123403432212288 train.py:1104] Step 00581000: energy=-2.9032882256287218 E_h, variance=3.1236435921961807e-03 E_h^2, std=5.5889566040506884e-02 E_h, ewmean=-2.9036234058221084 E_h, ewvar=7.8128523394574246e-08 E_h^2, ewstd=2.7951479995623533e-04 E_h, pmove=0.51989746
I0515 06:54:17.559423 123403432212288 train.py:1104] Step 00582000: energy=-2.9031288766617700 E_h, variance=1.7064273361939279e-03 E_h^2, std=4.1308925623815586e-02 E_h, ewmean=-2.9036072255154344 E_h, ewvar=8.3541540741874767e-08 E_h^2, ewstd=2.8903553543098252e-04 E_h, pmove=0.51638184
I0515 07:01:16.208137 123403432212288 train.py:1104] Step 00583000: energy=-2.9038414859706121 E_h, variance=9.9420547154415316e-05 E_h^2, std=9.9709852649783465e-03 E_h, ewmean=-2.9037834102692455 E_h, ewvar=7.2324398030053279e-08 E_h^2, ewstd=2.6893195799319441e-04 E_h, pmove=0.51921387
I0515 07:08:14.883031 123403432212288 train.py:1104] Step 00584000: energy=-2.9040759920782371 E_h, variance=2.2732508373620396e-04 E_h^2, std=1.5077303596339896e-02 E_h, ewmean=-2.9037271636868902 E_h, ewvar=1.3780868345186918e-07 E_h^2, ewstd=3.7122591969294006e-04 E_h, pmove=0.52192383
I0515 07:15:13.541916 123403432212288 train.py:1104] Step 00585000: energy=-2.9033806848864474 E_h, variance=9.0762338260347449e-04 E_h^2, std=3.0126788454853174e-02 E_h, ewmean=-2.9037566446476495 E_h, ewvar=5.7941603992434742e-08 E_h^2, ewstd=2.4071062293225603e-04 E_h, pmove=0.51855469
I0515 07:22:12.160914 123403432212288 train.py:1104] Step 00586000: energy=-2.9036240780591296 E_h, variance=5.9675228106607754e-05 E_h^2, std=7.7249743110645846e-03 E_h, ewmean=-2.9035615710381348 E_h, ewvar=1.5885135423632776e-07 E_h^2, ewstd=3.9856160657585641e-04 E_h, pmove=0.51767578
I0515 07:29:10.795027 123403432212288 train.py:1104] Step 00587000: energy=-2.9041613332042395 E_h, variance=2.1898168057670327e-04 E_h^2, std=1.4798029618050617e-02 E_h, ewmean=-2.9037515730709043 E_h, ewvar=5.7776323007336173e-08 E_h^2, ewstd=2.4036705890644869e-04 E_h, pmove=0.52192383
I0515 07:32:47.660267 123403432212288 checkpoint.py:124] Saving checkpoint /home/sjtu/PyQMC/Ferminet/checkpoints_ferminet_x64_atoms/He_singlet/qmcjax_ckpt_587518.npz
I0515 07:36:09.588103 123403432212288 train.py:1104] Step 00588000: energy=-2.9035770625083304 E_h, variance=1.7851350721814161e-04 E_h^2, std=1.3360894701259403e-02 E_h, ewmean=-2.9038641322921492 E_h, ewvar=1.6427535328844256e-07 E_h^2, ewstd=4.0530896028639999e-04 E_h, pmove=0.52077637
I0515 07:43:08.273210 123403432212288 train.py:1104] Step 00589000: energy=-2.9039272026947174 E_h, variance=2.0147233937843823e-04 E_h^2, std=1.4194095229300043e-02 E_h, ewmean=-2.9038681081891586 E_h, ewvar=2.8493210841544586e-07 E_h^2, ewstd=5.3379032251947567e-04 E_h, pmove=0.52121582
I0515 07:50:06.561105 123403432212288 train.py:1049] Timing step 00590000: block_iters=10000, block_time=4186.755502 s, sec/iter=0.4186755502, iter/s=2.388484, elapsed=247051.144916 s
I0515 07:50:06.982063 123403432212288 train.py:1104] Step 00590000: energy=-2.9044957884805758 E_h, variance=1.9221591789810629e-03 E_h^2, std=4.3842435823994351e-02 E_h, ewmean=-2.9038126996950999 E_h, ewvar=1.9494883309441824e-07 E_h^2, ewstd=4.4153010440333313e-04 E_h, pmove=0.51823730
I0515 07:57:05.713839 123403432212288 train.py:1104] Step 00591000: energy=-2.9031887856424854 E_h, variance=3.8301437662371810e-04 E_h^2, std=1.9570753092911834e-02 E_h, ewmean=-2.9035890043364057 E_h, ewvar=1.2753195413190164e-07 E_h^2, ewstd=3.5711616335850949e-04 E_h, pmove=0.51926270
I0515 08:04:04.525428 123403432212288 train.py:1104] Step 00592000: energy=-2.9043068084924943 E_h, variance=1.0226197976895548e-03 E_h^2, std=3.1978427067158179e-02 E_h, ewmean=-2.9037577630356779 E_h, ewvar=6.4720153142931727e-08 E_h^2, ewstd=2.5440155884532572e-04 E_h, pmove=0.51823730
I0515 08:11:03.163404 123403432212288 train.py:1104] Step 00593000: energy=-2.9035816253592723 E_h, variance=1.2828061219512086e-04 E_h^2, std=1.1326103133696110e-02 E_h, ewmean=-2.9036467178621845 E_h, ewvar=3.9048971297393713e-08 E_h^2, ewstd=1.9760812558544680e-04 E_h, pmove=0.52294922
I0515 08:18:01.798946 123403432212288 train.py:1104] Step 00594000: energy=-2.9037404712303347 E_h, variance=3.5498376128970151e-05 E_h^2, std=5.9580513701184340e-03 E_h, ewmean=-2.9037165536750242 E_h, ewvar=4.7182059825172709e-08 E_h^2, ewstd=2.1721431772600238e-04 E_h, pmove=0.51806641
I0515 08:25:00.458584 123403432212288 train.py:1104] Step 00595000: energy=-2.9035232944923868 E_h, variance=4.6933181407061693e-04 E_h^2, std=2.1664067348275508e-02 E_h, ewmean=-2.9036939107458224 E_h, ewvar=6.3064556688896297e-08 E_h^2, ewstd=2.5112657503517286e-04 E_h, pmove=0.52514648
I0515 08:31:59.158626 123403432212288 train.py:1104] Step 00596000: energy=-2.9035184525714213 E_h, variance=7.5876068680890893e-05 E_h^2, std=8.7106870383966209e-03 E_h, ewmean=-2.9036773975036234 E_h, ewvar=6.0068963245871898e-08 E_h^2, ewstd=2.4508970448770774e-04 E_h, pmove=0.51955566
I0515 08:38:57.841231 123403432212288 train.py:1104] Step 00597000: energy=-2.9036737550069107 E_h, variance=1.4142581232650831e-04 E_h^2, std=1.1892258504023040e-02 E_h, ewmean=-2.9037312559143666 E_h, ewvar=1.0554273020305535e-07 E_h^2, ewstd=3.2487340642634222e-04 E_h, pmove=0.51904297
I0515 08:45:56.522482 123403432212288 train.py:1104] Step 00598000: energy=-2.9033706330754510 E_h, variance=1.3410427657321107e-04 E_h^2, std=1.1580340088840702e-02 E_h, ewmean=-2.9036492367513831 E_h, ewvar=1.0370567660874544e-07 E_h^2, ewstd=3.2203365757129402e-04 E_h, pmove=0.51811523
I0515 08:52:55.216860 123403432212288 train.py:1104] Step 00599000: energy=-2.9039204966758514 E_h, variance=1.8769650315292693e-04 E_h^2, std=1.3700237339291861e-02 E_h, ewmean=-2.9038323315577861 E_h, ewvar=3.5719992931109036e-08 E_h^2, ewstd=1.8899733577780676e-04 E_h, pmove=0.51838379
I0515 08:59:53.493691 123403432212288 train.py:1049] Timing step 00600000: block_iters=10000, block_time=4186.932590 s, sec/iter=0.4186932590, iter/s=2.388383, elapsed=251238.077507 s
I0515 08:59:53.914580 123403432212288 train.py:1104] Step 00600000: energy=-2.9038620150078325 E_h, variance=1.9439336714198479e-04 E_h^2, std=1.3942502183682268e-02 E_h, ewmean=-2.9037688130203314 E_h, ewvar=6.3688483262656658e-08 E_h^2, ewstd=2.5236577276377371e-04 E_h, pmove=0.52116699
I0515 09:06:52.558631 123403432212288 train.py:1104] Step 00601000: energy=-2.9037820996838852 E_h, variance=3.2980422963636174e-04 E_h^2, std=1.8160512923272892e-02 E_h, ewmean=-2.9038073310883767 E_h, ewvar=5.3834188586278954e-08 E_h^2, ewstd=2.3202195712104264e-04 E_h, pmove=0.51943359
I0515 09:12:48.024145 123403432212288 checkpoint.py:124] Saving checkpoint /home/sjtu/PyQMC/Ferminet/checkpoints_ferminet_x64_atoms/He_singlet/qmcjax_ckpt_601849.npz
I0515 09:13:51.342990 123403432212288 train.py:1104] Step 00602000: energy=-2.9036018711071696 E_h, variance=8.4862282816081794e-05 E_h^2, std=9.2120726666739764e-03 E_h, ewmean=-2.9037046767488106 E_h, ewvar=1.2716137558621789e-07 E_h^2, ewstd=3.5659693715204269e-04 E_h, pmove=0.52065430
I0515 09:20:50.042759 123403432212288 train.py:1104] Step 00603000: energy=-2.9039432096696025 E_h, variance=1.0876880124107926e-04 E_h^2, std=1.0429228218860649e-02 E_h, ewmean=-2.9037309238975375 E_h, ewvar=6.4760751705519328e-08 E_h^2, ewstd=2.5448133861939531e-04 E_h, pmove=0.51982422
I0515 09:27:48.727042 123403432212288 train.py:1104] Step 00604000: energy=-2.9037069104082525 E_h, variance=5.4398889081299728e-05 E_h^2, std=7.3755602554178706e-03 E_h, ewmean=-2.9038816768921962 E_h, ewvar=5.3885029422087226e-08 E_h^2, ewstd=2.3213149166385682e-04 E_h, pmove=0.52041016
I0515 09:34:47.386790 123403432212288 train.py:1104] Step 00605000: energy=-2.9038063806868433 E_h, variance=6.5673135879341300e-05 E_h^2, std=8.1038963393753570e-03 E_h, ewmean=-2.9037668455564747 E_h, ewvar=2.6755610163926868e-08 E_h^2, ewstd=1.6357142221038145e-04 E_h, pmove=0.52124023
I0515 09:41:46.000613 123403432212288 train.py:1104] Step 00606000: energy=-2.9038271904988395 E_h, variance=8.3639512748710310e-04 E_h^2, std=2.8920496667365569e-02 E_h, ewmean=-2.9036895664688411 E_h, ewvar=1.1615127612697469e-07 E_h^2, ewstd=3.4080973596271381e-04 E_h, pmove=0.52138672
I0515 09:48:44.746715 123403432212288 train.py:1104] Step 00607000: energy=-2.9036897392504692 E_h, variance=8.1228577965391071e-05 E_h^2, std=9.0126898296452578e-03 E_h, ewmean=-2.9037753575177057 E_h, ewvar=3.5465824767791604e-08 E_h^2, ewstd=1.8832372332712520e-04 E_h, pmove=0.51594238
I0515 09:55:43.431074 123403432212288 train.py:1104] Step 00608000: energy=-2.9038696966379272 E_h, variance=8.8263877234809958e-05 E_h^2, std=9.3948856956755974e-03 E_h, ewmean=-2.9037695859620141 E_h, ewvar=5.3783602670849418e-08 E_h^2, ewstd=2.3191292044827822e-04 E_h, pmove=0.52099609
I0515 10:02:42.160438 123403432212288 train.py:1104] Step 00609000: energy=-2.9038340789364701 E_h, variance=2.0200808301763077e-04 E_h^2, std=1.4212954760275245e-02 E_h, ewmean=-2.9037438593581668 E_h, ewvar=6.4694423976111646e-08 E_h^2, ewstd=2.5435098579740484e-04 E_h, pmove=0.52060547
I0515 10:09:40.480407 123403432212288 train.py:1049] Timing step 00610000: block_iters=10000, block_time=4186.986752 s, sec/iter=0.4186986752, iter/s=2.388352, elapsed=255425.064259 s
I0515 10:09:40.901126 123403432212288 train.py:1104] Step 00610000: energy=-2.9040992866175990 E_h, variance=6.2793237857587643e-03 E_h^2, std=7.9242184382806891e-02 E_h, ewmean=-2.9039377596588074 E_h, ewvar=3.7919330436308789e-07 E_h^2, ewstd=6.1578673610519405e-04 E_h, pmove=0.52131348
I0515 10:16:39.611346 123403432212288 train.py:1104] Step 00611000: energy=-2.9037311812057007 E_h, variance=1.0118790713784086e-03 E_h^2, std=3.1810046705064876e-02 E_h, ewmean=-2.9038349330244446 E_h, ewvar=5.5892484282962226e-08 E_h^2, ewstd=2.3641591376843106e-04 E_h, pmove=0.51723633
I0515 10:23:38.321885 123403432212288 train.py:1104] Step 00612000: energy=-2.9041491240432658 E_h, variance=5.9831431978184799e-04 E_h^2, std=2.4460464422856897e-02 E_h, ewmean=-2.9038759588997127 E_h, ewvar=2.0691134237736413e-07 E_h^2, ewstd=4.5487508436642702e-04 E_h, pmove=0.51933594
I0515 10:30:37.045741 123403432212288 train.py:1104] Step 00613000: energy=-2.9038251267564386 E_h, variance=1.0864955273715994e-04 E_h^2, std=1.0423509617070439e-02 E_h, ewmean=-2.9037567544046761 E_h, ewvar=1.6215992136468053e-07 E_h^2, ewstd=4.0269085085792614e-04 E_h, pmove=0.51848145
I0515 10:37:35.742434 123403432212288 train.py:1104] Step 00614000: energy=-2.9040133641725161 E_h, variance=1.9358414406869904e-04 E_h^2, std=1.3913451910604321e-02 E_h, ewmean=-2.9037562625581481 E_h, ewvar=5.9767034169496851e-08 E_h^2, ewstd=2.4447297226789068e-04 E_h, pmove=0.52065430
I0515 10:44:34.455682 123403432212288 train.py:1104] Step 00615000: energy=-2.9042017169895789 E_h, variance=3.0117405002266350e-03 E_h^2, std=5.4879326710762726e-02 E_h, ewmean=-2.9037325332375965 E_h, ewvar=8.4137988466246895e-08 E_h^2, ewstd=2.9006548996088262e-04 E_h, pmove=0.52062988
I0515 10:51:33.197512 123403432212288 train.py:1104] Step 00616000: energy=-2.9031905222198486 E_h, variance=7.8047798026118984e-04 E_h^2, std=2.7937035996347032e-02 E_h, ewmean=-2.9037425590721440 E_h, ewvar=6.4050157031494347e-08 E_h^2, ewstd=2.5308132493626301e-04 E_h, pmove=0.51879883
I0515 10:52:48.140061 123403432212288 checkpoint.py:124] Saving checkpoint /home/sjtu/PyQMC/Ferminet/checkpoints_ferminet_x64_atoms/He_singlet/qmcjax_ckpt_616179.npz
I0515 10:58:31.938330 123403432212288 train.py:1104] Step 00617000: energy=-2.9038004229922914 E_h, variance=8.1297431929194483e-05 E_h^2, std=9.0165088548281522e-03 E_h, ewmean=-2.9037379488422572 E_h, ewvar=5.7758692074554678e-08 E_h^2, ewstd=2.4033038108935517e-04 E_h, pmove=0.51447754
I0515 11:05:30.632345 123403432212288 train.py:1104] Step 00618000: energy=-2.9035705725070913 E_h, variance=5.7913074715398524e-04 E_h^2, std=2.4065135510816998e-02 E_h, ewmean=-2.9037458474358426 E_h, ewvar=4.5908372004654263e-08 E_h^2, ewstd=2.1426239055105837e-04 E_h, pmove=0.51625977
I0515 11:12:29.396056 123403432212288 train.py:1104] Step 00619000: energy=-2.9037215570767678 E_h, variance=4.6239962248487078e-04 E_h^2, std=2.1503479311145691e-02 E_h, ewmean=-2.9037334659777239 E_h, ewvar=3.7873652445812969e-08 E_h^2, ewstd=1.9461154242699215e-04 E_h, pmove=0.51706543
I0515 11:19:27.657973 123403432212288 train.py:1049] Timing step 00620000: block_iters=10000, block_time=4187.177532 s, sec/iter=0.4187177532, iter/s=2.388244, elapsed=259612.241791 s
I0515 11:19:28.078734 123403432212288 train.py:1104] Step 00620000: energy=-2.9038523771842417 E_h, variance=1.4737024475617658e-04 E_h^2, std=1.2139614687302748e-02 E_h, ewmean=-2.9037622343658516 E_h, ewvar=1.6278154899298176e-07 E_h^2, ewstd=4.0346195482719526e-04 E_h, pmove=0.51591797
I0515 11:26:26.758161 123403432212288 train.py:1104] Step 00621000: energy=-2.9040485638118620 E_h, variance=1.1024729986184287e-04 E_h^2, std=1.0499871421205256e-02 E_h, ewmean=-2.9038102163652919 E_h, ewvar=1.1846964146830200e-07 E_h^2, ewstd=3.4419419150866275e-04 E_h, pmove=0.52243652
I0515 11:33:25.523672 123403432212288 train.py:1104] Step 00622000: energy=-2.9036817483964006 E_h, variance=6.5752995632982190e-05 E_h^2, std=8.1088220866524247e-03 E_h, ewmean=-2.9036714459663604 E_h, ewvar=1.1684806176389092e-07 E_h^2, ewstd=3.4183045763052028e-04 E_h, pmove=0.52277832
I0515 11:40:24.290093 123403432212288 train.py:1104] Step 00623000: energy=-2.9042281462695598 E_h, variance=1.5004405702007481e-04 E_h^2, std=1.2249247202178378e-02 E_h, ewmean=-2.9037893840860312 E_h, ewvar=6.9242953331893669e-08 E_h^2, ewstd=2.6314055812795881e-04 E_h, pmove=0.51638184
I0515 11:47:23.045385 123403432212288 train.py:1104] Step 00624000: energy=-2.9035532720289234 E_h, variance=5.4639100386767497e-04 E_h^2, std=2.3375008104119986e-02 E_h, ewmean=-2.9038381278173651 E_h, ewvar=6.6937790115254548e-08 E_h^2, ewstd=2.5872338532736955e-04 E_h, pmove=0.51647949
I0515 11:54:21.816691 123403432212288 train.py:1104] Step 00625000: energy=-2.9036072614460080 E_h, variance=1.5810486539667849e-03 E_h^2, std=3.9762402517538910e-02 E_h, ewmean=-2.9037917895312049 E_h, ewvar=7.8030715451006164e-08 E_h^2, ewstd=2.7933978494121845e-04 E_h, pmove=0.51679688
I0515 12:01:20.638477 123403432212288 train.py:1104] Step 00626000: energy=-2.9035787799364270 E_h, variance=5.7442933935152992e-05 E_h^2, std=7.5791116850956212e-03 E_h, ewmean=-2.9037279191177747 E_h, ewvar=5.0648621153613436e-08 E_h^2, ewstd=2.2505248533089662e-04 E_h, pmove=0.51704102
I0515 12:08:19.389507 123403432212288 train.py:1104] Step 00627000: energy=-2.9040379617075254 E_h, variance=1.7666937810775727e-04 E_h^2, std=1.3291703356145039e-02 E_h, ewmean=-2.9036617697540965 E_h, ewvar=1.1887575152472919e-07 E_h^2, ewstd=3.4478363001269244e-04 E_h, pmove=0.51958008
I0515 12:15:18.067771 123403432212288 train.py:1104] Step 00628000: energy=-2.9029409074268102 E_h, variance=1.9487800629736120e-03 E_h^2, std=4.4144989103788577e-02 E_h, ewmean=-2.9038210443315151 E_h, ewvar=3.0332062154873586e-07 E_h^2, ewstd=5.5074551432466147e-04 E_h, pmove=0.52075195
I0515 12:22:16.725146 123403432212288 train.py:1104] Step 00629000: energy=-2.9039169860836029 E_h, variance=1.1742679916631422e-04 E_h^2, std=1.0836364665620764e-02 E_h, ewmean=-2.9038085443008161 E_h, ewvar=6.1912874519621255e-08 E_h^2, ewstd=2.4882297827897898e-04 E_h, pmove=0.51791992
I0515 12:29:14.977389 123403432212288 train.py:1049] Timing step 00630000: block_iters=10000, block_time=4187.319420 s, sec/iter=0.4187319420, iter/s=2.388163, elapsed=263799.561212 s
I0515 12:29:15.398130 123403432212288 train.py:1104] Step 00630000: energy=-2.9039146253943922 E_h, variance=1.6314879451647985e-04 E_h^2, std=1.2772971248557629e-02 E_h, ewmean=-2.9037267866918728 E_h, ewvar=2.9850360564697531e-08 E_h^2, ewstd=1.7277256890113526e-04 E_h, pmove=0.51757812
I0515 12:32:48.459182 123403432212288 checkpoint.py:124] Saving checkpoint /home/sjtu/PyQMC/Ferminet/checkpoints_ferminet_x64_atoms/He_singlet/qmcjax_ckpt_630509.npz
I0515 12:36:14.108725 123403432212288 train.py:1104] Step 00631000: energy=-2.9040287968692571 E_h, variance=6.5639834977519892e-05 E_h^2, std=8.1018414559604832e-03 E_h, ewmean=-2.9037355719058056 E_h, ewvar=3.4459609067162417e-08 E_h^2, ewstd=1.8563299563160212e-04 E_h, pmove=0.51862793
I0515 12:43:12.783197 123403432212288 train.py:1104] Step 00632000: energy=-2.9033167845832248 E_h, variance=7.3821205407675211e-04 E_h^2, std=2.7170058043308486e-02 E_h, ewmean=-2.9035640533752840 E_h, ewvar=1.1324783259904683e-07 E_h^2, ewstd=3.3652315313964184e-04 E_h, pmove=0.51787109
I0515 12:50:11.434329 123403432212288 train.py:1104] Step 00633000: energy=-2.9036661934022865 E_h, variance=4.2149545184371727e-05 E_h^2, std=6.4922681078627463e-03 E_h, ewmean=-2.9037879088694334 E_h, ewvar=7.3658043364445515e-08 E_h^2, ewstd=2.7140015358220694e-04 E_h, pmove=0.51665039
I0515 12:57:10.086143 123403432212288 train.py:1104] Step 00634000: energy=-2.9037773555966284 E_h, variance=8.3633355365803872e-05 E_h^2, std=9.1451274111301415e-03 E_h, ewmean=-2.9037399681321139 E_h, ewvar=1.6024881485977567e-07 E_h^2, ewstd=4.0031089775295360e-04 E_h, pmove=0.52260742
I0515 13:04:08.689397 123403432212288 train.py:1104] Step 00635000: energy=-2.9035445351900626 E_h, variance=5.6993633565704670e-04 E_h^2, std=2.3873339432451561e-02 E_h, ewmean=-2.9037183840606859 E_h, ewvar=2.1114239355209136e-08 E_h^2, ewstd=1.4530739607882711e-04 E_h, pmove=0.51997070
I0515 13:11:07.320958 123403432212288 train.py:1104] Step 00636000: energy=-2.9037242491381825 E_h, variance=5.0125340933145936e-04 E_h^2, std=2.2388689316962244e-02 E_h, ewmean=-2.9036805234262490 E_h, ewvar=3.4421543049664968e-08 E_h^2, ewstd=1.8553043698990462e-04 E_h, pmove=0.51291504
I0515 13:18:06.035329 123403432212288 train.py:1104] Step 00637000: energy=-2.9035142993759764 E_h, variance=1.8213066712286801e-04 E_h^2, std=1.3495579540088969e-02 E_h, ewmean=-2.9037101921400339 E_h, ewvar=5.3771100606971936e-08 E_h^2, ewstd=2.3188596466145150e-04 E_h, pmove=0.51694336
I0515 13:25:04.697903 123403432212288 train.py:1104] Step 00638000: energy=-2.9038654668012880 E_h, variance=1.2861334487235734e-04 E_h^2, std=1.1340782374790434e-02 E_h, ewmean=-2.9036548219962084 E_h, ewvar=1.1407666508766330e-07 E_h^2, ewstd=3.3775237243824553e-04 E_h, pmove=0.51877441
I0515 13:32:03.289519 123403432212288 train.py:1104] Step 00639000: energy=-2.9035311736303733 E_h, variance=7.3508991805833787e-04 E_h^2, std=2.7112541711509414e-02 E_h, ewmean=-2.9036110064872735 E_h, ewvar=5.6203656176028635e-08 E_h^2, ewstd=2.3707310302104842e-04 E_h, pmove=0.51870117
I0515 13:39:01.541410 123403432212288 train.py:1049] Timing step 00640000: block_iters=10000, block_time=4186.564012 s, sec/iter=0.4186564012, iter/s=2.388594, elapsed=267986.125224 s
I0515 13:39:01.962216 123403432212288 train.py:1104] Step 00640000: energy=-2.9036858499344564 E_h, variance=9.1192507542870948e-05 E_h^2, std=9.5494768203745559e-03 E_h, ewmean=-2.9038565403703278 E_h, ewvar=1.5423945564165257e-07 E_h^2, ewstd=3.9273331363872429e-04 E_h, pmove=0.51914063
I0515 13:46:00.816431 123403432212288 train.py:1104] Step 00641000: energy=-2.9038162368859171 E_h, variance=1.0251791997007300e-04 E_h^2, std=1.0125113331221187e-02 E_h, ewmean=-2.9037416751038005 E_h, ewvar=7.1788581595225349e-08 E_h^2, ewstd=2.6793391273824472e-04 E_h, pmove=0.51901855
I0515 13:52:59.530629 123403432212288 train.py:1104] Step 00642000: energy=-2.9034678104286673 E_h, variance=7.4295757627466195e-05 E_h^2, std=8.6194986877118438e-03 E_h, ewmean=-2.9037569989104175 E_h, ewvar=1.0103422672655613e-07 E_h^2, ewstd=3.1785881571313410e-04 E_h, pmove=0.51455078
I0515 14:00:00.907847 123403432212288 train.py:1104] Step 00643000: energy=-2.9039223034313721 E_h, variance=4.0991607434010549e-04 E_h^2, std=2.0246384228797633e-02 E_h, ewmean=-2.9037415080186388 E_h, ewvar=3.8126910776633120e-08 E_h^2, ewstd=1.9526113483392727e-04 E_h, pmove=0.52414551
I0515 14:06:59.533008 123403432212288 train.py:1104] Step 00644000: energy=-2.9039841713105177 E_h, variance=1.1089956978780396e-04 E_h^2, std=1.0530886467330467e-02 E_h, ewmean=-2.9038124256256337 E_h, ewvar=9.2138301108426644e-08 E_h^2, ewstd=3.0354291477223882e-04 E_h, pmove=0.51684570
I0515 14:12:48.839928 123403432212288 checkpoint.py:124] Saving checkpoint /home/sjtu/PyQMC/Ferminet/checkpoints_ferminet_x64_atoms/He_singlet/qmcjax_ckpt_644834.npz
I0515 14:13:58.440661 123403432212288 train.py:1104] Step 00645000: energy=-2.9033915761207685 E_h, variance=4.2354656356073927e-04 E_h^2, std=2.0580246926622123e-02 E_h, ewmean=-2.9037788090963850 E_h, ewvar=7.3039598500794898e-08 E_h^2, ewstd=2.7025839210058751e-04 E_h, pmove=0.51721191
I0515 14:20:57.023443 123403432212288 train.py:1104] Step 00646000: energy=-2.9036621771257694 E_h, variance=2.9641770051136484e-04 E_h^2, std=1.7216785429091136e-02 E_h, ewmean=-2.9037327896342942 E_h, ewvar=7.8652690190323138e-08 E_h^2, ewstd=2.8045086947685354e-04 E_h, pmove=0.51835938
I0515 14:27:55.704928 123403432212288 train.py:1104] Step 00647000: energy=-2.9038637100465357 E_h, variance=4.2642326463874261e-05 E_h^2, std=6.5301092229666617e-03 E_h, ewmean=-2.9037790754958812 E_h, ewvar=8.0030528752059053e-08 E_h^2, ewstd=2.8289667504595922e-04 E_h, pmove=0.52182617
I0515 14:34:54.387319 123403432212288 train.py:1104] Step 00648000: energy=-2.9039027763103746 E_h, variance=9.1415128056897434e-05 E_h^2, std=9.5611258781012516e-03 E_h, ewmean=-2.9037044011610824 E_h, ewvar=3.7746183641304706e-08 E_h^2, ewstd=1.9428377091590718e-04 E_h, pmove=0.51662598
I0515 14:41:53.096144 123403432212288 train.py:1104] Step 00649000: energy=-2.9045173062504648 E_h, variance=1.7989574752913617e-03 E_h^2, std=4.2414118820168385e-02 E_h, ewmean=-2.9038508803726750 E_h, ewvar=1.0126307688672863e-07 E_h^2, ewstd=3.1821859921558421e-04 E_h, pmove=0.51948242
I0515 14:48:51.417064 123403432212288 train.py:1049] Timing step 00650000: block_iters=10000, block_time=4189.875661 s, sec/iter=0.4189875661, iter/s=2.386706, elapsed=272176.000885 s
I0515 14:48:51.838140 123403432212288 train.py:1104] Step 00650000: energy=-2.9038736785795045 E_h, variance=1.5582823288954397e-04 E_h^2, std=1.2483117915390527e-02 E_h, ewmean=-2.9036949318394361 E_h, ewvar=3.3757001769324033e-08 E_h^2, ewstd=1.8373078612285974e-04 E_h, pmove=0.52075195
I0515 14:55:50.642918 123403432212288 train.py:1104] Step 00651000: energy=-2.9036307092691755 E_h, variance=9.9609356887643205e-05 E_h^2, std=9.9804487317777055e-03 E_h, ewmean=-2.9037665435254842 E_h, ewvar=5.0981690791923257e-08 E_h^2, ewstd=2.2579125490577190e-04 E_h, pmove=0.52155762
I0515 15:02:50.782481 123403432212288 train.py:1104] Step 00652000: energy=-2.9036246827377727 E_h, variance=6.8631127038413814e-04 E_h^2, std=2.6197543212754477e-02 E_h, ewmean=-2.9037727266172286 E_h, ewvar=1.2853621091750043e-07 E_h^2, ewstd=3.5851947076483923e-04 E_h, pmove=0.51838379
I0515 15:09:49.438895 123403432212288 train.py:1104] Step 00653000: energy=-2.9044072708642927 E_h, variance=1.9388678069954678e-03 E_h^2, std=4.4032576656328752e-02 E_h, ewmean=-2.9037847700478516 E_h, ewvar=9.8605275971303024e-08 E_h^2, ewstd=3.1401477030754940e-04 E_h, pmove=0.51748047
I0515 15:16:48.249904 123403432212288 train.py:1104] Step 00654000: energy=-2.9036354740051324 E_h, variance=2.2789913036889718e-04 E_h^2, std=1.5096328373776757e-02 E_h, ewmean=-2.9037036560076523 E_h, ewvar=6.1783652888578816e-08 E_h^2, ewstd=2.4856317685566139e-04 E_h, pmove=0.52299805
